date,clp,fitted_clp,res_fx,z_fx,y10_clp,fitted_y10_clp,res_y10,z_y10,stress_market,stress_market_30d,stress_fx_30d,stress_y10_30d,regime
2012-10-05,472.76,468.4001037308597,0.009265006962646392,0.22904687501284351,5.41255722178374,4.005677887504412,1.4068793342793282,2.3631641757147372,1.2961055253637903,NA,NA,NA,NA
2012-10-08,472.37,470.30638979729673,0.004378201303059748,0.10823665116346108,5.43694444444444,4.109144797149627,1.3277996472948128,2.230332397782431,1.1692845244729462,NA,NA,NA,NA
2012-10-09,474.47,470.5950296574488,0.008200477080838453,0.20272986912510538,5.41005880686826,4.12541799221527,1.2846408146529897,2.1578376182517696,1.1802837436884375,NA,NA,NA,NA
2012-10-10,474.01,470.538201098148,0.0073512702322842,0.18173601821003835,5.37803925619835,4.086373118871753,1.2916661373265963,2.1696381973494843,1.1756871077797613,NA,NA,NA,NA
2012-10-11,475.02,469.50297128291305,0.01168228117200205,0.2888060425919156,5.38279537456008,4.144770915026805,1.2380244595332748,2.0795351670484923,1.1841706048202039,NA,NA,NA,NA
2012-10-12,472.8,468.8166291305854,0.00846075676325689,0.20916442963084836,5.38087687715893,4.164430694930816,1.2164461822281134,2.043289690511361,1.1262270600711046,NA,NA,NA,NA
2012-10-16,472.95,469.6781422188905,0.0069420183298873625,0.1716186087234639,5.39658848614073,4.166878501062276,1.2297099850784539,2.065569173169143,1.1185938909463036,NA,NA,NA,NA
2012-10-17,471.54,468.62238547017444,0.00620663821702713,0.15343875009234667,5.40198041016223,4.259580661098395,1.1423997490638356,1.9189123726208315,1.036175561356589,NA,NA,NA,NA
2012-10-18,472.19,464.9715023297909,0.015405328562934216,0.38084616451041636,5.39,4.3058859744103195,1.0841140255896804,1.8210086432009267,1.1009274038556716,NA,NA,NA,NA
2012-10-19,472.56,467.85299300955467,0.010010593927521062,0.24747906454528126,5.38824675324675,4.309181257420127,1.0790654958266237,1.8125285238435713,1.0300037941944262,NA,NA,NA,NA
2012-10-22,474.25,468.5411951814267,0.012110581052574508,0.29939435079384213,5.4,4.335910967221609,1.0640890327783916,1.7873722505995502,1.0433833006966962,NA,NA,NA,NA
2012-10-23,475.67,474.133863101992,0.003234643060648881,0.07996592855360203,5.37964311093565,4.325724210914274,1.0539189000213758,1.7702892692748198,0.9251275989142109,NA,NA,NA,NA
2012-10-24,481.4,473.39593132109434,0.016766422896021062,0.41449475267102204,5.38918994413408,4.369241620318233,1.019948323815847,1.7132281932029225,1.0638614729369722,NA,NA,NA,NA
2012-10-25,481.78,473.217106437787,0.01793329632316016,0.44334186666664893,5.40737390652337,4.404057335492718,1.003316571030652,1.6852914957167446,1.0643166811916969,NA,NA,NA,NA
2012-10-26,478.87,475.33479926633504,0.007409765516321219,0.18318212203550605,5.42,4.336618806435439,1.0833811935645608,1.8197776901643847,1.0014799060999453,NA,NA,NA,NA
2012-10-29,480.3,476.21087751363046,0.008550132557120366,0.21137395266399392,5.42,4.3373353507053185,1.082664649294681,1.8185740960055716,1.0149740243347827,NA,NA,NA,NA
2012-10-30,481.98,476.6056738292249,0.011213150016753983,0.2772083151952766,5.420819000819,4.347385547280247,1.0734334535387533,1.803068266487795,1.0401382908415358,NA,NA,NA,NA
2012-10-31,480.03,476.3150764349294,0.007769041409923129,0.1920640388034843,5.44,4.337470895010951,1.1025291049890489,1.851940831107306,1.0220024349553951,NA,NA,NA,NA
2012-11-05,480.59,476.53314970401476,0.008477225928801835,0.20957157567157422,5.44985111662531,4.297536326434038,1.1523147901912718,1.9355668712847824,1.0725692234781783,NA,NA,NA,NA
2012-11-06,482.29,476.5282671567755,0.012018549072603718,0.2971191622809203,5.45,4.2992294915918725,1.1507705084081277,1.9329729093875425,1.1150460358342313,1.0890179092916439,0.23904092694707954,1.9389948916362083,Estrés moderado
2012-11-07,479.78,474.89908829141655,0.010225329739200829,0.2527877023927102,5.43666666666667,4.299698027318493,1.1369686393481773,1.9097896258424132,1.0812886641175616,1.08864984999764,0.2396955353016334,1.9376041646936466,Estrés moderado
2012-11-08,479.63,474.3652213588383,0.01103743912270932,0.27286444029600215,5.45921154499151,4.319452378876504,1.1397591661150073,1.9144769310903247,1.0936706856931635,1.088878069801982,0.24120321280137744,1.9365529268025865,Estrés moderado
2012-11-09,478.19,476.49516243258256,0.0035505723030304047,0.08777624170116971,5.45169171626984,4.339045366767977,1.1126463495018626,1.8689349749596464,0.9783556083304081,1.0840727453901744,0.23453247492745535,1.9336130158528935,Estrés moderado
2012-11-12,479.79,471.6311695150965,0.01715124857235418,0.42400830392297145,5.43334763948498,4.380449275993557,1.052898363491423,1.7685750530596618,1.0962916784913166,1.0845818676027221,0.24242730113560185,1.9267364340698423,Estrés moderado
2012-11-13,479.98,472.0016396427761,0.01676197696822771,0.41438484170476964,5.41435595345249,4.389120811728969,1.0252351417235213,1.7221085700614984,1.068246705883134,1.0839284611339386,0.24930560275836858,1.9185513195095085,Estrés moderado
2012-11-14,483.69,472.3350937242192,0.02375552761849398,0.5872774178405124,5.41991615180935,4.4343910585846285,0.9855250932247215,1.6554067842425118,1.121342101041512,1.0853674472842298,0.2623045187230664,1.9084303758453933,Estrés moderado
2012-11-15,484.26,473.72020664563973,0.022005086492189792,0.5440035086583204,5.41,4.427573585003767,0.9824264149962333,1.6502018706417432,1.0971026896500318,1.0858020858903705,0.2727378146465943,1.8988663571341469,Estrés moderado
2012-11-16,483.94,471.6898710696487,0.025639215276735756,0.633845410002852,5.41954301075269,4.404805600558417,1.0147374101942732,1.7044753143360543,1.169160362169453,1.088779167186052,0.2856345144807464,1.891923819891358,Estrés moderado
2012-11-19,484.48,471.89188274434787,0.02632625344449061,0.6508301727745629,5.44,4.376226376444939,1.0637736235550612,1.7868424512350252,1.218836312004794,1.0932638963177328,0.29822746821501595,1.88830032442045,Estrés moderado
2012-11-20,480.77,469.11597478759234,0.02453896639325842,0.6066453690840623,5.47,4.4188241067778335,1.051175893222166,1.7656817842946277,1.186163576689345,1.0963605523301199,0.3085080649106508,1.884213039749589,Estrés moderado
2012-11-21,478.92,469.76946616739315,0.01929149199398053,0.4769187949206263,5.49666666666667,4.423872749361666,1.0727939173050032,1.8019940243123322,1.1394564096164792,1.0911389151385429,0.3167704622409102,1.8655073680361756,Estrés moderado
2012-11-22,477.81,470.9419474044957,0.014478331430038243,0.35792920424349817,5.54893617021276,4.406372186616361,1.142563983596399,1.9191882407456324,1.1385587224945652,1.0901147217392635,0.32509354734357815,1.8551358961349491,Estrés moderado
2012-11-23,476.2,470.95861012798144,0.011067720483744225,0.2736130475171455,5.5784178187404,4.406754428598342,1.171663390142058,1.9680671128761167,1.1208400801966312,1.0881332662895367,0.32745631995664615,1.8488102126224273,Estrés moderado
2012-11-26,478.03,471.3558101978869,0.014060247545487799,0.34759345299845457,5.56266052651204,4.384703065021571,1.177957461490469,1.9786393940714881,1.1631164235349714,1.087714243481377,0.33298490111626,1.842443585846494,Estrés moderado
2012-11-27,480.9,472.32364190141885,0.0179949156760238,0.4448652028358102,5.5368,4.382629605762961,1.1541703942370396,1.938683767594526,1.1917744852151682,1.0879677061612092,0.33818687312438983,1.8377485391980286,Estrés moderado
2012-11-28,481.05,473.9831596068755,0.014799421998877732,0.3658671142402516,5.50062378284647,4.35254760518824,1.1480761776582304,1.9284471865692843,1.147157150404768,1.088665375838998,0.3434102959447033,1.8339204557332927,Estrés moderado
2012-11-29,481.69,473.33817777278557,0.01749065700561861,0.43239906296995845,5.51488294314381,4.3221393825874195,1.1927435605563912,2.003475909016144,1.2179374859930512,1.091976829007223,0.35210297775291977,1.831850680261526,Estrés moderado
2012-11-30,479.42,473.6557541109297,0.012096239252607064,0.299039796881703,5.53064814814815,4.31891392381655,1.2117342243316003,2.0353749178459286,1.1672073573638158,1.0963445555407971,0.35695634597923165,1.8357327651023625,Estrés moderado
2012-12-03,480.39,474.57821718114326,0.012171828270443184,0.30090848714717783,5.55,4.330888205556729,1.219111794443271,2.047767174215701,1.1743378306814394,1.0987915697683226,0.3542917567337904,1.843291382802855,Estrés moderado
2012-12-04,481.28,474.4279680806389,0.014339420736877743,0.35449509347568575,5.57,4.331065715530236,1.2389342844697644,2.0810634187213233,1.2177792560985046,1.105050751831792,0.35785895769813714,1.8522425459654468,Estrés moderado
2012-12-05,481.05,468.8918194215234,0.025599135181849923,0.6328545612619034,5.55508547008547,4.332128812013328,1.2229566580721427,2.0542254707922956,1.3435400160270996,1.1150559756761387,0.36897429804707255,1.8611376533052049,Estrés moderado
2012-12-06,480.18,468.89459038003986,0.023783044408813927,0.587957680128342,5.5628,4.319085386878867,1.2437146131211332,2.0890930351509684,1.3385253576396552,1.1288359009669868,0.3859073564328972,1.8717644455010765,Estrés moderado
2012-12-07,477.97,467.0643962509531,0.023080827382136362,0.5705976699103502,5.50240404040404,4.367198696186731,1.13520534421731,1.9068277827170308,1.2387127263136906,1.1346642760795442,0.3911107870075415,1.8782177651515468,Estrés moderado
2012-12-10,477.04,465.787858299164,0.023870054043621303,0.5901087076482334,5.500125,4.32416017959585,1.1759648204041497,1.975292313824084,1.2827005107361589,1.1419437370643595,0.396003015040261,1.8878844590884583,Estrés moderado
2012-12-11,476.29,465.22438398284305,0.023507077016260133,0.5811352925009252,5.4932783347257,4.308111439847947,1.1851668948777525,1.9907492277245336,1.2859422601127295,1.1514258155314523,0.4092681207224416,1.893583510340463,Estrés moderado
2012-12-12,474.78,465.5177316931356,0.019701351142929712,0.48705121658428135,5.49,4.341245266761423,1.148754733238577,1.929586970344364,1.2083190934643226,1.1578706511691037,0.41845736285311785,1.8972839394850896,Estrés moderado
2012-12-13,474.92,465.89897281132653,0.019177554717930798,0.47410206988934656,5.47,4.357929645458273,1.112070354541727,1.8679674643693498,1.1710347671293482,1.162233867045364,0.42502048800958686,1.8994472460811413,Estrés moderado
2012-12-14,474.95,463.6855058736217,0.024003001978259924,0.5933954087906241,5.48918482207698,4.388196110041247,1.1009887120357327,1.849353401357572,1.2213744050740982,1.1688795993826542,0.4383982003424915,1.8993609984228168,Estrés moderado
2012-12-17,474.36,463.3103317369688,0.023569434605418743,0.5826768791384419,5.49,4.423823467924865,1.0661765320751353,1.790878666135479,1.1867777726369604,1.1726865510212803,0.4508350437913871,1.8945380582511735,Estrés moderado
2012-12-18,474.5,463.06635622554444,0.024391256251052172,0.6029937208320484,5.51,4.445737638391868,1.0642623616081321,1.7876633946025084,1.1953285577172785,1.1753626350840485,0.46103086240975805,1.889694407758339,Estrés moderado
2012-12-19,474.81,466.54317284873315,0.01756416170851259,0.4342162253924468,5.49,4.430526148257963,1.059473851742037,1.7796200360180927,1.1069181307052698,1.1762169506369722,0.4670784798430826,1.8853554214308617,Estrés moderado
2012-12-20,474.42,468.8510316029122,0.011807917164191536,0.2919119799663998,5.5081492063492,4.425076132404932,1.0830730739442687,1.819260135296126,1.0555860576312628,1.1749474630349088,0.46771339783209587,1.8821815282377217,Estrés moderado
2012-12-21,475.02,469.8975684996013,0.01084217682207683,0.26803722106691746,5.5061119047619,4.432261027405534,1.0738508773563655,1.8037694218661109,1.035903321466514,1.1768657201394457,0.4737220971442874,1.8800093431346039,Estrés moderado
2012-12-24,476.4,469.7017659388979,0.01415988473863976,0.3500566554351626,5.5,4.445603306636298,1.0543966933637023,1.7710918285863897,1.0605742420107762,1.1756751389234277,0.47125704219469383,1.8800932356521614,Estrés moderado
2012-12-26,479.39,469.7051919797578,0.02040921558220141,0.5045508405350863,5.48909649242528,4.441910419691471,1.0471860727338094,1.7589800006974958,1.131765420616291,1.1777924294145328,0.4742625754890377,1.881322283340028,Estrés moderado
2012-12-27,479.09,470.1802322452796,0.018772377142555276,0.4640853847601067,5.495,4.434435054217314,1.0605649457826862,1.7814527691362594,1.122769076948183,1.1778399952780885,0.4701561743863575,1.8855238161698196,Estrés moderado
2012-12-28,478.6,474.69893073443535,0.00818440242757416,0.20233247610511682,5.49,4.440030355230355,1.0499696447696456,1.7636556239406074,0.9829940500228621,1.1740363739571829,0.4587671399679174,1.8893056079464483,Estrés moderado
2013-01-02,479.96,461.5448938520766,0.03912343976514798,0.9671985843171749,5.51991467576792,4.4193415290504605,1.100573146717459,1.848655367738849,1.407926976028012,1.1819952610858016,0.46987891244506147,1.8941116097265416,Estrés moderado
2013-01-03,475.31,461.479347439132,0.029529920745118572,0.730030327372188,5.51010989010989,4.481004439982176,1.0291054501277146,1.7286096067509331,1.2293199670615604,1.1823447162543603,0.47251891759831566,1.892170514910405,Estrés moderado
2013-01-04,473.25,459.2177080587151,0.03009938298196871,0.7441084113190446,5.526451548451548,4.491862051511701,1.034589496939847,1.737821273059908,1.2409648421894763,1.1841714251043647,0.4771010190061484,1.8912418312025812,Estrés moderado
2013-01-07,473.13,457.6583583154523,0.03324722894964242,0.821928566751664,5.575476523476522,4.494307520297186,1.0811690031793357,1.8160618284406056,1.3189951975961347,1.1901560513703533,0.48860134473384964,1.8917107580068568,Estrés moderado
2013-01-08,471.47,457.1877212156053,0.030761398249811764,0.7604745650544468,5.59181818181818,4.491476324158775,1.1003418576594053,1.8482668667473923,1.3043707159009195,1.1956831178172318,0.502019523427548,1.8893467122069156,Estrés moderado
2013-01-09,471.36,458.542144543834,0.027569927494812286,0.6815759299994858,5.63329731134878,4.472411170744559,1.1608861406042217,1.9499643449983024,1.3157701374988942,1.202180786393974,0.5156182861769593,1.8887432866109886,Estrés moderado
2013-01-10,471.15,457.4781328399418,0.029447428150671077,0.7279909688432545,5.67477644087938,4.490062240326759,1.1847142005526203,1.9899888277487603,1.3589898982960074,1.2087099022193417,0.5282982033717859,1.8891216010668974,Estrés moderado
2013-01-11,470.67,457.2351372607234,0.028959429394181918,0.7159268019586925,5.65,4.48578060030376,1.1642193996962404,1.9555632889039425,1.3357450454313176,1.2135089208932135,0.5373335900092153,1.8896842517772114,Estrés moderado
2013-01-14,471.92,454.25605821704806,0.0381484357610816,0.9430948117936595,5.72,4.469737997690877,1.2502620023091227,2.1000908195355437,1.5215928156646017,1.225990109735208,0.5565745132609956,1.89540570620942,Estrés moderado
2013-01-15,472.62,453.5521317478886,0.041181465754722195,1.0180765192726111,5.69,4.481185008056938,1.208814991943062,2.030471423116074,1.5242739711943427,1.2362013259085842,0.5760970951377508,1.8963055566794178,Estrés moderado
2013-01-16,474.9,454.9243573592919,0.04297309798677958,1.0623687432913846,5.6725,4.4613920773681786,1.2111079226318215,2.034322905989585,1.5483458246404849,1.2489059414844732,0.6015413933514068,1.8962704896175395,Estrés moderado
2013-01-17,475.47,456.3269889037804,0.041094155048401707,1.0159180487481423,5.65,4.481430500266669,1.1685694997333316,1.9628702414747505,1.4893941451114463,1.25940781863214,0.6253750454047723,1.8934405918595079,Estrés moderado
2013-01-18,473.06,453.0079626904845,0.043312527329719804,1.0707600192614475,5.65,4.465057363053957,1.184942636946043,1.9903725370607195,1.5305662781610834,1.2698340527008927,0.6492505429309643,1.890417562470821,Estrés moderado
2013-01-21,471.63,452.2487902373694,0.041962330586173956,1.0373808382194336,5.65,4.459935672377043,1.1900643276229572,1.998975546310959,1.5181781922651965,1.2756553252421625,0.662734752162882,1.8885758983214433,Estrés moderado
2013-01-22,472.02,452.42042871865044,0.042409458027899846,1.0484345960495896,5.6255544005544005,4.4624305663324835,1.1631238342219172,1.9537230450265974,1.5010788205380936,1.2810737740054439,0.6780839826935903,1.8840635653172975,Estrés moderado
2013-01-23,471.45,451.76512386042884,0.04265064461472616,1.054397142460003,5.6011088011088,4.446915989174041,1.1541928119347582,1.9387214230628096,1.4965592827614063,1.2896686592203677,0.6942106317785787,1.8851266866621568,Estrés moderado
2013-01-24,470.98,452.52017645474706,0.03998327927363766,0.988455292836246,5.5766632016632,4.478150459529722,1.0985127421334775,1.8451944637496396,1.416824878292943,1.2941394714722605,0.7074888512848457,1.8807900916596754,Estrés moderado
2013-01-25,470.68,454.46390731383536,0.03505995898222999,0.8667423646128064,5.54591544855929,4.538992784933261,1.0069226636260293,1.691348723673733,1.2790455441432698,1.2939095809399452,0.7170090870219085,1.870810074857982,Estrés moderado
2013-01-28,470.99,455.4099225393191,0.03363892035236261,0.8316118505445593,5.56909090909091,4.532544081683899,1.036546827407011,1.7411090413335153,1.2863604459390374,1.296510959355769,0.7284944414872511,1.864527477224287,Estrés moderado
2013-01-29,472.56,454.1680149955851,0.039697516336478625,0.9813907425326516,5.57211075441412,4.5592315194937765,1.0128792349203433,1.7013540990814429,1.3413724208070472,1.3021888811450257,0.7454040639086945,1.8589736983813567,Estrés moderado
2013-01-30,472.73,455.01097668921886,0.03820285773362812,0.9444402163674576,5.6154714850367,4.577268389568905,1.0382030954677952,1.743891108886331,1.3441656626268943,1.3062819230634521,0.757105557494589,1.8554582886323154,Estrés moderado
2013-01-31,471.4,454.15222118914005,0.03727455969460246,0.9214910954680766,5.6340990990991,4.578763814462105,1.055335284636994,1.7726683996672477,1.3470797475676621,1.311625322227809,0.7683993647055768,1.8548512797500412,Estrés moderado
2013-02-01,471.44,449.2711700536114,0.04816519287416388,1.1907262408647972,5.68,4.555378160660384,1.1246218393396163,1.8890504517327218,1.5398883462987594,1.3231106485138584,0.7879904487066685,1.8582308483210481,Estrés moderado
2013-02-04,471.64,452.97103025730866,0.040387810137250915,0.9984559901406761,5.68548360655738,4.534602184238757,1.1508814223186232,1.933159213765953,1.4658076019533146,1.3350736308887932,0.8067984408649428,1.8633488209126434,Estrés moderado
2013-02-05,472.27,451.33477011137194,0.04534150772802756,1.1209198973455503,5.68731147540984,4.545320939777607,1.141990535632233,1.9182250083968913,1.5195724528712207,1.3505398440634584,0.8344320381109145,1.8666476500160023,Estrés moderado
2013-02-06,472.39,450.6674932215999,0.04707511359316606,1.1637776099748878,5.69,4.5208664925049415,1.169133507495059,1.9638176169211474,1.5637976134480176,1.3681363204628418,0.8642900510745134,1.8719825898511702,Estrés moderado
2013-02-07,473.23,451.32115742869144,0.04740234142691429,1.1718672436944773,5.69335984095428,4.522403104488681,1.1709567364655984,1.9668801321506506,1.569373687922564,1.3850963019932347,0.891683737349824,1.8785088666366456,Estrés moderado
2013-02-08,472.62,452.19545157543257,0.044177181585580996,1.0921357565998029,5.68732951896588,4.492169187589822,1.195160331376058,2.007535408706553,1.549835582653178,1.399031974061131,0.9112699012186478,1.8867940469036142,Estrés moderado
2013-02-11,472.55,454.42786101847753,0.039104382052655554,0.9667274449528027,5.69883304983625,4.5147816751583125,1.1840513746779382,1.9888754654840513,1.4778014552184269,1.4108663866701392,0.9280246365584044,1.893708136781874,Estrés moderado
2013-02-12,472.71,452.83051336156694,0.04296417985756694,1.0621482718297492,5.67450190114068,4.528222070304723,1.1462798308359559,1.925429825837539,1.4937890488336443,1.4278928866304985,0.9566851630825588,1.8991006101784382,Estrés moderado
2013-02-13,472.2,453.94604623894537,0.03942427455558186,0.9746357367037654,5.6709219605044,4.5572555797655365,1.113666380738864,1.8706483424238338,1.4226420395637995,1.4283833887483581,0.9569330681621118,1.8998337093346045,Estrés moderado
2013-02-14,470.67,454.14313501682494,0.03574478779300571,0.8836725082877483,5.66312127976191,4.538969572112846,1.1241517076490646,1.8882607618553384,1.3859666350715434,1.433604944348691,0.9620544741926305,1.9051554145047513,Estrés moderado
2013-02-15,470.83,453.13838382095605,0.03829953280035159,0.9468301899545193,5.68145678126217,4.550977934476086,1.130478846786084,1.8988885876958725,1.422859388825196,1.4396680959032149,0.9688118668138129,1.9105243249926167,Estrés moderado
2013-02-18,470.87,454.8650434637064,0.03458128024440336,0.854908604586903,5.68,4.50971541569255,1.1702845843074499,1.9657511043356393,1.410329854461271,1.442712584465386,0.9699112014083209,1.9155139675224513,Estrés moderado
2013-02-19,471.89,456.7547356066622,0.03259934432354445,0.8059117467347023,5.67470338340161,4.52900700505746,1.1456963783441496,1.9244497886777963,1.3651807677062493,1.4447395861922305,0.9714257741309961,1.9180533982534647,Estrés moderado
2013-02-20,472.21,461.1650681316649,0.02366775762627305,0.5851075929802444,5.67666666666667,4.566362843952885,1.110303822713785,1.8650001844972697,1.225053888738757,1.4417157112335592,0.9682101628970214,1.915221259570097,Estrés moderado
2013-02-21,472.83,465.99557852924477,0.014559769909593765,0.35994250324296934,5.66279009942293,4.572432232818439,1.0903578666044906,1.8314965514710528,1.095719527357011,1.4329400322022594,0.9559418807103452,1.9099381836941733,Estrés moderado
2013-02-22,473.6,465.91531611917145,0.01635919102430591,0.40442728181017507,5.662092574567197,4.538821525134586,1.1232710494326108,1.8867815021224927,1.145604391966334,1.4266020104200932,0.9455585633720613,1.907645457468125,Estrés moderado
2013-02-25,473.18,475.4622187892272,-0.004811557291061073,-0.1189499550195709,5.66,4.505168234342738,1.1548317656572618,1.9397946867821416,0.9104223658812853,1.4062296620939827,0.9101570711449536,1.9023022530430116,Estrés moderado
2013-02-26,473.02,474.9269932303267,-0.004023422863234915,-0.09946591917249428,5.60696629213484,4.531858392978103,1.0751078991567369,1.805880867257589,0.8532074740425474,1.3838607788555894,0.8729056565301168,1.8948159011810621,Estrés moderado
2013-02-27,473.44,470.31979915667284,0.006612301593471734,0.16346744505786617,5.6,4.533075671421881,1.0669243285781185,1.7921347553135036,0.9778011001856849,1.3648426213737628,0.8429422799223328,1.8867429628251928,Estrés moderado
2013-02-28,473.3,469.402013432702,0.00826986412931393,0.20444523606263146,5.6,4.523022672727281,1.0769773272727183,1.8090209841426126,1.006733110102622,1.348753920206802,0.8158931861661491,1.8816146542474548,Estrés moderado
2013-03-01,472.96,471.6732558826188,0.002724326938977951,0.0673500380951653,5.6,4.501012435457085,1.098987564542915,1.8459920327240846,0.956671035409625,1.3296240787817533,0.7824461867939397,1.876801970769567,Estrés moderado
2013-03-04,474.31,472.28930974236164,0.0042693741822837986,0.10554625794186152,5.6,4.514765723136254,1.0852342768637462,1.8228903523242093,0.9642183051330354,1.3111587492106813,0.7513850341180207,1.870932464303342,Estrés moderado
2013-03-05,474.82,470.6812121755897,0.008754751884179667,0.21643249364719216,5.62,4.513352051541768,1.106647948458232,1.8588593372610238,1.037645915454108,1.295710985707882,0.7236516307046074,1.867770340711156,Estrés moderado
2013-03-06,473.01,469.6904718287686,0.007042622743344329,0.17410572250629439,5.61909090909091,4.545255539359152,1.073835369731758,1.8037433733898627,0.9889245479480785,1.2787898278807708,0.6943085833728171,1.8632710723887247,Estrés moderado
2013-03-07,472.7,470.6657176147602,0.004312824815381263,0.1066204321727529,5.64642857142857,4.582757777704682,1.0636707937238876,1.786669725851047,0.9466450790119,1.2631171679047362,0.6649140880173674,1.861320247792105,Estrés moderado
2013-03-08,472.06,470.3087992621649,0.0037165974828498455,0.09188066911977862,5.62153195488722,4.609910683712104,1.0116212711751162,1.6992410714858024,0.8955608703027905,1.2503343454433868,0.6390853648342665,1.8615833260525072,Estrés moderado
2013-03-11,471.9,467.6295172543043,0.009090746117522744,0.22473884781182907,5.62875,4.621510487169126,1.0072395128308738,1.6918809418048464,0.9583098948083377,1.2393993270723636,0.6188562647431755,1.8599423894015517,Estrés moderado
2013-03-12,471.69,469.4724596057894,0.004712352209086575,0.11649743511286609,5.6040099009901,4.6030176952650015,1.0009922057250982,1.6813872114703827,0.8989423232916244,1.2246516571551826,0.5900264878291825,1.859276826481183,Estrés moderado
2013-03-13,471.16,469.0895167267085,0.004404121636007641,0.1088774462848186,5.6275,4.612625002774608,1.0148749972253925,1.7047064221041919,0.9067919341945052,1.210072532874103,0.5621743954930946,1.8579706702551115,Estrés moderado
2013-03-14,471.28,468.11655529628916,0.006735082525136504,0.16650280043561846,5.62,4.6094146480778235,1.010585351922177,1.69750101659422,0.9320019085149192,1.1962366049056783,0.5370081189920126,1.855465090819344,Estrés moderado
2013-03-15,471.1,465.99601843622355,0.010893295745126472,0.26930096858764224,5.614018679950186,4.583482255785768,1.0305364241644184,1.7310132432942538,1.000157105940948,1.1782455635604179,0.5062939432494409,1.850197183871395,Estrés moderado
2013-03-18,471.63,474.135667943757,-0.005298720161244499,-0.13099345735990042,5.596074719800744,4.564561461792584,1.03151325800816,1.7326540512078468,0.8008302969239731,1.1560796533927733,0.46864562833275497,1.8435136784527915,Estrés moderado
2013-03-19,472.38,475.9698125988173,-0.00757068688587745,-0.18716037450398673,5.59009339975093,4.5391505758488115,1.050942823902118,1.765290292960456,0.7890649592282346,1.1317294036046737,0.42504295260443703,1.8384158546049103,Estrés moderado
2013-03-20,472.34,471.46775908519186,0.0018483449722412706,0.04569426030054922,5.59973829201102,4.56341067283536,1.0363276191756603,1.7407408327553322,0.8932175465279407,1.1093767347073378,0.38777350761529245,1.8309799617993832,Estrés moderado
2013-03-21,472.79,473.94947724760164,-0.0024494126529384596,-0.06055368506838363,5.57076578902082,4.550627191185166,1.0201385978356543,1.7135478003904203,0.8264970576610183,1.0846141803652862,0.34669280998986374,1.8225355507407088,Estrés moderado
2013-03-22,473.03,473.08940039392246,-1.2556637983693856e-4,-0.0031042164376431486,5.575,4.559728873230476,1.0152711267695245,1.7053718090530408,0.8511337963076988,1.061324120820437,0.31018481088861555,1.8124634307522585,Estrés moderado
2013-03-25,472.77,473.1643556853579,-8.337908562772285e-4,-0.02061274112524048,5.57668344870988,4.560694343616372,1.0159891050935081,1.7065778120220496,0.8429825354484045,1.0401634901614363,0.27727347135268077,1.8030535089701918,Estrés moderado
2013-03-26,472.6,471.80883424328835,0.0016754734032662809,0.041420578390548926,5.553125,4.545592252192532,1.007532747807468,1.692373494630714,0.8668970365106315,1.019267089750669,0.2432492149047074,1.795284964596631,Estrés moderado
2013-03-27,472.61,474.4050691653708,-0.0037910089790005965,-0.09372024902803687,5.55238095238095,4.49715686093334,1.0552240914476103,1.7724816261783403,0.8393806885751517,0.9998250447177142,0.20763734871364734,1.7920127407217812,Estrés moderado
2013-03-28,472.54,475.5039036897577,-0.006252692168903028,-0.1545772828319001,5.544268398268397,4.487570043734016,1.0566983545343802,1.7749579762300793,0.8101903466990896,0.9806325017719657,0.1730290223429924,1.7882359812009392,Estrés moderado
2013-04-01,472.03,477.4313979624632,-0.011377937523038357,-0.281282145199697,5.51181818181818,4.562791285548965,0.9490268962692151,1.5941000115706283,0.6564089331854657,0.9550841532506414,0.13209194450451853,1.7780763619967643,Estrés moderado
2013-04-02,472.51,475.0046521287877,-0.005265687211016467,-0.1301768261309451,5.51026315789474,4.586826076174875,0.9234370817198653,1.551116273354597,0.7104697236118259,0.9317554822223266,0.09925576348059026,1.7642552009640629,Estrés moderado
2013-04-03,472.55,477.0701184794245,-0.009519917552641862,-0.2353487023381263,5.5,4.518237389237329,0.9817626107626715,1.6490868650074864,0.7068690813346801,0.9098117593432743,0.0645470818448293,1.7550764368417193,Estrés moderado
2013-04-04,472.38,478.1544967637091,-0.012150148831153005,-0.3003725341963092,5.48832431584725,4.501477226523805,0.9868470893234451,1.6576273683003042,0.6786274170519975,0.8915975436203822,0.03503107760561085,1.7481640096351538,Estrés moderado
2013-04-05,470.83,477.0701974459992,-0.01316654983632887,-0.32549971164302194,5.40984584980237,4.482445384036362,0.9274004657660071,1.5577736511155968,0.6161369697362875,0.8756114583663581,0.012183003776077802,1.7390399129566385,Estrés moderado
2013-04-08,469.28,475.0487097236055,-0.012217740334475731,-0.3020435121757007,5.32558331873138,4.489110503702245,0.8364728150291347,1.4050406046007378,0.5514985462125186,0.8558079301745644,-0.011366022690118056,1.7229818830392467,Estrés moderado
2013-04-09,467.38,474.31172025312577,-0.014722111923349719,-0.36395587647452815,5.29786448769702,4.484191562485546,0.8136729252114743,1.3667431603818003,0.5013936419536361,0.842173639376976,-0.019532886738616632,1.7038801654925686,Estrés moderado
2013-04-10,466.5,474.6835098338563,-0.017390266587403228,-0.42991723951681116,5.28847324548796,4.497567425843186,0.790905819644775,1.3285007845440038,0.4492917725135963,0.8287097826593444,-0.03054793075009386,1.6879674960687825,Estrés moderado
2013-04-11,468.54,471.9298092776335,-0.0072087884670572824,-0.17821362441118682,5.29434782608696,4.479974634745423,0.8143731913415367,1.367919411814108,0.59485289370146055,0.8159448424432035,-0.04193729973239563,1.6738269846188025,Estrés moderado
2013-04-12,468.74,472.1192563058362,-0.007183371613151406,-0.1775852761559432,5.20070007107321,4.449288354328726,0.751411716744484,1.2621617269916603,0.5422882254178586,0.8004633462870447,-0.05467165013968145,1.6555983427137708,Estrés moderado
2013-04-15,469.24,482.26747199266396,-0.027384516647883463,-0.6769922556154565,5.11470149253731,4.484780293527878,0.6299211990094313,1.0580916037016768,0.19054967404311013,0.7749259675748276,-0.07948305993003552,1.6293349950796907,Estrés moderado
2013-04-16,472.12,476.92693589501494,-0.010130114370816196,-0.2504338150540794,5.15455782312925,4.493958583750363,0.6605992393788864,1.1096221395591555,0.429594162252538,0.75710516281214435,-0.09134906236323354,1.605559387987522,Estrés moderado
2013-04-17,472.07,482.8317676855589,-0.022541006236150813,-0.5572523646070363,5.14,4.54513484655725,0.5948651534427493,0.9992072424015351,0.2209774388972494,0.7298828802602491,-0.11713855763837448,1.5769043181588724,Condiciones neutrales
2013-04-18,473.8,483.1731105776202,-0.019589704708446173,-0.48429112508862643,5.17,4.5502754301405695,0.6197245698594308,1.0409641158402723,0.27833649537582295,0.7061966118411739,-0.13908511922487185,1.5514783429072194,Condiciones neutrales
2013-04-19,475.93,478.72103713678587,-0.005847257228943692,-0.14455423520839558,5.2,4.547552638848607,0.6524473611513923,1.09592926190958,0.4756875133505922,0.6904980263191303,-0.1474576081375768,1.5284536607758372,Condiciones neutrales
2013-04-22,476.8,479.7822226084929,-0.00623518229752152,-0.1541444087565777,5.20193548387097,4.513711290310597,0.688224193560373,1.1560243437047517,0.500939967474087,0.6773439962248401,-0.15565844406678866,1.510346436516469,Condiciones neutrales
2013-04-23,477.74,482.47476302645026,-0.009861963350900262,-0.24380466157466227,5.19038456722341,4.506235710125837,0.6841488570975739,1.1491789171651658,0.4526871277952518,0.6604899039910705,-0.1712765610463384,1.4922563690284796,Condiciones neutrales
2013-04-24,477.42,482.3105152955321,-0.01019152261563652,-0.25195193227005414,5.22668162394494,4.508977618011387,0.7177040059335539,1.2055421913336526,0.47679512953179926,0.6464183308657431,-0.18355820662576905,1.4763948683572552,Condiciones neutrales
2013-04-25,474.84,483.338273301619,-0.017738862132986106,-0.4385351197495044,5.25205944058233,4.521902966727538,0.7301564738547922,1.2264588580112403,0.39396186913086795,0.6293239953636218,-0.2018052921602465,1.46045328288749,Condiciones neutrales
2013-04-26,472.73,481.9461648326057,-0.01930801560873592,-0.47732728703929317,5.23822172894315,4.503331177729055,0.7348905512140949,1.2344107851936075,0.37854174907715715,0.6108753233823632,-0.22326629507607687,1.4450169418408032,Condiciones neutrales
2013-04-29,472.05,480.12611684105315,-0.016963900631264052,-0.4193767412463547,5.25368189530185,4.482980226889308,0.7707016684125424,1.2945634558553336,0.43759335730448945,0.5921231984278145,-0.24622221873721012,1.430468615592839,Condiciones neutrales
2013-04-30,471.54,482.1672993287069,-0.022287213764220427,-0.5509781790795129,5.21373950785032,4.469840008718799,0.743899499131522,1.249543300442507,0.34928256068149705,0.5770716072197319,-0.2602217094611972,1.414364923900661,Condiciones neutrales
2013-05-02,471.31,480.65521710800493,-0.019634157116925184,-0.48539006492644426,5.19100718194255,4.449555680286323,0.7414515016562268,1.2454313486958981,0.38002064188472695,0.5634367966416151,-0.2701626991419458,1.3970362924251758,Condiciones neutrales
2013-05-03,472.44,483.32933277231183,-0.02278751494580655,-0.5633464830289362,5.21,4.507499690640717,0.7025003093592825,1.1800042292587747,0.30832887311491924,0.5439405075278476,-0.2904640572529286,1.378345072308624,Condiciones neutrales
2013-05-06,469.73,482.1442460738187,-0.026085273443879512,-0.6448727335299839,5.2297798931971204,4.487610212664261,0.7421696805328588,1.2466376885373185,0.3008824775036673,0.5264200215226026,-0.3099413588683153,1.3627814019135205,Condiciones neutrales
2013-05-07,469.64,478.4846232506568,-0.01865763129731606,-0.4612486705105962,5.2570833333333304,4.530496744013043,0.7265865893202883,1.220462449479375,0.37960688948438936,0.5107024579618257,-0.32521284067074707,1.3466177565943984,Condiciones neutrales
2013-05-08,470.07,477.4591290773315,-0.015596942917693878,-0.3855832002560176,5.17040283687943,4.53939656429115,0.6310062725882805,1.059914224126238,0.33716551193511024,0.4938418905113825,-0.337378522641773,1.325062303664538,Condiciones neutrales
2013-05-09,471.06,479.08548615388327,-0.016893575011361794,-0.4176381712121502,5.18243655574207,4.59953266624339,0.5829038894986799,0.9791156611548943,0.2807387449713721,0.47430328079340717,-0.35268048096186294,1.3012870425486773,Condiciones neutrales
2013-05-10,472.03,480.56410528017284,-0.0179180903181784,-0.44296594812319323,5.12757723504769,4.624133830467617,0.5034434045800732,0.8456442490946969,0.20133915048575185,0.4530352295237605,-0.3643220042650348,1.2703924633125558,Condiciones neutrales
2013-05-13,474.04,481.5759855599702,-0.015772322560625794,-0.3899188860592099,5.11071428571429,4.632446744963725,0.4782675407505646,0.8033558324231683,0.20671847318197922,0.4329195004065235,-0.37216672437261183,1.2380057251856589,Condiciones neutrales
2013-05-14,475.68,484.602923572641,-0.018584482074904374,-0.4594402961757937,5.09617929864253,4.665656894399066,0.43052240424346333,0.7231573438896877,0.131858523856947,0.41543448676223954,-0.37810532940514835,1.2089743029296274,Condiciones neutrales
2013-05-15,477.32,486.5507405884096,-0.01915406788728241,-0.47352143512181094,5.08511248193925,4.63263033188027,0.45248215005898,0.7600435809354635,0.1432610729068263,0.39652753173873956,-0.3895501497048439,1.182605213182323,Condiciones neutrales
2013-05-16,478.71,487.77713742389034,-0.018763629843287395,-0.46386913650792605,5.08580041580042,4.5909007749273245,0.4948996408730949,0.8312931133390173,0.18371198841554565,0.37908896197476843,-0.3971674975105039,1.1553454214600407,Condiciones neutrales
2013-05-17,479.04,487.67725763093154,-0.017869728514997924,-0.44177036133808517,5.08919482655503,4.63832201066589,0.4508728158891399,0.757340349205311,0.15778499393361292,0.3617275478708223,-0.40188075841522974,1.1253358541568743,Condiciones neutrales
2013-05-20,480.81,488.6239075140501,-0.01612090659982948,-0.39853648183445933,5.08728886554622,4.659401016785038,0.42788784876118136,0.7187320268188027,0.16009777249217166,0.3465262412960184,-0.404315317421611,1.0973678000136478,Condiciones neutrales
2013-05-22,483.39,488.80144297540653,-0.011132578676786424,-0.27521645337481904,5.1154357868802,4.755352921866524,0.36008286501367576,0.6048385999819482,0.1648110733035646,0.3336366588657199,-0.4034210821282483,1.070694399859688,Condiciones neutrales
2013-05-23,484.51,491.08443132768764,-0.013477999956283447,-0.3331992931960179,5.17696890626916,4.739347840434068,0.4376210658350918,0.7350811118775454,0.20094090934076378,0.3236215677786242,-0.40239586268563127,1.0496389982428798,Condiciones neutrales
2013-05-24,488.85,488.45928899327316,7.995647477053632e-4,0.01976661297403247,5.17947091842031,4.738792934189128,0.44067798423118143,0.7402158806282876,0.37999124680116003,0.32131155025487634,-0.3874064009359365,1.030029501445689,Condiciones neutrales
2013-05-27,488.86,492.095572354877,-0.00659680046639493,-0.1630842305896595,5.18551724137931,4.749189346280005,0.4363278950993052,0.7329089463751934,0.284912357892767,0.3109801990612532,-0.38690208780855223,1.0088624859310587,Condiciones neutrales
2013-05-28,489.99,492.3785162309731,-0.004862779900218417,-0.12021626583884985,5.22227072486984,4.858002355492514,0.3642683693773257,0.6118690778121894,0.24582640598666974,0.3010981384135469,-0.3849897874646491,0.9871860642917429,Condiciones neutrales
2013-05-29,490.31,492.879929502792,-0.005227749549809756,-0.1292389420279189,5.21293012833571,4.8229443444022575,0.389985783933453,0.6550671483860075,0.2629141031790443,0.3035102860514114,-0.3667313436783979,0.9737519157812207,Condiciones neutrales
2013-05-30,490.65,494.22242765123355,-0.007254631602829642,-0.17934694541480636,5.25854011076157,4.790385170901231,0.4681549398603389,0.786369488559269,0.30351127157223134,0.2993075230287345,-0.3643617813570888,0.9629768274145577,Condiciones neutrales
2013-05-31,492.8,497.8694799342925,-0.010234541968797108,-0.2530154445206366,5.22617486338798,4.829273053823401,0.39690180956457904,0.6666841389917967,0.20683434723558003,0.29883608664001216,-0.3542205506875421,0.9518927239675665,Condiciones neutrales
2013-06-03,499.78,497.50247385940895,0.00456747242577636,0.11291575819092407,5.14137931034483,4.824134030908826,0.31724527943600483,0.5328834257572004,0.3228995919740622,0.3003215231932868,-0.33431365457822376,0.9349567009647974,Condiciones neutrales
2013-06-04,501.99,496.4050522993248,0.011187968016552845,0.27658577292672815,5.1437974090586,4.86407400552661,0.2797234035319897,0.4698571584850297,0.3732214657058789,0.2969059882717964,-0.32027565430705296,0.9140876308506457,Condiciones neutrales
2013-06-05,499.85,497.28658538155844,0.005141562957675722,0.12710826153562216,5.13843915343915,4.858530481219879,0.2799086722192709,0.4701683581124582,0.29863830982404016,0.2901625996834615,-0.31090056529731297,0.891225764664236,Condiciones neutrales
2013-06-06,502.48,495.9582114173397,0.013064166145246057,0.3229686110632445,5.15066666666667,4.815775927300779,0.3348907393658906,0.5625228679995418,0.4427457395313931,0.2898312200746662,-0.29200812287604944,0.8716705630253818,Condiciones neutrales
2013-06-07,505.09,493.05285720798116,0.024120247490695256,0.5962939191037693,5.16170191990667,4.85512739174237,0.3065745281642998,0.5149595452090701,0.5556267321564197,0.2924589401621535,-0.26373326116358864,0.8486511414878958,Condiciones neutrales
2013-06-10,501.52,498.35130798063517,0.006338220933167492,0.15669170069013483,5.22477611940299,4.884606417125806,0.34016970227718474,0.571390050659018,0.36404087567457644,0.2914615737136105,-0.243892367148934,0.826815514576155,Condiciones neutrales
2013-06-11,504.75,502.24696893691316,0.004971288484927943,0.12289878430213734,5.26906470825762,4.893033730568929,0.376030977688691,0.63162697310363,0.37726287870288366,0.2914189447011347,-0.223884831437553,0.8067227208398224,Condiciones neutrales
2013-06-12,503.59,502.83738514358737,0.0014956170863670197,0.036974221522908905,5.24790184096237,4.944733429803689,0.3031684111586808,0.5092382203663146,0.27310622094461173,0.2859360401558054,-0.20867313267857754,0.7805452129901884,Condiciones neutrales
2013-06-13,498.85,500.38229246542187,-0.003066941847364869,-0.07582006671092552,5.22371079163555,4.856988144433203,0.3667226472023474,0.6159915787915027,0.27008575604028856,0.28329614666776515,-0.19283452893295797,0.7594268222684883,Condiciones neutrales
2013-06-14,496.71,499.58729109104786,-0.005775984971797864,-0.14279226267667708,5.245,4.866276402912138,0.37872359708786213,0.6361498213308487,0.24667877932708582,0.2788514179158438,-0.18141460219129904,0.7391174380229867,Condiciones neutrales
2013-06-17,492.59,500.5854320678389,-0.016101092597272198,-0.39804664568155207,5.26733223014257,4.898755074847911,0.36857715529465823,0.6191066342056666,0.11052999426205726,0.2722581219540817,-0.1759046076130529,0.7204208515212164,Condiciones neutrales
2013-06-18,492.9,502.67253342352103,-0.019632617387303136,-0.4853520001673225,5.30954446356533,4.877239178035093,0.4323052855302368,0.7261520862842893,0.1204000430584834,0.2662420408059089,-0.17058724983429754,0.7030713314461154,Condiciones neutrales
2013-06-19,499.12,500.6729664980691,-0.003106578659899539,-0.07679995675128258,5.32559477292639,5.028954622196937,0.2966401507294533,0.4982725669515609,0.21073630510013916,0.26061302132643394,-0.15777229270898707,0.6789983353618549,Condiciones neutrales
2013-06-20,500.68,515.3778586358659,-0.028933163262245463,-0.7152774580927916,5.394096489961,5.1400778773365134,0.2540186126244869,0.4266802921136397,-0.14429858298957596,0.24456421816227772,-0.1687621013035462,0.6578905376281017,Condiciones neutrales
2013-06-21,512.6,512.4847786998571,2.248034563044281e-4,0.005557527303132159,5.38,5.223245005896146,0.15675499410385393,0.26330459009859486,0.1344310587008635,0.2396872952865941,-0.15465557801970348,0.6340301685928916,Condiciones neutrales
2013-06-24,514.38,523.0418630278142,-0.016699212973087844,-0.4128332080138215,5.41345642331636,5.232002036798308,0.18145438651805187,0.3047926679265716,-0.054020270043624946,0.23117531460228155,-0.15365115334939108,0.6160017825539542,Condiciones neutrales
2013-06-25,513.4,517.4082595769854,-0.007776964807467005,-0.19225991879086296,5.37142857142857,5.260121535774669,0.11130703565390088,0.1869647188307317,-0.0026475999800656264,0.22419644549688003,-0.14706252110711285,0.5954554121008729,Condiciones neutrales
2013-06-26,508.56,519.0016651684226,-0.020323888949587726,-0.5024414197182071,5.38233480176211,5.188664212451467,0.19367058931064265,0.32531247520450346,-0.08856447225685182,0.21684901229308676,-0.14849589189185997,0.5821939164780334,Condiciones neutrales
2013-06-27,505.02,517.106278219048,-0.0236503880856887,-0.5846781881230978,5.36714081667875,5.120860691085379,0.24628012559337195,0.41368179616549106,-0.08549819597880337,0.20922370333023244,-0.15220111699190286,0.5706485236523677,Condiciones neutrales
2013-06-28,503.86,516.2689419834214,-0.024329383389238037,-0.6014641174864958,5.35989212430822,5.158858216561961,0.20103390774625907,0.33768079274066376,-0.131891662372916,0.19870358163728372,-0.15678761635785518,0.5541947796324226,Condiciones neutrales
2013-07-01,507.16,516.3128153222775,-0.01788627738261113,-0.4421794777507428,5.34767670061135,5.143848182108284,0.20382851850306608,0.3423749579506008,-0.049902259900070994,0.1917806731761609,-0.15680125357161043,0.5403625999239323,Condiciones neutrales
2013-07-02,504.99,517.5578323988884,-0.02458264522427896,-0.6077251847593015,5.33294895736072,5.143194328220145,0.18975462914057492,0.31873475630427506,-0.1444952142275132,0.18162757361883808,-0.16377421033577183,0.527029357573448,Condiciones neutrales
2013-07-03,503.42,516.9158524027945,-0.0264552882023805,-0.6540201334709631,5.31947368421053,5.169834159929279,0.14963952428125088,0.2513525889792037,-0.2013337722458797,0.1694227454338566,-0.17640099967230996,0.5152464905400231,Condiciones neutrales
2013-07-04,503.21,515.4420115399781,-0.02401722938864926,-0.5937471347960485,5.30014934074316,5.170449664227489,0.12969967651567188,0.21785921626365407,-0.1879439592661972,0.15645991648029123,-0.18508592772564433,0.4980057606862268,Condiciones neutrales
2013-07-05,501.44,514.1519233989925,-0.02503483343022126,-0.6189040533674222,5.30441169479439,5.312967199113933,-0.008555504319542533,-0.014370856704261836,-0.316637455035842,0.13323895975239117,-0.20637494993702615,0.4728528694418085,Condiciones neutrales
2013-07-08,506.96,518.8833373340054,-0.02324696932618802,-0.5747049839411988,5.29714285714286,5.240112284633728,0.057030572509131794,0.09579542650906812,-0.23945477871606535,0.11576005519876342,-0.2200956417154108,0.45161575211293764,Condiciones neutrales
2013-07-09,506.61,518.9115278036522,-0.02399192516301163,-0.5931215709049164,5.29008799171843,5.233849662395689,0.05623832932274109,0.09446467932207384,-0.24932844579142127,0.09925489347282707,-0.23585915188427967,0.4343689388299338,Condiciones neutrales
2013-07-10,507.65,517.1804611844731,-0.018599634371264235,-0.45981488694992767,5.24024390243902,5.205268513406893,0.034975389032126776,0.05874888085888822,-0.20053300304551971,0.08380665659867492,-0.24687835004834663,0.4144916632456965,Condiciones neutrales
2013-07-11,508.29,512.4188818731407,-0.008090268375032307,-0.2000053207501412,5.23602616505133,5.127719292870279,0.10830687218105058,0.18192528249274648,-0.009040019128697369,0.0733882802419773,-0.24756696255952446,0.3943435230434791,Condiciones neutrales
2013-07-12,505.73,514.1599475590012,-0.016531469033419302,-0.4086862899015821,5.21850340136054,5.106838749145378,0.11166465221516134,0.18756541472953522,-0.11056043758602345,0.06280845408125718,-0.2527559907388893,0.3783728989014037,Condiciones neutrales
2013-07-15,504.54,512.0548157357497,-0.014784558219807257,-0.3654996561087357,5.21897849462366,5.073811838827316,0.14516665579634433,0.24383941971964587,-0.06083011819454491,0.05001746374230361,-0.26870317121554466,0.3687380987001519,Condiciones neutrales
2013-07-17,501.59,510.709094215309,-0.0180170879324722,-0.4454133390727242,5.24019764662348,5.039467515144617,0.2007301314788637,0.33717053349166515,-0.054121402790529516,0.03577270145909,-0.29276980828219307,0.3643152112003731,Condiciones neutrales
2013-07-18,497.79,511.8218317115264,-0.02779827819746865,-0.6872211513210987,5.33393321004777,5.054074626892912,0.27985858315485873,0.4700842224799773,-0.10856846442056073,0.022199142317603306,-0.31991412204408376,0.3643124066792904,Condiciones neutrales
2013-07-19,499.52,509.314479819516,-0.019418026985017708,-0.4800469570897092,5.33193990022044,5.051170826328265,0.28076907389217476,0.47161359251216095,-0.004216682288774115,0.007300394923597731,-0.3466813076491822,0.3612820974963777,Condiciones neutrales
2013-07-22,502.37,507.5960620315044,-0.010349077799700089,-0.25584696685527647,5.34865879503482,5.032226310303607,0.31643248473121194,0.5315181577617322,0.13783559545322785,-0.006625976299841996,-0.37508600384781704,0.36183405124813306,Condiciones neutrales
2013-07-23,503.05,505.6007161500934,-0.005057690529687305,-0.12503479115314528,5.38,5.075305413011461,0.30469458698853896,0.5118017693211437,0.19338348908399922,-0.012314555852861236,-0.38447688690925974,0.3598477752035373,Condiciones neutrales
2013-07-24,504.35,505.09407890268244,-0.0014742352805809777,-0.03644562658313476,5.38,5.137714420993512,0.24228557900648767,0.40697207404338454,0.18526322373012488,-0.018714544351953195,-0.38978836727210214,0.35235927856819577,Condiciones neutrales
2013-07-25,504.34,507.24089789226093,-0.005735390714309363,-0.1417887029536575,5.31282548268349,5.113913781954956,0.19891170072853331,0.3341160779314091,0.09616368748887578,-0.024612628800477727,-0.395747131421321,0.34652187382036553,Condiciones neutrales
2013-07-26,505.43,505.4523115420761,-4.414270944218409e-5,-0.0010912835460452695,5.28534855769231,5.10952267837487,0.17582587931743962,0.29533834852962576,0.14712353249179025,-0.028711369585427672,-0.3932561719824917,0.33583343281163636,Condiciones neutrales
2013-07-29,506.5,509.45204793073026,-0.005811408609099141,-0.1436679957935714,5.26441484770009,5.146250423164311,0.11816442453577915,0.1984832160818839,0.027407610144156255,-0.03602040855819199,-0.3932853630863882,0.3212445459700042,Condiciones neutrales
2013-07-30,509.89,511.21768322505216,-0.0026004778831201746,-0.06428827685398274,5.24080307200072,5.145023541454303,0.09577953054641694,0.16088284889763604,0.04829728602182665,-0.038094832166199674,-0.38216008412546915,0.3059704197930698,Condiciones neutrales
2013-07-31,514.34,513.0296433853009,0.002550897495726024,0.06306256457547732,5.26124642873003,5.124114619290154,0.13713180943987588,0.2303431229127099,0.1467028437440936,-0.03721807214334601,-0.3638795986340425,0.2894434543473505,Condiciones neutrales
2013-08-01,515.42,513.8983597025658,0.0029566001452130024,0.07309223043801445,5.27947368421053,5.182121483243325,0.09735220096720545,0.16352449577385333,0.1183083631059339,-0.04029900354315285,-0.35888319239439925,0.2782851853080936,Condiciones neutrales
2013-08-02,514.42,511.8228118655369,0.005061557848281639,0.12513039790684607,5.26,5.106569408891835,0.15343059110816434,0.25772052196024475,0.19142545993354543,-0.029108202112382135,-0.33086959719441134,0.2726531929696471,Condiciones neutrales
2013-08-05,513.63,507.0752724347547,0.012843702972949888,0.31751838303066543,5.28915739804516,5.138432999558705,0.15072439848645489,0.25317487451174964,0.28534662877120753,-0.024077683110037332,-0.3204709020034936,0.27231553578341894,Condiciones neutrales
2013-08-06,512.33,507.64773242807166,0.009181181732983108,0.22697457145397767,5.28037037037037,5.169579993733151,0.11079037663722023,0.18609687604597352,0.20653572374997559,-0.015392483316917314,-0.2991439760212336,0.268359009387399,Condiciones neutrales
2013-08-07,514.04,508.4372800679687,0.010959218590213024,0.27093069447127155,5.24460849957829,5.1541705363535915,0.09043796322469888,0.1519105083213785,0.21142060139632501,-0.00825687660437096,-0.2837042889124958,0.2671905357037539,Condiciones neutrales
2013-08-08,515.84,506.83711625513865,0.01760695761892628,0.4352742137547983,5.27,5.1330572999243405,0.13694270007565887,0.23002547202117926,0.33264984288798877,0.005783600567123727,-0.25244710113006225,0.2640143022643097,Condiciones neutrales
2013-08-09,510.65,507.62054197066834,0.005950220187372873,0.14709965627125768,5.27759304729904,5.125229466459738,0.15236358083930132,0.2559282428492658,0.20151394956026175,0.015350672085092564,-0.2280545063169171,0.2587558504871022,Condiciones neutrales
2013-08-12,507.05,503.9235333166899,0.006185081106963668,0.15290582132993444,5.28387338325391,5.154734575805874,0.12913880744803696,0.21691711294632848,0.18491146713813145,0.02591077640212748,-0.20290884168970275,0.25473039449395773,Condiciones neutrales
2013-08-13,506.78,503.04071200903564,0.007405879157005989,0.18308604456250258,5.29807843137255,5.223085555524615,0.07499287584793549,0.12596707714698582,0.1545265608547442,0.032725070427287985,-0.18206665761259458,0.24751679846717053,Condiciones neutrales
2013-08-14,510.53,506.38734232880546,0.008147526677516566,0.20142084426841128,5.28,5.23520268700315,0.04479731299685062,0.07524696870799231,0.1383339064882018,0.04215270778447849,-0.1550951233116708,0.2394005388806278,Condiciones neutrales
2013-08-16,509.12,508.4497572995186,0.0013173402464072277,0.03256691203630149,5.28127659574468,5.369569262099434,-0.08829266635475361,-0.14830700901209,-0.05787004848789426,0.046934831909744665,-0.13220888846142867,0.226078552280918,Condiciones neutrales
2013-08-19,510.35,510.4847963581847,-2.640904472474122e-4,-0.006528769153292132,5.25262962856536,5.4032784625827865,-0.15064883401742654,-0.25304794731777225,-0.1297883582355322,0.04887335194410017,-0.11263494294000345,0.2103816468282038,Condiciones neutrales
2013-08-20,516.83,510.32940222266745,0.012657596384753089,0.31291750872828894,5.25,5.337182218170064,-0.08718221817006347,-0.14644176633980963,0.08323787119423966,0.06220252948510289,-0.08157422420347975,0.20597928317368552,Condiciones neutrales
2013-08-21,516.38,514.2656319788725,0.004103002859061391,0.10143327326419437,5.25220812778952,5.407719127344358,-0.15551099955483835,-0.26121502684935993,-0.07989087679258278,0.06752132621588564,-0.059036282296633304,0.1940789347284046,Condiciones neutrales
2013-08-22,515.87,515.7669218976092,1.998340705845739e-4,0.0049402412295025564,5.26997844827586,5.390285767019417,-0.12030731874355682,-0.202082679590075,-0.09857121918028622,0.07254656710292348,-0.03910088855881934,0.1841940227646663,Condiciones neutrales
2013-08-23,513.65,515.4041078129609,-0.0034091686696720064,-0.08428050117266453,5.27668718682892,5.327716341499781,-0.05102915467086068,-0.08571472143839286,-0.08499761130552869,0.07639774682758985,-0.026583075699577234,0.17937856935475693,Condiciones neutrales
2013-08-26,509.75,515.2953392050639,-0.010819801020280627,-0.2674840528396304,5.27,5.303308985447378,-0.03330898544737862,-0.055949788457849516,-0.16171692064873996,0.07130851677692175,-0.028832366769226875,0.1714494003230704,Condiciones neutrales
2013-08-27,511.28,519.003920868951,-0.014994052456118151,-0.37067871321615814,5.25810864393339,5.310409704275672,-0.05230106034228224,-0.08785116757443018,-0.22926494039529416,0.06735170001661274,-0.02756544754637941,0.16226884757960489,Condiciones neutrales
2013-08-28,515.16,519.6395554303707,-0.00865787656880945,-0.21403756956986622,5.24034825870647,5.345675903841436,-0.1053276451349664,-0.1769210135017365,-0.19547929153580135,0.06286339423857085,-0.022516711328417094,0.14824349980555881,Condiciones neutrales
2013-08-29,513.63,521.9023759567754,-0.01597738926762969,-0.39498848704254264,5.26827160493827,5.3210913159136215,-0.05281971097535179,-0.08872235571823042,-0.24185542138038651,0.056605593618908955,-0.02083588292741104,0.13404707016522896,Condiciones neutrales
2013-08-30,511.65,521.8694299276079,-0.0197766248227897,-0.4889121111537248,5.28353013530135,5.3690959661714635,-0.08556583087011278,-0.14372668732183513,-0.31631939923777996,0.04968056245833498,-0.014225581588498577,0.11358670650516854,Condiciones neutrales
2013-09-02,509.74,523.4520532140411,-0.026544645419568077,-0.6562291972567945,5.2775,5.357127774944005,-0.07962777494400552,-0.13375241255920567,-0.3949908049080001,0.03665475837102745,-0.02009832292740142,0.09340783966945632,Condiciones neutrales
2013-09-03,509.75,524.4468463088497,-0.028423671604525625,-0.7026819497983748,5.28406189555126,5.408915293106596,-0.1248533975553357,-0.20971882174257508,-0.45620038577047495,0.01685355899690402,-0.034992822358838035,0.06869994035264608,Condiciones neutrales
2013-09-04,510.38,521.4150321363207,-0.0213907851082959,-0.5288169240325087,5.28,5.413048797254676,-0.13304879725467633,-0.22348480330421763,-0.37615086366836314,-0.002130919428174726,-0.04845222678815015,0.0441903879318007,Condiciones neutrales
2013-09-05,508.56,522.6197843665955,-0.027271007312761494,-0.6741861100184492,5.27749984158667,5.481900567454295,-0.20440072586762445,-0.3433361064386458,-0.5087611082285475,-0.02526506382679714,-0.06971024290266063,0.01918011524906635,Condiciones neutrales
2013-09-06,509.46,523.5335336023065,-0.02724974356663974,-0.6736604337162198,5.24185537190083,5.437235358195017,-0.19537998629418643,-0.32818378450243596,-0.5009221091093279,-0.045167923713403925,-0.08743930059474604,-0.0028965468320618186,Condiciones neutrales
2013-09-09,506.97,520.0748432479469,-0.02552090029877422,-0.6309204606662175,5.27958443708609,5.383504080056086,-0.10391964296999548,-0.17455596328419778,-0.40273821197520765,-0.06349664852897052,-0.10843360649875178,-0.01855969055918927,Condiciones neutrales
2013-09-10,507.74,514.5042596164108,-0.013234328842766312,-0.32717532502124835,5.27953623188406,5.408146848987452,-0.12861061710339275,-0.21602990075263945,-0.2716026128869439,-0.07346365596334052,-0.11455051747300768,-0.032376794453673384,Condiciones neutrales
2013-09-11,506.8,511.2151907813635,-0.008674170100816435,-0.214440373648068,5.26050702729554,5.378722682561105,-0.11821565526556535,-0.19856926939319244,-0.2065048215206302,-0.08195705954808909,-0.11955558736614386,-0.04435853173003433,Condiciones neutrales
2013-09-12,503.92,511.48154819463997,-0.01489398551655629,-0.3682048867105603,5.26,5.385017642733917,-0.12501764273391694,-0.20999470774971155,-0.2890997972301359,-0.09648381424723007,-0.13393116907567845,-0.05903645941878171,Condiciones neutrales
2013-09-13,501.98,512.0148685444113,-0.019793386483035157,-0.489326488165499,5.265,5.364426927982945,-0.09942692798294528,-0.1670094574464869,-0.32816797280599297,-0.11136635877762764,-0.15267845969579555,-0.07005425785945972,Condiciones neutrales
2013-09-16,504.14,511.02597460906793,-0.013566412573323538,-0.33538500484484707,5.28,5.34451162958909,-0.06451162958908954,-0.10836151206955372,-0.2218732584572004,-0.12514298272398583,-0.168028973120852,-0.08225699232711967,Condiciones neutrales
2013-09-17,502.44,514.7269253026532,-0.024160288085841457,-0.5972837913433546,5.28,5.313246316528303,-0.03324631652830207,-0.05584452218455655,-0.3265641567639556,-0.14554000890849128,-0.19852237893331934,-0.09255763888366321,Condiciones neutrales
2013-09-23,503.23,510.27385152285325,-0.013900223324119613,-0.3436373795730894,5.26,5.198820880663605,0.06117911933639479,0.10276382600473978,-0.1204367767841748,-0.15643909225962963,-0.21754277730088822,-0.095335407218371,Condiciones neutrales
2013-09-24,496.49,509.17827331736044,-0.025234855208321687,-0.6238489350489065,5.24927884615385,5.15363864888317,0.09564019727068046,0.16064880792647196,-0.23160006356121726,-0.17120644775821436,-0.24736876495156082,-0.09504413056486788,Condiciones neutrales
2013-09-25,497.19,509.8197527201748,-0.025084990406234183,-0.6201440199062679,5.25,5.152910724336432,0.09708927566356815,0.16308285472951822,-0.22853058258837483,-0.1899124619407598,-0.28254937274026304,-0.09727555114125659,Condiciones neutrales
2013-09-26,500.28,513.6014919851817,-0.026279715646397746,-0.6496796785260289,5.25794117647059,5.152266511482813,0.10567466498777763,0.17750390989124498,-0.23608788431739197,-0.2044991897366816,-0.3091086839001726,-0.09988969557319062,Condiciones neutrales
2013-09-27,500.22,517.0531804777702,-0.033097731161121566,-0.818232724814352,5.261,5.143060272638384,0.11793972736161576,0.19810578761347922,-0.31006346860043643,-0.22099835426130052,-0.3414799687716488,-0.10051673975095225,Condiciones neutrales
2013-09-30,502.97,518.7646974595741,-0.030919877421784252,-0.7643924422067538,5.24674071109332,5.1374633081785825,0.10927740291473728,0.1835555029426427,-0.2904184696320556,-0.2358298552775272,-0.37306258499729067,-0.09859712555776369,Condiciones neutrales
2013-10-01,504.2,516.0926769659293,-0.023313341123541574,-0.5763458086954714,5.25115684627385,5.131474491321968,0.11968235495188181,0.20103291504551185,-0.18765644682497976,-0.24669620038796658,-0.3989881400960868,-0.09440426067984638,Condiciones neutrales
2013-10-02,503.9,519.7415582273599,-0.03095384893286556,-0.7652322762709924,5.24299969852276,5.112476371237949,0.1305233272848109,0.21924271941385584,-0.2729947784285683,-0.2538670247193224,-0.42558144637299655,-0.08215260306564819,Condiciones neutrales
2013-10-03,502.75,520.3997849097155,-0.034504304668277044,-0.85300563622054,5.2305559943830104,5.130068090676681,0.1004879037063299,0.16879160020721637,-0.3421070180066618,-0.26094431337836005,-0.45379734194190485,-0.06809128481481523,Condiciones neutrales
2013-10-04,500.3,518.1060106424327,-0.03497195657647207,-0.8645667940909783,5.22641547861507,5.139546804602018,0.0868686740130512,0.14591509976556827,-0.359325847162705,-0.2756964373235915,-0.4930468187025471,-0.05834605594463596,Condiciones neutrales
2013-10-07,498.88,523.6395825770222,-0.04843804228576792,-1.1974715466512857,5.24,5.1510305078025125,0.08896949219748737,0.14944388731129815,-0.5240138296699938,-0.2905005357528386,-0.5363436460330631,-0.044657425472614025,Condiciones neutrales
2013-10-08,499.51,520.9863245701878,-0.0420961750748972,-1.0406897037176837,5.24975609756098,5.1965338734435536,0.053222224117426914,0.0893984653279389,-0.47564561919487236,-0.30306968241999144,-0.5711979775313026,-0.03494138730868023,Condiciones neutrales
2013-10-09,498.95,519.8388930008897,-0.04101305208852727,-1.0139130443710889,5.22562040209279,5.246585204405039,-0.020964802312248638,-0.035215009964323515,-0.5245640271677062,-0.317721896282064,-0.6021857289712501,-0.03325806359287792,Condiciones neutrales
2013-10-10,500.72,516.8362563135439,-0.03167904279663534,-0.7831603133404338,5.22711111111111,5.21626794914552,0.010843161965590407,0.01821348233939471,-0.38247341550051955,-0.32508044611045667,-0.6193749376546102,-0.030785954566303113,Condiciones neutrales
2013-10-11,498.36,515.2178237803912,-0.03326706260809195,-0.8224188888319657,5.21428043115501,5.197046398378003,0.017234032777006792,0.02894835958520805,-0.3967352646233788,-0.33066279025139284,-0.6344329435084705,-0.026892636994315173,Condiciones neutrales
2013-10-14,497.44,516.2763415978476,-0.03716722154994609,-0.9188375122919018,5.2003110613413,5.210762562501348,-0.010451501160047307,-0.01755560162273373,-0.46819655695731777,-0.33975336576544335,-0.6579262749325383,-0.021580456598348414,Condiciones neutrales
2013-10-15,498.77,521.551814765779,-0.04466355902763873,-1.1041598418087188,5.19702575107296,5.263877498580256,-0.06685174750729544,-0.11229225630362488,-0.6082260490561718,-0.3519657200213029,-0.6815653200914109,-0.022366119951194894,Condiciones neutrales
2013-10-16,498.66,513.8810407204862,-0.030067299589210516,-0.7433152547806088,5.21939708682642,5.199403761021974,0.019993325804446297,0.03358320087817842,-0.35486602695121516,-0.3532506076117507,-0.6900454248789737,-0.016455790344527776,Condiciones neutrales
2013-10-17,496.89,508.6375195734094,-0.023366946932651043,-0.5776710363082039,5.21036944137403,5.137447577624935,0.07292186374909485,0.12248835549673212,-0.22759134040573592,-0.34767062546167526,-0.6874268195140206,-0.007914431409329849,Condiciones neutrales
2013-10-18,493.36,508.2169925521935,-0.029669376385651286,-0.7334779101744145,5.1265363073459,5.098407336329272,0.028128971016627927,0.04724881159780788,-0.3431145492883033,-0.34390109757893617,-0.6884533515265553,6.511563686829161e-4,Condiciones neutrales
2013-10-21,495.99,508.17951231925474,-0.024278990633589556,-0.6002183220703557,5.11616666666667,5.11784417509604,-0.0016775084293695654,-0.0028177454371211092,-0.3015180337537384,-0.341413336581782,-0.6908333981278169,0.0080067249642528,Condiciones neutrales
2013-10-22,500.49,509.92147907382787,-0.01866913272888422,-0.46153300564056227,5.09391401322873,5.057027968283706,0.036886044945023566,0.06195824892298601,-0.19978737835878813,-0.33111421225279003,-0.6837449613152207,0.021516536809640528,Condiciones neutrales
2013-10-23,500.01,508.7736367542962,-0.01737509790606233,-0.42954224367782196,5.07829290617849,5.0816115607227,-0.003318654544209685,-0.005574412346078334,-0.21755832801195016,-0.32166875288287744,-0.6756076883139407,0.03227018254818578,Condiciones neutrales
2013-10-24,503.08,508.98810250266007,-0.011675438840349729,-0.28863688840896823,5.07243902439024,5.086695650961859,-0.014256626571618667,-0.0239471490977938,-0.156292018753381,-0.3134538797754832,-0.6641982359053658,0.03729047635439925,Condiciones neutrales
2013-10-25,504.61,512.3083642468339,-0.015140863976999097,-0.37430814600657436,5.05566635138489,5.075009456672931,-0.019343105288041614,-0.03249101209322511,-0.20339957904989975,-0.31118044531424843,-0.6657693299382099,0.04340843930971306,Condiciones neutrales
2013-10-28,505.32,512.8853652428623,-0.014860468672554026,-0.3673762927969278,5.0390522509041,5.08220388990682,-0.04315163900271983,-0.07248269622699266,-0.21992949451196023,-0.3116279344139594,-0.6708671939098386,0.04761132508191972,Condiciones neutrales
2013-10-29,506.97,513.7217822414519,-0.013230008981699362,-0.3270685306408595,5.00054589371981,5.051823595967759,-0.0512777022479495,-0.08613221191950642,-0.20660037128018297,-0.308877953548961,-0.6694959820408486,0.05174007494292655,Condiciones neutrales
2013-10-30,508.58,511.95377425302394,-0.006611807720218951,-0.16345523566334969,4.99222222222222,5.082279750867261,-0.09005752864504057,-0.15127148452740663,-0.15736336009537816,-0.3031844664586072,-0.6586336069574436,0.052264674040229234,Condiciones neutrales
2013-11-04,507.64,513.3025930559364,-0.011092986347237323,-0.2742376630302179,4.9994863428047696,5.117997713645572,-0.11851137084080232,-0.19906598893165867,-0.23665182598093829,-0.3036770853760651,-0.6565953622302892,0.049241191478159065,Condiciones neutrales
2013-11-05,512.53,513.9983521054229,-0.0028608135447181714,-0.07072422126112976,4.985,5.175349276427693,-0.19034927642769262,-0.31973359759212594,-0.19522890942662785,-0.2992992437981542,-0.6390433765608818,0.04044488896457342,Condiciones neutrales
2013-11-06,514.9,514.3198129064714,0.0011274309874513898,0.0278720291856776,4.96880733944954,5.178036603245579,-0.20922926379603973,-0.3514467009832419,-0.16178733589878214,-0.3006775957686411,-0.6266597296022562,0.02530453806497403,Condiciones neutrales
2013-11-07,514.72,516.780146526166,-0.00399447207521706,-0.09875020600019084,4.91564829582373,5.199423642590395,-0.2837753467666642,-0.4766632909378297,-0.2877067484690103,-0.30254781859890084,-0.6091564386339657,0.004060801436163977,Condiciones neutrales
2013-11-08,515.4,517.5134453246426,-0.0040922078874089975,-0.1011664030359469,4.91510826995119,5.267886700714265,-0.35277843076307513,-0.5925691914233773,-0.3468677972296621,-0.3064923924202771,-0.5918571847382883,-0.021127600102265873,Condiciones neutrales
2013-11-11,518.05,517.3780244875868,0.001297966813456738,0.03208796752028863,4.93197017268446,5.275590922566634,-0.34362074988217334,-0.577186846354345,-0.2725494394170282,-0.30770777759026496,-0.5691315965367444,-0.04628395864378554,Condiciones neutrales
2013-11-12,520,517.3674271549423,0.0050754986662386835,0.12547503885542363,4.94,5.294510798638409,-0.3545107986384081,-0.5954790854010601,-0.23500202327281822,-0.3052057294126777,-0.5376746710810852,-0.07273678774427018,Condiciones neutrales
2013-11-13,520.69,519.7236996572111,0.0018575315203037557,0.04592136753687951,4.93089780232977,5.2118387305058365,-0.2809409281760665,-0.47190225969010613,-0.2129904460766133,-0.302624795294163,-0.5106642107562974,-0.09458537983202848,Condiciones neutrales
2013-11-14,522.07,518.837202223072,0.006211520420391954,0.1535594465395699,4.9046262806988,5.2048914137207065,-0.30026513302190644,-0.5043615243215357,-0.1754010388909829,-0.30221628169636305,-0.48633403558179605,-0.11809852781093007,Condiciones neutrales
2013-11-15,520.89,517.7060967295375,0.006131186617095151,0.15157345703333286,4.86908918042922,5.204048830415377,-0.3349596499861567,-0.5626386185867962,-0.20553258077673167,-0.2999675417746352,-0.45577384447165187,-0.14416123907761846,Condiciones neutrales
2013-11-18,520.73,514.7805018985453,0.011491073353823376,0.2840790571283947,4.8995,5.20173910039446,-0.3022391003944602,-0.5076772379475648,-0.11179909040958505,-0.2922906108547326,-0.41787102136002074,-0.1667102003494445,Condiciones neutrales
2013-11-19,517.33,515.612207250677,0.0033260221546643825,0.08222497660506481,4.91241379310345,5.237071187505546,-0.3246573944020951,-0.5453337078299809,-0.23155436561245807,-0.28803156146972436,-0.38631129567015265,-0.18975182726929615,Condiciones neutrales
2013-11-20,519.22,515.4173182727424,0.0073507861797420405,0.18172405160034547,4.88547351108033,5.310174190432419,-0.4247006793520888,-0.7133784727605508,-0.26582721058010267,-0.2794253408333947,-0.3403381090617649,-0.21851257260502444,Condiciones neutrales
2013-11-21,522.67,518.0578462362989,0.00886338147748031,0.21911800365055667,4.92644688644689,5.280153600890006,-0.35370671444311524,-0.5941284486276883,-0.18750522248856583,-0.26982066094318446,-0.2983445188161569,-0.241296803070212,Condiciones neutrales
2013-11-22,522.73,517.1030434597075,0.010822913355023315,0.26756099509662845,4.97869025735294,5.234777076038783,-0.2560868186858423,-0.43015430040497243,-0.08129665265417199,-0.25504508179273333,-0.2556287175005663,-0.2544614460849003,Condiciones neutrales
2013-11-25,520.37,519.0736510221608,0.0024943144319148104,0.06166373411621678,5.03883522727273,5.226450145942312,-0.18761491866958202,-0.31514064058429225,-0.12673845323403773,-0.24652058305051727,-0.227467915918678,-0.26557325018235656,Condiciones neutrales
2013-11-26,520.54,519.1056838931584,0.0027592419976669243,0.06821319827581508,5.06959183673469,5.201872428166019,-0.13228059143132828,-0.22219443217068932,-0.07699061694743711,-0.23586242812798588,-0.19778017968175196,-0.2739446765742198,Condiciones neutrales
2013-11-27,522.23,519.6798673538448,0.004895121580651759,0.12101580769195255,5.05728798185941,5.205587048898483,-0.14829906703907245,-0.2491009953587627,-0.06404259383340508,-0.22239062935718878,-0.1631184023489568,-0.28166285636542077,Condiciones neutrales
2013-11-28,524.1,521.024742148326,0.00588497545428152,0.14548669448009321,5.07305516265912,5.203610345919136,-0.1305551832600165,-0.21929622855110306,-0.03690476703550492,-0.20334658662316654,-0.12146351780599642,-0.2852296554403367,Condiciones neutrales
2013-11-29,528.19,522.4900114222263,0.0108502007001975,0.2682355851066244,5.09,5.19825986239921,-0.10825986239921001,-0.1818463191945821,0.043194632956021134,-0.190077897959592,-0.08774515647642198,-0.292410639442762,Condiciones neutrales
2013-12-02,529.64,525.8783943229627,0.0071275339623292815,0.17620487358523534,5.05923076923077,5.251255632201062,-0.19202486297029192,-0.32254811479648077,-0.07317162060562271,-0.1849305739662549,-0.062615959479974,-0.3072451884525358,Condiciones neutrales
2013-12-03,532.21,526.1435415349617,0.011464080134356857,0.2834117384107436,5.07,5.25227329610773,-0.18227329610772974,-0.3061682072200443,-0.011378234404650356,-0.17387269680346648,-0.028719637860468727,-0.3190257557464642,Condiciones neutrales
2013-12-04,532.97,526.1800737670164,0.012821637688030432,0.31697289131355766,5.08458333333333,5.291685317720888,-0.2071019843875583,-0.3478734659748294,-0.015450287330635859,-0.1643371052560297,0.0018534025856617208,-0.33052761309772116,Condiciones neutrales
2013-12-05,533.95,526.7935987627968,0.01349338299386268,0.33357958828915013,5.06,5.319663226742417,-0.2596632267424175,-0.4361616666311352,-0.051291039170992536,-0.1593872272831032,0.028357155716652135,-0.34713161028285855,Condiciones neutrales
2013-12-06,531.15,522.7168467913367,0.016004551700653846,0.395659989009785,5.09289473684211,5.313261055183967,-0.22036631834185738,-0.37015384073886204,0.012753074135461478,-0.15171018054485613,0.05586389680623903,-0.3592842578959513,Condiciones neutrales
2013-12-09,528.59,520.359614938698,0.015692944352031935,0.3879565204942579,5.09988372093023,5.322080463067452,-0.22219674213722132,-0.3732284412637149,0.007364039615271489,-0.1462549785992344,0.07841701043634657,-0.37092696763481536,Condiciones neutrales
2013-12-10,527.08,520.4163090022381,0.012723254171125449,0.31454068190554413,5.12576992753623,5.302584803293713,-0.17681487575748261,-0.29699958620656985,0.008770547849487137,-0.1391826410359215,0.10137863803341718,-0.3797439201052602,Condiciones neutrales
2013-12-11,530.66,523.424877312842,0.013727995664941619,0.3393796162185083,5.13,5.378448345963134,-0.24844834596313461,-0.4173238005492591,-0.038972092165375394,-0.13315072762436866,0.12493716833393172,-0.3912386235826691,Condiciones neutrales
2013-12-12,532.04,523.9096547930974,0.015399419546134503,0.38070008347261153,5.13,5.391266732851571,-0.26126673285157154,-0.43885510884779383,-0.02907751268759115,-0.1272332990046156,0.14852945547104743,-0.40299605348027867,Condiciones neutrales
2013-12-13,532.8,524.9110221688414,0.014917352581341916,0.36878256066039655,5.15858208955224,5.387967357509015,-0.22938526795677447,-0.3853031560449014,-0.008260297692252422,-0.12226319692451142,0.16627071534850563,-0.4107971091975285,Condiciones neutrales
2013-12-16,529.5,526.839676729898,0.005036881512849817,0.12452035653934201,5.1694799461642,5.38027968144407,-0.21079973527986923,-0.3540846542597882,-0.11478214886022309,-0.11820087435382091,0.17956264933415764,-0.41596439804179947,Condiciones neutrales
2013-12-17,528.27,527.4377748678868,0.0015766205844380495,0.03897676703346066,5.16108695652174,5.357769813472294,-0.19668285695055387,-0.330372243161042,-0.1456977380637907,-0.11654983530839301,0.18321934894397732,-0.41631901956076334,Condiciones neutrales
2013-12-18,526.38,522.4088318911125,0.007572901172481926,0.18721511546955596,5.16,5.376547614406465,-0.21654761440646472,-0.3637394851378513,-0.08826218483414768,-0.11409899693957186,0.18853078515343993,-0.41672877903258365,Condiciones neutrales
2013-12-19,528.19,526.3456879234293,0.0034978692103738293,0.08647333078861784,5.18871486705385,5.410894746748583,-0.2221798796947328,-0.3732001170719857,-0.14336339314168392,-0.10928755176199431,0.1947049030464002,-0.4132800065703888,Condiciones neutrales
2013-12-20,530.02,529.882568817259,2.593279562752555e-4,0.006411032201895917,5.205,5.3663142875533305,-0.16131428755333058,-0.2709629291500339,-0.13227594847406898,-0.10213449013680788,0.1982908175543283,-0.40255979782794404,Condiciones neutrales
2013-12-23,530.88,527.7107843926872,0.005987630201428146,0.1480244960310218,5.20555555555556,5.370067599747514,-0.16451204419195342,-0.27633426679564543,-0.06415488538231182,-0.09518800500231733,0.20215536850468607,-0.39253137850932074,Condiciones neutrales
2013-12-24,527.65,525.8334383558525,0.003448679643992546,0.08525728027637391,5.210370370370374,5.3993382264509515,-0.18896785608057828,-0.3174131974011769,-0.1160779585624015,-0.0912238695119701,0.2008147765520511,-0.3832625155759913,Condiciones neutrales
2013-12-26,528.03,526.5127638575754,0.0028775261494130245,0.07113738553549208,5.22,5.40646767005986,-0.18646767005986029,-0.31321358348061984,-0.12103809897256387,-0.08815879127516846,0.20165531048533816,-0.3779728930356751,Condiciones neutrales
2013-12-27,525.24,525.0119425634396,4.3429091802165353e-4,0.010736416930970903,5.21,5.423555955038729,-0.21355595503872954,-0.3587143333202687,-0.1739889581946489,-0.08811172191862399,0.1968945428317182,-0.3731179866689662,Condiciones neutrales
2013-12-30,523.76,528.6430129902697,-0.009279806255946188,-0.2294127389454213,5.18,5.420962994334885,-0.24096299433488513,-0.40475050134761265,-0.317081620146517,-0.09183002323095017,0.18419500296575975,-0.36785504942766006,Condiciones neutrales
2014-01-02,524.61,528.8480129531287,-0.008045951075658548,-0.19890972104131285,5.2,5.472090786915557,-0.27209078691555705,-0.4570364952515631,-0.327973108146438,-0.0990358238221786,0.1680953770267695,-0.36616702467112666,Condiciones neutrales
2014-01-03,529.55,527.3910932343607,0.0040852035783963125,0.10099324449462631,5.21210445103858,5.472199065069588,-0.2600946140310079,-0.4368862767390645,-0.16794651612221909,-0.09691556217250397,0.16872098595642154,-0.3625521103014295,Condiciones neutrales
2014-01-06,528.8,528.9592717915377,-3.011494145959009e-4,-0.007444930435911375,5.184619371678737,5.47101433270233,-0.2863949610235923,-0.48106351092495114,-0.24425422068043126,-0.09619646250918158,0.16241535322187964,-0.3548082782402428,Condiciones neutrales
2014-01-07,531.14,528.6403734832596,0.0047172625848535266,0.11661882803022637,5.17545767855879,5.436774406743147,-0.2613167281843572,-0.4389390870373324,-0.16116012950355302,-0.0953182927430145,0.1589987140345353,-0.34963529952056427,Condiciones neutrales
2014-01-08,531.65,529.2052676000706,0.0046089920130325136,0.1139421936540798,5.16496166384012,5.47234154374108,-0.3073798799009598,-0.516312311097766,-0.20118505872184309,-0.0993145729452702,0.15387808731978367,-0.35250723321032407,Condiciones neutrales
2014-01-09,532.14,530.1329225130487,0.0037788403201753076,0.09341941889501437,5.13277207392197,5.456440955356139,-0.3236688814341689,-0.5436732822511026,-0.2251269316780441,-0.10259418889340374,0.1549366101457436,-0.3601249879325511,Condiciones neutrales
2014-01-10,533.97,529.2571974843901,0.008865148280601946,0.21916168205634795,5.1117760369015,5.376924246113443,-0.2651482092119426,-0.4453749045830913,-0.11310661126337168,-0.10379805537060156,0.15996822627176135,-0.3675643370129645,Condiciones neutrales
2014-01-13,531.17,530.6893549143161,9.052896059831285e-4,0.022380312941806806,5.1,5.4060730014225395,-0.3060730014225403,-0.5141171204179658,-0.24586840373807947,-0.10985891570075737,0.1566803764467565,-0.37639820784827127,Condiciones neutrales
2014-01-14,527.53,529.0083810891609,-0.002798539230548937,-0.0691846933242876,5.09398386069229,5.404470288501237,-0.31048642780894725,-0.5215304435611716,-0.2953575684427296,-0.1184740090809982,0.1495246635199438,-0.3864726816819402,Condiciones neutrales
2014-01-15,527.76,531.8868815274483,-0.007789203110536508,-0.1925624706491434,5.07712516469038,5.396342680056426,-0.31921751536604587,-0.5361962310436023,-0.36437935084637285,-0.132059808541078,0.13416472832808488,-0.3982843454102409,Condiciones neutrales
2014-01-16,529.51,534.4421058972151,-0.009271359489524393,-0.2292039203810451,5.03519230769231,5.335085285925144,-0.29989297823283423,-0.5037364082622351,-0.3664701643216401,-0.14183642666494525,0.1206511018625422,-0.4043239551924327,Condiciones neutrales
2014-01-17,531.68,534.2753823251387,-0.00486959866587494,-0.12038483742993103,5.03944512681277,5.3532364831908135,-0.3137913563780439,-0.5270818001043297,-0.32373331876713035,-0.15224826281036125,0.10719121600118638,-0.41168774162190885,Condiciones neutrales
2014-01-20,537,537.0014657579666,-2.729526938852016e-6,-6.747859101743368e-5,5.02711293793501,5.333405862976222,-0.30629292504121186,-0.5144865306469563,-0.25727700461898684,-0.16030915338663962,0.09662320367103387,-0.41724151044431307,Condiciones neutrales
2014-01-21,541.59,538.362198597668,0.005977692379442288,0.14777881601378365,4.98015415562198,5.346677491507072,-0.3665233358850919,-0.6156567914694655,-0.23393898772784094,-0.16639741833853455,0.09042984459518832,-0.42322468127225743,Condiciones neutrales
2014-01-22,543.93,536.6381305524536,0.0134965670927827,0.333658304679791,4.99555921052632,5.357876266749322,-0.3623170562230018,-0.6085914169428145,-0.13746655613151174,-0.17140473934743367,0.08836312178418852,-0.43117260047905587,Condiciones neutrales
2014-01-23,544.24,539.7399266549851,0.008302919798934294,0.20526242895396188,5.01,5.31490402584495,-0.3049040258449499,-0.5121535680791561,-0.15344556956259714,-0.17676505965336262,0.08227331873284532,-0.43580343803957056,Condiciones neutrales
2014-01-24,546.42,548.7922053332932,-0.0043319623931397265,-0.10709354594358556,4.96681707827628,5.32172449981354,-0.35490742153725946,-0.596145301047986,-0.3516194234957858,-0.18877805869820505,0.06821884447120767,-0.4457749618676178,Condiciones neutrales
2014-01-27,550.53,547.0345022293866,0.006369574784228982,0.157466821705608,4.94137711864407,5.3827701807186425,-0.4413930620745729,-0.7414170116003446,-0.2919750949473683,-0.19721149212427147,0.06215508465411099,-0.45657806890265396,Condiciones neutrales
2014-01-28,548.34,543.7354060051432,0.008432790000228563,0.2084730432453131,4.96,5.370372035346114,-0.41037203534611455,-0.6893103544959285,-0.24041865562530768,-0.20425619688886204,0.05641418331320104,-0.4649265770909251,Condiciones neutrales
2014-01-29,547.07,546.3630540583017,0.001293076037126215,0.03196705913463825,4.95,5.337333384133119,-0.3873333841331187,-0.6506118578467985,-0.30932239935608014,-0.21429160027765629,0.0451869999290091,-0.47377020048432167,Condiciones neutrales
2014-01-30,548.8,551.415103334599,-0.004753812689003667,-0.11752240934114529,4.965,5.2905751526156015,-0.3255751526156015,-0.5468752851915086,-0.332198847266327,-0.22153882355785975,0.037118907732992854,-0.4801965548487124,Condiciones neutrales
2014-01-31,547.22,554.5755230173389,-0.013352082379608155,-0.3300863945697196,4.97625,5.273363567810438,-0.29711356781043713,-0.49906777536687624,-0.4145770849682979,-0.23050146845467664,0.02481680234622018,-0.4858197392555735,Condiciones neutrales
2014-02-03,553.84,556.2217864499994,-0.004291274835562112,-0.10608767968221841,5.01,5.290260135703296,-0.2802601357032959,-0.4707587185607798,-0.2884231991214991,-0.23717350226425504,0.0150400425078277,-0.4893870470363378,Condiciones neutrales
2014-02-04,556.52,552.8273101651263,0.006657434402737517,0.16458320557100514,5.0075,5.303931976389751,-0.29643197638975016,-0.4979228922282899,-0.16666984332864238,-0.23795038393715365,0.017643705000573943,-0.49354447287488123,Condiciones neutrales
2014-02-05,557.55,553.4744069232663,0.007336672952736023,0.18137514840414626,5.005,5.34884088712575,-0.34384088712575017,-0.577556615413486,-0.19809073350466988,-0.24014421010484036,0.023475842207315623,-0.5037642624169963,Condiciones neutrales
2014-02-06,559.24,548.9252525146178,0.01861643894771907,0.46023032492406146,5.0024999999999995,5.35219992350016,-0.34969992350016027,-0.5873981594086631,-0.06358391724230084,-0.24012517783350665,0.033882703170416945,-0.5141330588374302,Condiciones neutrales
2014-02-07,556.14,547.0430155311268,0.016492622789123047,0.4077259440650477,5,5.292065544250512,-0.2920655442505118,-0.49058850628934,-0.04143128111214614,-0.23763695525183148,0.0446316586300394,-0.5199055691337023,Condiciones neutrales
2014-02-10,553.16,544.3733630689693,0.016011949985771216,0.39584288731665296,5,5.274945609670324,-0.2749456096703241,-0.46183179979382266,-0.03299445623858485,-0.23470216716069883,0.0554551753560781,-0.5248595096774757,Condiciones neutrales
2014-02-11,555.35,542.494485650359,0.023420624949974097,0.5789980490319183,5,5.292605019556151,-0.2926050195561513,-0.49149467406429215,0.043751687483813084,-0.22744414563808343,0.07439722975944302,-0.5292855210356099,Condiciones neutrales
2014-02-12,554.56,543.3491083350832,0.020422968070462108,0.5048908256503121,5.005,5.309324251906555,-0.3043242519065552,-0.5111797098612947,-0.0031444421054913074,-0.21697957303671592,0.09887401524596746,-0.5328331613193993,Condiciones neutrales
2014-02-13,552.91,544.6371611005508,0.015075426135096224,0.37269041023412824,5.01,5.26306567161203,-0.2530656716120307,-0.42507961748054507,-0.026194603623208412,-0.20692028955260827,0.11792735295514883,-0.5317679320603653,Condiciones neutrales
2014-02-14,549.44,539.8710678530891,0.01756922989429008,0.4343415196441402,5.003333333333333,5.260620034807564,-0.2572867014742312,-0.4321697682219262,0.0010858757111069928,-0.2012858764914974,0.1290389621267993,-0.5316107151097941,Condiciones neutrales
2014-02-17,546.94,542.1925634690027,0.008717885697113202,0.21552109822404175,4.983333333333333,5.256265057058934,-0.272931723725601,-0.458449034120473,-0.12146396794821562,-0.19719286806709022,0.13647116308213106,-0.5308568992163115,Condiciones neutrales
2014-02-18,546.99,543.9252468237764,0.005618697232320822,0.1389038397806885,4.976666666666667,5.218564684043854,-0.24189801737718788,-0.4063210787974332,-0.13370861950837234,-0.1962778177339175,0.13721399680714647,-0.5297696322749815,Condiciones neutrales
2014-02-19,548.11,546.7851309892187,0.0024200850289835423,0.05982865586489728,4.97,5.241651089935987,-0.2716510899359873,-0.4562979271846567,-0.19823463565987973,-0.19617947029851873,0.1354102122141737,-0.5277691528112112,Condiciones neutrales
2014-02-20,552.43,548.0744867928778,0.007915526017008834,0.19568538972375185,4.9719999999999995,5.2193312856455005,-0.24733128564550075,-0.415447451341175,-0.10988103080871157,-0.19233794026954099,0.13881907790846496,-0.5234949584475469,Condiciones neutrales
2014-02-21,555.37,548.6906555547724,0.012099744523183504,0.29912645318696485,4.974,5.1934154335469245,-0.21941543354692403,-0.36855661997666395,-0.03471508339484955,-0.18972488934059026,0.14148457027948552,-0.520934348960666,Condiciones neutrales
2014-02-24,555.51,550.2730958589599,0.009471917800099098,0.23416206606622356,4.98,5.166582200386478,-0.18658220038647808,-0.3134059624276279,-0.03962194818070218,-0.18285000748867766,0.14854396205029943,-0.5142439770276548,Condiciones neutrales
2014-02-25,555.1,549.682911238347,0.009806690745239623,0.24243822789021657,4.992500000000001,5.084522242191126,-0.09202224219112487,-0.15457165431064265,0.04393328678978696,-0.17154031231426045,0.15893139275744955,-0.5020120173859705,Condiciones neutrales
2014-02-26,556.67,553.266989063924,0.006131918536794397,0.1515915513445998,5.005000000000001,5.0525990564505365,-0.04759905645053608,-0.07995311485568889,0.03581921824445546,-0.15820036001123283,0.17040319349057434,-0.48680391351304003,Condiciones neutrales
2014-02-27,559.02,554.9302616658215,0.007342799495339151,0.18152660705318313,5.0175,5.0153918852519555,0.0021081147480443395,0.0035410437338084175,0.09253382539349578,-0.14290022702072833,0.18409421107171528,-0.4698946651131719,Condiciones neutrales
2014-02-28,563.32,551.8459653535995,0.02057889126643283,0.5087455146886577,5.03,4.9848945230123185,0.04510547698768213,0.07576459810635955,0.2922550563975086,-0.12236728118190701,0.20506522280900155,-0.4497997851728156,Condiciones neutrales
2014-03-03,559.38,557.9035806310393,0.002642874654077548,0.0653363978038725,5.0375,4.972172182757635,0.06532781724236428,0.1097324792704244,0.08753443853714846,-0.11087356641003585,0.20724535202216457,-0.42899248484223623,Condiciones neutrales
2014-03-04,561.52,555.009047508685,0.011662976991154364,0.2883288101067516,5.04,5.007125587911345,0.032874412088654936,0.05521982664233838,0.171774318374545,-0.09734978953995631,0.21193035182526349,-0.40662993090517613,Condiciones neutrales
2014-03-05,558.28,555.8008761396125,0.0044505349755782015,0.11002486370505445,5.00705882352941,5.0435770463364085,-0.0365182228069989,-0.061340410506829195,0.024342226599112626,-0.0919561634489355,0.20447590379277228,-0.38838823069064327,Condiciones neutrales
2014-03-06,562.7,554.6677233784948,0.014377388598505838,0.355433724184966,5.0245,5.088367204891548,-0.06386720489154815,-0.10727905864084109,0.12407733277206245,-0.08270540003778018,0.20948161363380574,-0.3748924137093661,Condiciones neutrales
2014-03-07,559.54,552.7961318797257,0.012125742494689666,0.2997691676667453,5.07257575757576,5.120522454404917,-0.04794669682915706,-0.08053705355517218,0.10961605705578654,-0.06733088401939444,0.22304370408748345,-0.3577054721262723,Condiciones neutrales
2014-03-10,561.55,557.1743690465302,0.00782257611896121,0.19338750870041266,4.99,5.083587152908354,-0.09358715290835379,-0.15720026705307222,0.01809362082367022,-0.056995260160359815,0.2242410603206436,-0.3382315806413632,Condiciones neutrales
2014-03-11,569.64,560.7943993022509,0.01565023365958484,0.38690063886631276,5.01333333333333,5.09542263269464,-0.08208929936130946,-0.13788708578873282,0.12450677653878997,-0.04483107908822323,0.23018864684134357,-0.31985080501779,Condiciones neutrales
2014-03-12,570.69,561.5654515688601,0.016117822090575735,0.39846022747130955,4.95327098321343,5.048726330793229,-0.09545534757979894,-0.16033831209592006,0.11906095768769474,-0.03055163385343073,0.24240508578589928,-0.30350835349276073,Condiciones neutrales
2014-03-13,573.24,563.6813882078561,0.016815299841218705,0.4157030746510086,4.94,5.03986331049715,-0.09986331049714973,-0.16774245813769725,0.12398030825665567,-0.015345662002664642,0.2601792685856378,-0.29087059259096704,Condiciones neutrales
2014-03-14,570.84,568.8362103150922,0.0035164228779154217,0.08693200929663865,5.0059375,5.026693948137249,-0.020756448137248324,-0.034865033168002484,0.026033488064318083,-6.586429015774428e-4,0.2740798820478497,-0.2753971678510046,Condiciones neutrales
2014-03-17,572.03,563.7835711301263,0.014520998836544735,0.3589840157686935,5.02,4.973073698903174,0.04692630109682615,0.07882307384067759,0.21890354480468555,0.01625224856262871,0.28958227189621344,-0.257077774770956,Condiciones neutrales
2014-03-18,570.35,562.305833783924,0.014204317369309797,0.3511551063315951,5.004543656829934,4.894648590490653,0.10989506633928126,0.18459300491027186,0.26787405562093347,0.03073704519428124,0.29580133525489977,-0.23432724486633727,Condiciones neutrales
2014-03-19,570.91,564.2739483519747,0.011691721418642024,0.28903942169254165,4.98908731365987,4.971772980681207,0.017314332978663433,0.02908324148675709,0.15906133158964936,0.04264211403075855,0.29939014436451294,-0.21410591630299583,Condiciones neutrales
2014-03-20,569.66,567.694719801001,0.003455882532949543,0.08543534805477021,4.99663194444445,4.89956336315042,0.09706858129403037,0.16304809397105152,0.12424172101291087,0.048902968639265604,0.2868969784688699,-0.18909104119033868,Condiciones neutrales
2014-03-21,568.49,563.0297402239904,0.009651271587686756,0.23859599954671568,5.04428070175439,4.9090799777921985,0.13520072396219132,0.22709943888813447,0.2328477192174251,0.058045601983584647,0.2812593136515922,-0.16516810968442286,Condiciones neutrales
2014-03-24,561.91,562.0740842243318,-2.9196894831636086e-4,-0.007217973551694548,5.04105263157895,5.005054702236334,0.03599792934261526,0.06046646286545627,0.02662424465688086,0.0600328920134335,0.26782395162264727,-0.14775816759578023,Condiciones neutrales
2014-03-25,562.7,557.8483607760373,0.008659455871624958,0.2140766126462559,5.05071428571429,4.998066432893937,0.05264785282035225,0.08843368203790575,0.15125514734208084,0.06361634067537576,0.25565990374312514,-0.12842722239237364,Condiciones neutrales
2014-03-26,559.57,558.3535438352553,0.00217627878322552,0.05380134698918568,5.04,4.977932778735455,0.06206722126454563,0.10425558909333779,0.07902846804126173,0.06635543768026753,0.24062358778775428,-0.10791271242721923,Condiciones neutrales
2014-03-27,555.75,555.3546309178187,7.11668528537574e-4,0.01759366756697628,5.04619047619048,4.982171093160395,0.06401938303008525,0.10753467539243851,0.06256417147970739,0.06931406351703139,0.22878702969884923,-0.09015890266478645,Condiciones neutrales
2014-03-28,551.43,555.5278299611524,-0.007403802690961137,-0.183034710757729,5.02950085968843,5.004638436260234,0.024862423428196414,0.0417619243778723,-0.07063639318992836,0.0669233212203302,0.2082078220187869,-0.07436117957812649,Condiciones neutrales
2014-03-31,550.53,555.1600043314012,-0.008374917699023435,-0.2070423406247667,5.05139204545454,4.961679732723117,0.08971231273142252,0.15069161825169186,-0.02817536118653742,0.07003294144571949,0.19412237405715996,-0.054056491165721,Condiciones neutrales
2014-04-01,551.18,552.861650879258,-0.003046356409535008,-0.07531115935395208,5.02076923076923,4.977814796471026,0.04295443429820357,0.07215144742573441,-0.0015798559641088325,0.0744372335638616,0.18698187408600528,-0.038107406958282075,Condiciones neutrales
2014-04-02,550.62,552.5433261840025,-0.0034869326909503346,-0.08620296125650949,5.0053846153846155,5.020542400158206,-0.015157784773590564,-0.025460843078267518,-0.0558319021673885,0.07918399134694465,0.18211415351529173,-0.023746170821402436,Condiciones neutrales
2014-04-03,553.6,553.4087700370313,3.45489521034916e-4,0.008541093974540283,4.99,5.021518772215521,-0.03151877221552074,-0.05294273044417549,-0.022200818234817603,0.08210666509940777,0.17587601032365133,-0.011662680124835784,Condiciones neutrales
2014-04-04,555.97,550.7970864748297,0.009347858744309906,0.23109511326628288,4.96,5.034074054223697,-0.07407405422369692,-0.12442371355256279,0.05333569985686004,0.0850416912077981,0.17360829899296193,-0.0035249165773657463,Condiciones neutrales
2014-04-07,555.08,551.456740938309,0.006548850800869678,0.16189883255480145,4.98052631578947,5.042812207988063,-0.062285892198592346,-0.10462289516217972,0.028637968696310863,0.0873170217703652,0.1711995245425812,0.0034345189981491936,Condiciones neutrales
2014-04-08,553.59,548.9328725945239,0.008448178663935295,0.20885347742597385,4.946825657894735,5.046937277919093,-0.10011162002435836,-0.16815954876152725,0.0203469643322233,0.08653081102177974,0.17008003286043977,0.002981589183119707,Condiciones neutrales
2014-04-09,546.72,547.9781130699713,-0.002298558130087743,-0.05682430232967484,4.913125,5.005962117844768,-0.0928371178447684,-0.15594041771872766,-0.10638236002420125,0.08179075841282452,0.16313283773796394,4.4867908768508126e-4,Condiciones neutrales
2014-04-10,548.13,546.250652753358,0.003434543710775359,0.08490781574366059,4.875,5.0183965883854205,-0.14339658838542077,-0.24086620105605838,-0.0779791926561989,0.07610699114450137,0.15991221136097986,-0.007698229071977146,Condiciones neutrales
2014-04-11,544.96,548.897419703598,-0.007199177220767686,-0.17797601790571022,4.88125,5.0467203331081585,-0.16547033310815898,-0.2779439244127441,-0.22795997115922717,0.058766490225943505,0.13702149360783428,-0.019488513155947268,Condiciones neutrales
2014-04-14,548.31,547.6165823931577,0.001265445533517135,0.03128398565911836,4.9,5.030775368684834,-0.13077536868483386,-0.21966607854126546,-0.09419104644107355,0.052708974060002765,0.13588641320300912,-0.030468465083003597,Condiciones neutrales
2014-04-15,549.04,548.2492087550147,0.0014413545227297269,0.03563275781096395,4.905,5.010080967649357,-0.10508096764935754,-0.1765066642517741,-0.07043695322040508,0.04463526500683777,0.1274632114598162,-0.03819268144614068,Condiciones neutrales
2014-04-16,554.22,545.8355698210638,0.01524394361756888,0.37685645165223086,4.91,4.977573496428407,-0.06757349642840713,-0.1135045928222401,0.1316759294149954,0.04821305510070052,0.13635759772472208,-0.03993148752332104,Condiciones neutrales
2014-04-17,555.84,545.3273972163358,0.019094139917520122,0.4720399128460853,4.912,5.053378124915155,-0.1413781249151553,-0.23747574641883565,0.11728208321362484,0.047986546782085936,0.14024447068009274,-0.044271377115920864,Condiciones neutrales
2014-04-21,557.63,546.3160324831604,0.020498037639273086,0.5067466742442785,4.92,4.998678329653077,-0.07867832965307754,-0.13215760976151483,0.18729453224138187,0.05057582928827245,0.14714372089934386,-0.04599206232279895,Condiciones neutrales
2014-04-22,557.02,547.2110852711381,0.01776652165129868,0.43921891051829715,4.91,4.965662142712136,-0.05566214271213636,-0.09349684681253935,0.1728610318528789,0.05573474298924607,0.15533810095994,-0.043868614981447854,Condiciones neutrales
2014-04-23,561.7,546.3781674437759,0.027656549174227017,0.6837173665961661,4.86807692307693,4.983263251114423,-0.11518632803749246,-0.19348084609527957,0.24511826025044325,0.059755125779634516,0.16523199188426843,-0.04572174032499941,Condiciones neutrales
2014-04-24,563.76,547.5159356682569,0.02923706150829782,0.7227903443605314,4.85,4.9247079050539675,-0.07470790505396796,-0.12548840583877854,0.2986509692608764,0.06574145949874056,0.17604299578057583,-0.0445600767830947,Condiciones neutrales
2014-04-25,559.67,547.4606199558531,0.022056792235330858,0.545281763378951,4.89,4.945284039392374,-0.055284039392374223,-0.09286173888379974,0.22621001224757561,0.0691491162984379,0.1803622854048406,-0.042064052807964776,Condiciones neutrales
2014-04-28,560.36,547.2851622309191,0.023609447397147314,0.5836660640298206,4.89,4.977719271294189,-0.08771927129419008,-0.14734386552661857,0.218161099251601,0.07555337000468067,0.19692008722927998,-0.04581334721991865,Condiciones neutrales
2014-04-29,559.5,546.3822133672184,0.023724772427841826,0.5865170967379271,4.89083333333333,4.946536853310344,-0.05570351997701485,-0.09356634905602776,0.24647537384094964,0.07647243097255614,0.20450452326158777,-0.05155966131647549,Condiciones neutrales
2014-04-30,560.56,545.6361804467749,0.026983866596060065,0.6670874986396811,4.86142857142857,4.90259992190033,-0.04117135047175982,-0.06915636482107955,0.29896556690930076,0.07750881468216837,0.21503560300519062,-0.06001797364085387,Condiciones neutrales
2014-05-02,564.59,543.8630152476491,0.03740239906836506,0.9246515042170366,4.83,4.857354541669897,-0.027354541669896922,-0.04594798668395376,0.4393517587665414,0.08685182892139812,0.2362226724226738,-0.06251901457987757,Condiciones neutrales
2014-05-05,563.39,546.0248771209123,0.0313075687064987,0.7739768362165559,4.875,4.899954230651427,-0.024954230651426993,-0.041916134860409036,0.36603035067807344,0.09491144991023687,0.2591740553614,-0.06935115554092626,Condiciones neutrales
2014-05-06,565.09,543.1371274098378,0.039623185777923134,0.979553163540673,4.91,4.966101516257243,-0.05610151625724272,-0.09423487159992028,0.44265914597037637,0.10190516413533524,0.2838726274945319,-0.0800622992238614,Condiciones neutrales
2014-05-07,566.88,542.144183461028,0.04461565390905882,1.1029755450508123,4.92909090909091,4.955000532104224,-0.025909623013314665,-0.043520927075599944,0.5297273089876062,0.11867526627969276,0.32087907811461547,-0.08352854555522995,Condiciones neutrales
2014-05-08,566.11,540.652036759059,0.04601251898429882,1.1375084473560377,4.96219512195122,5.002857076894885,-0.040661954943664605,-0.06830072266760337,0.5346038623442172,0.13145355677976397,0.35166013927160816,-0.08875302571208026,Condiciones neutrales
2014-05-09,555.74,541.6456196328456,0.02568860970184,0.6350665249743568,4.97083333333334,5.000524472720664,-0.029691139387323335,-0.04987281796431899,0.2925968535050189,0.1385725029618892,0.3710356452044472,-0.09389063928066882,Condiciones neutrales
2014-05-12,555.77,539.8760335293912,0.02901499393568888,0.7173004527983521,4.98153846153846,4.965220369864776,0.016318091673684473,0.027409834461058217,0.3723551436297052,0.14889886870022245,0.39435920471215974,-0.09656146731171482,Condiciones neutrales
2014-05-13,551.36,539.579677054544,0.02159749269791478,0.5339270904505727,4.98132352941177,4.955360463345789,0.02596306606598081,0.04361069647118663,0.2887688934608797,0.16087904492191607,0.4182579314191031,-0.09649984157527101,Condiciones neutrales
2014-05-14,549.05,537.0752675500971,0.022051264321216284,0.5451451038536654,4.98954298642534,4.93175245722859,0.057790529196750304,0.0970719413995188,0.3211085226265921,0.17252184104902038,0.44333084623505087,-0.09828716413701012,Condiciones neutrales
2014-05-15,550.22,540.7392026793699,0.0173811009198591,0.4296906484827353,4.95328234220421,4.911227337762751,0.04205500444145814,0.07064065658231226,0.25016565253252376,0.18091335799890815,0.46016423982960714,-0.09833752383179085,Condiciones neutrales
2014-05-16,553.62,537.8021806222554,0.028987732283431142,0.7166264979613512,4.96090909090909,4.915006924494601,0.045902166414489395,0.07710281373489891,0.3968646558481251,0.19600324326609192,0.4869252218035358,-0.09491873527135197,Condiciones neutrales
2014-05-19,550.46,540.0860520682007,0.019025809761299473,0.47035067409919845,4.98,4.900562912774506,0.07943708722549456,0.13343211047348022,0.3018913922863393,0.2068063169501305,0.5023188744743577,-0.08870624057409679,Condiciones neutrales
2014-05-20,548.61,541.4009279285825,0.01322771543320968,0.32701183018543967,4.99083333333333,4.895810348234857,0.09502298509847282,0.15961206393668032,0.24331194706106,0.2131388585236038,0.505516098371663,-0.07923838132445535,Condiciones neutrales
2014-05-22,551.45,539.735593025542,0.021471795653183884,0.5308196437524714,4.98308610936518,4.8988992632334,0.0841868461317805,0.1414103782730898,0.3361150110127806,0.22338809326748615,0.5178134587449187,-0.07103727220994636,Condiciones neutrales
2014-05-23,550.7,539.1727327452959,0.021154207783428306,0.5229683264892706,4.99159670357971,4.865337275290116,0.12625942828959422,0.21208056050736818,0.36752444349831936,0.23496067590635603,0.5282839537136952,-0.058362601900983184,Condiciones neutrales
2014-05-26,553.95,539.4007028220021,0.026615716291930033,0.6579861912109897,4.9934375,4.839274350964331,0.15416314903566877,0.25895101458938063,0.45846860290018515,0.2537890413371689,0.5521109701650507,-0.04453288749071291,Condiciones neutrales
2014-05-27,554.04,539.8631531412967,0.025921198973589254,0.6408165309992268,4.9935,4.797249267304856,0.1962507326951438,0.3296463951547768,0.48523146307700177,0.2725627298616089,0.5706412606735696,-0.025515800950351733,Condiciones neutrales
2014-05-28,555.99,539.2974105134593,0.030483107715377187,0.7535947453721864,4.97972835571743,4.7425255644582895,0.237202791259141,0.39843441084468223,0.5760145781084343,0.2993618815038643,0.6016936194494994,-0.0029698564417708546,Condiciones neutrales
2014-05-29,552.98,539.9739256090228,0.023800982019734504,0.5884011286592625,4.97757898603968,4.783280795416841,0.19429819062283876,0.3263666700465743,0.45738389935291845,0.31774771303033067,0.6202641908828376,0.015231235177823805,Condiciones neutrales
2014-05-30,548.04,538.4378972844758,0.01767611241596558,0.43698383903817467,4.95940651627092,4.774571856492371,0.1848346597785484,0.3104705824987007,0.3737272107684377,0.33255318516329213,0.633642560257078,0.0314638100695063,Condiciones neutrales
2014-06-02,550.72,540.3970664491569,0.01892233543233011,0.4677926110788428,4.96,4.818212090702784,0.14178790929721635,0.23816406968001302,0.3529783403794279,0.3399299321954399,0.6366737655712983,0.0431860988195814,Condiciones neutrales
2014-06-03,550.23,542.4877025713017,0.014170955544694188,0.3503303447632833,4.96290625,4.8585919038574215,0.10431434614257798,0.17521895432739618,0.26277464954533974,0.34477968440649703,0.6326167799685383,0.0569425888444558,Condiciones neutrales
2014-06-04,550.68,544.36161453458806,0.011540119575310199,0.2852915639088036,4.95,4.861152596671476,0.0888474033285234,0.149238812125133,0.2172651880169683,0.34577870626568324,0.6252349429573558,0.06632246957401072,Condiciones neutrales
2014-06-05,552.62,544.4816980296004,0.014836275004771391,0.36677818380218546,4.91906593406594,4.817481275144158,0.10158465892178213,0.1706338425172242,0.2687060131597048,0.34897353897591077,0.6228202520668187,0.07512682588500284,Condiciones neutrales
2014-06-06,551.63,542.1212207348739,0.01738790075224722,0.42985875201092366,4.89616311399444,4.814440168493976,0.08172294550046375,0.13727171366797547,0.28356523283944957,0.35025510472887766,0.6143582982473106,0.08615191121044467,Condiciones neutrales
2014-06-09,549.59,545.5144083978059,0.0074433275724809095,0.1840118336712744,4.87007519446845,4.840362989385779,0.029712205082670723,0.049908202446391256,0.11696001805883283,0.34419873968880954,0.5963990145576687,0.09199846481995033,Condiciones neutrales
2014-06-10,549.89,546.1605620340832,0.0068052560494592925,0.16823761040603447,4.87117764471058,4.9119639145746605,-0.04078626986408017,-0.06850953699821075,0.04986403670391186,0.3383205405040208,0.5838308761252382,0.09281020488280331,Condiciones neutrales
2014-06-11,553.12,548.2312952729195,0.00887770660657767,0.2194721454301726,4.84571428571429,4.903659407017095,-0.05794512130280555,-0.09733161294204308,0.06107026624406476,0.33308417940376955,0.5716910788385833,0.09447727996895582,Condiciones neutrales
2014-06-12,554.41,550.627362449681,0.006846198062314691,0.1692497672386275,4.83383858707802,4.914187238330481,-0.08034865125246055,-0.13496328333238042,0.017143241953123542,0.32543977500750865,0.5577821678552732,0.09309738215974407,Condiciones neutrales
2014-06-13,553.43,548.6396058571246,0.008693505905066732,0.2149183879180247,4.84047619047619,4.940835806139223,-0.10035961566303261,-0.16857611214032525,0.023171137888849724,0.3162466273734936,0.5427098641645514,0.08978339058243588,Condiciones neutrales
2014-06-16,554.8,551.7842260592705,0.005450613403038716,0.13474851901379917,4.83,4.88978251508766,-0.05978251508765983,-0.1004179211017068,0.017165298956046182,0.30217374537981045,0.5163797646577768,0.08796772610184411,Condiciones neutrales
2014-06-17,556.76,550.2680352040369,0.011728771108050692,0.28995535360856345,4.84,4.918918071739043,-0.07891807173904257,-0.13256030947794353,0.07869752206530996,0.29259598442605167,0.5002457152375104,0.08494625361459296,Condiciones neutrales
2014-06-18,559.03,545.9733711033685,0.023632935295416903,0.5842467251907846,4.835,4.8548072636339805,-0.0198072636339806,-0.03327066842071242,0.27548802838503605,0.2870236138398737,0.48706883395918077,0.08697839372056655,Condiciones neutrales
2014-06-19,559.12,545.4437853728904,0.024764370767995866,0.6122177521223033,4.82241379310345,4.877157665111966,-0.054743872008516145,-0.09195440861081876,0.2601316717557423,0.27803709259881154,0.4707102408615638,0.08536394433605926,Condiciones neutrales
2014-06-20,556.69,547.1686093457735,0.01725153333071849,0.42648751528324036,4.84298364116095,4.878050596688125,-0.03506695552717452,-0.058902686985341304,0.18379241414894953,0.26634337765896926,0.4470095431258039,0.08567721219213466,Condiciones neutrales
2014-06-23,557.14,546.4920432811352,0.019296806745921408,0.4770501847110964,4.839270500454175,4.893532730466117,-0.05426223001194232,-0.09114538463549253,0.19295240003780192,0.2630218958767287,0.4417423317836952,0.08430145996976221,Condiciones neutrales
2014-06-24,553.12,548.5787998738624,0.00824404246707322,0.20380688025051857,4.83803278688525,4.856439713097913,-0.018406926212662583,-0.03091849283085159,0.08644419370983349,0.2534915308793997,0.4246258793654341,0.08235718239336522,Condiciones neutrales
2014-06-25,550.64,547.7130153778872,0.005329782883886547,0.1317613811811387,4.81961870620824,4.821125448638121,-0.0015067424298809452,-0.00253090627288792,0.0646152374541254,0.24601974234584117,0.41122035572311966,0.08081912896856273,Condiciones neutrales
2014-06-26,550.09,546.6257431692491,0.006317531911454198,0.15618023256176664,4.81142857142857,4.82332208374379,-0.011893512315219752,-0.019977777441124108,0.06810122756032126,0.23758616584363215,0.39825486001338967,0.07691747167387464,Condiciones neutrales
2014-06-27,550.02,544.9348465575257,0.009288401285749,0.22962522283506281,4.76780701754386,4.834474771044672,-0.06666775350081171,-0.11198319778376872,0.058821012525647046,0.23120801117673626,0.3915860124918006,0.07083000986167193,Condiciones neutrales
2014-06-30,550.6,544.8088718089349,0.010573553481318996,0.2613963910055747,4.77207792207792,4.860817485626033,-0.08873956354811241,-0.1490576714263005,0.05616935978963711,0.21985150130812,0.3764116755932747,0.06329132702296529,Condiciones neutrales
2014-07-01,552.72,544.8764197312881,0.014292528016222966,0.3533358249322157,4.76692307692308,4.863521628023398,-0.09659855110031876,-0.16225857457999962,0.09553862517610805,0.21297307573777896,0.37251118062104194,0.053434970854515956,Condiciones neutrales
2014-07-02,552.09,542.1101019066136,0.018241955606609905,0.4509724539509216,4.74890909090909,4.886788122064567,-0.1378790311554766,-0.23159824660853706,0.10968710367119228,0.20851891429145003,0.37664320141322466,0.04039462716967538,Condiciones neutrales
2014-07-03,552.18,541.3842819638724,0.019744735525691243,0.48812375299315325,4.7730821559393,4.88158800637091,-0.10850585043160949,-0.18225951035579763,0.1529321213186778,0.20241281796831326,0.37522000505458075,0.0296056308820458,Condiciones neutrales
2014-07-04,550.84,541.4198351343757,0.017249372603664926,0.4264340984017021,4.7724,4.904747102880266,-0.13234710288026583,-0.22230615282048094,0.10206397279061058,0.19356413561138963,0.3720021974516618,0.015126073771117495,Condiciones neutrales
2014-07-07,548.72,543.3500085565241,0.009834597934484449,0.24312814150956838,4.74689655172414,4.902690333719629,-0.1557937819954888,-0.2616900223354573,-0.009280940412944458,0.17797248416761866,0.35817359579494773,-0.002228627459710436,Condiciones neutrales
2014-07-08,550.49,543.7930505590958,0.012240037982617018,0.30259474831049155,4.70124547082241,4.903285451934504,-0.20203998111209454,-0.33937071488135745,-0.01838798328543295,0.16118516928887083,0.3468995363719899,-0.024529197794248243,Condiciones neutrales
2014-07-09,552.37,544.7059349881335,0.013972031373770387,0.34541259781519,4.68414674374354,4.8895863255996765,-0.20543958185613667,-0.34508109422541744,1.6575179488628744e-4,0.14199020841175256,0.3332934647867567,-0.04931304796325157,Condiciones neutrales
2014-07-10,553.54,547.7425063011161,0.010528719419152429,0.26028801603351204,4.65485366485367,4.883605233985541,-0.22875156913187092,-0.3842387190852301,-0.061975351525859035,0.12467823338245998,0.32235636103256504,-0.07299989426764504,Condiciones neutrales
2014-07-11,553.29,545.7297226141259,0.013758436704805135,0.34013217097437526,4.66,4.859816305394563,-0.19981630539456277,-0.33563556100849906,0.0022483049829380986,0.11229560318961,0.31912797209710503,-0.09453676571788504,Condiciones neutrales
2014-07-14,554.05,544.9409153309956,0.016577558832826893,0.40982570885365005,4.63689189189189,4.868091082585607,-0.231199190693717,-0.388350039402281,0.010737834725684514,0.10088758633448522,0.31719574202293194,-0.11542056935396151,Condiciones neutrales
2014-07-15,553.93,544.4891889871496,0.017190237733818226,0.42497218291720373,4.63811989100817,4.889420425214677,-0.2513005342065075,-0.4221146798485034,0.0014287515343501533,0.09217605640078556,0.3196838032947293,-0.13533169049315816,Condiciones neutrales
2014-07-17,556.39,554.1975464014668,0.0039482820670990884,0.09760830971679997,4.61166369390013,4.842846674577874,-0.23118298067774404,-0.388322811104799,-0.14535725069399952,0.08008864177708663,0.3134276948216625,-0.15325041126748923,Condiciones neutrales
2014-07-18,562.92,548.7634986724223,0.025469959094068455,0.6296611066479979,4.66194444444444,4.826808457946806,-0.1648640135023659,-0.27692547689096175,0.17636781487851808,0.07701070183438041,0.3221904589165229,-0.1681690552477621,Condiciones neutrales
2014-07-21,566.86,551.7805407793362,0.026961963486484088,0.6665460161754295,4.61428571428571,4.816292727487775,-0.20200701320206452,-0.33931533800429853,0.1636153390855655,0.07301237204258428,0.3300800343886731,-0.18405529030350457,Condiciones neutrales
2014-07-22,565.86,551.0181141027266,0.026579014211726405,0.6570788527911694,4.65551724137931,4.81010250625768,-0.15458526487836993,-0.2596600512588146,0.1987094007661774,0.07573735146616244,0.34584893502600295,-0.19437423209367807,Condiciones neutrales
2014-07-23,563.71,547.527370248439,0.029127483100285817,0.7200813780289117,4.5681605562579,4.820261765751547,-0.2521012094936469,-0.423459590608684,0.14831089371011386,0.07901891336636917,0.36424372728009885,-0.20620590054736052,Condiciones neutrales
2014-07-24,563.88,547.2595121966039,0.029918344838838522,0.7396328376784337,4.62105704565234,4.858836961225436,-0.237779915573096,-0.39940381843383477,0.17011450962229946,0.08265372147897698,0.3815824170217076,-0.2162749740637536,Condiciones neutrales
2014-07-25,563.3,549.9512528032079,0.02398270286902917,0.5928935799680886,4.61152161445265,4.845573306148085,-0.23405169169543386,-0.39314144404815327,0.09987606795996765,0.08541148234587179,0.3957038774460229,-0.22488091275427935,Condiciones neutrales
2014-07-28,563.48,546.1989396747365,0.031148572630957713,0.7700461803207974,4.62806007509387,4.886326321191864,-0.2582662460979938,-0.43381512948851664,0.1681155254161404,0.09024296193011482,0.41420813719278204,-0.2337222133325524,Condiciones neutrales
2014-07-29,563.57,549.2026153195534,0.025824113431642,0.6384164097600739,4.5236709506324,4.887071056903341,-0.36340010627094105,-0.6104106384008561,0.01400288567960889,0.09013754815423357,0.4309970668843245,-0.2507219705758574,Condiciones neutrales
2014-07-30,565.88,551.4977973640491,0.025744196805335046,0.6364407335850882,4.63846320346319,4.9686532788714866,-0.3301900754082965,-0.5546270659957755,0.04090683379465637,0.08887785854521178,0.44254657955020865,-0.2647908624597851,Condiciones neutrales
2014-07-31,570.51,558.3346469523144,0.021572189293591833,0.5333015468637493,4.65622641509434,5.012838648290693,-0.35661223319635205,-0.5990089082820579,-0.03285368070915429,0.07859980157540544,0.4408484069393075,-0.2836488037884966,Condiciones neutrales
2014-08-01,573.14,558.9285693574044,0.02510833288172919,0.620721085966634,4.64741258741259,4.970071918513488,-0.32265933110089884,-0.5419775197766422,0.039371783094995894,0.07124113862004723,0.4411318514007852,-0.2986495741606907,Condiciones neutrales
2014-08-04,572.61,553.0321423976801,0.03478873319191742,0.8600371975315032,4.63835902228424,4.948470239135119,-0.31011121685087956,-0.5209001939919039,0.16956850176979965,0.0707670082074089,0.4555835074757273,-0.31404949106090946,Condiciones neutrales
2014-08-05,571.75,558.0655966073198,0.024225320786878415,0.598891511338193,4.55161003861004,4.988104998244616,-0.4364949596345756,-0.7331895681137914,-0.06714902838779924,0.06209696059322219,0.4596448850299638,-0.33545096384351947,Condiciones neutrales
2014-08-06,576.66,557.8869113714275,0.0330965640149705,0.8182038709581532,4.536,5.001849491073178,-0.46584949107317775,-0.7824969787782114,0.01785344608997086,0.05981060233922677,0.4801247847202183,-0.36050358004176475,Condiciones neutrales
2014-08-07,577.36,559.4437456199877,0.03152301008839674,0.7793029169708545,4.36567710853088,4.975749911566259,-0.6100728030353789,-1.0247518444427148,-0.12272446373593016,0.05356594563289158,0.5017095025798755,-0.39457761131409236,Condiciones neutrales
2014-08-08,576.19,558.9009289691398,0.030465239002137358,0.7531530001101931,4.33226291794466,4.970281209247351,-0.638018291302691,-1.0716924562898547,-0.15926972808983075,0.045986913777886516,0.5216085948314897,-0.4296347672757167,Condiciones neutrales
2014-08-11,576.14,554.7592193047666,0.0378165061977122,0.9348889432475637,4.25789451827243,4.971308235340824,-0.7134137170683942,-1.1983357048194365,-0.13172338078593643,0.03963543400083373,0.5451173855119065,-0.465846517510239,Condiciones neutrales
2014-08-12,574.3,554.5148243708227,0.035058366773852497,0.8667030024887731,4.28617647058824,4.991320503053608,-0.705144032465368,-1.1844449453760606,-0.15887097144364376,0.03246742295972437,0.5652942725613463,-0.5003594266418976,Condiciones neutrales
2014-08-13,576.23,551.7152363434609,0.043474849572389236,1.0747729037178118,4.24153632927341,4.9534363097762215,-0.7118999805028116,-1.1957930503528496,-0.0605100733175189,0.027265799676603475,0.5893421751875328,-0.534810575834326,Condiciones neutrales
2014-08-14,576.49,550.6828421876869,0.04579895409065779,1.1322287566123455,4.21058823529412,4.934295669186469,-0.723707433892349,-1.2156262728451463,-0.04169875811640045,0.022219604283683716,0.6120507186095804,-0.5676115100422129,Condiciones neutrales
2014-08-18,576.49,552.5692509856588,0.04237922681702062,1.0476872286263748,4.27642857142856,4.91286093728383,-0.6364323658552704,-1.069028544672574,-0.010670658023099633,0.01676617830562447,0.6307028344640211,-0.5971704778527721,Condiciones neutrales
2014-08-19,576.15,553.1765701445424,0.040690797884239314,1.0059463673087308,4.24319050668015,4.922455605114985,-0.6792650984348354,-1.1409755672165136,-0.06751459995389142,0.01111355921414107,0.6500199100942554,-0.6277927916659732,Condiciones neutrales
2014-08-20,578.54,553.3498876028018,0.04451717899275403,1.1005410760927532,4.26170731707317,4.95284107513461,-0.6911337580614397,-1.1609115990850252,-0.030185261496135984,0.010416748511368017,0.6786003412470282,-0.6577668442242922,Condiciones neutrales
2014-08-21,583.09,554.6486591080244,0.0500066817284329,1.236251006160907,4.28586666666667,4.906131285147795,-0.6202646184811258,-1.0418712466260034,0.09718987976745186,0.014269343946464178,0.7097222165087087,-0.6811835286157804,Condiciones neutrales
2014-08-22,582.76,551.7394481427234,0.05469951717668196,1.352265953446378,4.33599565892013,4.904780451248245,-0.5687847923281153,-0.9553995230228313,0.19843321521177332,0.020878259393693747,0.7432839950297483,-0.7015274762423608,Condiciones neutrales
2014-08-25,583.19,555.9101094641794,0.04790642621661853,1.1843290849309445,4.35,4.877254092776943,-0.5272540927769432,-0.885639552156548,0.14934476638719824,0.027922263324128987,0.7740853639929961,-0.7182408373447381,Condiciones neutrales
2014-08-26,583.13,556.5204796225626,0.04670617525794756,1.1546568210650756,4.30475761760681,4.869002719980717,-0.5642451023739075,-0.9477741123658956,0.10344135434959001,0.031295364969684054,0.8012361856626861,-0.738645455723318,Condiciones neutrales
2014-08-27,584.87,556.3930435881578,0.04991464288094579,1.233975647871194,4.25338235294118,4.88191322272738,-0.6285308697862,-1.0557562390881416,0.08910970439152621,0.033907760625212106,0.8287078502966042,-0.76089232904618,Condiciones neutrales
2014-08-28,588.67,558.2087759931935,0.053132712064025714,1.3135318417231039,4.22974202729087,4.879369535302307,-0.6496275080114371,-1.0911926965491026,0.11116957258700066,0.03756578799363379,0.8583265055901342,-0.7831949296028666,Condiciones neutrales
2014-08-29,593.28,558.3967251422031,0.060596776223155735,1.4980563194096024,4.23937267286428,4.869581145110167,-0.6302084722458867,-1.058574142469922,0.2197410884698402,0.04973573263242845,0.9050081059132277,-0.8055366406483707,Condiciones neutrales
2014-09-01,590.91,560.3197957998423,0.05315603688318183,1.3141084712884659,4.23428571428571,4.8648059734224365,-0.6305202591367265,-1.0590978573280037,0.1275053069802311,0.048106982369152215,0.9278230180679099,-0.8316090533296054,Condiciones neutrales
2014-09-02,589.03,560.4648407362143,0.04971060398800119,1.2289314562155957,4.26521739130435,4.911223746011515,-0.6460063547071658,-1.085110170809389,0.07191064270310332,0.04505015915640348,0.9465691994025821,-0.8564688810897751,Condiciones neutrales
2014-09-03,591.55,559.780342825927,0.05520174887235283,1.364681983017602,4.36936170212766,4.9222381743588475,-0.5528764722311881,-0.928677990313618,0.21800199635199202,0.04569324567593063,0.9701559704101298,-0.8787694790582686,Condiciones neutrales
2014-09-04,588.52,560.716544475994,0.048395401311834944,1.196417388584678,4.38242050874404,4.977306508187998,-0.5948859994439577,-0.9992422578588401,0.09858756536291896,0.0440358013976908,0.9860338374286554,-0.8979622346332737,Condiciones neutrales
2014-09-05,591.43,560.5532545591172,0.05361908262694095,1.32555575686781,4.56969655547771,4.972707841102425,-0.40301128562471494,-0.6769463516819102,0.3243047025929499,0.04917547449671248,1.0055646014016346,-0.9072136524082096,Condiciones neutrales
2014-09-08,586.41,563.3894388767616,0.040048093704124946,0.9900576168084463,4.59831324868772,4.974623737757793,-0.37631048907007253,-0.6320964741241447,0.17898057134215078,0.05181229127611859,1.0188034026296466,-0.9151788200774094,Condiciones neutrales
2014-09-09,585.29,567.0801546950853,0.03160679085405319,0.7813741213031514,4.57657292095512,5.036320288469693,-0.4597473675145739,-0.7722471162362584,0.004563502533446506,0.046360557180028794,1.0191810006623916,-0.9264598863023341,Condiciones neutrales
2014-09-10,592.34,567.1743845802521,0.043413981326384354,1.0732681361994343,4.58447631187593,5.065776749383811,-0.48130043750788104,-0.8084502515328233,0.13240894233330547,0.05030742573515201,1.0336760582103703,-0.9330612067400663,Condiciones neutrales
2014-09-11,590.82,569.7932368346015,0.036237849861543,0.8958618489370486,4.62650510204081,5.07193612133578,-0.4454310192949696,-0.7481996514570869,0.07383109873998084,0.05140490123332949,1.0423234287221024,-0.9395136262554433,Condiciones neutrales
2014-09-12,590.14,570.2548370540479,0.03427645341904978,0.8473727622449799,4.7342310543788,5.1206345349716855,-0.3864034805928848,-0.6490498797299783,0.09916144125750082,0.05580540529888466,1.05279246923481,-0.9411816586370407,Condiciones neutrales
2014-09-15,590.6,573.4535324642907,0.02946206049683119,0.7283527055559836,4.66963636363636,5.110994492009572,-0.4413581283732116,-0.7413583327431243,-0.006502813593570356,0.05427625207593246,1.0563801898877883,-0.9478276857359235,Condiciones neutrales
2014-09-16,594.71,571.7421140416683,0.03938585163304993,0.9736858561078543,4.61517533936652,5.092784681567101,-0.4776093422005821,-0.8022502427710017,0.08571780666842632,0.051481228905886675,1.060168478507,-0.9572060206952268,Condiciones neutrales
2014-09-17,593.76,570.6736112272978,0.039657760146039986,0.9804079012656025,4.624435005027655,5.121842042008136,-0.49740703698048067,-0.835504838190556,0.07245153153752326,0.05613458090339743,1.0728856915045804,-0.9606165296977855,Condiciones neutrales
2014-09-22,594.09,576.3392817874067,0.030334304870690207,0.7499160836392826,4.67073333333333,5.103274141478269,-0.43254080814493867,-0.7265476984679873,0.01168419258564768,0.05592893911991999,1.0706094319272847,-0.9587515536874447,Condiciones neutrales
2014-09-23,600.36,579.160730570448,0.03594943594456775,0.8887317618621301,4.66254477796307,5.090711094265149,-0.42816631630207874,-0.7191997744789707,0.08476599369157972,0.06284528770083699,1.0742570600903272,-0.9485664846886532,Condiciones neutrales
2014-09-24,600.3,577.3171735057061,0.03903772065882447,0.9650794608765287,4.64899133733418,5.102589945822568,-0.45359860848838784,-0.7619189191395054,0.10158027086851168,0.07154028766611506,1.081321275449205,-0.9382407001169749,Condiciones neutrales
2014-09-25,598.87,584.5733900313302,0.02416221278910992,0.5973313733118031,4.69841771315268,5.1103547457827005,-0.41193703263002035,-0.691939112646187,-0.04730386966719197,0.07435427137007321,1.0700693564513464,-0.9213608137111999,Condiciones neutrales
2014-09-26,598.91,584.5429224825824,0.024281123663769368,0.6002710542376349,4.72181598062954,5.134260535155406,-0.412444554525866,-0.6927916076210084,-0.04626027669168675,0.07810796119513845,1.0611882915096418,-0.90497236911936485,Condiciones neutrales
2014-09-29,599.66,590.8848071260684,0.01474174132514185,0.3644411489796637,4.7766690999343,5.0414466402647244,-0.26477754033042444,-0.44475228443329384,-0.040155567726815083,0.07878644471482857,1.0375105663517035,-0.8799376769220464,Condiciones neutrales
2014-09-30,601.66,591.4796682279982,0.01706519211832212,0.42188084066793036,4.81,5.090254781731582,-0.2802547817315832,-0.47074972538429266,-0.024434442358181152,0.07936192190676922,1.0138323024868896,-0.8551084586733513,Condiciones neutrales
2014-10-01,599.22,589.3084724813834,0.01667904054695452,0.4123345110148996,4.85749063670412,5.0583738734071275,-0.20088323670300748,-0.3374277074880382,0.037453401763430705,0.0809660572329869,0.9926538785665072,-0.8307217641005333,Condiciones neutrales
2014-10-02,597.26,587.5585465345973,0.016376634743906836,0.4048585204999355,4.82786742034943,5.082087541248668,-0.25422012089923746,-0.4270187697104013,-0.011080124605232916,0.0828472064112755,0.972617617006214,-0.8069232041836629,Condiciones neutrales
2014-10-03,596.08,584.2957376686281,0.019967631477000116,0.4936341234986633,4.84687002275313,5.072547121741966,-0.22567709898883564,-0.3790744683038742,0.057279827597394556,0.08576270938105987,0.9523873852530776,-0.780861966490958,Condiciones neutrales
2014-10-06,598.64,587.6910859090194,0.018458970025856294,0.45633742288850726,4.85643761666193,5.072143167616485,-0.21570555095455476,-0.36232505382540925,0.047006184531549006,0.0840899195398631,0.9263902658106643,-0.7582104267309381,Condiciones neutrales
2014-10-07,597.72,588.4024617533536,0.01571124434542718,0.3884089277419626,4.90149357776036,5.05228005304031,-0.15078647527994987,-0.25327914617951536,0.06756489078122363,0.07972764205884478,0.8942616982871838,-0.7348064141694942,Condiciones neutrales
2014-10-08,596.95,584.355941659484,0.021323071483290528,0.5271429269955071,4.89643996258903,5.000779444587477,-0.10433948199844695,-0.17526117554187276,0.1759408757268172,0.08061417903683207,0.8723554930226692,-0.7111271349490051,Condiciones neutrales
2014-10-09,594.71,587.4391953843077,0.012301148328208401,0.30410550094619854,4.78826402328557,5.050352949811263,-0.26208892652569266,-0.4402361644855025,-0.06806533176965199,0.07489728949952401,0.84400378235204,-0.694209203352992,Condiciones neutrales
2014-10-10,592.13,593.547642900831,-0.002391279931524913,-0.0591165444132878,4.73644903629102,5.09550504049606,-0.35905600420503964,-0.6031137607457121,-0.33111515257949997,0.060889794267156475,0.8009007092758906,-0.6791211207415777,Condiciones neutrales
2014-10-13,594.3,596.4452543460828,-0.0036032168245380912,-0.08907770463438645,4.712,5.138026015403215,-0.42602601540321516,-0.7156046670051407,-0.4023411858197636,0.043772768986931,0.754147057730641,-0.666601519756779,Condiciones neutrales
2014-10-14,590.01,594.0048691137793,-0.006748030581620507,-0.16682289861655938,4.57613708539167,5.07998712732207,-0.5038500419304006,-0.8463272862218956,-0.5065750924192275,0.019562229623962073,0.6986510837964356,-0.6595266245485114,Condiciones neutrales
2014-10-15,588.4,599.4327312893257,-0.01857677142001697,-0.45924967555204427,4.47308479532164,5.040260947866752,-0.5671761525451127,-0.9526974576685422,-0.7059735666102932,-0.008220399495722069,0.6395391455684185,-0.6559799445598626,Condiciones neutrales
2014-10-16,588.22,597.3938949538382,-0.015475658786997956,-0.38258484836739526,4.57464285714286,5.063427730947498,-0.4887848738046386,-0.8210220132333224,-0.6018034308003588,-0.030677535279170807,0.5858219354156522,-0.6471770059739937,Condiciones neutrales
2014-10-17,591.16,592.5389753558586,-0.00232994369074942,-0.05760020726089249,4.61899193548387,5.062552463914501,-0.44356052843063043,-0.7450577494517723,-0.4013289783563324,-0.05132190110278162,0.5384125290730357,-0.641056331278599,Condiciones neutrales
2014-10-20,587.61,588.2052129955306,-0.001012426170019177,-0.025028912699044156,4.5810843373494,5.041148330289487,-0.46006399294008776,-0.7727789584806241,-0.3989039355898341,-0.06790495113454005,0.49769765236357827,-0.6335075546326584,Condiciones neutrales
2014-10-21,587.12,585.1757233551746,0.0033170443068151647,0.08200302879622941,4.53576166322947,5.007893692147935,-0.47213202891846473,-0.7930498869109899,-0.3555234290573802,-0.09056588885621773,0.45624589476119226,-0.6373776724736278,Condiciones neutrales
2014-10-22,583.92,590.1546027329999,-0.010620553960797955,-0.2625583235321406,4.52011609930481,5.035047876586329,-0.5149317772815194,-0.86494150518754,-0.5637499143598403,-0.11532357171295077,0.4144920300831727,-0.6451391735090742,Condiciones neutrales
2014-10-23,584.14,590.0958652531136,-0.010144327054675934,-0.25078517699441505,4.46077811281236,5.0360298692072565,-0.5752517563948965,-0.9662622156759152,-0.6085236963351651,-0.13575981167523782,0.3800867201399205,-0.6516063434903961,Condiciones neutrales
2014-10-24,584.4,590.5561569699104,-0.01047905195019648,-0.2590601509493275,4.42916119402985,5.03023406233206,-0.6010728683022097,-1.0096344688249326,-0.6343473098871301,-0.161318353415919,0.3356757772349618,-0.6583124840667998,Condiciones neutrales
2014-10-27,584.2,590.9371959362186,-0.011466354354265115,-0.2834679610304541,4.43142857142857,5.026273215044284,-0.5948446436157151,-0.9991727916229103,-0.6413203763266822,-0.1851567359181411,0.29636478356937834,-0.6666782554056605,Condiciones neutrales
2014-10-28,585.1,585.268138178913,-2.8732528609585215e-4,-0.007103174251002073,4.41290879120879,5.016101197217281,-0.6031924060084907,-1.0131946999368107,-0.5101489370939064,-0.20546708186318802,0.26788225235284563,-0.6788164160792216,Condiciones neutrales
2014-10-29,581.62,585.1555238016015,-0.006060351028092936,-0.149822279687642,4.44958289666736,5.043476001256524,-0.5938931045891631,-0.9975744719343962,-0.5736983758110191,-0.22437360060376962,0.23860975284472474,-0.687356954052264,Condiciones neutrales
2014-10-30,576.65,584.0524639565873,-0.012755317663410369,-0.31533334647012196,4.44686895810956,5.0254376010480755,-0.5785686429385154,-0.9718336582750104,-0.6435835023725662,-0.2486836442384694,0.19564244609212555,-0.6930097345690643,Condiciones neutrales
2014-11-03,576.5,589.5150264742024,-0.022324870145651637,-0.5519091094636868,4.51973333333333,5.010922506868138,-0.4911891735348077,-0.8250605649780082,-0.6884848372208474,-0.2740481898637484,0.14456521240114922,-0.6926615921286461,Condiciones neutrales
2014-11-04,580.62,591.6964394950484,-0.01889723412779899,-0.46717206374576664,4.47021741501235,5.024535899617015,-0.554318484604665,-0.9311001681784196,-0.6991361159620931,-0.2977422001486731,0.10399560748831425,-0.6994800077856604,Condiciones neutrales
2014-11-05,585.97,591.0900981570904,-0.008699862409852472,-0.21507553162693344,4.44200926711522,5.042475926401003,-0.6004666592857821,-1.0086162070623836,-0.6118458693446586,-0.3209625955832144,0.0672020310386788,-0.7091272222051076,Condiciones neutrales
2014-11-06,588.48,589.5770029159565,-0.00186239414616126,-0.046041579994517766,4.44252816981562,5.068367254913904,-0.6258390850982838,-1.051234792942599,-0.5486381864685583,-0.3426365441611167,0.03349799634297726,-0.7187710846652107,Condiciones neutrales
2014-11-07,590.44,590.1749089866778,4.4907279377809416e-4,0.01110185027198091,4.51652771108839,4.994602096019222,-0.47807438493083215,-0.8030313846170196,-0.3959647671725193,-0.35425857407796096,0.013957012241649852,-0.7224741603975717,Condiciones neutrales
2014-11-10,589.72,582.9355012400517,0.011571300272708245,0.2860624042685073,4.5075169245648,5.031832348431676,-0.5243154238668768,-0.8807034095014189,-0.2973205026164558,-0.3626272482754533,0.003483390576012265,-0.7287378871269188,Condiciones neutrales
2014-11-11,586.33,586.471894423156,-2.4197509319036836e-4,-0.005982039641162156,4.51808219178082,5.0250342601467635,-0.5069520683659432,-0.8515378238749697,-0.4287599317580659,-0.375580727076495,-0.008864049044681929,-0.742297405108308,Condiciones neutrales
2014-11-12,590.58,585.4261482066895,0.008765064361436124,0.21668743578579558,4.50473621616479,5.01629262009895,-0.51155640393416,-0.8592718211003627,-0.3212921926572836,-0.3854759854197984,-0.015703829207419754,-0.755248141632177,Condiciones neutrales
2014-11-13,592.48,587.5816868054906,0.008301839441295984,0.2052357206587659,4.5,4.991363347785135,-0.49136334778513485,-0.8253531290513273,-0.3100587041962807,-0.3970597222851221,-0.022607122219290877,-0.7715123223509532,Condiciones neutrales
2014-11-14,594.14,588.6048031479302,0.009359985769576893,0.2313949141462826,4.48430348258707,4.972694121005272,-0.4883906384182028,-0.8203598079401433,-0.29448244689693037,-0.406506466361512,-0.028389242431079306,-0.7846236902919447,Condiciones neutrales
2014-11-17,595.84,589.2212083338807,0.011170495572406637,0.2761538241169042,4.46543531830619,5.0080859330587355,-0.5426506147525463,-0.9115014070269856,-0.3176737914550407,-0.41900492032992653,-0.03563858574380461,-0.8023712549160484,Condiciones neutrales
2014-11-18,595.22,589.4061137368986,0.00981564204052824,0.24265951927417784,4.43284972005429,4.980229582607689,-0.5473798625533991,-0.9194452219006172,-0.33839285131321967,-0.43185155485808546,-0.042761182530948925,-0.820941927185222,Condiciones neutrales
2014-11-19,596.21,589.8651389338386,0.010699021304734827,0.2644981709593213,4.38485398278304,5.034351581451233,-0.6494975986681925,-1.0909744851513188,-0.41323815709599876,-0.44787832312065956,-0.0468915410903703,-0.8488651051509488,Condiciones neutrales
2014-11-20,599.53,590.7204352104893,0.014803146296963787,0.3659591852815003,4.38028592068742,4.9902441593162665,-0.6099582386288462,-1.0245594082509724,-0.32930011148473604,-0.46471968936104463,-0.05226433248083719,-0.8771750462412521,Condiciones neutrales
2014-11-21,600.37,587.0007105506511,0.022520101516581938,0.5567355640574445,4.3812586052507,4.968074807154141,-0.5868162019034416,-0.985687252828656,-0.21447584438560574,-0.46960003978157644,-0.043843330377128995,-0.8953567491860239,Condiciones neutrales
2014-11-24,595.32,585.6029839237113,0.016457017968697283,0.4068457317903248,4.39,4.9128905237755855,-0.5228905237755861,-0.8783099754892293,-0.23573212184945225,-0.4664206054239082,-0.028311254503675245,-0.9045299563441411,Condiciones neutrales
2014-11-25,594.36,581.797168641561,0.021363316888283433,0.5281378624860487,4.37867667597765,4.88843985783346,-0.5097631818558102,-0.8562597090653048,-0.16406092328962807,-0.458477930006237,-0.007737402266327407,-0.9092184577461466,Condiciones neutrales
2014-11-26,597.89,580.8560420184901,0.028903840607817498,0.7145525517445415,4.35956607495069,4.862871617834544,-0.5033055428838537,-0.845412679965937,-0.0654300641106978,-0.443773095729286,0.021641779412375956,-0.9091879708709479,Condiciones neutrales
2014-11-27,600.25,581.5100114961559,0.031718046616461985,0.7841245547145502,4.37450261195718,4.861470716799441,-0.48696810484226144,-0.8179703490124961,-0.016922897148972937,-0.42080474008057533,0.06308758708792911,-0.9046970672490797,Condiciones neutrales
2014-11-28,598.94,583.1848725636725,0.026657184472293306,0.6590113558075161,4.37909090909091,4.799422282327556,-0.4203313732366457,-0.7060392593446145,-0.0235139517685492,-0.40152842411284834,0.09780746056042615,-0.9008643087861228,Condiciones neutrales
2014-12-01,605.46,585.9422058268857,0.03276733986002814,0.8100648847520648,4.36250969433071,4.856203505919288,-0.49369381158857767,-0.8292676570701193,-0.009601386159027225,-0.3884708377062715,0.1267296302941914,-0.9036713057067344,Condiciones neutrales
2014-12-02,610.79,582.0664260378263,0.04816862593501864,1.1908111120217948,4.37769230769231,4.89956023337973,-0.5218679256874196,-0.8765922964323063,0.15710940779474425,-0.36993705959345224,0.16725763111821937,-0.9071317503051238,Condiciones neutrales
2014-12-03,614.77,580.4134308632116,0.05750755267342539,1.421685410770834,4.39285152409046,4.903995307908942,-0.5111437838184818,-0.8585787345990605,0.2815533380858868,-0.34870116735534334,0.21191371051737284,-0.9093160452280595,Condiciones neutrales
2014-12-04,612.44,577.1364220088227,0.05937230658388676,1.4677853281892619,4.405,4.848816115018292,-0.4438161150182919,-0.7454870635038292,0.36114913234271634,-0.3178711991319248,0.2695918322414196,-0.9053342305052692,Condiciones neutrales
2014-12-05,611.68,575.1284534225514,0.0616158568435923,1.523249741544978,4.43446153846154,4.904370821305223,-0.4699092828436829,-0.7893162945781935,0.3669667234833922,-0.28535485180463954,0.328726329526066,-0.899436033135345,Condiciones neutrales
2014-12-09,611.4,586.0829032149977,0.042290156822955616,1.0454852654891367,4.40114793087047,4.756545631924164,-0.3553977010536929,-0.5969688336432073,0.2242582159229647,-0.2567346676109697,0.3722111767406815,-0.8856805119626209,Condiciones neutrales
2014-12-10,613.77,589.6222696795203,0.04013815414715131,0.9922840655440626,4.37721684298607,4.792077723585252,-0.41486088059918164,-0.6968503602618168,0.1477168526411229,-0.2304334266453762,0.4147362442931654,-0.8756030975839177,Condiciones neutrales
2014-12-11,615.49,594.8574771605665,0.03409685587001568,0.8429328025631281,4.3612137053503,4.74610044121932,-0.38488673586902006,-0.6465021723980076,0.09821531508256026,-0.210154618239494,0.4430707768536364,-0.8633800133326244,Condiciones neutrales
2014-12-12,615.9,596.9956752545038,0.031174743456443624,0.770693168047652,4.33068891496111,4.724471492568657,-0.3937825776075476,-0.6614447008701347,0.05462423358875862,-0.18921053125950138,0.47375462511147953,-0.8521756876304823,Condiciones neutrales
2014-12-15,617.45,592.8165153762216,0.040713160023642156,1.006499197778203,4.31916286215979,4.76966656195705,-0.4505036997972596,-0.7567203373082293,0.12488943023498683,-0.16359476683924962,0.517815709919757,-0.8450052435982562,Condiciones neutrales
2014-12-16,618.49,593.9040361659681,0.04056327251805234,1.0027937213660179,4.3211394692762,4.759503113355182,-0.4383636440789821,-0.7363284358383636,0.13323264276382712,-0.1362041841730938,0.5696391376140805,-0.8420475059602681,Condiciones neutrales
2014-12-17,621.41,589.1600594891615,0.05329319492919579,1.3174992536104895,4.33516130652005,4.756742501119489,-0.4215811945994396,-0.7081386100128866,0.30468032179880145,-0.10274363624773065,0.6291281815259557,-0.834615454021417,Condiciones neutrales
2014-12-18,619.19,586.2372208300867,0.054687650909034886,1.3519725989423192,4.36488805970149,4.712885875289225,-0.3479978155877353,-0.5845390937135204,0.3837167526143994,-0.06955821551576205,0.6813631192115974,-0.8204795502431216,Condiciones neutrales
2014-12-19,614.16,586.5881863833199,0.04593246331423878,1.1355293337808146,4.3405809609687,4.660740103265723,-0.3201591422970227,-0.5377779011811571,0.29887571629982873,-0.04130775209014915,0.7207488163374419,-0.8033643205177402,Condiciones neutrales
2014-12-22,612.55,584.3011908424618,0.04721398411501308,1.167210727638879,4.35490855803048,4.655822251615673,-0.3009136935851936,-0.5054509248490704,0.3308799013949043,-0.01707959647123503,0.7592857789163385,-0.7934449718588086,Condiciones neutrales
2014-12-23,610.26,585.1520720603249,0.04201333017556092,1.038641635607187,4.36,4.733417878345993,-0.37341787834599244,-0.6272376963520369,0.2057019696275751,-3.1218072976733256e-4,0.7843717532942944,-0.7849961147538291,Condiciones neutrales
2014-12-24,608.47,587.2591507777953,0.035481403810575754,0.8771612041573533,4.36900406504065,4.754036486683968,-0.38503242164331863,-0.6467468837917605,0.11520716018279642,0.017820055668261413,0.8138098614209116,-0.7781697500843888,Condiciones neutrales
2014-12-26,609.17,583.2833842330448,0.04342422734289658,1.073521435314364,4.36666666666667,4.721787340404869,-0.355120673738199,-0.5965035051592937,0.23850896507753516,0.03648009425942204,0.8423709947385306,-0.7694108062196865,Condiciones neutrales
2014-12-29,608.15,585.4147247023716,0.03810103489038378,0.9419229809089127,4.35635869565218,4.678791675041653,-0.32243297938947335,-0.5415973121479429,0.20016283438048488,0.053487478878647556,0.8669272367468689,-0.7599522789895737,Condiciones neutrales
2014-12-30,607.38,587.5335022234178,0.03322135538513108,0.8212889278263337,4.33333333333333,4.732480688840106,-0.3991473555067748,-0.6704560287311799,0.07541644954757687,0.06581744209346446,0.8865903705362038,-0.7549554863492749,Condiciones neutrales
2015-01-02,606.75,591.0271570340258,0.02625487726812705,0.6490656311814103,4.343571428571425,4.700583209559551,-0.35701178098812597,-0.5996800369318291,0.024692797124790555,0.07722966171279218,0.8990207641050207,-0.7445614406794364,Condiciones neutrales
2015-01-05,612.47,592.4744171630654,0.033192267334262615,0.8205698212807587,4.35380952380952,4.659673950371534,-0.30586442656201357,-0.5137667729316236,0.15340152417456754,0.09362280756238509,0.9182844408385734,-0.7310388257138033,Condiciones neutrales
2015-01-06,616.76,592.3623802322364,0.04036139292287247,0.9978029112574844,4.0196217071448,4.64381260102621,-0.6241908938814092,-1.0484662922307444,-0.025331690486629976,0.10655302311603071,0.9427279321818456,-0.7296218859497842,Condiciones neutrales
2015-01-07,616.09,592.6304813212596,0.03882198635417209,0.9597461385689562,4.28828947368421,4.636764466298021,-0.34847499261381126,-0.5853406177859984,0.18720276039147887,0.12376978551190454,0.9625208306247608,-0.7149812596009517,Condiciones neutrales
2015-01-08,614.76,591.8828640023504,0.03792319729383389,0.9375265302733361,4.26339805825243,4.625419054859939,-0.3620209966075088,-0.6080941195128489,0.16471620538024362,0.13640952050409952,0.9752138628319571,-0.7023948218237581,Condiciones neutrales
2015-01-09,613.08,591.4161047884974,0.03597559444885148,0.8893784449877181,4.26941176470588,4.611570434755008,-0.3421586700491283,-0.5747309607646567,0.15732374211153072,0.14951138263613228,0.9912982866052036,-0.692275521332939,Condiciones neutrales
2015-01-12,614.03,595.257245047105,0.03105013015977919,0.76761251346195,4.25379180151025,4.619545598125238,-0.36575379661498786,-0.6143641805179747,0.07662416647198766,0.15753421896151948,0.9992807749710669,-0.684212337048028,Condiciones neutrales
2015-01-13,616.52,597.6275034699703,0.03112310730949215,0.7694166338642864,4.23098627016008,4.623101331416561,-0.3921150612564816,-0.6586437393326079,0.055386447265839245,0.16156143600740405,1.0011095777083918,-0.6779867056935837,Condiciones neutrales
2015-01-14,617.53,601.0685033934801,0.02701873992637449,0.6679496272232875,4.19826008462623,4.606324158835442,-0.4080640742092122,-0.6854336246692989,-0.008741998723005684,0.16183413262160296,0.9972370801253497,-0.6735688148821438,Condiciones neutrales
2015-01-15,625.38,595.6239656848419,0.048749927093054556,1.2051818744212484,4.19960784313725,4.548296746631272,-0.3486889034940219,-0.5856999282944354,0.3097409730634065,0.17294263011600147,1.0154427640791408,-0.6695575038471379,Condiciones neutrales
2015-01-16,623.67,603.1110468746901,0.033520045217033285,0.828673053156313,4.19862348178138,4.577334171159775,-0.3787106893783951,-0.6361281399855762,0.09627245658536843,0.17647175820748132,1.0160630363592824,-0.6631195199443197,Condiciones neutrales
2015-01-19,627.01,607.2960775379992,0.03194604544032864,0.7897610769885006,4.18053495548361,4.539707260273747,-0.3591723047901373,-0.6033091132323262,0.09322598187808723,0.1743423106769261,1.0026947018581727,-0.6540100805043204,Condiciones neutrales
2015-01-20,629.09,605.4080963186376,0.03837156072453119,0.9486108438723754,4.1,4.52277917356793,-0.42277917356793043,-0.7101508799443711,0.11922998196400214,0.16893153213952994,0.986925549628224,-0.6490624853491641,Condiciones neutrales
2015-01-21,627.23,599.9703290778828,0.04443309706843843,1.0984624266014793,4.14609885260371,4.581478616748566,-0.43537976414485646,-0.7313163512955397,0.18357303765296978,0.16301232898320506,0.9746147862419645,-0.6485901282755544,Condiciones neutrales
2015-01-22,628.44,595.97577869983445,0.0530405316052428,1.3112529825590902,4.14313912996893,4.544959664030774,-0.40182053406184337,-0.6749462217724067,0.31815338039334173,0.16138521754687005,0.9675482276091016,-0.6447777925153615,Condiciones neutrales
2015-01-23,625.95,600.6578548712669,0.04124501633874194,1.0196475987908078,4.13416985645933,4.460567307315209,-0.3263974508558789,-0.5482565164711424,0.2356955411598327,0.1617664617214323,0.9666869720524907,-0.643154048609626,Condiciones neutrales
2015-01-26,626.38,597.693767168137,0.04687868793803661,1.1589216306258017,4.13617391304348,4.415529756601003,-0.2793558435575235,-0.4692397604303981,0.34484093509770175,0.16833726446998493,0.9722415575552152,-0.6355670286152454,Condiciones neutrales
2015-01-27,625.67,601.7254980739455,0.039021717503746056,0.9646838354144178,4.15404271548436,4.482636788358995,-0.3285940728746347,-0.551946227689318,0.2063688038625499,0.17194238076265125,0.9762999253169249,-0.6324151637916224,Condiciones neutrales
2015-01-28,623.37,607.2028933222103,0.026277251886427228,0.649618770150644,4.11142857142857,4.424201732646174,-0.3127731612176033,-0.5253715167357337,0.06212362670745514,0.17219236053327447,0.9722641120536913,-0.6278793909871424,Condiciones neutrales
2015-01-29,622.44,611.2898119649655,0.018076067434203875,0.44687141359073823,4.15575757575758,4.433886100254853,-0.27812852449727266,-0.4671782073428745,-0.010153396876068144,0.16769093296290596,0.9536098525807758,-0.6182279866549639,Condiciones neutrales
2015-01-30,626.48,619.3310781157658,0.011476861106771631,0.28372770598670244,4.14516129032257,4.378038100930008,-0.23287681060743723,-0.3911679721019607,-0.05372013305762913,0.16145917376885743,0.9296409854014653,-0.6067226378637505,Condiciones neutrales
2015-02-02,632.03,621.6847748267768,0.016503689981434495,0.40799954405523914,4.13862349914237,4.3550370865545185,-0.21641358741214808,-0.3635143572368078,0.022242593409215666,0.1520445828225379,0.8993243284162903,-0.5952351627712145,Condiciones neutrales
2015-02-03,632.19,613.96918613391006,0.029245240439078637,0.7229925415681369,4.11977777777778,4.419761091315952,-0.2999833135381724,-0.5038881463339915,0.10955219761707269,0.14290576432262703,0.8783583265038175,-0.5925467978585636,Condiciones neutrales
2015-02-04,626.97,612.520239386711,0.023316706828653746,0.5764290147029,4.14464285714286,4.411622051215431,-0.2669791940725717,-0.44845044754081853,0.06398928358104072,0.13507621656533408,0.8597216492012204,-0.5895692160705522,Condiciones neutrales
2015-02-05,627.09,610.8801129398149,0.02618934558391013,0.6474455754658853,4.18089176967139,4.440555249086665,-0.25966347941527534,-0.43616209105093534,0.10564174220747499,0.1275682779257531,0.8423961441287873,-0.5872595882772811,Condiciones neutrales
2015-02-06,624.8,611.9350361309758,0.02080547176025696,0.5143469734094681,4.25755337977994,4.548056627632677,-0.29050324785273757,-0.4879642848731092,0.013191344268179445,0.12115125708043992,0.8249196553888634,-0.5826171412279835,Condiciones neutrales
2015-02-09,623.21,618.351393538143,0.007826646815610417,0.19348814330871736,4.27020297029703,4.585557722902251,-0.31535475260522056,-0.5297078689266456,-0.16810986280896412,0.11170735631404789,0.8021305533605755,-0.5787158407324796,Condiciones neutrales
2015-02-10,626.04,615.010439178439,0.017775024885960115,0.43942912507448206,4.26803827751196,4.582313806117703,-0.31427552860574304,-0.527895074160957,-0.04423297454323749,0.10228262499335547,0.7809941430192461,-0.5764288930325351,Condiciones neutrales
2015-02-11,626.44,615.0814161616931,0.018298356550951207,0.45236678210428743,4.24885361552028,4.5930439527351306,-0.34419033721485115,-0.5781435939209121,-0.06288840590831232,0.09351425031706223,0.7646756030590919,-0.5776471024249674,Condiciones neutrales
2015-02-12,628.22,614.9089629329321,0.02141619449434829,0.5294450876695963,4.23071428571429,4.5428040203365425,-0.3120897346222519,-0.52422355101649,0.002610768326553159,0.09108739427636145,0.7549474750538673,-0.5727726865011444,Condiciones neutrales
2015-02-13,626.92,611.7779617305057,0.02444953173404452,0.604434390798415,4.23,4.579820621165104,-0.349820621165104,-0.5876008977608002,0.008416746518807416,0.090544859256162,0.7534597670411008,-0.5723700485287768,Condiciones neutrales
2015-02-16,620.18,611.1499221546329,0.01466745763629548,0.3626047286873439,4.20538461538461,4.552167061952544,-0.346782446567934,-0.5824976133549087,-0.1099464423337824,0.08176659370588367,0.7381942639546536,-0.5746610765428862,Condiciones neutrales
2015-02-17,619.72,611.1368795016457,0.013946803675489429,0.34478892581167003,4.185,4.600563230153414,-0.41556323015341456,-0.6980301112645869,-0.17662059272645844,0.0767236302978894,0.7164271311064598,-0.562979870510681,Condiciones neutrales
2015-02-18,619.72,611.5358840109867,0.013294127774933856,0.32865365726614626,4.19,4.562223265340202,-0.37222326534020167,-0.6252310802973816,-0.14828871151561768,0.06554058123431951,0.6953907150630328,-0.5643095525943937,Condiciones neutrales
2015-02-19,620.4,613.0696860594845,0.011885821469244757,0.2938379081059498,4.19888888888889,4.5790441327792095,-0.38015524389031957,-0.6385545879326531,-0.17235833991335164,0.054304763057866336,0.6739344276574533,-0.5653249015417207,Condiciones neutrales
2015-02-20,620.33,609.874421104481,0.016998525572578756,0.42023272922754173,4.1975,4.573472266076246,-0.37597226607624656,-0.6315283539997405,-0.10564781238609938,0.045539044574612,0.658296237132114,-0.56721814798289,Condiciones neutrales
2015-02-23,616.86,613.1168090298075,0.0060866229328304065,0.15047176626709263,4.2,4.527337991124667,-0.32733799112466644,-0.549836361319851,-0.1996822975263792,0.03632882910799977,0.6377248788922855,-0.5650672206762859,Condiciones neutrales
2015-02-24,621.18,610.7448061416674,0.016941688970425067,0.41882763086527,4.2,4.479400853278528,-0.27940085327852743,-0.4693153641852076,-0.025243866659968806,0.033641151977139495,0.6260385787923183,-0.5587562748380392,Condiciones neutrales
2015-02-25,622.88,609.7428382788861,0.021316592175173402,0.5269827473774609,4.204,4.453293437434,-0.24929343743399993,-0.41874331808746645,0.05411971464499721,0.035736542422739596,0.6213396827974574,-0.5498665979519782,Condiciones neutrales
2015-02-26,619.5,605.0436837570106,0.023612041087936603,0.5837301845180655,4.1975,4.489006927518506,-0.29150692751850693,-0.48965018626653223,0.04703999912576662,0.026979843291484933,0.6006246264673513,-0.5466649398843815,Condiciones neutrales
2015-02-27,617.67,605.2229702103389,0.020357398320030726,0.503269828872627,4.19666666666667,4.454663467375394,-0.25799680070872477,-0.4333625365221424,0.03495364617524227,0.02493588294448073,0.5897778523245617,-0.5399060864356003,Condiciones neutrales
2015-03-02,618.76,604.0596785519888,0.024044476764946098,0.5944207367067922,4.21833333333333,4.487667304151022,-0.26933397081769167,-0.45240581450818124,0.07100746109930547,0.024195265585188003,0.5832665076485049,-0.5348759764781288,Condiciones neutrales
2015-03-03,617.38,610.2920052561203,0.011547177863807342,0.28546605691563326,4.26,4.5400153923940785,-0.2800153923940788,-0.47034761818671394,-0.09244078063554034,0.017139573498536585,0.5611616814166134,-0.5268825344195402,Condiciones neutrales
2015-03-04,617.6,611.8831510088903,0.009299664151676509,0.2299036602129067,4.28,4.554539827683813,-0.27453982768381335,-0.46115019943883284,-0.11562326961296307,0.0071663632563388245,0.5322097225369943,-0.5178769960243167,Condiciones neutrales
2015-03-05,619.78,614.2542233948682,0.008955689287936304,0.22140001116652125,4.26000530785563,4.550313730308696,-0.290308422453066,-0.4876370326391719,-0.13311851073632533,-0.007876033114650077,0.495881290157242,-0.5116333563865422,Condiciones neutrales
2015-03-06,619.61,617.4714747883922,0.00345737509682057,0.08547224679556924,4.36516927083333,4.685277766005346,-0.3201084951720164,-0.5376928281628096,-0.22611029068362018,-0.023269560842765175,0.4647421117574007,-0.5112812334429311,Condiciones neutrales
2015-03-09,624.68,621.4661575814321,0.005158061956906338,0.12751614511626574,4.32799363057325,4.6471760413920915,-0.31918241081884186,-0.5361372652131037,-0.20431056004841897,-0.041574610680969196,0.43036192890708286,-0.5135111502690213,Condiciones neutrales
2015-03-10,628.47,627.3803727017327,0.00173528247532767,0.04289916131102697,4.3,4.658317691024989,-0.3583176910249889,-0.6018736009004133,-0.27948721979469315,-0.057769811469543964,0.3996357731036365,-0.5151753960427244,Condiciones neutrales
2015-03-11,633.03,628.1517576509551,0.007736024800654149,0.19124781155108514,4.34027450980392,4.652118239950729,-0.3118437301468094,-0.5238103322355566,-0.16628126034223573,-0.06538330770453366,0.38435674115031787,-0.5151233565593852,Condiciones neutrales
2015-03-12,637.59,622.0938108809725,0.024604540819880522,0.6082664814652085,4.29286463012878,4.636742875542804,-0.34387824541402423,-0.577619366899249,0.015323557282979738,-0.06453407589923206,0.38973657674613355,-0.5188047285445977,Condiciones neutrales
2015-03-13,633.54,624.4088696691358,0.014517745398571463,0.3589035851976394,4.29548992030005,4.6589548769146925,-0.36346495661464223,-0.6105195688579915,-0.12580799183017607,-0.06693700452498363,0.3922424393864981,-0.5261164484364653,Condiciones neutrales
2015-03-16,639.02,621.4943573332426,0.027808920992548843,0.6874842594832784,4.34214285714285,4.594479977433197,-0.25233712029034683,-0.4238558548296743,0.13181420232680205,-0.06328461756106409,0.40155859656743276,-0.5281278316895609,Condiciones neutrales
2015-03-17,639.37,619.0383399430509,0.032316107253315754,0.7989096401971433,4.35674876293297,4.6039774565907905,-0.24722869365782055,-0.4152751254678083,0.19181725736466748,-0.06054244890281092,0.404089166521733,-0.5251740643273548,Condiciones neutrales
2015-03-18,640.84,614.9000569344994,0.0413200702276162,1.0215030597498247,4.38720430107527,4.543900022143474,-0.15669572106820456,-0.2632050279605922,0.37914901589461625,-0.050037124492358406,0.41892496802329715,-0.518999217008014,Condiciones neutrales
2015-03-19,642.18,613.3251155029292,0.045973475015708955,1.1365432134355817,4.36238665526091,4.651602042883062,-0.2892153876221516,-0.4858010395356493,0.3253710869499662,-0.04271281300094203,0.435228222622287,-0.5206538486241711,Condiciones neutrales
2015-03-20,638.82,610.0567954457562,0.04607066443330233,1.1389459026590036,4.37523072747014,4.582883828643377,-0.20765310117323632,-0.3487991881834199,0.3950733572377919,-0.02998341256862162,0.45604818693060484,-0.5160150120678481,Condiciones neutrales
2015-03-23,635.62,603.5201994149146,0.05182139007381989,1.2811137113101208,4.35642857142857,4.547669020945398,-0.19124044951682778,-0.3212305193730433,0.4799415959685387,-0.008381697276038191,0.4923023725306516,-0.509065767082728,Condiciones neutrales
2015-03-24,627,598.9930143632805,0.04569660475028196,1.1296985052410058,4.35583333333333,4.54131309943758,-0.18547976610424943,-0.311554180872263,0.40907216218437137,0.006728473948215437,0.5153113518695358,-0.5018544039731049,Condiciones neutrales
2015-03-25,623.65,600.9451802642154,0.0370855973994151,0.916819623187223,4.36551327135778,4.626278360793368,-0.26076508943558796,-0.43801248807659404,0.23940356755531447,0.016804873063669665,0.5307931132389669,-0.49718336711162764,Condiciones neutrales
2015-03-26,619.79,603.2562574646819,0.02703863361414927,0.6684414333315468,4.39846153846154,4.680168057662315,-0.28170651920077433,-0.47318823869253784,0.09762659731950449,0.01997206736343471,0.5354263247610319,-0.49548219003416255,Condiciones neutrales
2015-03-27,620.68,603.1476336529312,0.02865365252596741,0.7083674729265487,4.4,4.647569669986908,-0.2475696699869074,-0.4158478704261224,0.14625980125021312,0.024566835854481564,0.5388907608319697,-0.48975708912300664,Condiciones neutrales
2015-03-30,622.79,602.5280610615961,0.03307514465563903,0.8176743476302777,4.45,4.634384832188801,-0.18438483218880075,-0.3097149978373591,0.2539796748964593,0.03669770642882295,0.5540597481300675,-0.48066433527242164,Condiciones neutrales
2015-03-31,626.87,607.4261020567594,0.031508657501900066,0.7789480963971984,4.44,4.663458487860232,-0.22345848786023115,-0.37534782152528184,0.2018001374359583,0.04931173076757018,0.5685317204829184,-0.46990825894777816,Condiciones neutrales
2015-04-01,626.58,604.2198774862434,0.03633829245631939,0.898344962284342,4.46693811074918,4.63229844749895,-0.16536033674977044,-0.2777591612654938,0.3102929005094241,0.06459778450173824,0.5875214306501917,-0.4583258616467152,Condiciones neutrales
2015-04-02,618.22,600.5155937401886,0.029055772054429375,0.718308557887109,4.50179158448389,4.670222249156917,-0.1684306646730275,-0.2829164542750286,0.2176960518060402,0.0775995975590513,0.6016704523095636,-0.4464712571914611,Condiciones neutrales
2015-04-06,614.77,600.7761118693572,0.0230258749948897,0.5692391525747358,4.52,4.639407504577759,-0.11940750457776009,-0.2005712432148291,0.18433395467995334,0.08726565646125306,0.6066373330878034,-0.43210602016529737,Condiciones neutrales
2015-04-07,610.74,599.7261931325362,0.018198130412230968,0.44988901992223757,4.495677966101695,4.632488973723617,-0.13681100762192117,-0.22980426549599817,0.1100423772131197,0.09758981228590302,0.6166179082096416,-0.4214382836378356,Condiciones neutrales
2015-04-08,611.01,594.3165722861299,0.027701198277880864,0.6848211690763227,4.47135593220339,4.617127066240852,-0.14577113403746159,-0.24485477426328123,0.21998319740652075,0.10576404775478601,0.6254843594833434,-0.4139562639737714,Condiciones neutrales
2015-04-09,611.05,593.3149370464106,0.02945343972461288,0.7281395852696458,4.49482122334312,4.643444698122174,-0.1486234747790537,-0.24964590971692333,0.23924683777636124,0.1119349518591648,0.6321895874130828,-0.40831968369475324,Condiciones neutrales
2015-04-10,613.91,596.8792798187249,0.028133456012504138,0.6955073222238334,4.55925914254004,4.63106718126217,-0.07180803872213062,-0.12061744067297799,0.2874449407754277,0.11994844991415352,0.6359154920032751,-0.39601859217496815,Condiciones neutrales
2015-04-13,619.42,601.2220740875301,0.02981918241281533,0.7371813723000615,4.45814398595259,4.613172276039283,-0.15502829008669197,-0.2604042098200614,0.23838858124000006,0.12672961441631211,0.6437125434508563,-0.3902533146182321,Condiciones neutrales
2015-04-14,621.1,599.0003748127161,0.036229875719258356,0.8956647144525771,4.55019607843138,4.598217201048671,-0.0480211226172909,-0.08066206808341338,0.4075013231845819,0.13794607648582133,0.6537540093757158,-0.37786185640407316,Condiciones neutrales
2015-04-15,614.06,599.5442858116813,0.023922800257843962,0.5914126845999148,4.54,4.594420229682129,-0.05442022968212869,-0.0914107799336262,0.2500009523331443,0.1493608009181108,0.6639522302985252,-0.3652306284623036,Condiciones neutrales
2015-04-16,616.7,592.2072359651904,0.04052604761840057,1.0018734579520474,4.532,4.610635802765242,-0.07863580276524196,-0.1320861764726826,0.4348936407396824,0.16771136459653233,0.6896845568898299,-0.35426182769676523,Condiciones neutrales
2015-04-17,612.3,589.3112629288102,0.03826785443712166,0.9460470464412344,4.55,4.6262258096108235,-0.07622580961082336,-0.1280380613660966,0.4090044925375689,0.1857821313723288,0.7138394580656536,-0.34227519532099604,Condiciones neutrales
2015-04-20,612.73,592.5529059868006,0.03348422030900483,0.8277873999382828,4.51912280701755,4.5993152460158395,-0.0801924389982896,-0.13470089039371838,0.3465432547722822,0.20487058288752555,0.7385832965037441,-0.328842130728693,Condiciones neutrales
2015-04-21,615.42,591.1514013624721,0.04023279867103404,0.9946238406267817,4.50145161290323,4.616013109647803,-0.11456149674457394,-0.1924313041116048,0.40109626825758843,0.2250508104977258,0.7674868863540947,-0.31738526535864303,Condiciones neutrales
2015-04-22,616.42,588.1514840013098,0.04694400881156764,1.160536474739326,4.44955737210211,4.674886441204837,-0.22532906910272685,-0.3784898753406463,0.3910232996993399,0.2474011611475269,0.8047414634683713,-0.3099391411733175,Condiciones neutrales
2015-04-23,618.02,588.816079584608,0.048406943274684734,1.196702725717496,4.45849418737043,4.643127192796015,-0.184633005425585,-0.310131859531358,0.443285433093069,0.2677200509287037,0.8382566272739183,-0.3028165254165109,Condiciones neutrales
2015-04-24,618.12,588.0703676398224,0.0498359997702509,1.232031455188061,4.46172627814012,4.59501800653399,-0.13329172839386969,-0.2238928597389945,0.5040692977245332,0.28401157561008883,0.8590487930646801,-0.29102564184450236,Condiciones neutrales
2015-04-27,614.42,587.2401433267294,0.045244894447354356,1.1185314512157036,4.45884335872515,4.561118176979617,-0.10227481825446741,-0.17179311735394803,0.4733691669308778,0.3039841475687906,0.8843697219319488,-0.2764014267943676,Condiciones neutrales
2015-04-28,611.08,582.2673869990437,0.048298113437329565,1.1940122653373952,4.45424627307177,4.654176843604719,-0.1999305705329487,-0.3358274945133757,0.4290923854120098,0.31389342033829754,0.9012539887937527,-0.27346714811715767,Condiciones neutrales
2015-04-29,606.39,583.3958413970576,0.03865741423776288,0.9556776333719549,4.44851237458196,4.706770519295197,-0.25825814471323694,-0.433801521425789,0.26093805597308295,0.31619744695857804,0.9064795885662464,-0.27408469464909035,Condiciones neutrales
2015-04-30,606.82,581.8130045166688,0.04208310869744751,1.0403666804393794,4.45415453915454,4.730283850020845,-0.27612931086630504,-0.46382008705694155,0.28827329669121893,0.31316825631846484,0.907108375922565,-0.2807718632856353,Condiciones neutrales
2015-05-04,611.28,581.5496839070556,0.049858710089695106,1.2325928932657884,4.44876623376623,4.771125847668316,-0.32235961390208556,-0.5414740786286891,0.3455594073185496,0.3138412003307509,0.9103100319169052,-0.2826276312554033,Condiciones neutrales
2015-05-05,614.48,584.8540832571615,0.049413995901127356,1.2215987951959235,4.49626331569664,4.854859822160421,-0.3585965064637802,-0.6023419329318348,0.30962843113204436,0.310993036127226,0.9130651283348025,-0.29107905608035045,Condiciones neutrales
2015-05-06,611.89,585.0590372600834,0.044839767262080464,1.108516011816268,4.52865324692357,4.905093870899676,-0.3764406239761062,-0.6323150644043882,0.2381004737059399,0.3029316653851394,0.9073118716850074,-0.3014485409147286,Condiciones neutrales
2015-05-07,608.84,585.5767028308966,0.03895832897293082,0.9631167621295924,4.52349927509276,4.841345045601285,-0.3178457705085243,-0.5338920829716737,0.21461233957895937,0.2964496712982923,0.901759146914627,-0.30885980431804233,Condiciones neutrales
2015-05-08,610.61,580.6604472080353,0.05029229970662999,1.2433119728301478,4.54950986766787,4.791573025640923,-0.2420631579730533,-0.4065984688554123,0.41835675198736777,0.30241477744602746,0.9126422252360578,-0.30781267034400295,Condiciones neutrales
2015-05-11,605.77,581.284865542773,0.041259437240644355,1.0200041082385538,4.5748506935204,4.880647881480466,-0.3057971879600666,-0.513653830867955,0.2531751386852994,0.3075997288248873,0.9243609810662914,-0.3091615234165168,Condiciones neutrales
2015-05-12,606.92,580.289939800327,0.044869111815599196,1.1092414595476308,4.6292685390988,4.863718112597233,-0.2344495734984334,-0.3938097743022891,0.35771584262267087,0.3146482635373025,0.9377234472869941,-0.30842692021238904,Condiciones neutrales
2015-05-13,607.31,579.5434581611045,0.04679871661362401,1.1569446022197578,4.59188559057959,4.910302257445134,-0.31841666686554443,-0.5348510293333723,0.3110467864431928,0.3165505005888603,0.9490324557733101,-0.3159314545955895,Condiciones neutrales
2015-05-14,600.5,574.293040027947,0.04462285277607624,1.1031535133999588,4.58652579762429,4.836460309582573,-0.24993451195828212,-0.41982014416119867,0.3416666846193801,0.3212127188283077,0.9598393030067355,-0.31741386535012006,Condiciones neutrales
2015-05-15,598.4,576.8121227101351,0.036742823729152496,0.9083456697053891,4.55968232579213,4.775779069111921,-0.21609674331979078,-0.3629821476932444,0.27268176100607233,0.319959014178196,0.9601726599207704,-0.3202546315643784,Condiciones neutrales
2015-05-18,597.1,578.1604755192263,0.03223313410860928,0.7968584016409687,4.56709677419355,4.82237993897118,-0.25528316477762936,-0.42880438639366536,0.18402700762365165,0.31883671270544967,0.962790988045899,-0.32511756263499964,Condiciones neutrales
2015-05-19,599.06,578.0171913700453,0.03575814895916646,0.8840028192489797,4.585,4.869891593163741,-0.28489159316374146,-0.47853827298680185,0.20273227313108894,0.3194499899871542,0.9732831102683738,-0.3343831302940654,Condiciones neutrales
2015-05-20,603.09,580.7800679471254,0.03769429467245395,0.9318676645735366,4.56689935064935,4.851290663877639,-0.28439131322828914,-0.477697942481915,0.22708486104581083,0.3233514061149106,0.9893490650900838,-0.3426462528602626,Condiciones neutrales
2015-05-22,605.41,576.336212250089,0.04921472222450743,1.2166724078671138,4.55991902834008,4.8310263209422395,-0.27110729260215893,-0.45538449960999505,0.3806439541285594,0.32870676467231186,1.0070774397164435,-0.34966391037181976,Condiciones neutrales
2015-05-25,607.6,580.2479830102276,0.046061201643379825,1.1387119662497391,4.57090311986864,4.8456854936481895,-0.2747823737795499,-0.46155760910818994,0.33857717857077463,0.3320177760321256,1.0207631857491133,-0.356727633684862,Condiciones neutrales
2015-05-26,609.87,582.5861649236218,0.045768722585038654,1.1314813819026541,4.55287280701754,4.805642694208782,-0.2527698871912424,-0.4245827823007892,0.3534492998009324,0.3342179213329758,1.035295654405074,-0.36685981173912235,Condiciones neutrales
2015-05-27,612.62,584.9805720690183,0.04616620505477468,1.1413078308122424,4.55561186090597,4.781025470674478,-0.22541360976850772,-0.3786318800370667,0.38133797538758785,0.3389829011378954,1.04876653635548,-0.37080073407968916,Condiciones neutrales
2015-05-28,616.14,591.7738469653675,0.04034966380187502,0.9975129472540094,4.55992518703242,4.786643173079492,-0.22671798604707263,-0.3808228677202682,0.3083450397668706,0.3356776916906384,1.052161477448861,-0.38080609406758437,Condiciones neutrales
2015-05-29,617.45,593.154733236297,0.04014279565833388,0.9923988116674052,4.56,4.796815620803308,-0.23681562080330845,-0.39778407266085536,0.2973073695032749,0.33725457226297606,1.0655276816844441,-0.391018537158492,Condiciones neutrales
2015-06-01,616.66,591.1455400790558,0.042255570737043245,1.0446302380801888,4.56225806451613,4.841483042472884,-0.2792249779567542,-0.4690199427871673,0.2878051476465108,0.33235162249320366,1.0669529076887154,-0.40224966270230816,Condiciones neutrales
2015-06-02,621.69,591.4683528034454,0.04983339752129539,1.2319671231272575,4.59571428571428,4.8987517389576745,-0.303037453243395,-0.5090182476604901,0.3614744377333837,0.33076728733306415,1.0764835769115828,-0.4149490022454546,Condiciones neutrales
2015-06-03,622.21,588.109794434397,0.05636400064074761,1.3934148416762357,4.612,4.956179704469254,-0.34417970446925383,-0.5781257338792775,0.40764455389847915,0.3328039973039374,1.0953378249695147,-0.4297298303616399,Condiciones neutrales
2015-06-04,626.01,587.2668198698277,0.06388708053090388,1.5793982895310954,4.60238095238095,4.929256347561822,-0.3268753951808718,-0.5490593293914046,0.5151694800698454,0.3366064376976793,1.1148303065996585,-0.4416174312042999,Condiciones neutrales
2015-06-05,628.06,587.7377422977385,0.06635487140244534,1.640406315708589,4.60545454545455,4.995068429901443,-0.38961388444689343,-0.6544424611635922,0.49298192727249845,0.34000505861678454,1.1308259679653005,-0.4508158507317314,Condiciones neutrales
2015-06-08,635.61,590.3919381005079,0.0737985494900908,1.824426814716372,4.60121212121212,4.998042369351806,-0.3968302481396858,-0.6665639357934481,0.578931439461462,0.34452659216239767,1.1517501042652631,-0.46269691994046774,Condiciones neutrales
2015-06-09,633.7,586.1354636510855,0.07802472682727236,1.9289051725021977,4.55515467938908,5.041977753602292,-0.4868230742132115,-0.8177267380797023,0.5555892172112478,0.3462439228119548,1.1749792281757343,-0.48249138255182467,Condiciones neutrales
2015-06-10,626.55,582.0058970401465,0.07374799955980296,1.8231771336733649,4.64582677165353,5.040079737927098,-0.39425296627356776,-0.6622348223945017,0.5804711556394315,0.34981398910223993,1.1984674175909897,-0.4988394393865098,Condiciones neutrales
2015-06-11,624.45,582.151495978769,0.07014054608142127,1.7339946916839715,4.6,4.969384352105531,-0.3693843521055318,-0.6204624993034963,0.5567660961902376,0.3540697794615142,1.2164668318025422,-0.5083272728795138,Condiciones neutrales
2015-06-12,631.98,582.2283905362756,0.08199495372122391,2.027055996005929,4.6075,4.98997651277188,-0.3824765127718796,-0.6424536710518988,0.6923011624770152,0.3684485496783119,1.2521794438903413,-0.5152823445337175,Condiciones neutrales
2015-06-15,631.06,591.1622732548001,0.0653103914312071,1.6145849780247488,4.63,4.972090471065258,-0.3420904710652581,-0.5746164055277039,0.5199842862485224,0.3761722493302221,1.2713200538098537,-0.5189755551494095,Condiciones neutrales
2015-06-16,634.13,592.695554420018,0.06757311252759003,1.6705233273688611,4.6953125,4.92522439869948,-0.22991189869947984,-0.3861877485431122,0.6421677894128744,0.38605919540003286,1.2859177349466229,-0.513799344146557,Condiciones neutrales
2015-06-17,633.69,591.1633164122314,0.06946755752879036,1.7173572595135485,4.7264406779661,4.934206973692213,-0.2077662957261123,-0.34898932340377947,0.6841839680548845,0.39854437996412756,1.3024430170905437,-0.5053542571622884,Condiciones neutrales
2015-06-18,637.8,589.126966255113,0.07938303175203812,1.9624848017012335,4.70928108623154,4.908716339130034,-0.19943525289849437,-0.3349954992876147,0.8137446512068094,0.41773251921415655,1.3309086434200423,-0.49544360499172935,Condiciones neutrales
2015-06-19,629.59,599.274698918906,0.04934872502622735,1.219985187134378,4.68049204406365,4.86293593431146,-0.18244389024781085,-0.3064547577084933,0.4567652147129424,0.42580428171862267,1.3394709242535352,-0.48786236081629003,Condiciones neutrales
2015-06-22,632.31,593.3620976832484,0.06357494753269466,1.57168182605552,4.69266666666667,4.928619599766715,-0.23595293310004492,-0.39633499836890385,0.5876734138433082,0.431448170447154,1.3504165860277144,-0.4875202451334064,Condiciones neutrales
2015-06-23,630.64,594.9095537935264,0.05832579319182813,1.441913720852482,4.70863636363637,4.967248719842761,-0.2586123562063906,-0.4343964977616067,0.5037586115454376,0.43980095287582527,1.364480239781512,-0.48487833402986147,Condiciones neutrales
2015-06-24,634.54,595.7630238189957,0.06305734997739706,1.558885926059635,4.739,4.9499301126607955,-0.21093011266079573,-0.35430365183009993,0.6022911371147676,0.44795346269222847,1.3794683886652455,-0.4835614632807885,Condiciones neutrales
2015-06-25,632.82,600.4628738479116,0.052485207306790675,1.2975244127164587,4.72594666666666,4.986270362488173,-0.2603236958215129,-0.43727107013778704,0.4301266712893358,0.4519227921870999,1.3841543823484688,-0.480308797974269,Condiciones neutrales
2015-06-26,631.81,608.2179418829111,0.03805544125628091,0.9407958280148193,4.69029384756658,5.0516209511401575,-0.36132710357357756,-0.6069285731012909,0.1669336274567642,0.44609835694834604,1.3787424595022975,-0.4865457456056054,Condiciones neutrales
2015-06-30,634.58,614.9330999855499,0.031449881358732855,0.7774950492519525,4.68627590410402,5.030290614656199,-0.3440147105521789,-0.5778485902006818,0.09982322952563533,0.44033640589899814,1.3743807721538497,-0.4937079603558533,Condiciones neutrales
2015-07-01,639.04,615.1955298154053,0.03802689829225053,0.9400901969514948,4.6762962962963,5.071381102498958,-0.3950848062026579,-0.6636320810452315,0.13822905795313162,0.4388098075766475,1.3791551653308671,-0.5015355501775722,Condiciones neutrales
2015-07-02,639.04,623.0125854676741,0.02540033025130706,0.6279397621406968,4.61331682794391,5.042500988749108,-0.4291841608051983,-0.7209094688412468,-0.046484853350275024,0.43050257002726866,1.3706197300939245,-0.509614590039387,Condiciones neutrales
2015-07-03,637.02,626.0922254035466,0.01730336707889639,0.42776893450809533,4.67,5.041271435328061,-0.3712714353280612,-0.6236322718343852,-0.09793166866314493,0.41966868570363686,1.353816439091743,-0.5144790676844694,Condiciones neutrales
2015-07-06,636.39,624.5082937347632,0.018846972874821427,0.46592951930136944,4.67216712036927,4.979352457898883,-0.30718533752961263,-0.5159855342723307,-0.025028007485480647,0.40614628698316885,1.3287916761395515,-0.5164991021732138,Condiciones neutrales
2015-07-07,641.5,625.793418073529,0.02478887049602022,0.6128234274515575,4.5987119057268,4.953258008304413,-0.3545461025776131,-0.5955383861544069,0.008642520648575291,0.39514846505242884,1.3112620581796122,-0.5209651280747545,Condiciones neutrales
2015-07-08,648.33,640.6669780469027,0.011890039095693212,0.29394217507108916,4.60589884696017,4.953410764863722,-0.3475119179035511,-0.5837229213721199,-0.14489037315051537,0.3785371426207139,1.28334408461856,-0.5262697993771321,Condiciones neutrales
2015-07-09,652.4,639.5272673878397,0.019928612032050867,0.49266949584469677,4.52428782100178,5.038471603684441,-0.5141837826826612,-0.8636850832637968,-0.18550779370955,0.3596422836508093,1.2617228067863084,-0.5424382394846898,Condiciones neutrales
2015-07-10,646.94,624.0428945729968,0.036034447187701484,0.890833385709715,4.53820875000001,5.0561971450306595,-0.51798839503065,-0.8700757689353967,0.010378808387159155,0.3497100759381523,1.2581668214014987,-0.558746669525194,Condiciones neutrales
2015-07-13,646.15,615.8497477718646,0.0480286571447805,1.1873508432780555,4.54497750086536,5.073919377238186,-0.528941876372826,-0.888474557002356,0.14943814313784975,0.34478110172597143,1.264665222455187,-0.5751030190032441,Condiciones neutrales
2015-07-14,647.68,618.559930022284,0.046002664329068896,1.1372648233637577,4.51482171680118,5.02428928014037,-0.5094675633391903,-0.8557631525581955,0.1407508354027811,0.3398792913178471,1.2677530419646392,-0.587994459328945,Condiciones neutrales
2015-07-15,643.6,620.534019639904,0.03649698580417928,0.9022681342322076,4.47223562152134,4.991438837399411,-0.5192032158780707,-0.8721163285175777,0.015075902857314971,0.3283326734886448,1.2567630756681376,-0.600097728690848,Condiciones neutrales
2015-07-17,643.07,619.4265299740264,0.037459484656423105,0.9260627579382351,4.527125,4.944277370800165,-0.41715237080016504,-0.7006994235183606,0.11268166720993728,0.3185005772656934,1.241184672876871,-0.6041835183454841,Condiciones neutrales
2015-07-20,644.9,622.7124059759599,0.03501048145865766,0.8655191953045365,4.53421686746988,4.963689892788179,-0.42947302531829923,-0.7213946805096271,0.0720622573974547,0.3037303365099471,1.217388703069319,-0.6099280300494249,Condiciones neutrales
2015-07-21,649.3,623.8354618961217,0.040008208774230176,0.9890715928810672,4.53666666666667,4.936065225308934,-0.39939855864226487,-0.6708779798083996,0.1590968065363338,0.29260083248540825,1.195677545641735,-0.6104758806709184,Condiciones neutrales
2015-07-22,651.17,621.7133471838016,0.04629161493661457,1.1444081783507782,4.51348772321429,4.954994085247269,-0.441506362032979,-0.7416073238725427,0.20140042723911777,0.28001646541133013,1.1730102577628818,-0.6129773269402216,Condiciones neutrales
2015-07-23,654.19,619.968308363425,0.05372946795231636,1.3282846715816843,4.51524757443961,4.927349093883263,-0.41210151944365314,-0.6922154045326931,0.31803463352449557,0.2720979792884384,1.1529895743988647,-0.6087936158219879,Condiciones neutrales
2015-07-24,654.29,628.811822899788,0.0397186349900241,0.9819128318973517,4.48496982643525,4.959647761988192,-0.47467793555294197,-0.7973262986875499,0.09229326660490089,0.25582538298728735,1.124947431006331,-0.6132966650317562,Condiciones neutrales
2015-07-27,660.67,642.0677884760174,0.028560583975487077,0.7060666586114123,4.51000768535262,4.944988958881481,-0.4349812735288618,-0.7306469984056847,-0.012290169897136216,0.23685684078437488,1.0906831632372456,-0.6169694816684957,Condiciones neutrales
2015-07-28,665.18,636.7838438864909,0.04362741729419161,1.0785446396752214,4.52933333333333,4.950320474499236,-0.42098714116590563,-0.7071407662331235,0.18570193672104895,0.21997019992584269,1.059066118026222,-0.6191257181745367,Condiciones neutrales
2015-07-29,664.5,632.4810325338932,0.04938464608998351,1.2208732174870434,4.50875461254613,4.96914289687862,-0.46038828433248985,-0.7733236774073612,0.2237747700398411,0.2100965493855533,1.0459423926749651,-0.6257492939038586,Condiciones neutrales
2015-07-30,665.52,634.6736168297714,0.04745781246514694,1.1732385829727023,4.53645011534026,4.946794318789257,-0.410344203448997,-0.6892636046854737,0.24198748914361434,0.19675720604324462,1.0293662345284265,-0.6358518224419373,Condiciones neutrales
2015-07-31,672.19,633.0076301638834,0.06005856261259821,1.4847507551413195,4.49358346202443,4.892107846539302,-0.3985243845148713,-0.6694096115334108,0.40767057180395433,0.1875400928348803,1.0216126843826856,-0.646532498712925,Condiciones neutrales
2015-08-03,671.11,635.3215142258994,0.05480186559138867,1.3547961819335885,4.5078453038674,4.878162134161,-0.37031683029360013,-0.6220288021092784,0.3663836899121551,0.17262806079172516,1.0013563970570973,-0.6561002754736471,Condiciones neutrales
2015-08-04,678.44,633.8048427644683,0.06805495693588921,1.6824353482025525,4.50918898809524,4.933013654095833,-0.4238246660005933,-0.7119070151029812,0.48526416654978566,0.17357802585295326,1.0167714024260366,-0.66961535072013,Condiciones neutrales
2015-08-05,677.36,637.7523855343721,0.06025279177127701,1.489552433327975,4.56525482434439,4.959682964480551,-0.3944281401361618,-0.6625290655371204,0.4135116838954273,0.16777263485469057,1.0140337560017851,-0.6784884862924039,Condiciones neutrales
2015-08-06,682.55,641.187946072937,0.0625131629031789,1.5454326875165256,4.60163084464555,4.967529323162219,-0.3658984785166683,-0.6146072056862281,0.4654127409151488,0.16649443916701429,1.0174843882239197,-0.6844955098898913,Condiciones neutrales
2015-08-07,684.12,636.3866140824099,0.07232707840049615,1.7880495236790073,4.52990627610693,4.932135851082643,-0.4022295749757138,-0.6756332962147614,0.5562081137321229,0.16495833838759277,1.0251231748112322,-0.6952064980360466,Condiciones neutrales
2015-08-10,678.36,630.6495751938207,0.07292776054276234,1.8028994172750712,4.53096774193548,4.9533364547798815,-0.42236871284440197,-0.7094614206185098,0.5467189983282807,0.16884474928889096,1.0419690082965194,-0.7042795097187374,Condiciones neutrales
2015-08-11,676.43,633.2663205706622,0.06593790723213475,1.6300982457214852,4.54144804961813,4.651844991239637,-0.11039694162150662,-0.18543601515197042,0.7223311152847574,0.18735799888315738,1.064945755553408,-0.6902297577870934,Condiciones neutrales
2015-08-12,680.32,630.3861819853321,0.07623065684960453,1.8845526832276722,4.53397651055641,4.510575998435858,0.023400512120551418,0.039306321863767126,0.9619295025457196,0.21609487465049354,1.1018476766859322,-0.6696579273849451,Condiciones neutrales
2015-08-13,681.76,632.0872087220206,0.07565031664006973,1.8702056771245836,4.53522769438354,4.518499917098922,0.016727777284617593,0.0280979918143389,0.9491518344694613,0.24312563386770453,1.1328515260250351,-0.6466002582896261,Condiciones neutrales
2015-08-14,684.89,629.3410827753862,0.08458486973203987,2.0910831652476545,4.51334622691748,4.540076112761468,-0.026729885843988322,-0.0448987394358272,1.0230922129059137,0.2787782027429108,1.181622972795267,-0.6240665673094454,Condiciones neutrales
2015-08-17,683.83,634.2526281164937,0.07526200658913922,1.8606059861518411,4.48254004060456,4.49424822123449,-0.011708180629929971,-0.019666471994643872,0.9204697570785987,0.31272491693430227,1.2293842078500585,-0.6039343739814541,Condiciones neutrales
2015-08-18,689.36,643.028967590918,0.06957385702292368,1.7199851654660043,4.48967389864269,4.529016343100544,-0.03934244445785434,-0.0660843137449831,0.8269504258605106,0.3411241980458353,1.2711860627222131,-0.5889376666305425,Condiciones neutrales
2015-08-19,697.25,645.1773954911832,0.07761871575685342,1.9188678819448342,4.51688300192613,4.497810639638907,0.019072362287223952,0.03203623950202391,0.975452060723429,0.3733511827149971,1.314720877871989,-0.5680185124419947,Condiciones neutrales
2015-08-20,694.88,657.0362585904985,0.05599996371131646,1.3844152239304914,4.51495915649166,4.5412676882588485,-0.0263085317671887,-0.044190982320257456,0.670112120805117,0.4005179325135182,1.3510699795006358,-0.5500341144735994,Condiciones neutrales
2015-08-21,694.19,674.745519027356,0.028410087314881857,0.7023461228416639,4.48435294117647,4.600494173158283,-0.11614123198181239,-0.1950848179054288,0.25363065246811756,0.41515588071944043,1.3580592004005345,-0.5277474389616538,Condiciones neutrales
2015-08-24,693.94,693.6175446220831,4.647812769584468e-4,0.011490190938982835,4.4923869801085,4.628402035274905,-0.13601505516640494,-0.22846728777330552,-0.10848854841716134,0.4111936354926297,1.3287477605748435,-0.506360489589584,Condiciones neutrales
2015-08-25,705.68,692.9200539386601,0.01824724669722448,0.45110325879279217,4.50989765201686,4.670786750300668,-0.16088909828380832,-0.2702487299823078,0.09042726440524218,0.40922660620154283,1.3042061744253348,-0.4857529620222491,Condiciones neutrales
2015-08-26,699.91,696.6670106584983,0.00464420529001456,0.11481272630281035,4.49759298203449,4.658767652188542,-0.16117467015405215,-0.27072841093070826,-0.07795784231394895,0.4019363169443185,1.2701244378566365,-0.46625180396799953,Condiciones neutrales
2015-08-27,706.24,689.1217971049417,0.02453709394013384,0.6065990788288556,4.49841082047983,4.620122974288776,-0.1217121538089461,-0.20444240996525773,0.2010783344317989,0.4081363979968013,1.2602688026765247,-0.4439960066829222,Condiciones neutrales
2015-08-28,699.69,690.537452494638,0.013167168758308279,0.3255150124567001,4.47906070265665,4.649330449196379,-0.17026974653972915,-0.2860055979405173,0.01975470725809142,0.40503883266507307,1.240250544493807,-0.43017287916366076,Condiciones neutrales
2015-08-31,690.12,692.567166723897,-0.003539729503500843,-0.08750818908570464,4.46818147989123,4.720055158448989,-0.2518736785577594,-0.4230774022123837,-0.25529279564904417,0.39412699756352315,1.2084829650141322,-0.42022896988708597,Condiciones neutrales
2015-09-01,695.25,689.2847243583325,0.008617064561409865,0.2130286266952887,4.4778272970433,4.7874034489936435,-0.30957615195034405,-0.5200014344651848,-0.15348640388494805,0.3837075572161471,1.182614866141273,-0.4151997517089788,Condiciones neutrales
2015-09-02,691.88,685.3933460580454,0.009419628897241296,0.23286939463643236,4.53238977227603,4.77758070687621,-0.24519093460018057,-0.4118522596353098,-0.08949143249943872,0.3740111618915285,1.1522302400174613,-0.4042079162344044,Condiciones neutrales
2015-09-03,688.24,686.8093515495422,0.002080869264907722,0.05144265993095921,4.54063492063492,4.773157083731292,-0.23252216309637266,-0.3905722633778834,-0.1695648017234621,0.35775784738326327,1.109668839629104,-0.3941531448625774,Condiciones neutrales
2015-09-04,688.41,688.7611582778793,-5.099704323302568e-4,-0.012607344424577605,4.5271031096563,4.774911799784897,-0.24780869012859727,-0.41624935747789227,-0.21442835095123494,0.3475337934647254,1.0765181670850397,-0.3814505801555888,Condiciones neutrales
2015-09-07,691.22,690.310134237683,0.001317185736768684,0.03256309229282904,4.53763636363636,4.707601528748263,-0.16996516511190302,-0.2854939862469704,-0.12646544697707068,0.34372795089539426,1.0540680482077536,-0.366612146416965,Condiciones neutrales
2015-09-08,693.78,688.4159768531789,0.0077616346239574715,0.19188093034105544,4.66722252597048,4.728950053067189,-0.06172752709670859,-0.10368499780766571,0.04409796626669486,0.33900781854691575,1.024512591229948,-0.3464969541361164,Condiciones neutrales
2015-09-09,688.33,685.1418771162841,0.004642437406633962,0.11476902119116329,4.6652541544477,4.747072503434958,-0.0818183489872576,-0.13743196486844164,-0.011331471838639175,0.3311709438176331,0.9876424513534187,-0.3253005637181524,Condiciones neutrales
2015-09-10,688.33,682.073014194161,0.009131663051502242,0.2257503846515633,4.63515689130147,4.747978253519321,-0.11282136221785105,-0.18950836432972057,0.018121010160921366,0.32370872785154337,0.9560595114093807,-0.308642055706294,Condiciones neutrales
2015-09-11,691.03,677.7775283314729,0.01936413337575421,0.47871461456317554,4.61246351304945,4.715451821961994,-0.10298830891254412,-0.17299158229816283,0.15286151613250637,0.3152150926624951,0.9225249733901092,-0.29209478806511907,Condiciones neutrales
2015-09-14,684.54,680.0863082844161,0.006527365772673131,0.16136768577986407,4.64279462597013,4.732337288050567,-0.08954266208043692,-0.15040665256129637,0.00548051660928385,0.3031849868857327,0.8827440235183184,-0.276374049746853,Condiciones neutrales
2015-09-15,688.65,682.3330506365381,0.009215276679179658,0.22781745704613487,4.66167293233083,4.779141273331584,-0.11746834100075404,-0.19731399024055116,0.015251733402791859,0.2875179057808329,0.8342567604797712,-0.2592209489181053,Condiciones neutrales
2015-09-16,686.38,678.9948720264621,0.010817834933728072,0.26743544780536754,4.69395687331536,4.771764667342419,-0.07780779402705928,-0.13069535315217773,0.06837004732659491,0.27601318456187185,0.7935195276290176,-0.24149315850527392,Condiciones neutrales
2015-09-17,680.16,678.279442813485,0.00276870404165973,0.06844711624441714,4.69090909090909,4.704470869880769,-0.013561778971679348,-0.022779999282064152,0.022833558481176495,0.2612605451474061,0.7442866752532806,-0.22176558495846843,Condiciones neutrales
2015-09-21,676.74,671.6370283853051,0.007569093614299443,0.187120986095812,4.65275371008844,4.747430400425197,-0.09467669033675655,-0.15903038549760865,0.01404530029910167,0.24318845136630537,0.6909223906671741,-0.20454548793456334,Condiciones neutrales
2015-09-22,682.67,678.545566920909,0.006059944950800072,0.14981224075995242,4.64214285714286,4.723698561275749,-0.08155570413288973,-0.13699079490051694,0.006410722929717741,0.2251781755196866,0.6358194847833368,-0.1854631337439636,Condiciones neutrales
2015-09-23,696.47,679.8442677900096,0.024160965801161883,0.5973005456293385,4.63909356725146,4.7274428496960645,-0.08834928244460478,-0.14840210822354716,0.2244492187028957,0.20858211230029122,0.6013928947802653,-0.1842286701796828,Condiciones neutrales
2015-09-24,700.43,687.9839709873299,0.017928892483042094,0.44323299617997086,4.62480081716037,4.726021962642205,-0.10122114548183485,-0.17002324150991427,0.1366048773350283,0.18107129145993484,0.5533489052120085,-0.19120632229213885,Condiciones neutrales
2015-09-25,705.92,686.3470474540237,0.028118516744747597,0.6951379978824258,4.6232811747713,4.7924325444506835,-0.1691513696793833,-0.2841270373085414,0.2055054802869422,0.15628307965385088,0.5141799825706033,-0.20161382326290153,Condiciones neutrales
2015-09-28,697.91,689.9114295532572,0.01152692823505756,0.284965451335518,4.59404545454546,4.845580195138193,-0.2515347405927321,-0.42250808113613636,-0.06877131490030919,0.11988762872697678,0.4539760587735321,-0.2142008013195785,Condiciones neutrales
2015-09-29,705.29,689.4987756882347,0.022644144169603714,0.5598021113528202,4.55982602684512,4.830927185161464,-0.2711011583163442,-0.45537419572384946,0.05221395781448537,0.09094576875150634,0.4106159296135647,-0.22872439211055204,Condiciones neutrales
2015-09-30,704.68,688.7445591052033,0.02287333828878468,0.5654681833786017,4.53379020609119,4.7886757744928845,-0.25488556840169435,-0.42813653557724485,0.06866582390067844,0.06566961535284527,0.3721320302106513,-0.24079279950496074,Condiciones neutrales
2015-10-01,698.72,682.7061594395033,0.023185543177792495,0.5731864241181149,4.52064853790278,4.784986397864736,-0.2643378599619564,-0.44401374426839696,0.06458633992485899,0.03530742465955959,0.3272759816164273,-0.25666113229730814,Condiciones neutrales
2015-10-02,695.53,678.9566700282901,0.024116833737746285,0.5962095252713437,4.46285345772888,4.714358316499805,-0.25150485877092543,-0.4224578880249874,0.08687581862317817,0.0158662145868283,0.30100245832778905,-0.26927002915413245,Condiciones neutrales
2015-10-05,695.33,674.6769872536921,0.03015251408223493,0.7454219033143594,4.45927397952737,4.719163909269825,-0.2598899297424548,-0.43654246432654636,0.15443971949390653,0.0125598501543546,0.3024383176768789,-0.2773186173681697,Condiciones neutrales
2015-10-06,685.83,674.768987372442,0.01625939223896736,0.4019600845372501,4.47543950928309,4.719255833944519,-0.24381632466142875,-0.4095432990274665,-0.003791607245108214,0.016049748193423037,0.31545398079682113,-0.28335448440997507,Condiciones neutrales
2015-10-07,681.29,666.9922021660126,0.021209704908335215,0.5243403106748599,4.48019071729958,4.71877726813046,-0.23858655083088046,-0.40075874027938246,0.0617907851977387,0.015095198886506254,0.3178952158595567,-0.28770481808654425,Condiciones neutrales
2015-10-08,678.59,666.4616169206165,0.01803456707579531,0.44584545349770016,4.43925949276135,4.747997306522019,-0.30873781376066906,-0.5185932605523962,-0.03637390352734801,0.01648133017939295,0.3289296400993864,-0.2959669797406005,Condiciones neutrales
2015-10-09,681.7,660.3353801923458,0.03184182060709123,0.7871844602144378,4.44577579228807,4.741134741229424,-0.29535894894135384,-0.4961205059369967,0.14553197713872054,0.01462978493629034,0.33494915281223914,-0.3056895829396584,Condiciones neutrales
2015-10-13,675.37,658.7339165353169,0.024941004411495674,0.6165844389719598,4.44559782608696,4.74249600057539,-0.2968981744884295,-0.4987059747704396,0.0589392321007601,0.015935935764379298,0.34465146702941446,-0.31277959550065587,Condiciones neutrales
2015-10-14,683.05,655.9199332858157,0.04052933475643454,1.0019547216464464,4.45168212865329,4.680861124226952,-0.2291789955736623,-0.3849566760772646,0.3084990227845909,0.034728996378833796,0.38096689738715284,-0.3115089046294852,Condiciones neutrales
2015-10-15,681.07,647.6693995633501,0.05028471057750577,1.2431243565318568,4.45099044724272,4.672969012611626,-0.22197856536890576,-0.3728619652552229,0.4351311956383169,0.0543495830296093,0.4153034217150384,-0.30660425565581984,Condiciones neutrales
2015-10-16,675.62,646.0223484356486,0.044796689525218286,1.1074510562203697,4.44887582151505,4.668179210462272,-0.2193033889472217,-0.36836841635631973,0.369541319932025,0.06965067477732476,0.4444561437678363,-0.3051547942131868,Condiciones neutrales
2015-10-19,673.91,645.8149147789261,0.042583617738227594,1.0527401230248568,4.46,4.635026266343914,-0.17502626634391436,-0.2939952221594885,0.37937245043268414,0.08794858318252963,0.47783272587096626,-0.301935559505907,Condiciones neutrales
2015-10-20,679.31,646.9825597631087,0.04875823853155229,1.2053873474470587,4.47631458184983,4.7079427565028675,-0.23162817465303728,-0.3890706125885673,0.4081583674292457,0.10870147379521232,0.5184325489333541,-0.3010296013429295,Condiciones neutrales
2015-10-21,684.21,654.1999648330151,0.04485182669759555,1.1088141417615864,4.47297796730633,4.699871093191261,-0.22689312588493019,-0.3811170537108368,0.3638485440253748,0.12504527349529385,0.554307583915646,-0.30421703692505836,Condiciones neutrales
2015-10-22,692.7,648.72770361024,0.06558393936990616,1.6213475526000114,4.4720306561086,4.647193142276827,-0.17516248616822752,-0.29422403340221237,0.6635617595988995,0.14569406660636733,0.6019564713242779,-0.3105683381115433,Condiciones neutrales
2015-10-23,691.62,652.7096992637589,0.05790420609302783,1.4314913641380993,4.47292138999959,4.654650178941355,-0.18172878894176456,-0.3052535873257318,0.5631188884061837,0.16484241194786142,0.6458472160891757,-0.31616239219345293,Condiciones neutrales
2015-10-26,686.95,655.6871715006354,0.046577706878266775,1.1514808622101627,4.46879120879121,4.631732578240607,-0.16294136944939733,-0.27369597210123237,0.4388924450544651,0.17886812644431288,0.6767048986744624,-0.31896864578583667,Condiciones neutrales
2015-10-27,685.64,657.3022838224475,0.0422086988242477,1.0434714839427146,4.4720306561086,4.622184737927796,-0.15015408181919665,-0.25221690186687584,0.3956272910379194,0.18696031894115997,0.6955301276537804,-0.3216094897714604,Condiciones neutrales
2015-10-28,687.45,658.4435582825544,0.04311029466840466,1.065760480752031,4.44084651829322,4.62363064302571,-0.18278412473249026,-0.3070262565754867,0.3793671120882721,0.19942320545712625,0.7256765541528526,-0.3268301432386001,Condiciones neutrales
2015-10-29,687.37,661.3606523800208,0.038573413385811876,0.9536009881286902,4.48035207567,4.700431460283883,-0.2200793846138834,-0.36967187225000103,0.2919645579393446,0.20864696627501134,0.7498693385222711,-0.33257540597224844,Condiciones neutrales
2015-10-30,690.34,660.509635885247,0.044172517221298446,1.0920204455086027,4.49311547547028,4.751728682974737,-0.25861320750445743,-0.43439792770449187,0.3288112589020554,0.21732833999419338,0.7773555051123789,-0.34269882512399225,Condiciones neutrales
2015-11-02,690.32,661.2565956554743,0.04301330055105048,1.0633626196857444,4.5406398385565,4.713027081323301,-0.1723872427668013,-0.2895623999377485,0.3869001098739979,0.2294638917072874,0.8105193552270898,-0.35159157181251505,Condiciones neutrales
2015-11-03,691.92,665.752922184936,0.0385517280011382,0.9530648881977369,4.51601485517508,4.737092116063932,-0.22107726088885246,-0.371348025568445,0.29085843131464595,0.23869099607447222,0.8360508186304874,-0.3586688264815429,Condiciones neutrales
2015-11-04,691.19,662.4468400816041,0.04247443653798882,1.0500409763511775,4.48928867950591,4.746289684056827,-0.25700100455091673,-0.431689877219309,0.3091755495659343,0.2487831569623461,0.8660584431501949,-0.3684921292255027,Condiciones neutrales
2015-11-05,688.94,660.4101476089667,0.042293106712762756,1.0455581918284995,4.49928792569659,4.744687382972628,-0.24539945727603743,-0.4122025194659878,0.3166778361812559,0.25185744421162476,0.881000364690167,-0.37728547626691733,Condiciones neutrales
2015-11-06,693.49,656.8795276794776,0.0542361856762129,1.3408116034706778,4.54488198025637,4.787783850557242,-0.24290187030087249,-0.4080072712157426,0.46640216612746765,0.2628506871713728,0.9109196515998571,-0.3852182772571116,Condiciones neutrales
2015-11-09,697.07,667.4202564069911,0.04346591905297203,1.0745521259490525,4.61729289940828,4.811197501573587,-0.19390460216530653,-0.3257055514131902,0.37442328726793117,0.26848128073740574,0.923566789202078,-0.3866042277272666,Condiciones neutrales
2015-11-10,701.26,663.7867697489504,0.05491774897775583,1.3576610181523108,4.66956521739131,4.8285372055882805,-0.158971988196971,-0.26702852070939526,0.5453162487214578,0.2889508661914646,0.9593233080959711,-0.3814215757130419,Condiciones neutrales
2015-11-11,702.7,664.2363170380128,0.05629207288516539,1.391636664098041,4.63859350547731,4.8105202649392425,-0.17192675946193284,-0.28878891665239104,0.551423873722825,0.3055911967217426,0.9870511265208118,-0.3758687330773266,Condiciones neutrales
2015-11-12,699.08,670.7429017637393,0.04137927818477838,1.0229667820782125,4.62930268261151,4.819672971374385,-0.19037028876287543,-0.31976889244403134,0.35159894481709053,0.31502230075228965,1.0023010798107987,-0.3722564783062195,Condiciones neutrales
2015-11-13,702.51,672.1861890906808,0.044124266735653776,1.0908276106840504,4.62131578947368,4.818228627675959,-0.1969128382022784,-0.3307585474032888,0.3800345316403808,0.3255372404761404,1.0195557860296633,-0.3684813050773825,Condiciones neutrales
2015-11-16,705.09,672.4539029409202,0.04739189092508237,1.1716088893514565,4.58162597881161,4.799714291993768,-0.21808831318215735,-0.36632742858372574,0.4026407303838654,0.33606273753482996,1.0387357648323339,-0.36661028976267385,Condiciones neutrales
2015-11-17,709.59,674.6102039478355,0.05055229001320057,1.2497393794682334,4.55717592592592,4.788622157323054,-0.23144623139713458,-0.38876499875667286,0.4304871903557803,0.34526431989689244,1.0555463473707962,-0.36501770757701135,Condiciones neutrales
2015-11-18,710.46,676.0983478679871,0.04957409709805908,1.2255567715893436,4.56914534041526,4.7467865505632005,-0.1776412101479399,-0.29838759709073714,0.46358458724930324,0.36084352638003947,1.0829995702725328,-0.36131251751245375,Condiciones neutrales
2015-11-19,714.12,672.9798779042836,0.05933558534912493,1.466877516235885,4.5423345410628,4.716652649282374,-0.1743181082195743,-0.2928057143819512,0.5870359009269669,0.3783516969043471,1.114417477124567,-0.3577140833158727,Condiciones neutrales
2015-11-20,711.96,668.4124073173091,0.0631163707966885,1.5603450220186454,4.55466292134831,4.716377901610957,-0.16171498026264688,-0.2716359809413671,0.6443545205386392,0.40104264437321335,1.1515674627419317,-0.3494821739955051,Condiciones neutrales
2015-11-23,709.04,670.7105160359649,0.05557432025255008,1.3738925870352192,4.52045454545455,4.694113002707097,-0.17365845725254755,-0.2916976850749803,0.5410974509801194,0.41422816016792663,1.1711244003026244,-0.3426680799667712,Condiciones neutrales
2015-11-24,715.66,673.0210497907859,0.061428587138521125,1.518620112997038,4.54497148560023,4.69499915050758,-0.1500276649073502,-0.25200455677799655,0.6333077781095208,0.43337377836821867,1.2011922561034605,-0.3344446993670231,Condiciones neutrales
2015-11-25,711.42,672.7187710416291,0.05593560402482071,1.3828241420103062,4.51080225193526,4.694408107667243,-0.18360585573198349,-0.30840653504909965,0.5372088034806033,0.4409974377247524,1.2138879034489223,-0.33189302799941756,Condiciones neutrales
2015-11-26,713.47,670.7099845604625,0.061803560011461305,1.5278900860372961,4.55082547169811,4.687207887071393,-0.1363824153732839,-0.2290843502742088,0.6494028678815437,0.44813982679952663,1.2233800944324371,-0.3271004408333838,Condiciones neutrales
2015-11-27,712.13,678.4957903301289,0.04838220413659614,1.1960911317605192,4.6172192513369,4.667524208493117,-0.05030495715621694,-0.08449827196682222,0.5557964298968485,0.45434833046502077,1.2263347636171087,-0.3176381026870672,Condiciones neutrales
2015-11-30,712.63,680.0707972111314,0.04676544534356475,1.1561220793155111,4.57058642830746,4.658557076352079,-0.08797064804461881,-0.14776610822842431,0.5041779855435434,0.45850851496871603,1.229780828826797,-0.31276379888936506,Condiciones neutrales
2015-12-01,711.2,676.3584005494861,0.05023057032396268,1.2417859165353793,4.59831259968103,4.596751540842267,0.0015610588387625565,0.0026221426628860937,0.6222040295991327,0.465643370374379,1.2309941144630745,-0.2997073737143166,Condiciones neutrales
2015-12-02,707.15,675.4771560177353,0.04582346852449504,1.1328347954945361,4.59641223289978,4.635198322158809,-0.03878608925902846,-0.06514979246600543,0.5338425015142654,0.47130983562400863,1.2317948029208394,-0.2891751316728222,Condiciones neutrales
2015-12-03,703.47,677.6354239600304,0.03741581117908454,0.9249830746152033,4.61542021236539,4.770699764443858,-0.1552795520784687,-0.26082625975939727,0.33207840742790307,0.4602603905516421,1.2085826536546793,-0.28806187255139504,Condiciones neutrales
2015-12-04,701.56,671.420981812224,0.04391009199490906,1.0855328434731848,4.60653299520169,4.6807505118357815,-0.07421751663409165,-0.12466469031620271,0.480434076578491,0.45750423015738567,1.1970507029658488,-0.2820422426510774,Condiciones neutrales
2015-12-07,701.04,674.3539811946229,0.03880977905095447,0.9594443530802239,4.6071724137931,4.66385547583411,-0.0566830620410097,-0.09521170602292363,0.43211632352865015,0.4572783594398585,1.1906494859948509,-0.2760927671151338,Condiciones neutrales
2015-12-09,706.34,683.7676900087857,0.03247848252637921,0.8029238356558716,4.58089535319572,4.645861609760602,-0.06496625656488228,-0.10912515835842132,0.34689933864872513,0.4556540943602187,1.182631231051956,-0.27132304233151866,Condiciones neutrales
2015-12-10,704.7,683.9456788708106,0.029893682719651937,0.7390231477609133,4.61285714285714,4.629720555873013,-0.0168634130158728,-0.028325821943930782,0.35534866290849126,0.4548534793875593,1.1717399866189186,-0.2620330278438001,Condiciones neutrales
2015-12-11,703.54,695.1011861756831,0.012067306915329533,0.29832453984337015,4.6264,4.5603535393335495,0.06604646066645055,0.1109395994217653,0.20463206963256772,0.4519423964440001,1.1498974383427414,-0.24601264545474122,Condiciones neutrales
2015-12-14,707.11,690.2299280392274,0.024161469656245663,0.5973130017918503,4.63,4.6228759381612665,0.007124061838733521,0.011966433305735831,0.3046397175487931,0.4511366783988914,1.1334071902188496,-0.23113383342106697,Condiciones neutrales
2015-12-15,711.52,684.9375594231203,0.038075846781782406,0.9413002876302256,4.65,4.62471573069114,0.025284269308860352,0.042470507586515785,0.4918853976083707,0.45463618799003713,1.129338445816999,-0.22006606983692484,Condiciones neutrales
2015-12-16,709.82,679.775240388358,0.04324920207388176,1.0691945102426665,4.66,4.60017503959665,0.05982496040335082,0.10048921737212892,0.5848418638073978,0.4644356357397955,1.1332094332184968,-0.2043381617389057,Condiciones neutrales
2015-12-17,709.23,681.1847124821026,0.040346367993475046,0.9974314692132806,4.63292682926829,4.543270618283508,0.08965621098478206,0.1505973829931125,0.5740144261031965,0.4732635982910376,1.1314557829805667,-0.18492858639849166,Condiciones neutrales
2015-12-18,708.5,682.5317671902409,0.0373409878211347,0.9231333127763324,4.63,4.576796409788313,0.053203590211686386,0.08936716557292314,0.5062502391746277,0.47958267839081664,1.1273749536788278,-0.1682095968971946,Condiciones neutrales
2015-12-21,702.7,677.7683943960076,0.03612442980256179,0.8930579103994785,4.64052631578947,4.557596656000518,0.08292965978895166,0.13929865649625894,0.5161782834478688,0.48124188230149667,1.1124498305764545,-0.14996606597346124,Condiciones neutrales
2015-12-22,694.37,669.2450555412927,0.036854665334058054,0.9111105861488756,4.635,4.586639555876242,0.04836044412375805,0.08123203340211194,0.4961713097754938,0.48530014971841545,1.107001779249782,-0.13640147981295117,Condiciones neutrales
2015-12-23,693.72,668.2989063616545,0.03733288281492033,0.922932943110897,4.649375,4.579302307928007,0.07007269207199321,0.11770254318594382,0.5203177431484204,0.48446686619931417,1.0925108434150683,-0.12357711101643987,Condiciones neutrales
2015-12-24,696.26,671.6223064806952,0.03602701520572618,0.8906496543586802,4.64753846153846,4.576064196080582,0.07147426545787824,0.12005679485092784,0.505353224604804,0.48293117789538015,1.0758112764237562,-0.1099489206329959,Condiciones neutrales
2015-12-28,700.77,676.3110306855431,0.03552665569497778,0.8782799084122463,4.6401923076923,4.543280309652054,0.09691199804024547,0.16278507785670163,0.520532493134474,0.48856229617262625,1.0709883806348905,-0.09386378828963814,Condiciones neutrales
2015-12-29,704.42,677.3390914116301,0.03920274808354801,0.9691592220765729,4.66,4.5634341285559,0.09656587144410042,0.16220368188880147,0.5656814519826872,0.49475052685070314,1.066932767681308,-0.0774317139799018,Condiciones neutrales
2015-12-30,707.34,679.4054089622844,0.040293438456250726,0.9961229602023339,4.649166666666667,4.574961704646721,0.0742049620199461,0.1246436020724098,0.5603832811373719,0.50000861187582,1.0610832367096708,-0.06106601295803061,Condiciones neutrales
2016-01-04,710.16,693.1818202588755,0.024197965086411588,0.5982152314680347,4.595,4.521937066905093,0.07306293309490677,0.12272531258053564,0.36047027202428517,0.49767471459810353,1.039365765109664,-0.04401633591345699,Condiciones neutrales
2016-01-05,716.94,689.9495308945227,0.038373703804665024,0.9486638244917679,4.61279841505696,4.559327500507267,0.05347091454969254,0.08981619576583333,0.5192400101288006,0.49952989536075343,1.0301360002064115,-0.03107620948490464,Condiciones neutrales
2016-01-06,715.08,691.908297552197,0.03294099569865643,0.8143579551540523,4.58243314692675,4.474525748858325,0.10790739806842478,0.1812542776033568,0.49780611637870453,0.4965555692091447,1.0083853481703504,-0.015274209752061042,Condiciones neutrales
2016-01-07,715.84,702.5894044679258,0.01868401904499984,0.4619010209265179,4.57396225077537,4.436345500778655,0.13761674999671486,0.23115768754760807,0.346529354237063,0.48662806366575884,0.9717705481339461,0.0014855791975714636,Condiciones neutrales
2016-01-08,721.31,703.7810633125471,0.024601685092564034,0.6081958829842394,4.59062278506566,4.450454397265117,0.1401683878005425,0.23544372608729117,0.4218198045357653,0.4826521421176137,0.9462473246655801,0.01905695956964718,Condiciones neutrales
2016-01-11,723.31,703.3138824987055,0.028034617077097562,0.6930638540887586,4.57251993620415,4.542267208654692,0.030252727549458923,0.05081612915947867,0.3719399916241186,0.47393988256810027,0.9187287827019709,0.029150982434229686,Condiciones neutrales
2016-01-12,729.78,701.7471853788727,0.03916991448462606,0.9683475191540799,4.58346193415638,4.458742479102905,0.12471945505347494,0.209493835765249,0.5889206774596645,0.4756636117007357,0.90491289527343,0.046414328128041304,Condiciones neutrales
2016-01-13,730.28,705.6139857262903,0.03435969670850179,0.8494306792429533,4.55888888888889,4.543843610925842,0.015045277963047627,0.025271863072860723,0.43735127115790706,0.4685952251432811,0.8822975817136186,0.05489286857294363,Condiciones neutrales
2016-01-14,726.57,707.3281023457163,0.026840195628879474,0.6635357057273326,4.58541666666667,4.457917702658952,0.12749896400771787,0.21416263416657733,0.43884916994695494,0.46469698314495134,0.864545734179179,0.0648482321107236,Condiciones neutrales
2016-01-15,725.98,710.8155938800176,0.021109431704254746,0.5218613849563198,4.54366028112531,4.505267763062193,0.03839251806311712,0.06448870282732144,0.29317504389182064,0.45766355175656054,0.8434037110338726,0.07192339247924846,Condiciones neutrales
2016-01-18,730.31,707.993773701501,0.031033802087060355,0.7672088554780641,4.49111111111111,4.531576403298361,-0.040465292187251894,-0.06797038418772947,0.3496192356451673,0.44857739195809504,0.8275844756652955,0.06957030825089462,Condiciones neutrales
2016-01-19,730.2,705.5932538737576,0.03427952541117146,0.8474487071631406,4.55888888888889,4.550466202078291,0.008422686810598677,0.01414776040069406,0.43079823378191734,0.4451425830336834,0.8180716060542489,0.07221356001311793,Condiciones neutrales
2016-01-20,726.19,709.2075894714018,0.023663412977105353,0.58500018579545765,4.5606951144094,4.501317426806133,0.0593776876032672,0.09973792404357158,0.34236905491951464,0.44548560461673714,0.8067388430935908,0.08423236613988357,Condiciones neutrales
2016-01-21,729.22,713.5911134638909,0.02166534166326986,0.535604433333324,4.56015370705244,4.541712385038444,0.018441322013996436,0.030976268166324112,0.28329035074982406,0.4389141470891149,0.7884078960889287,0.08942039808930112,Condiciones neutrales
2016-01-22,726.63,710.0372531006867,0.023099969311545114,0.5710708912614476,4.619,4.494646481937922,0.12435351806207745,0.20887916386868413,0.38997502756506586,0.4375094372236621,0.7754621140283028,0.09955676041902138,Condiciones neutrales
2016-01-25,715.63,707.4896211166924,0.011440314007697374,0.2828241989664171,4.57772380523145,4.497487926926244,0.08023587830520626,0.13477385629166166,0.20879902762903937,0.4329060935230059,0.7581254594719877,0.10768672757402414,Condiciones neutrales
2016-01-26,717.46,711.8184718565041,0.007894273303175511,0.19515998615862873,4.53339805825243,4.467260181833836,0.06613787641859326,0.11109315234225818,0.15312656925044346,0.42616535706773767,0.7399966874185782,0.11233402671689711,Condiciones neutrales
2016-01-27,720.14,709.8881173443161,0.014338261139724513,0.35446642624367053,4.60333333333333,4.529381231314344,0.07395210201898596,0.12421886792415657,0.23934264708391356,0.42732237631611586,0.7418680836319216,0.11277666900031015,Condiciones neutrales
2016-01-28,716.21,710.9475921604828,0.007374703002134485,0.18231531650185204,4.49,4.498328426017199,-0.00832842601719901,-0.013989428605841996,0.08416294394800503,0.4199731505294229,0.7280348274555882,0.11191147360325755,Condiciones neutrales
2016-01-29,711.72,705.9650939402543,0.0081187813786613,0.2007102111409184,4.47860431654676,4.4043702809214915,0.07423403562526848,0.12469243760569447,0.16270132437330642,0.40900034808825414,0.7033484915726114,0.11465220460389684,Condiciones neutrales
2016-02-01,710.37,706.4858299368269,0.00548281583963016,0.13554461852012514,4.49888484848485,4.415233169395508,0.08365167908934183,0.14051144717651348,0.13802803284831933,0.3941065537229515,0.6722268285151933,0.11598627893070967,Condiciones neutrales
2016-02-02,714.44,702.6237051304716,0.016677540618468913,0.4122974302081872,4.43921013460353,4.396638424853193,0.04257170975033758,0.0715085771250296,0.2419030036666084,0.3830361729750652,0.6527223605483569,0.11334998540177357,Condiciones neutrales
2016-02-03,713.54,703.2187182837405,0.01457053227686585,0.36020856743497154,4.46833333333333,4.438761063892519,0.029572269440810997,0.049673149668451384,0.20494085855171146,0.37299252695430135,0.6339582023703115,0.11202685153829117,Condiciones neutrales
2016-02-04,709.43,693.8495169561214,0.02220672806622108,0.5489884344755099,4.45,4.394127534084115,0.055872465915885225,0.09385013102697815,0.32141928275124404,0.36650056026441385,0.6224892198395126,0.11051190068931516,Condiciones neutrales
2016-02-05,698.49,689.1792654717367,0.013419442923082975,0.33175166282524066,4.46,4.484445787778357,-0.024445787778356865,-0.04106209290118708,0.1453447849620268,0.3548063427706316,0.6031772557287247,0.10643542981253852,Condiciones neutrales
2016-02-08,700.02,694.7786442153152,0.007515608762060198,0.18579874874452743,4.47,4.469700203181988,2.997968180112366e-4,5.035748859588078e-4,0.09315116181524312,0.3405674567261924,0.5786061159165125,0.10252879753587235,Condiciones neutrales
2016-02-09,709.75,692.8147038956898,0.024150214462166274,0.5970347540752603,4.41470588235294,4.453332829494949,-0.038626947142009246,-0.06488247817641153,0.26607613794942436,0.33259155383767974,0.5688189525737317,0.0963641551016277,Condiciones neutrales
2016-02-10,715.41,690.6334480405886,0.03524658783297815,0.8713561501418887,4.44716417910448,4.412627619643012,0.03453655946146768,0.058011769796583026,0.4646839599692359,0.3307299360655051,0.5685881606313865,0.09287171149962375,Condiciones neutrales
2016-02-11,711.34,694.875970212327,0.02341714570815843,0.5789120362022998,4.40788153848684,4.418621316027151,-0.010739777540310993,-0.01803982539228169,0.2804361054050091,0.3212217578462492,0.5555799211022441,0.08686359459025432,Condiciones neutrales
2016-02-12,713.47,699.3382330236972,0.020005883288194696,0.4945797739286115,4.44191176470588,4.449118728067456,-0.007206963361575419,-0.012105684700022849,0.24123704461429435,0.3105835499621466,0.53886181489312,0.08230528503117322,Condiciones neutrales
2016-02-15,708.63,699.9648345160651,0.012303431161833087,0.3041619365117644,4.44292682926829,4.586190182331609,-0.14326335306331794,-0.24064240294312747,0.03175976678431845,0.2996265331208144,0.5290600383945776,0.07019302784705113,Condiciones neutrales
2016-02-16,701.39,696.5493329155659,0.006925459950626551,0.1712092571665512,4.45,4.546636025920039,-0.09663602592003893,-0.16232152180603124,0.0044438676802599775,0.28246666170586304,0.5031448861504038,0.061788437261322306,Condiciones neutrales
2016-02-17,704.92,696.7378325776151,0.011675118097299063,0.28862895909021746,4.44956521739131,4.5013216952133615,-0.0517564778220516,-0.08693642110600705,0.1008462689921052,0.26923466679297636,0.48562058628160926,0.05284874730434351,Condiciones neutrales
2016-02-18,705.44,690.523631879198,0.021371525045848397,0.5283407822299244,4.46,4.489838553359883,-0.02983855335988347,-0.0501204322482635,0.23911017499083045,0.26565402748476863,0.4878352449917228,0.043472809977814456,Condiciones neutrales
2016-02-19,700.74,687.3063072593674,0.01935686456799929,0.47853491715894847,4.45,4.477586223725208,-0.027586223725208,-0.04633714780099266,0.2160988846789779,0.2587966634895424,0.48351321279754644,0.03408011418153833,Condiciones neutrales
2016-02-22,702.38,686.3324163230459,0.023112485853100627,0.5713803216526839,4.45,4.450603558238674,-6.035582386734496e-4,-0.0010138091965940445,0.28518325622804497,0.2559047723096733,0.47945709504967726,0.03235244956966924,Condiciones neutrales
2016-02-23,693.78,687.9952764042721,0.008372935150616231,0.206993328625201,4.45,4.453613919887974,-0.0036139198879735837,-0.006070375621472076,0.10046147650186446,0.23962279894441327,0.45407862203204796,0.025166975856778535,Condiciones neutrales
2016-02-24,693.23,687.9991328271657,0.00757425695146236,0.18724863265307545,4.44,4.432850981175715,0.007149018824285598,0.012008354068059566,0.0996284933605675,0.22836537301783527,0.43200588714571875,0.02472485888995183,Condiciones neutrales
2016-02-25,698.47,691.3574569212061,0.010235234792327004,0.253032572307491,4.44,4.402223267622588,0.037776732377411894,0.0634543549362694,0.1582434636218802,0.21901184947366611,0.41832244936505736,0.0197012495822749,Condiciones neutrales
2016-02-26,691.36,692.6043539668165,-0.0017982461738571438,-0.044455732012545886,4.43396648044691,4.417258674942699,0.016707805504210214,0.02806444480370765,-0.008195643604419118,0.20896615989045814,0.3994452121327618,0.01848710764815444,Condiciones neutrales
2016-02-29,689.18,700.0094967110143,-0.015591416601328234,-0.3854465802298281,4.41272727272727,4.386263853912595,0.02646341881467535,0.04445114928197515,-0.17049771547392648,0.19162892818648833,0.3610233642758321,0.022234492097144593,Condiciones neutrales
2016-03-01,694.17,693.3728360247803,0.0011490298421477454,0.028405989947067427,4.43388888888889,4.384854410678026,0.04903447821086431,0.08236422233192946,0.055385106139498444,0.17911515726507438,0.3337219403686296,0.024508374161519107,Condiciones neutrales
2016-03-02,694.82,687.1503950098559,0.011099635361470144,0.27440203807473607,4.43894736842105,4.3895406533784485,0.049406715042601204,0.0829894761999826,0.17869575713735933,0.17365938067233586,0.3233686687779389,0.023950092566732806,Condiciones neutrales
2016-03-03,688.48,683.5499596638033,0.007186521722160775,0.1776631522576512,4.44068181818182,4.408014782080325,0.032667036101495114,0.05487149292826715,0.11626732259295917,0.16809194640044037,0.31143729274208315,0.024746600058797575,Condiciones neutrales
2016-03-04,686.64,680.7606341652973,0.00859938472904627,0.21259155089276,4.44487179487179,4.484293286225339,-0.039421491353548846,-0.06621709044271062,0.07318723022502469,0.15753235315577233,0.2994879813964602,0.015576724915084416,Condiciones neutrales
2016-03-07,681.39,681.8469258486145,-6.703542972784739e-4,-0.016572308856550165,4.45,4.510367135886124,-0.0603671358861238,-0.10139992069018999,-0.05898611477337008,0.14860618174235868,0.2895080978023613,0.007704265682356028,Condiciones neutrales
2016-03-08,681.63,677.4211567509933,0.006193816448393455,0.153121773963832,4.44266666666667,4.511045202341828,-0.06837853567515784,-0.11485683381520356,0.01913247007431422,0.14413971176982104,0.2881068240625348,1.7259947710730321e-4,Condiciones neutrales
2016-03-09,682,680.7999675499841,0.001761128248834406,0.04353811319502175,4.44999999999999,4.517916294807856,-0.06791629480786585,-0.11408039831606724,-0.035271142560522745,0.13498591878167315,0.27774254696091316,-0.007770709397566824,Condiciones neutrales
2016-03-10,678.72,683.9282491224817,-0.007644341800214009,-0.18898125041116562,4.44,4.551080016552359,-0.1110800165523593,-0.18658339017311731,-0.18778232029214148,0.12592107664033494,0.2653659947304792,-0.013523841449809334,Condiciones neutrales
2016-03-11,678.22,678.4657340851358,-3.6225646315737187e-4,-0.00895560156337971,4.45,4.578433069231335,-0.12843306923133432,-0.21573166993745885,-0.11234363575041928,0.11675291130287742,0.2583771343070026,-0.02487131170124778,Condiciones neutrales
2016-03-14,683,677.4447121178423,0.008166915876985243,0.20190017855981615,4.45,4.575822875250469,-0.12582287525046917,-0.2113472733819387,-0.004723547411061277,0.1119945252942314,0.26058898630832567,-0.03659993571986285,Condiciones neutrales
2016-03-15,684.74,675.3242702125758,0.0138462283343557,0.3423025307465711,4.45,4.565634413384306,-0.1156344133843056,-0.1942335042753032,0.07403451323563394,0.10639890894653226,0.2582558229929384,-0.045458005099873945,Condiciones neutrales
2016-03-16,685.98,673.7970202973435,0.017919564055318315,0.4430023814348844,4.44333333333333,4.483536910945223,-0.040203577611893235,-0.06753077682860453,0.18773580230313994,0.10582540707157986,0.26101561679293556,-0.04936480264977581,Condiciones neutrales
2016-03-17,688.11,661.8914405319964,0.038847153496369705,0.9603683135221546,4.42846153846154,4.5486814001393485,-0.12021986167780896,-0.20193577615660155,0.3792162686827765,0.10775197326929761,0.2747282794278237,-0.059224332889228466,Condiciones neutrales
2016-03-18,672.06,657.8429057289001,0.021381464523389775,0.5285865031753367,4.430769230769232,4.536234461063855,-0.10546523029462276,-0.17715211812633921,0.17571719252449874,0.10876438685471335,0.2812894407728269,-0.06376066706340021,Condiciones neutrales
2016-03-21,671.97,654.3049954481719,0.02664010002518087,0.6585889989503436,4.437692307692308,4.555688380654129,-0.11799607296182035,-0.19820043247790936,0.23019428323621713,0.11333249090207914,0.29704911577968746,-0.07038413397552915,Condiciones neutrales
2016-03-22,677.52,659.7565599304174,0.026568154224521908,0.6568103752668785,4.44,4.540723840882082,-0.10072384088208161,-0.16918790873764278,0.24381123326461784,0.1125903274125856,0.29904163648607474,-0.07386098166090352,Condiciones neutrales
2016-03-23,677.42,658.8755442094902,0.027756803458149792,0.6861958245759324,4.44,4.503527013499045,-0.06352701349904456,-0.10670763215666232,0.28974409620963504,0.1067589986205989,0.29286962563387614,-0.07935162839267836,Condiciones neutrales
2016-03-24,677.16,662.2416548624798,0.022277054885424433,0.5507270341584961,4.45,4.497264130366958,-0.04726413036695744,-0.07939053261928769,0.2356682507696042,0.10526673679941874,0.2919301255657494,-0.0813966519669119,Condiciones neutrales
2016-03-28,682.36,666.0274419663808,0.024226503967072394,0.5989207615834546,4.428769230769232,4.499969796951924,-0.07120056618269233,-0.11959705654482075,0.23966185251931693,0.10521423039625283,0.29540815848757745,-0.08497969769507183,Condiciones neutrales
2016-03-29,680.84,662.1228266685318,0.02787625243873654,0.6891488084039176,4.42346153846154,4.402214003645841,0.0212475348156992,0.03568992156987848,0.36241936498689803,0.11623621700300547,0.3082410542173159,-0.07576862021130495,Condiciones neutrales
2016-03-30,683.16,654.0155372439659,0.04359798432222047,1.0778170060879493,4.42,4.468223260781617,-0.04822326078161676,-0.08100160371865982,0.4984077011846447,0.1327016781198183,0.33846131251469586,-0.07305795627505925,Condiciones neutrales
2016-03-31,675.1,654.5897601662961,0.030852108989902424,0.7627170902496931,4.43,4.476672627445104,-0.04667262744510409,-0.07839697298649198,0.3421600586316006,0.14074547110780147,0.35426425022001173,-0.07277330800440875,Condiciones neutrales
2016-04-01,669.8,653.0548810862139,0.02531799007277663,0.625904171594847,4.42285714285714,4.443178033960307,-0.020320891103167208,-0.03413341905274625,0.2958853762710504,0.14263797781714216,0.35751636319884245,-0.07224040756455817,Condiciones neutrales
2016-04-04,671.24,654.5758631240699,0.025139259455641532,0.6214856439575814,4.43,4.42315782733806,0.006842172661939882,0.011492938253324899,0.31648929110545315,0.14598432469802466,0.36228138742546356,-0.07031273802941425,Condiciones neutrales
2016-04-05,669.55,660.2435074170154,0.013997127334810355,0.3460330130479927,4.43,4.425788349172315,0.004211650827685022,0.007074396584055997,0.17655370481602436,0.1423633396509573,0.35476981047197387,-0.07004313117005925,Condiciones neutrales
2016-04-06,674.93,664.5167369216797,0.015548916714065627,0.38439591006787976,4.425,4.386993709606494,0.03800629039350596,0.0638399482609162,0.224117929164398,0.1464852214063751,0.36068322985339646,-0.0677127870406463,Condiciones neutrales
2016-04-07,676.62,668.0292340874126,0.012777879289292991,0.3158911085877826,4.42,4.411807080673686,0.008192919326314135,0.013761815228016214,0.1648264619078994,0.14865848702461948,0.3649713123845534,-0.06765433833531442,Condiciones neutrales
2016-04-08,680.79,667.4116666580211,0.019846841626956168,0.4906479910761644,4.39529411764706,4.4251088093901,-0.029814691743040123,-0.050080351399305896,0.22028381983842926,0.15072649889850445,0.37289182634350915,-0.07143882854650026,Condiciones neutrales
2016-04-11,682.45,669.511737534124,0.0191405675335835,0.4731876832057285,4.391823529411767,4.443724545196382,-0.05190101578461406,-0.0871792044967613,0.1930042393544836,0.15743316166380122,0.390146606850785,-0.07528028352318256,Condiciones neutrales
2016-04-12,682.16,665.8775457416863,0.024158446051416323,0.5972382530906106,4.39066666666667,4.484270801872214,-0.0936041352055443,-0.15722879256721128,0.22000473026169967,0.17044990985498876,0.42290276796146625,-0.08200294825148878,Condiciones neutrales
2016-04-13,674.58,664.3731221170602,0.015246352438148094,0.3769160018315626,4.3709375,4.40804599194809,-0.037108491948090114,-0.062331897732683716,0.15729205204943944,0.1738468080519868,0.43451976835761613,-0.08682615225364254,Condiciones neutrales
2016-04-14,670.8,661.6994018548896,0.013659652883557687,0.33769006535591467,4.36,4.412745172418473,-0.052745172418472736,-0.08859715177000675,0.12454645679295395,0.17204183137383994,0.43662936926698875,-0.09254570651930885,Condiciones neutrales
2016-04-15,668.38,658.9484717303302,0.014211534233899616,0.3513335196116232,4.37,4.411373957481018,-0.04137395748101827,-0.06949668798480953,0.14091841581340683,0.17286353448118819,0.44241838151212115,-0.09669131254974475,Condiciones neutrales
2016-04-18,666.6,659.663695248789,0.010460013372588678,0.2585894846321477,4.35105263157895,4.411135759189391,-0.06008312761044085,-0.10092286614375708,0.07883330924419532,0.17305173711516056,0.44395164597010073,-0.09784817173977962,Condiciones neutrales
2016-04-19,666,655.3480108209809,0.016123261772061734,0.39859470573457007,4.3485,4.448279511991088,-0.0997795119910882,-0.1676017000622334,0.11549650283616833,0.17886782436881182,0.4577905464564714,-0.10005489771884775,Condiciones neutrales
2016-04-20,657.9,657.7876318347719,1.7081283244179744e-4,0.004222786409187147,4.36425,4.492935232277473,-0.12868523227747264,-0.21615523339635237,-0.10596622349358262,0.1746978679165486,0.4528272468713166,-0.10343151103821938,Condiciones neutrales
2016-04-21,660.38,659.5657217231433,0.001233805855425978,0.030501798508864794,4.38,4.485866515034945,-0.10586651503494501,-0.17782616436433893,-0.07366218292773707,0.17341816657097478,0.45239270304844464,-0.1055563699064951,Condiciones neutrales
2016-04-22,660.34,657.2322294325197,0.004717428405744601,0.11662292740727656,4.3875,4.4894413319959305,-0.10194133199593053,-0.17123295362130553,-0.027305013107014484,0.17876741014381237,0.4625795089757261,-0.10504468868810136,Condiciones neutrales
2016-04-25,666.8,659.6746433227594,0.0107434020656798,0.2655953395471185,4.37818181818182,4.517279929074819,-0.13909811089299942,-0.23364595993608367,0.015974689805517417,0.18304468766234358,0.4717312070127427,-0.10564183168805552,Condiciones neutrales
2016-04-26,668.36,657.8389481408107,0.015866808823582264,0.3922547486601855,4.385,4.522219813309851,-0.13721981330985125,-0.2304909448244991,0.0808819019178432,0.18589820263997373,0.47807635934942166,-0.10627995406947421,Condiciones neutrales
2016-04-27,669.01,657.7053929150403,0.017041907767973954,0.42130521156096334,4.41,4.48909712911829,-0.07909712911829009,-0.13286107584341997,0.14422206785877167,0.18823778779407832,0.4807097820432347,-0.1042342064550781,Condiciones neutrales
2016-04-28,668.49,659.086701757803,0.01416634607689656,0.3502163908074174,4.41625,4.535561371590615,-0.1193113715906152,-0.2004097666576078,0.0749033120749048,0.1844767047864705,0.47761691568898584,-0.10866350611604488,Condiciones neutrales
2016-04-29,663.4,658.550520037461,0.007336888397779862,0.18138047457543002,4.42,4.537410183206405,-0.11741018320640481,-0.19721630139631557,-0.007917913410442776,0.17157223205002983,0.4516506543907617,-0.108506190290702,Condiciones neutrales
2016-05-02,659.34,652.0329758787512,0.011144197538031283,0.27550369156795523,4.41571428571429,4.565074568150975,-0.14936028243668562,-0.25088354070522695,0.012310075431364143,0.16612532814692535,0.4432145606705156,-0.11096390437666494,Condiciones neutrales
2016-05-03,660.88,651.3422825906365,0.014536996510281954,0.3593795057226415,4.4085,4.522420788257855,-0.11392078825785512,-0.19135509287870192,0.08401220642196978,0.1612525922531171,0.4332409108962589,-0.11073572639002469,Condiciones neutrales
2016-05-04,667.89,656.2184610182641,0.017629735968058575,0.43583733364318455,4.410625,4.4995488928133955,-0.088923892813396,-0.14936729308726343,0.14323502027796056,0.15790005182022854,0.4258751428421358,-0.1100750392016787,Condiciones neutrales
2016-05-05,670.36,658.9307106413577,0.017196495726683636,0.4251268912423517,4.41,4.476716907476826,-0.06671690747682543,-0.11206576272901975,0.15653056425666598,0.15345960075512957,0.41717284506434976,-0.11025364355409062,Condiciones neutrales
2016-05-06,667.43,661.4289258146359,0.009031982047728843,0.22328609914109468,4.39583333333333,4.505129021882753,-0.10929568854942223,-0.18358621769959776,0.019849940720748457,0.14626565708683437,0.40625814723043635,-0.11372683305676762,Condiciones neutrales
2016-05-09,666.89,665.5315765573058,0.0020390301947186855,0.05040832630132698,4.41032786885245,4.4592277171652714,-0.0488998483128214,-0.08213808172108716,-0.01586487770988009,0.1377480994125278,0.3879743993876988,-0.11247820056264317,Condiciones neutrales
2016-05-10,670.97,666.4979896638383,0.006687303227308837,0.16532161418267158,4.43421052631579,4.431057077568931,0.003153448746859071,0.005296912767822632,0.0853092634752471,0.12851109602880612,0.37051349291365726,-0.11349130085604503,Condiciones neutrales
2016-05-11,677.2,669.55739861544,0.011349755247115779,0.2805854309654996,4.45391304347826,4.4641174877017535,-0.01020444422349379,-0.017140615001209312,0.13172240798214513,0.11628825292205612,0.34393910707624226,-0.11136260123213002,Condiciones neutrales
2016-05-12,678.5,667.3104330898085,0.016629124705915224,0.4111005057464974,4.46846153846154,4.456727444509878,0.011734093951661861,0.01970999913453332,0.21540525244051537,0.11206309271568661,0.33221855425946906,-0.10809236882809584,Condiciones neutrales
2016-05-13,682.55,670.2006987369793,0.018258566566523457,0.45138310539182197,4.50413793103449,4.4294632390795785,0.07467469195491115,0.12543261711266473,0.2884078612522434,0.1118138422150597,0.3264011853860349,-0.10277350095591548,Condiciones neutrales
2016-05-16,689.34,675.214271476983,0.02070453836880895,0.5118517267260256,4.5184,4.437567505247191,0.08083249475280858,0.1357760052189101,0.32381386597246786,0.11205799471062687,0.32274672147831635,-0.09863073205706263,Condiciones neutrales
2016-05-17,692.52,676.8791917705927,0.022844307946588482,0.5647505034904591,4.53180722891566,4.475949672575,0.05585755634066064,0.09382508710658827,0.3292877952985237,0.11714913106004352,0.33003730449306523,-0.09573904237297823,Condiciones neutrales
2016-05-18,692.77,681.4054767366052,0.016540511098988197,0.4089098252826746,4.53,4.505881641022077,0.024118358977923048,0.04051210400560164,0.22471096464413812,0.11716889890936819,0.33085443500022504,-0.09651663718148872,Condiciones neutrales
2016-05-19,691.32,684.2419408701185,0.01029124372965139,0.25441720937453927,4.56461538461538,4.49433910194887,0.07027628266651018,0.11804451849807776,0.1862308639363085,0.11788237897698182,0.3288053050264503,-0.09304054707248666,Condiciones neutrales
2016-05-20,696.96,682.1450725617094,0.021485668715854004,0.5311626096740577,4.5596,4.460495159274994,0.09910484072500611,0.16646844084977522,0.34881552526191645,0.12216676915776473,0.33015579231304676,-0.08582225399751729,Condiciones neutrales
2016-05-23,692.19,684.6232079688732,0.010991858841514804,0.27173761750872294,4.58758620689655,4.44515341596956,0.14243279092699032,0.2392472906272018,0.2554924540679624,0.12424970964821402,0.3234407901231465,-0.07494137082671852,Condiciones neutrales
2016-05-24,693.89,685.3936301274952,0.012320130762875126,0.3045747793135088,4.58625,4.415675002536403,0.17057499746359667,0.2865183342003453,0.29554655675692704,0.12676777053138827,0.31368534099724316,-0.06014979993446663,Condiciones neutrales
2016-05-25,692.87,685.2570909565801,0.011048308290923896,0.27313314479062095,4.57867647058824,4.391334188677754,0.18734228191048588,0.3146826870083313,0.2939079158994761,0.13132163265972283,0.31022591242921177,-0.04758264710976613,Condiciones neutrales
2016-05-26,692.24,680.8021090813069,0.01666104109860149,0.4118895337565081,4.56126315789474,4.369618261352329,0.1916448965424109,0.3219098773666854,0.3668997055615968,0.13940007428534423,0.3126992280425649,-0.03389907947187639,Condiciones neutrales
2016-05-27,687.34,681.3403662929561,0.008767090232812419,0.21673751880351905,4.56,4.365431320235735,0.1945686797642647,0.3268210162249302,0.27177926751422465,0.1437621026753715,0.30821269468229473,-0.020688489331551735,Condiciones neutrales
2016-05-30,687.43,686.069634531148,0.0019808755378967003,0.04897064336528358,4.57190476190476,4.317283337989396,0.2546214239153639,0.4276928466466457,0.23833174500596463,0.14907871720076382,0.30122539997339925,-0.0030679655718716427,Condiciones neutrales
2016-05-31,690.27,682.1732843891225,0.011799117147629316,0.291694428452217,4.57870588235294,4.321689123830776,0.25701675852216394,0.43171633948907856,0.3617053839706478,0.15728567990524647,0.2976620573973208,0.016909302413172088,Condiciones neutrales
2016-06-01,689.81,682.8404907772441,0.01015490711151743,0.2510467341596471,4.58545454545455,4.31327698279509,0.2721775626594603,0.4571822542547106,0.3541144942071789,0.17262170382860517,0.3058895223223362,0.03935388533487419,Condiciones neutrales
2016-06-02,693.61,682.0552390252165,0.01679919269247933,0.41530487828709917,4.5596,4.27194360177642,0.28765639822357975,0.48318237295404726,0.4492436256205732,0.1900518974468822,0.3187162916482773,0.061387503245487064,Condiciones neutrales
2016-06-03,691.36,681.2554669300083,0.014723301386979295,0.3639852820571031,4.555875,4.209455993695764,0.34641900630423583,0.581887135263251,0.47293620866017705,0.20672660483912192,0.3269617034699382,0.0864915062083056,Condiciones neutrales
2016-06-06,683.27,678.3975607366366,0.007156607383227555,0.17692361845283558,4.53,4.259000017895506,0.2709999821044942,0.455204247958286,0.3160639332055608,0.21672957961912337,0.3240059794334621,0.1094531798047846,Condiciones neutrales
2016-06-07,680.55,677.1246019596116,0.005045988639053268,0.12474550033099355,4.55107142857143,4.234609581712833,0.31646184685859646,0.5315674779314633,0.3281564891312284,0.22497206585956953,0.3150890044891557,0.13485512722998336,Condiciones neutrales
2016-06-08,679.85,675.2543241363899,0.006782789193250875,0.1676821911573876,4.52857142857143,4.221918822269759,0.30665260630167135,0.5150906946635024,0.341386442910445,0.2315442116946253,0.3066349038090365,0.15645351958021408,Condiciones neutrales
2016-06-09,673.14,680.7931699051056,-0.011305212969600076,-0.279484269410839,4.55583333333332,4.24067426102537,0.3151590723079501,0.5293791807036151,0.12494745564638807,0.23321234981367475,0.2856448818017613,0.1807798178255882,Condiciones neutrales
2016-06-10,678.18,688.1691400022206,-0.014621911314688018,-0.36147874543934627,4.56,4.242226178228601,0.31777382177139796,0.5337712291969954,0.08614624187882455,0.23634782165665033,0.2675495744679354,0.20514606884536524,Condiciones neutrales
2016-06-13,683.67,704.0421989234496,-0.029362950951450396,-0.7259025474778581,4.55190789473683,4.1834829115017245,0.3684249832351058,0.618851027665065,-0.053525759906396575,0.2341532938120583,0.23416936649974165,0.23413722112437496,Condiciones neutrales
2016-06-14,685,705.0734468652354,-0.028883139074377756,-0.7140407743048195,4.54037383177571,4.179372469954747,0.3610013618209634,0.6063814179746528,-0.05382967816508333,0.2295585643258232,0.1983886904988263,0.2607284381528201,Condiciones neutrales
2016-06-15,688.34,699.9505324466826,-0.016726762702851887,-0.41351428462124806,4.54038461538461,4.183968834344177,0.35641578104043337,0.5986789235521688,0.09258231946546036,0.22787014096540653,0.17007696989001186,0.2856633120408012,Condiciones neutrales
2016-06-16,685.89,700.1673547953551,-0.020602119733581052,-0.5093197622670013,4.53294117647059,4.178025074561478,0.3549161019091122,0.5961598816472562,0.043420059690127466,0.22409979081318857,0.13892874810636677,0.3092708335200104,Condiciones neutrales
2016-06-17,689.83,693.8477038377653,-0.005807299081201777,-0.14356640121016048,4.54039603960397,4.209730864541178,0.33066517506279236,0.5554251006644519,0.20592934972714572,0.23030243778006848,0.12670033142799159,0.3339045441321454,Condiciones neutrales
2016-06-20,685.64,691.4944468623872,-0.008502411865941336,-0.2101942152679963,4.56493827160494,4.2683089134328895,0.2966293581720506,0.4982544384707474,0.14403011160137555,0.23563227075711035,0.11801358004234748,0.3532509614718732,Condiciones neutrales
2016-06-21,679.8,691.1522129274923,-0.016561441448177068,-0.4094272594404646,4.58199999999999,4.273891211976923,0.3081087880230668,0.5175366730736517,0.05405470681659355,0.2345904522018219,0.09885528425490961,0.37032562014873416,Condiciones neutrales
2016-06-22,676.03,696.2803297954426,-0.029514898181389353,-0.7296589438113623,4.5774358974359,4.270061880011327,0.3073740174245729,0.5163024637755111,-0.10667824001792559,0.22664376393515287,0.06518047176234755,0.3881070561079582,Condiciones neutrales
2016-06-23,672.8,685.0528046680319,-0.018047813739044526,-0.4461729337504199,4.57892857142857,4.2740997265964875,0.30482884483208234,0.512027284984385,0.03292717561698255,0.22056116137436843,0.036604690445783634,0.40451763230295323,Condiciones neutrales
2016-06-24,669.88,708.362447406057,-0.055857302199771953,-1.3808883864941441,4.54592274678109,4.1571078649771485,0.3888148818039418,0.6531003599782821,-0.363894013257931,0.19881776555736264,-0.024471025950415233,0.4221065570651405,Condiciones neutrales
2016-06-28,680.21,687.8180938421141,-0.011122830465209338,-0.274975460852342,4.53107692307691,4.060285204206967,0.47079171886994237,0.790798540534763,0.2579115398412105,0.19662102135298737,-0.050698598869694154,0.4439406415756689,Condiciones neutrales
2016-06-29,674.16,684.6732486099843,-0.015474243664496238,-0.38254986411016956,4.48666666666668,4.0570660049753675,0.4296006616913123,0.7216090739525285,0.16952960492117947,0.19129574834040924,-0.0822752777897151,0.4648667744705336,Condiciones neutrales
2016-06-30,661.49,679.4531021237559,-0.02679334671281031,-0.6623775201084068,4.45589211618259,3.994223494573939,0.4616686216086514,0.775474286283429,0.05654838308751109,0.18569032895518833,-0.11798485596941782,0.4893655138797945,Condiciones neutrales
2016-07-01,661.37,674.3243033562659,-0.019397716252364236,-0.4795448409162131,4.43791666666667,3.936773272126257,0.5011433945404125,0.8417808748897622,0.18111801698677454,0.1855199007235372,-0.14245025764577623,0.5134900590928506,Condiciones neutrales
2016-07-04,659.64,672.8830222594896,-0.019877267511716805,-0.4914001711718749,4.4190780141844,3.9349146073207195,0.48416340686368076,0.8132592400885198,0.16092953445832245,0.17925703436341742,-0.176535683673974,0.5350497524008088,Condiciones neutrales
2016-07-05,659.26,673.8870730626115,-0.021944555619104758,-0.5425070815776041,4.38943396226414,3.8776955069278483,0.5117384553362916,0.8595776165877037,0.15853526750504982,0.17602512814465365,-0.20367717364351823,0.5557274299328255,Condiciones neutrales
2016-07-06,661.29,676.1731387859777,-0.022256692877313727,-0.5502236503676852,4.38670520231213,3.8309277212856774,0.5557774810264524,0.9335508744987523,0.19166361206553356,0.1725623633216072,-0.23217045463289135,0.5772951812761058,Condiciones neutrales
2016-07-07,664.51,674.5370840400349,-0.014976727231972187,-0.37025040393743563,4.40675,3.8424041445667116,0.5643458554332882,0.9479433493535468,0.28884647270805563,0.17239364854855985,-0.25361657292382656,0.5984038700209463,Condiciones neutrales
2016-07-08,664.06,674.1495331354953,-0.015079438716791857,-0.3727896081410291,4.3916883116883,3.78179818251892,0.60989012916938,1.0244450033900037,0.32582769762448727,0.17102458161732287,-0.27977254432041115,0.6218217075550568,Condiciones neutrales
2016-07-11,661.5,676.5895942488498,-0.022554893200748105,-0.5575956742081243,4.36224489795919,3.8057756025253076,0.5564692954338826,0.9347129293985919,0.18855862759523379,0.16825056028668983,-0.3055836507541326,0.6420847713275123,Condiciones neutrales
2016-07-12,657.84,675.2081162516298,-0.02605922306171616,-0.6442287233687976,4.3676377952756,3.857708643705938,0.5099291515696625,0.8565384918098322,0.10615488422051733,0.16384466492717492,-0.3286902963119353,0.6563796261662852,Condiciones neutrales
2016-07-13,657.82,670.4600943758505,-0.019032847061618584,-0.4705246482422417,4.38686274509803,3.832185713995178,0.554677031102852,0.9317024261114195,0.2305888889345889,0.15947411509263965,-0.35409759886841724,0.6730458290536965,Condiciones neutrales
2016-07-14,658.2,666.5255868078597,-0.012569692181896071,-0.3107443659507312,4.3786033519553,3.8729144704758847,0.505688881479415,0.8494160228613774,0.2693358284553231,0.15664815956757777,-0.3728239688720965,0.6861202880072521,Condiciones neutrales
2016-07-15,650.92,665.2907082788731,-0.0218373536454742,-0.53985686478291806,4.38128205128205,3.8957584017433313,0.4855236495387189,0.8155440677077805,0.13784360146243124,0.14626815876230637,-0.4046626936410971,0.6971990111657098,Condiciones neutrales
2016-07-18,650.58,667.4547044123251,-0.025607256701448255,-0.6330553391665342,4.38125,3.8645249272154203,0.5167250727845796,0.8679537405555952,0.11744920069453046,0.13441859183011814,-0.43789738101521836,0.7067345646754547,Condiciones neutrales
2016-07-19,650.84,666.0295108231153,-0.023070143832805805,-0.570333554233149,4.38874999999999,3.87672532379997,0.5120246762000201,0.8600583876638187,0.14486241671533484,0.12871187461377728,-0.4628059534380845,0.7202297026656391,Condiciones neutrales
2016-07-20,651.53,668.2420933059224,-0.025327079921527863,-0.6261288882582235,4.39,3.919105295265289,0.47089470473471057,0.7909715280115815,0.082421319876679,0.12052070230529231,-0.48783509972439176,0.7288765043349763,Condiciones neutrales
2016-07-21,651.43,670.3321715742176,-0.028603421563283594,-0.7071256773102039,4.39954545454544,3.9123908239058505,0.4871546306395898,0.8182836602335463,0.05557899146167117,0.11099378725699985,-0.5169953620066448,0.7389829365206445,Condiciones neutrales
2016-07-22,650.09,668.8713348155667,-0.02848090214783494,-0.7040967870621928,4.40882352941176,3.9098620434144253,0.4989614859973345,0.8381158781995315,0.06700954556866934,0.10906252358774256,-0.5311491125950233,0.7492741597705084,Condiciones neutrales
2016-07-25,650.78,671.9699815195497,-0.0320420257024216,-0.7921338738125003,4.4518,3.9034125562669004,0.5483874437330998,0.9211376767472957,0.0645019014673977,0.10834104557402834,-0.545504283540795,0.7621863746888518,Condiciones neutrales
2016-07-26,656.33,673.2065262020618,-0.025388445330668055,-0.6276459465026601,4.47055555555556,3.9108758737689913,0.5596796817865684,0.9401054814348735,0.15622976746610667,0.11533289648644511,-0.5422290635082885,0.7728948564811786,Condiciones neutrales
2016-07-27,661.04,675.8686126279637,-0.022184344741874362,-0.548435080277862,4.47402298850575,3.8554157637386886,0.6186072247670612,1.0390872882902031,0.24532610400617055,0.12530475589215356,-0.5367088737073898,0.787318385491697,Condiciones neutrales
2016-07-28,664.94,672.3258904621217,-0.011046367993421046,-0.27308517730593185,4.455,3.8776550671957817,0.5773449328042183,0.9697781671746941,0.34834649493438113,0.13383022840778425,-0.532027903463546,0.7996883602791145,Condiciones neutrales
2016-07-29,664.94,670.5361240202577,-0.008380766491082294,-0.20718693280360506,4.41493827160494,3.8576943975763296,0.55724387402861,0.9360140050073774,0.3644135361018862,0.14453001095484289,-0.5219568091480995,0.8110168310577852,Condiciones neutrales
2016-08-01,656.95,669.1677300304001,-0.018426834150238134,-0.4555429688836889,4.4,3.911690114606037,0.4883098853939633,0.8202241654231814,0.18234059826974627,0.14374371923959622,-0.5323560280705504,0.8198434665497428,Condiciones neutrales
2016-08-02,657.47,669.487960135949,-0.01811404596822347,-0.44781030813985456,4.39076923076922,3.977579879768852,0.4131893510003683,0.694042657589444,0.12311617472479469,0.14304658801037687,-0.5402765644996124,0.826369740520366,Condiciones neutrales
2016-08-03,654.76,670.4872800413434,-0.02373597541006462,-0.5867940536878028,4.39381818181818,3.9699462492700226,0.4238719325481572,0.7119864096958161,0.06259617800400663,0.14333130371662398,-0.5461887909745237,0.8328513984077716,Condiciones neutrales
2016-08-04,657.21,669.3398705036017,-0.018288356668946282,-0.45211956785685486,4.3633116883117,3.910911079710135,0.4524006086015645,0.7599066140710674,0.15389352310710627,0.15201702915412504,-0.5369374784427067,0.8409715367509568,Condiciones neutrales
2016-08-05,657.36,665.9622158471686,-0.013001122345872257,-0.3214100601313644,4.36123595505619,3.945586985530884,0.4156489695253061,0.6981741294523346,0.1883820346604851,0.15719885778890846,-0.5327787159887382,0.8471764315665551,Condiciones neutrales
2016-08-08,656.98,668.1863607409376,-0.016913541152243677,-0.41813176848557904,4.38259259259259,3.9170486154226674,0.46554397716992263,0.7819838007864934,0.1819260161504572,0.17539285876918806,-0.500686828721786,0.8514725462601621,Condiciones neutrales
2016-08-09,654.79,668.5078477145953,-0.02073356222030647,-0.5125692461529556,4.35609523809525,3.8775582740064,0.47853696408885005,0.8038083883500515,0.14561957109854795,0.17164979314443266,-0.5086066215651398,0.8519062078540051,Condiciones neutrales
2016-08-10,653.06,664.3253557408889,-0.017103014384973702,-0.4228158720194848,4.329,3.9189890841623862,0.4100109158376133,0.6887037746245434,0.13294395130252928,0.1704302713571443,-0.5099488218287836,0.8508093645430722,Condiciones neutrales
2016-08-11,649.29,667.3633659633765,-0.027455215940984816,-0.678740063492533,4.31430555555556,3.9368105627267327,0.3774949928288271,0.634086109468474,-0.022326977012029514,0.16780109268715962,-0.5104942399415878,0.8460964253159071,Condiciones neutrales
2016-08-12,645.22,664.0917777089276,-0.028829015455429752,-0.712702745544085,4.23663636363636,3.881487952110614,0.3551484115257462,0.5965500968919664,-0.0580763243260593,0.15982794797673183,-0.5182661700958503,0.8379220660493139,Condiciones neutrales
2016-08-16,648.31,661.3504025254432,-0.01991483209438916,-0.4923288321331622,4.23638297872341,3.977968120554463,0.25841485816894694,0.4340647562429926,-0.029132037945084788,0.15349256222995158,-0.5182971254612265,0.8252822499211296,Condiciones neutrales
2016-08-17,649.01,664.0881886652312,-0.022966830006391506,-0.5677794591114487,4.25574468085106,3.9324029162233503,0.3233417646277096,0.543123817418218,-0.012327820846615323,0.14779712595156275,-0.519139538045688,0.8147337899488135,Condiciones neutrales
2016-08-18,657.46,660.0502916687229,-0.003932105916098778,-0.09720840749856123,4.24333333333333,3.9297962139239937,0.3135371194093357,0.526654753035008,0.21472317276822336,0.14856577797498574,-0.5040390299500506,0.801170585900022,Condiciones neutrales
2016-08-19,656.05,661.8198826885776,-0.008756432833811278,-0.2164740496073468,4.26,3.9185703092939907,0.34142969070600887,0.5735064791573707,0.17851621477501195,0.14488810271055094,-0.4989131514723809,0.7886893568934827,Condiciones neutrales
2016-08-22,660.94,666.2230920033684,-0.007961523254043848,-0.19682252037509065,4.25038461538461,3.8935339503004016,0.35685066508420865,0.5994094072317561,0.20129344342833272,0.14073696090401247,-0.49304758188018294,0.7745215036882078,Condiciones neutrales
2016-08-23,667.31,666.2861279745268,0.0015355056979656982,0.03796033646832809,4.24,3.9102517461358475,0.32974825386415263,0.5538849292540241,0.2959226328611761,0.14431576107954389,-0.4731957148576345,0.7618272370167223,Condiciones neutrales
2016-08-24,668.57,672.5331220254546,-0.005910259243650765,-0.14611175315159272,4.24,3.9099060468359395,0.33009395316406065,0.5544656074836398,0.20417692716602354,0.14758316251106074,-0.4565918158503944,0.7517581408725159,Condiciones neutrales
2016-08-25,671.49,674.1000809811044,-0.0038794641719258117,-0.09590701322582564,4.22457142857143,3.923983378322699,0.300588050248731,0.5049039350340677,0.20449846090412105,0.14671348157671182,-0.44410456134984716,0.7375315245032708,Condiciones neutrales
2016-08-26,665.94,675.3984799596461,-0.014103280979032436,-0.34865731334029876,4.203125,3.9270555482652494,0.27606945173475045,0.46371954044158353,0.05753111355064239,0.13965332441322245,-0.44536832626283274,0.7246749750892777,Condiciones neutrales
2016-08-29,662.93,677.4470347449895,-0.02166196828165293,-0.5355210375495213,4.2148,3.865208199725609,0.34959180027439124,0.5872165426008289,0.0258477525256538,0.13592012944866322,-0.4452237986883862,0.7170640575857126,Condiciones neutrales
2016-08-30,671.32,677.2055617280444,-0.008728939614638952,-0.215794370038745,4.22421052631579,3.8816485576851916,0.3425619686305985,0.5754083896930838,0.1798070098271694,0.13799872308641783,-0.4313150997174599,0.7073125458902956,Condiciones neutrales
2016-08-31,673.17,678.8882314510146,-0.008458608382371599,-0.20911131796778115,4.24,3.9046100781413418,0.3353899218586586,0.5633613551073631,0.17712501856979096,0.13907414314823305,-0.4192743585086143,0.6974226448050804,Condiciones neutrales
2016-09-01,678.57,679.6142042741238,-0.0015376478044392644,-0.038013293017167236,4.26882352941176,3.881846843913687,0.3869766854980731,0.6500127038075522,0.30599970539519245,0.14652675599885018,-0.3996705053339124,0.6927240173316127,Condiciones neutrales
2016-09-02,680.28,672.887078441536,0.010926950905911148,0.27013298192954943,4.25886363636364,3.900520076281552,0.3583435600820879,0.6019170536880879,0.43602501780881864,0.15920829021042174,-0.3670952166925873,0.6855117971134308,Condiciones neutrales
2016-09-05,675.43,671.1102057572402,0.00641616053309979,0.1586185013796774,4.24192307692308,3.891303745215302,0.35061933170777815,0.5889425082992621,0.37378050483946973,0.16943398885278177,-0.33833804041119164,0.6772060181167552,Condiciones neutrales
2016-09-06,673.61,670.5482650574443,0.004555624612583755,0.11262285991265586,4.22216216216216,3.839643693126329,0.38251846903583137,0.6425241458520483,0.3775735028823521,0.1798697088999469,-0.3081794826203531,0.6679189004202469,Condiciones neutrales
2016-09-07,669.49,667.2846217727397,0.0032995543035897485,0.08157064589582823,4.18395161290323,3.868428468315051,0.3155231445881791,0.5299907204064488,0.3057806831511385,0.1848547394227813,-0.2845389295404035,0.6542484083859661,Condiciones neutrales
2016-09-08,660.95,669.6617410976487,-0.013094526839485419,-0.32371917953737306,4.16647058823529,3.9248329058818,0.24163768235349015,0.40588378869962866,0.0410823045811278,0.1780466127752799,-0.2770483995157205,0.6331416250662802,Condiciones neutrales
2016-09-09,661.93,686.3432915915488,-0.036218117450737136,-0.895374029872284,4.22296296296298,4.003198752747082,0.21976421021589837,0.36914246732644224,-0.2631157812729209,0.15766453690170315,-0.29779136126793226,0.6131204350713385,Condiciones neutrales
2016-09-12,670.61,686.519989793562,-0.023447597261484276,-0.579664850869001,4.25025641025641,3.9641251785852094,0.2861312316712011,0.48062051930337446,-0.049522165782813266,0.14386668017221316,-0.3102072918701121,0.5979406522145384,Condiciones neutrales
2016-09-13,674.18,692.6835214002884,-0.02707607823213727,-0.6693671285599234,4.24631578947368,4.033125427107706,0.2131903623659741,0.35810023978281413,-0.15563344438855464,0.1326008787502698,-0.3173347638593199,0.5825365213598596,Condiciones neutrales
2016-09-14,672.97,695.8908163894001,-0.03349202289669328,-0.8279802932986714,4.27421052631579,4.017624381237098,0.2565861450786918,0.4309930292247226,-0.1984936320369744,0.12188055185821083,-0.33000709669794714,0.5737682004143688,Condiciones neutrales
2016-09-15,674.93,692.3111023904478,-0.025426442728554814,-0.628585307398952,4.24046875,3.987052763776487,0.25341598622351247,0.4256680481440088,-0.1014586296274716,0.11641205827049489,-0.3314001384883188,0.5642242550293086,Condiciones neutrales
2016-09-16,671.36,686.4520175574416,-0.02223082268925785,-0.5495840949141293,4.255,3.9954948862835256,0.25950511371647433,0.4358960809270038,-0.056844006993562735,0.10938747393380592,-0.3346489560568946,0.5534239039245065,Condiciones neutrales
2016-09-20,674.67,689.7539613909764,-0.022111273869622146,-0.5466286428934856,4.25,4.004618178655738,0.24538182134426204,0.4121728960283828,-0.06722787343255138,0.10086714366403804,-0.34215624214896534,0.5438905294770414,Condiciones neutrales
2016-09-21,672.73,682.096113527003,-0.013826516399411078,-0.34181521788024216,4.252,3.956729336021097,0.2952706639789027,0.4959722118683903,0.07707849699407407,0.09737222635882527,-0.3396123571287874,0.534356809846438,Condiciones neutrales
2016-09-22,666.89,674.3600512448271,-0.0111390541639085,-0.27537653853130917,4.21157894736842,3.9159560532177164,0.2956228941507039,0.49656386013795056,0.1105936608033207,0.09620469601565103,-0.3317059335413992,0.5241153255727012,Condiciones neutrales
2016-09-23,657.32,674.7430263987893,-0.026160954442754302,-0.6467436977246152,4.21371428571428,3.9330074737339413,0.28070681198033903,0.4715090098973079,-0.08761734391365364,0.08885265284177826,-0.33917019439823687,0.5168755000817934,Condiciones neutrales
2016-09-26,659.71,684.0984219490924,-0.03630145449029368,-0.8974342645337585,4.2116666666666696,3.933848871332457,0.2778177953342126,0.466656269171916,-0.21538899768092126,0.0824172521528152,-0.34646000109961106,0.5112945054052415,Condiciones neutrales
2016-09-27,662.34,678.1879033162791,-0.023645373819239927,-0.58455422684976,4.19,3.8942301198235874,0.2957698801764131,0.49681075559076104,-0.043871735629499475,0.08289073844270052,-0.3421883838098002,0.5079698606952013,Condiciones neutrales
2016-09-28,661.96,677.10381364239,-0.022619473642806965,-0.559192213584745,4.2116666666666696,3.891900387092114,0.31976627957455556,0.5371180015799,-0.011037106002422525,0.08349390284078927,-0.34441716319151966,0.5114049688730982,Condiciones neutrales
2016-09-29,662.27,682.7744923351229,-0.03049130500371681,-0.7537973964101551,4.15939393939394,3.9176938939055073,0.24170004548843282,0.40598854134101797,-0.17390442753456856,0.07810801595119082,-0.3506177611014765,0.5068337930038582,Condiciones neutrales
2016-09-30,659.08,681.9545660712452,-0.034118113771246135,-0.8434583343696118,4.17,3.9188291168677556,0.25117088313224445,0.4218969022704441,-0.21078071604958387,0.06392455299059725,-0.3754927586638449,0.5033418646450394,Condiciones neutrales
2016-10-03,658.02,679.8270704464096,-0.03260313166112975,-0.806005376220576,4.18,3.941412352578528,0.2385876474214717,0.40076058224516986,-0.20262239698770307,0.051219932598506754,-0.39514380288428586,0.4975836680812994,Condiciones neutrales
2016-10-04,658.59,681.6789112974483,-0.03445755632706476,-0.8518499369847081,4.19782608695652,3.998809289917599,0.19901679703892153,0.3342926103671751,-0.25877866330876653,0.03588419570727011,-0.4169780501046065,0.4887464415191467,Condiciones neutrales
2016-10-05,662.29,681.514496353202,-0.0286139956758041,-0.7073870875216177,4.22924050632912,3.9945947442954095,0.23464576203371057,0.3941393162231608,-0.15662388564922847,0.020799311756923292,-0.44182296423760464,0.4834215877514512,Condiciones neutrales
2016-10-06,664.86,681.8052476333279,-0.025167564232021124,-0.6221853866133418,4.23625,4.037507183067779,0.19874281693222115,0.3338324003425929,-0.14417649313537442,0.009187531080210027,-0.45769208535299627,0.47606714751341633,Condiciones neutrales
2016-10-07,666.97,685.080513149039,-0.026791301406232742,-0.6623269566191484,4.16903846153846,4.030833781853508,0.1382046796849531,0.23214524514635226,-0.21509085573639808,-0.004798779474473944,-0.4765727501327737,0.46697519118382586,Condiciones neutrales
2016-10-11,667.93,690.2311765131782,-0.03284320227677612,-0.8119403339079152,4.17,3.977698826867856,0.1923011731321436,0.3230122386626604,-0.2444640476226274,-0.014865284846916271,-0.4920155174850276,0.46228494779119506,Condiciones neutrales
2016-10-12,667.47,691.2543894487435,-0.035013457388472204,-0.8655927653975785,4.18825,3.9911608859906984,0.1970891140093014,0.3310546415046465,-0.267269061946466,-0.024635845329320262,-0.5030179084132962,0.4537462177546556,Condiciones neutrales
2016-10-13,667.19,694.0599446096272,-0.03948346937222556,-0.9760991341759808,4.19692307692308,3.9628611025805296,0.23406197434255074,0.3931587160221643,-0.29147020907690824,-0.040345085959456184,-0.5283614005512041,0.44767122863229164,Condiciones neutrales
2016-10-14,670.88,691.5699905834983,-0.030374078154765595,-0.7508993474903721,4.22333333333333,4.00922506015951,0.2141082731738204,0.3596420734601955,-0.1956286370150883,-0.052770207812285495,-0.5464210015352904,0.4408805859107194,Condiciones neutrales
2016-10-17,670.37,693.9920332686626,-0.034630682237700335,-0.8561299066571222,4.24,3.9700210916211427,0.2699789083788576,0.4534891294044805,-0.20132038862632085,-0.06968087761300261,-0.5736915553232889,0.43432980009728367,Condiciones neutrales
2016-10-18,670.61,689.8033817303065,-0.028218857030114213,-0.6976185819655005,4.2190625,3.930563274397635,0.2884992256023648,0.4845980874501854,-0.10651024725765756,-0.08776538644855181,-0.6059499407864573,0.4304191678893536,Condiciones neutrales
2016-10-19,668.47,686.7996667094695,-0.027051124797238348,-0.668750236817966,4.20408450704225,3.9359522924690813,0.26813221457316866,0.45038719980839764,-0.10918151850478416,-0.10386412056002695,-0.6335288987263786,0.4258006576063248,Condiciones neutrales
2016-10-20,667.41,683.1582367896633,-0.023321962062015526,-0.576558933091934,4.17397058823529,3.9491813672869482,0.22478922094834217,0.37758308128398266,-0.09948792590397565,-0.11976616818623786,-0.656501625159865,0.41696928878738926,Condiciones neutrales
2016-10-21,666.74,684.7139374368597,-0.026600976633416738,-0.6576218015526936,4.18571428571429,3.878331077818508,0.30738320789578255,0.5163179011991703,-0.07065195017676162,-0.1323139226305012,-0.6811413734081491,0.41651352814714665,Condiciones neutrales
2016-10-24,667.09,684.1491238135865,-0.025250941784782464,-0.6242466228307777,4.19,3.8539168430533555,0.3360831569466451,0.564525796353575,-0.029860413238601335,-0.13467867989115884,-0.6911589548512626,0.4218015950689449,Condiciones neutrales
2016-10-25,660.38,684.3812927578066,-0.0356997809484155,-0.8825598618376009,4.170625,3.8527509410619567,0.3178740589380434,0.5339395996290004,-0.17431013110430027,-0.13171849155220483,-0.6907318159167731,0.42729483281236347,Condiciones neutrales
2016-10-26,653.98,686.2845362261934,-0.04821554762026295,-1.191971096619634,4.19,3.91373845319041,0.27626154680959025,0.4640422064927024,-0.3639644450634658,-0.1421999008615599,-0.7111420241084608,0.42674222238534104,Condiciones neutrales
2016-10-27,653.62,688.8343475769157,-0.05247467485757561,-1.2972640324934677,4.22444444444444,3.9522284075359524,0.2722160369084873,0.4572468802427202,-0.42000857612537373,-0.1510124052527872,-0.7320719209062456,0.4300471104006713,Condiciones neutrales
2016-10-28,651.65,691.4110715652769,-0.05922693263869863,-1.4641914347374947,4.2693023255814,3.9616813129743447,0.307621012607055,0.5167173466674507,-0.473737044035022,-0.16018718565272214,-0.7532789589542065,0.4329045876487622,Condiciones neutrales
2016-11-02,651.18,693.261392292402,-0.0626210158409909,-1.5480989972631227,4.28214285714286,4.0134936909666,0.26864916617626033,0.45125553405657276,-0.548421731603275,-0.17508595571858224,-0.7839294152830122,0.43375750384584766,Condiciones neutrales
2016-11-03,653.55,694.5764496128833,-0.06088319354089011,-1.5051370471242287,4.25484848484849,4.029654873817781,0.22519361103070928,0.3782623436289327,-0.563437351747648,-0.19197240054371842,-0.8157811803566821,0.4318363792692453,Condiciones neutrales
2016-11-04,650.72,694.0859334917106,-0.06451633415748374,-1.5949545192608405,4.21759493670887,4.02527024559123,0.19232469111763928,0.3230517423069703,-0.6359513884769351,-0.21092985104519787,-0.850725376235594,0.4288656741451982,Condiciones neutrales
2016-11-07,654.87,686.4154617329349,-0.047046331100363936,-1.1630660573491869,4.19785714285714,3.968042406758858,0.22981473609828212,0.3860245425219738,-0.38852075741360653,-0.22644982619212056,-0.8781004042178921,0.425200751833651,Condiciones neutrales
2016-11-08,654.66,686.0415115775297,-0.04682212150370307,-1.1575232112757723,4.16666666666667,3.948890608004208,0.2177760586624619,0.3658029282398301,-0.3958601415179711,-0.24333161960283028,-0.9075052933093742,0.42084205410371367,Condiciones neutrales
2016-11-09,651.32,678.398870651178,-0.04073434685619907,-1.007022972645091,4.17294117647059,4.092749766480949,0.08019140998964103,0.13469916194671133,-0.43616190534918986,-0.2549497716506815,-0.9195146024733901,0.4096150591720271,Condiciones neutrales
2016-11-10,650.95,679.4980520347019,-0.042921532480919046,-1.0610939554770384,4.36904761904762,4.15937222042171,0.20967539862591114,0.3521960828398109,-0.35444893631861374,-0.2595851029386046,-0.9249699255048327,0.4057997196276236,Condiciones neutrales
2016-11-11,656.36,676.0179880299703,-0.0295102662937786,-0.7295444355992334,4.52703703703704,4.138991047189134,0.38804598984790606,0.6518088363335556,-0.03886779963283893,-0.2594183050720492,-0.9298029324631485,0.41096632231905006,Condiciones neutrales
2016-11-14,663.23,675.8725037896667,-0.018882616372415416,-0.4668106877420779,4.74327868852459,4.149371029894583,0.5939076586300067,0.9975989186563684,0.26539411545714525,-0.25020393102339694,-0.926723548268393,0.42631568622159904,Condiciones neutrales
2016-11-15,668.29,674.4599399953172,-0.009190070669501374,-0.22719432122210007,4.59512195121951,4.06567749312978,0.5294444580897301,0.8893187538569252,0.33106221631741256,-0.23337170956166425,-0.9091701124287911,0.4424266933054626,Condiciones neutrales
2016-11-16,668.93,677.573402216859,-0.012838468768746685,-0.3173889845185263,4.56517647058823,4.015309651378321,0.5498668192099082,0.9236226141858114,0.3031168148336425,-0.21624179186555673,-0.891634467433755,0.4591508837026415,Condiciones neutrales
2016-11-17,675.77,675.9609477028605,-2.8252324096703253e-4,-0.0069844594529602354,4.58227272727272,4.074732341376791,0.5075403858959286,0.8525260329394797,0.42277078674325974,-0.19539535240785796,-0.8650004368748344,0.4742097320591185,Condiciones neutrales
2016-11-18,674.38,678.4139734293203,-0.005963931633944067,-0.14743862676547279,4.60117647058823,4.097333142248493,0.5038433283397371,0.8463160092654716,0.3494386912499994,-0.17512144058923243,-0.8415200598675265,0.49127717868906173,Condiciones neutrales
2016-11-21,678.28,677.2963202217862,0.0014513088436260962,0.03587884570958947,4.609,4.02470140469205,0.5842985953079498,0.981458377210082,0.5086686114598358,-0.1529450240189303,-0.8167445287598196,0.510854480721959,Condiciones neutrales
2016-11-22,675.39,677.629471555044,-0.0033103346214810236,-0.08183715385794786,4.58454545454545,4.034181190852603,0.5503642636928465,0.924458181922748,0.42131051403240005,-0.1340954571133378,-0.7987329210013066,0.5305420067746309,Condiciones neutrales
2016-11-23,674.37,676.1400636885368,-0.002621327674173603,-0.06480371947639113,4.60740740740741,4.03720688400563,0.5702005234017806,0.9577775556473888,0.4464869180854988,-0.1120428646526079,-0.7788154797632146,0.5547297504579988,Condiciones neutrales
2016-11-24,679.24,677.3691401243216,0.002758143088334256,0.06818603135089156,4.61615384615385,3.998351553079546,0.6178022930743036,1.0377352279578955,0.5529606296543935,-0.08546204207670721,-0.7494779342545878,0.5785538501011733,Condiciones neutrales
2016-11-25,677.56,673.0800994212656,0.006633768699027114,0.16399814875435065,4.63272727272727,3.9985506913927447,0.6341765813345257,1.0652394569820605,0.6146188028682056,-0.05606577991621815,-0.7151582371161901,0.6030266772837538,Condiciones neutrales
2016-11-28,678.03,670.7714060074812,0.01076313241181015,0.2660831075695602,4.62627906976744,4.002783012363912,0.6234960574035284,1.0472991610969655,0.6566911343332629,-0.024460401802545783,-0.6737521623913387,0.6248313587862472,Condiciones neutrales
2016-11-29,675.91,669.5199315345615,0.00949899562076254,0.23483147627067613,4.56514851485149,4.005801556686035,0.5593469581654548,0.9395465987200083,0.5871890374953422,0.0016335206811352338,-0.6408944682659704,0.6441615096282409,Condiciones neutrales
2016-11-30,675.48,670.7867331237097,0.0069722972032039065,0.17236715444393935,4.5,4.129700681556195,0.3702993184438047,0.6219993870947292,0.3971832707693343,0.021583642660990405,-0.6066112328959351,0.6497785182179159,Condiciones neutrales
2016-12-01,673.54,674.3798932086936,-0.001246206575959711,-0.030808365605641715,4.55909090909091,4.208397206699213,0.35069370239169767,0.5890674302678204,0.27912953233108934,0.0344383019806153,-0.5843842256839398,0.6532608296451704,Condiciones neutrales
2016-12-02,674.76,674.0467014488643,0.0010576735967655383,0.02614750675303816,4.52342465753425,4.155483683575767,0.36794097395848274,0.6180380273207141,0.3220927670368761,0.04881411149867065,-0.5612209675649062,0.6588491905622476,Condiciones neutrales
2016-12-05,672.58,668.6814907076683,0.005813214347852987,0.1437126367550222,4.44883720930232,4.154132705825836,0.2947045034764839,0.49502122041914415,0.31936692858708315,0.06277593998170594,-0.5372119152366744,0.6627637952000863,Condiciones neutrales
2016-12-06,668.9,665.9387213571009,0.004436915791474103,0.10968817409738928,4.4174,4.142033055705374,0.275366944294626,0.46253952423463174,0.2861138491660105,0.07466813329313167,-0.5116349160483383,0.6609711826346016,Condiciones neutrales
2016-12-07,662.05,665.783044327961,-0.005622776416221335,-0.13900468420841308,4.4012,4.07815144605862,0.32304855394138027,0.5426313053932084,0.20181331059239765,0.08239059075416498,-0.4954601847609262,0.6602413662692561,Condiciones neutrales
2016-12-09,656.07,669.8317639585601,-0.020759091716833003,-0.513200379127127,4.39716981132076,4.0974859678600275,0.29968384346073274,0.5033851202808962,-0.0049076294231154005,0.08803734081020446,-0.4831482020039104,0.6592228836243194,Condiciones neutrales
2016-12-12,653.55,675.9109857134194,-0.033642348202373946,-0.8316965928805632,4.39607594936708,4.104714900433615,0.29136104893346443,0.4894051510046043,-0.17114572093797945,0.09446463161438735,-0.4711390518792747,0.6600683151080494,Condiciones neutrales
2016-12-13,649.4,676.9743640795953,-0.041584545583567556,-1.0280413445069538,4.36277777777778,4.0988516584126025,0.26392611936517774,0.4433221351130937,-0.29235960469693006,0.0987195973286688,-0.4621649622797242,0.6596041569370619,Condiciones neutrales
2016-12-14,650.25,678.1022972291902,-0.041941253099273344,-1.0368597665648547,4.28875,4.17618446636151,0.11256553363848984,0.18907864379922468,-0.423890561382815,0.10038114675040904,-0.44792057334063623,0.6486828668414543,Condiciones neutrales
2016-12-15,654.94,687.9797108462649,-0.04921571906346936,-1.216697051437274,4.35666666666667,4.138015890571056,0.21865077609561362,0.36727220911668385,-0.42471242116029506,0.1045047904318417,-0.43687384181310795,0.6458834226767913,Condiciones neutrales
2016-12-16,663.68,683.1700071107196,-0.028943635310528806,-0.7155363451010749,4.35981395348838,4.097478949846571,0.262335003641809,0.4406495052824711,-0.1374434199093019,0.11870458815978657,-0.4105538184123361,0.6479629947319093,Condiciones neutrales
2016-12-19,670.16,682.7248779153596,-0.01857547439424955,-0.45921761084879725,4.35806451612903,4.063745938727581,0.29431857740144896,0.4943729724473563,0.017577680799279516,0.14048889046899374,-0.37269592146526803,0.6536737024032555,Condiciones neutrales
2016-12-20,677.11,685.952784991635,-0.012975057564655116,-0.32076569400085325,4.36090909090909,4.062921398562458,0.29798769234663225,0.5005360603425085,0.08988518317082764,0.15643575515514152,-0.34461924268699023,0.6574907529972733,Condiciones neutrales
2016-12-21,676.09,684.1707655029628,-0.011881340355644818,-0.2937271272861637,4.35,4.078465088557532,0.27153491144246755,0.45610277977777924,0.08118782624580778,0.17233735408060083,-0.3158260398873366,0.6605007480485383,Condiciones neutrales
2016-12-22,672.24,686.1465301815495,-0.02047578614424981,-0.5061965790937841,4.353,4.0991613355236725,0.2538386644763273,0.4263780295052869,-0.039909274794248606,0.18554577509909886,-0.2991318267689597,0.6702233769671575,Condiciones neutrales
2016-12-23,674.96,687.542485536761,-0.018470194918369664,-0.4566149214983739,4.376,4.088011268772563,0.2879887312274373,0.48374059954106735,0.013562839021346723,0.19781283427709756,-0.2789825256363376,0.6746081941905326,Condiciones neutrales
2016-12-26,673.48,690.0489792314498,-0.02430427967583849,-0.6008435106020579,4.356,4.069252716138209,0.28674728386179094,0.4816553148481667,-0.059594097876945584,0.19712195766896065,-0.2746924948030984,0.6689364101410197,Condiciones neutrales
2016-12-27,672.69,692.2016248912804,-0.02859267917527868,-0.7068601070399795,4.34029850746269,4.080972979513982,0.25932552794870817,0.43559442701645673,-0.13563284001176137,0.18375439248666378,-0.28269414211302846,0.650202927086356,Condiciones neutrales
2016-12-28,673.73,697.4408926131441,-0.03458833114996609,-0.8550829150749212,4.2962015503876,4.054683716834138,0.24151783355346254,0.4056824762033635,-0.22470021943577884,0.1652289779615574,-0.30362376190812246,0.6340817178312372,Condiciones neutrales
2016-12-29,673.06,697.481105890699,-0.03564094628298546,-0.8811053679215676,4.27944444444445,4.040504153387362,0.23894029105708803,0.40135292501841074,-0.23987622145157841,0.14712921008538338,-0.3224143080215572,0.6166727281923239,Condiciones neutrales
2016-12-30,667.29,694.4981506101783,-0.03996476524879356,-0.9879975943637516,4.27,4.062128819579105,0.20787118042089422,0.349165500384456,-0.31941604698964776,0.12238964896095311,-0.3551147458519169,0.5998940437738232,Condiciones neutrales
2017-01-03,669.47,693.4988018287411,-0.03526315746921088,-0.871765779990469,4.23342105263158,4.016152604434618,0.21726844819696167,0.36495028449273686,-0.2534077477488661,0.10229476766099094,-0.3792589842927501,0.5838485196147319,Condiciones neutrales
2017-01-04,673.36,689.2253822233976,-0.023288227603057408,-0.5757249593630682,4.17971830985916,4.047863019666748,0.13185529019241235,0.2214800449256681,-0.17712245721870007,0.0794350653717064,-0.399645777795172,0.5585159085385848,Condiciones neutrales
2017-01-05,671.78,688.423472565146,-0.02447325506266438,-0.605020872201741,4.17078431372549,4.079984802632635,0.0907995110928556,0.15251780771729412,-0.2262515322422234,0.05784966382921896,-0.4170852350732985,0.5327845627317364,Condiciones neutrales
2017-01-06,666.41,684.338215561645,-0.026547165866873217,-0.6562915070403925,4.12383966244726,4.049913778606345,0.0739258838409148,0.12417482871079928,-0.2660583391647966,0.03409815525420911,-0.43680149465876517,0.5049978051671834,Condiciones neutrales
2017-01-09,665.29,687.6798314647506,-0.03310033255438962,-0.8182970357210929,4.11528301886793,3.969404333592053,0.14587868527587725,0.24503543029218508,-0.2866308027144539,0.0061117741752475295,-0.4663509302278313,0.4785744785783264,Condiciones neutrales
2017-01-10,670.35,686.8425950353371,-0.024305182614843185,-0.6008658328041011,4.14,3.996541257118749,0.1434587428812505,0.24097060324203531,-0.17994761478103288,-0.020373773079727087,-0.4918463962797797,0.4510988501203255,Condiciones neutrales
2017-01-11,670.94,690.5444051574924,-0.028800565286196324,-0.7119994085274184,4.1295,3.976846896068636,0.15265310393136422,0.25641456074628405,-0.22779242389056717,-0.04985655835385475,-0.5244491468163457,0.42473603010863614,Condiciones neutrales
2017-01-12,671.69,682.5296495686409,-0.016009044143561527,-0.39577104990950407,4.12714285714286,4.05195693633529,0.07518592080757025,0.12629133873914636,-0.13473985558517887,-0.07392085478987212,-0.5454692310223517,0.39762752144260743,Condiciones neutrales
2017-01-13,663.01,683.6156466783249,-0.030605766597001257,-0.7566270834634398,4.14,4.054885232834968,0.08511476716503195,0.1429690263321256,-0.3068290285656571,-0.09738793143437184,-0.5764357056192643,0.3816598427505207,Condiciones neutrales
2017-01-16,660.13,684.1975332680094,-0.03580988193640342,-0.8852817472432064,4.15008403361344,4.068631010158302,0.08145302345513805,0.1368183200526118,-0.3742317135952973,-0.11916663963191805,-0.6049181516738498,0.3665848724100137,Condiciones neutrales
2017-01-17,661.38,680.2653185433867,-0.028154335197174182,-0.6960234915068968,4.1696,4.117409278339586,0.05219072166041401,0.0876658294193851,-0.30417883104375587,-0.14004235956793912,-0.6289905182825143,0.34890579914663605,Condiciones neutrales
2017-01-18,657.85,684.3468596407289,-0.03948795201445525,-0.9762099527861178,4.17962962962963,4.219717256339158,-0.040087626709528174,-0.06733601171127394,-0.5217729822486958,-0.16808035659579842,-0.666321271267219,0.3301605580756221,Condiciones neutrales
2017-01-19,658.91,689.8427506546459,-0.04587671940229605,-1.1341512485961025,4.19806451612903,4.207395417047735,-0.009330900918704952,-0.015673306331933926,-0.5749122774640182,-0.19678122748346605,-0.707782585357002,0.3142201303900699,Condiciones neutrales
2017-01-20,660.18,685.5749811749674,-0.03774534963936588,-0.9331298309887595,4.19518518518519,4.176304381081432,0.018880804103758097,0.03171447527839674,-0.45070767785518134,-0.21853192709838534,-0.7342534235830136,0.29718956938624286,Condiciones neutrales
2017-01-23,659.49,681.9858400425092,-0.03354208618677236,-0.8292179437604257,4.18296296296296,4.172436999768303,0.010525963194656457,0.0176806770349257,-0.40576863336275,-0.23189396056303982,-0.7447873424041236,0.28099942127804384,Condiciones neutrales
2017-01-24,652.92,678.3124281339839,-0.03815337997215307,-0.9432170411778236,4.181,4.188358890334433,-0.0073588903344331165,-0.012360879563458674,-0.4777889603706411,-0.2421154018774619,-0.7485046906806989,0.2642738869257751,Condiciones neutrales
2017-01-25,653.84,677.415321342354,-0.03542188478590695,-0.8756897917062707,4.17803571428572,4.149237804799367,0.028797909486353274,0.048372441314227126,-0.4136586751960218,-0.2461587042274316,-0.7434263055873428,0.2511088971324795,Condiciones neutrales
2017-01-26,650.98,673.8650591182583,-0.03455096207401574,-0.854159087375379,4.17901785714286,4.146833989993399,0.032183867149460435,0.054059904094423863,-0.4000495916404776,-0.24536400523602037,-0.7373362829476936,0.24660827247565284,Condiciones neutrales
2017-01-27,648.31,674.939306363298,-0.040253793311414016,-0.9951428641731681,4.18,4.10388815229587,0.07611184770413029,0.12784663720573608,-0.433648113483716,-0.24566186164680107,-0.7299511433722234,0.23862742007862126,Condiciones neutrales
2017-01-30,649.92,680.0582263381929,-0.04532914308028367,-1.1206142220300548,4.19089552238806,4.164987273240108,0.025908249147952554,0.04351861936567294,-0.5385478013321909,-0.2590320076942307,-0.743453739269856,0.22538972388139467,Condiciones neutrales
2017-01-31,648.87,676.4882931622595,-0.04168275398004274,-1.0304692246373577,4.18022222222223,4.13381774094014,0.046404481282089946,0.07794656235720032,-0.4762613311400787,-0.2754933080922093,-0.7624954597294747,0.2115088435450561,Condiciones neutrales
2017-02-01,646.19,677.6550820432602,-0.047544851758814816,-1.1753903437105329,4.16722222222222,4.122461791206615,0.044760431015605076,0.07518501728494899,-0.5501026632127919,-0.2968262363049966,-0.7909829480531307,0.19733047544313748,Condiciones neutrales
2017-02-02,646.97,673.1970740491997,-0.03973819040080385,-0.9823962752176588,4.15150943396227,4.129920198613825,0.021589235348444757,0.03626388298798444,-0.4730661961148372,-0.3153013703836848,-0.8139385863175139,0.18333584555014432,Condiciones neutrales
2017-02-03,643.18,672.2054885333962,-0.044139457434065416,-1.091203150822819,4.15266666666667,4.1443676976359525,0.008298969030717527,0.013939949099333337,-0.5386316008617429,-0.3319254479192679,-0.8334388053751484,0.1695879095366125,Condiciones neutrales
2017-02-06,641.8,673.7473106120295,-0.04857840186902721,-1.2009414764692836,4.12,4.119747524847988,2.524751520124671e-4,4.240877095545042e-4,-0.6002586943798646,-0.3523861656993083,-0.8582496905408454,0.15347735914222876,Condiciones neutrales
2017-02-07,639.35,678.3620544318298,-0.05922911374081115,-1.4642453553254628,4.125,4.063471671343029,0.061528328656970596,0.10335040008831828,-0.6804474776185723,-0.37308127835736254,-0.8870297520316256,0.14086719531690048,Condiciones neutrales
2017-02-08,646.06,676.9538435566328,-0.04671071395401373,-1.1547690254222636,4.14935483870968,4.043775901914188,0.10557893679549238,0.17734311327628133,-0.48871295607299114,-0.38485061555940353,-0.901960049311035,0.13225881819222796,Condiciones neutrales
2017-02-09,646.58,675.1604310470618,-0.04325340446828785,-1.0692984006455732,4.13052631578947,4.086196930007541,0.04432938578192813,0.07446098173369844,-0.4974187094559374,-0.3939412318934088,-0.9091005654967235,0.1212181017099058,Condiciones neutrales
2017-02-10,646.82,675.3059834525494,-0.04309784829333181,-1.0654527849966828,4.13,4.062102001179265,0.067897998820735,0.11404966616989572,-0.47570155941339354,-0.40180207649213595,-0.9152454793992273,0.11164132641495529,Condiciones neutrales
2017-02-13,642.62,677.8652111923169,-0.05339489486722959,-1.320013450641269,4.13,4.082579744553481,0.0474202554465189,0.07965277912896397,-0.6201803357561525,-0.4118275527843528,-0.9263126746084779,0.10265756903977223,Condiciones neutrales
2017-02-14,642.4,671.3730115223407,-0.04411372378990046,-1.0905669709686172,4.12,4.122746245364194,-0.0027462453641936384,-0.0046129248644549824,-0.5475899479165361,-0.42163362612327515,-0.9336060476410828,0.0903387953945325,Condiciones neutrales
2017-02-15,641.89,681.1231837212745,-0.05932622686741512,-1.4666461585046775,4.15875,4.108106453871326,0.05064354612867447,0.085067006833067,-0.6907895758358052,-0.438755863410512,-0.9633034209458031,0.08579169412477913,Condiciones neutrales
2017-02-16,639.93,678.4954541344916,-0.058518984005171276,-1.4466897293601748,4.17952380952381,4.107391749059768,0.07213206046404286,0.12116170666223719,-0.6627640113489688,-0.4533062793807368,-0.9913590495177509,0.08474649075627723,Condiciones neutrales
2017-02-17,638.35,679.5749861626078,-0.06258086014804169,-1.5471062796082873,4.17333333333333,4.055477022118479,0.11785631121485132,0.19796567179479682,-0.6745703039067452,-0.4669233448721351,-1.021052875270014,0.08720618552574382,Condiciones neutrales
2017-02-20,643.49,681.463389223178,-0.05733604191792695,-1.4174453705057384,4.18166666666667,4.027168539132588,0.15449812753408185,0.2595136848680581,-0.5789658428188401,-0.476667846208948,-1.0410244864295022,0.08768879401160626,Condiciones neutrales
2017-02-21,642.21,683.4727583020547,-0.062271446184072016,-1.5394570353261923,4.19955223880597,4.0224413005301685,0.1771109382758022,0.29749688851247325,-0.6209800734068596,-0.4913689281631422,-1.0723108598469053,0.08957300352062085,Condiciones neutrales
2017-02-22,643.63,680.3092028859724,-0.05542337811239186,-1.370161038246278,4.18846153846154,4.026002099507825,0.16245943895371404,0.2728864635280139,-0.5486372873591321,-0.5020637569454277,-1.0942495808375339,0.09012206694667851,Condiciones neutrales
2017-02-23,641.51,678.2952127292518,-0.05575783777998624,-1.378429455311606,4.16,4.012187033102787,0.1478129668972132,0.24828448294503824,-0.5650724861832839,-0.5164081779653645,-1.127004861017604,0.0941885050868749,Condiciones neutrales
2017-02-24,640.36,675.7794112182225,-0.05383618981487917,-1.3309230192066899,4.13352941176471,3.978389143506562,0.1551402682581474,0.2605923018595121,-0.5351653586735889,-0.5240193889689623,-1.1461480588757123,0.09810928093778779,Condiciones neutrales
2017-02-27,645.66,684.6552357742405,-0.05864235668210762,-1.44973971369674,4.14,4.00439100660425,0.13560899339574972,0.22778521745912955,-0.6109772481188053,-0.5319109067864125,-1.1649633244241635,0.10114151085133838,Condiciones neutrales
2017-02-28,645.19,686.2442901565144,-0.061688825373434196,-1.5250536488493056,4.15326923076924,4.047682042493443,0.10558718827579668,0.17735697345758944,-0.6738483376958581,-0.544233223674816,-1.1925976630022437,0.10413121565261187,Condiciones neutrales
2017-03-01,648.88,690.7281483934795,-0.062498528931540315,-1.5450709106191785,4.17046728971963,4.040645599911453,0.1298216898081776,0.21806416450248667,-0.663503373058346,-0.5489575700351376,-1.2115596949300125,0.11364455485973722,Condiciones neutrales
2017-03-02,650.98,685.6599453319227,-0.05190287853912754,-1.283128246043182,4.1725,4.069891760599546,0.10260823940045392,0.1723531717156996,-0.5553875371637412,-0.5483067453584617,-1.2165255948449152,0.11991210412799166,Condiciones neutrales
2017-03-03,654.11,680.6784336091974,-0.039814464253377944,-0.9842818957733391,4.18018867924529,4.043370772855121,0.1368179063901685,0.22981585349902126,-0.37723302113715895,-0.5458575901345276,-1.2182306636710678,0.1265154834020125,Condiciones neutrales
2017-03-06,655.57,680.6196366826761,-0.03749852745430197,-0.9270279629167055,4.19315789473684,4.0687709146221875,0.12438698011465284,0.2089353707671475,-0.359046296074779,-0.5443001788915953,-1.2214909976429438,0.13289063985975322,Condiciones neutrales
2017-03-07,658.71,681.0516514238077,-0.033354772761271155,-0.8245872343684116,4.22,4.082781269414716,0.13721873058528403,0.2304891261497578,-0.2970490541093269,-0.5382755153495514,-1.2175366707492967,0.14098564005019376,Condiciones neutrales
2017-03-08,660.02,684.0303918205043,-0.03573221152992761,-0.8833616014779645,4.226,4.091297322676856,0.13470267732314428,0.22626285969718773,-0.3285493708903884,-0.5354385385393636,-1.2177923977416865,0.14691532066295912,Condiciones neutrales
2017-03-09,661.65,689.2702165024508,-0.040896665415307676,-1.011035766037509,4.25914285714286,4.127862874955306,0.13127998218755407,0.22051368822829048,-0.3952610389046093,-0.5352789201148347,-1.2230216203637574,0.152463780134088,Condiciones neutrales
2017-03-10,664.84,686.099629985253,-0.03147644019230802,-0.7781516292047684,4.28406249999999,4.089640500591222,0.19442199940876834,0.3265746342126678,-0.22578849749605032,-0.5283502662485792,-1.2157885791981442,0.15908804670098572,Condiciones neutrales
2017-03-13,663.4,682.9539994600875,-0.029049380072381156,-0.7181505371193764,4.30735294117647,4.121748609149701,0.18560433202676943,0.3117634168162717,-0.20319356015155235,-0.5171717915425579,-1.2023731230344548,0.168029539949339,Condiciones neutrales
2017-03-14,665.43,686.1934308951621,-0.030726108984154208,-0.7596021538352268,4.33116279069767,4.108957732403255,0.222205058294415,0.3732424100841254,-0.1931798718755507,-0.507735742900407,-1.1933442206743838,0.17787273487356986,Condiciones neutrales
2017-03-15,669.07,683.4893387090999,-0.02132236952138168,-0.5271255732922395,4.36571428571429,4.019010480912315,0.34670380480197516,0.5823655171619372,0.02761997193484883,-0.48847832172881894,-1.171735394993774,0.19477875153613614,Condiciones neutrales
2017-03-16,669.52,674.2202798486829,-0.0069958444934394804,-0.17294928387624528,4.28904761904762,4.0747554587031996,0.21429216034442058,0.35995095252561904,0.09350083432468688,-0.4695927540475015,-1.1447538286157268,0.20556832052072394,Condiciones neutrales
2017-03-17,661.2,674.9774981103482,-0.020622988237182296,-0.5098356674957107,4.25,4.035985852542856,0.2140141474571438,0.3594839685564956,-0.07517584946960756,-0.45414422900109697,-1.1253749125048234,0.21708645450262937,Condiciones neutrales
2017-03-20,661.15,673.3309396708535,-0.01825620377371258,-0.4513246930979274,4.22214285714286,4.003817860462862,0.2183249966799981,0.366724990726727,-0.0422998511856002,-0.4355456008946215,-1.1003876863924449,0.22929648460320176,Condiciones neutrales
2017-03-21,662.35,671.4689243441702,-0.013673619793690124,-0.3380353513478535,4.24,4.053828410692206,0.18617158930779473,0.31271625054711827,-0.01265955040036762,-0.41328600332068133,-1.0628473529265245,0.23627534628516178,Condiciones neutrales
2017-03-22,657.83,676.369296094028,-0.027792683592357596,-0.6870828430799086,4.21836363636364,4.039545642450901,0.178817993912739,0.30036426500231794,-0.19335928903879535,-0.4034408810862082,-1.0472578135151127,0.24037605134269632,Condiciones neutrales
2017-03-23,662.84,678.3440855236296,-0.02312102621615387,-0.5715914540864429,4.13688524590163,4.0558819896990235,0.0810032562026065,0.13606283674093414,-0.21776430867275437,-0.39411906772676875,-1.0306675819631417,0.24242944650960419,Condiciones neutrales
2017-03-24,662.42,676.1739707469885,-0.020550600257376737,-0.5080461123847646,4.12416666666667,4.045765593043632,0.07840107362303747,0.1316918971010705,-0.18817710764184706,-0.38453491933438383,-1.0120873595427444,0.24301752087397668,Condiciones neutrales
2017-03-27,661.64,671.7159241690935,-0.01511391788158428,-0.3736419922763673,4.11857142857143,4.032320450780713,0.08625097779071733,0.14487754270681633,-0.11438222478477549,-0.3676749823020046,-0.9805416442639143,0.24519167965990507,Condiciones neutrales
2017-03-28,663.74,671.1440150061212,-0.011093234844104842,-0.2742438062993148,4.11214285714285,4.036783554304741,0.07535930283811011,0.12658257210458232,-0.07383061709736623,-0.3518830046080323,-0.9533308721082708,0.24956486289220634,Condiciones neutrales
2017-03-29,666.04,674.8762395828848,-0.013179596499077625,-0.32582224754008027,4.10891719745224,3.9910266021655043,0.11789059528673587,0.19802325945601348,-0.06389949404203339,-0.3309866685482399,-0.915303408409451,0.2533300713129712,Condiciones neutrales
2017-03-30,663.61,674.6463097324972,-0.016493940441010196,-0.40775851868137775,4.07125,4.0179002316692065,0.053349768330793905,0.08961270396838561,-0.15907290735649607,-0.31419696508182415,-0.880672368053491,0.25227843788984283,Condiciones neutrales
2017-03-31,662.66,678.364840960591,-0.023423218584805058,-0.5790621681367768,4.02631578947368,3.9998822718270546,0.026433517646625073,0.044400923674542625,-0.2673306222311171,-0.30062230902596987,-0.8484042310044407,0.24715961295250102,Condiciones neutrales
2017-04-03,663.97,676.2850988973026,-0.018377763332047572,-0.4543298540305446,3.98069444444444,3.963711068783269,0.016983375661171307,0.02852732566844089,-0.21290126418105185,-0.28842015640471025,-0.8163003804552676,0.2394600676458471,Condiciones neutrales
2017-04-04,658.16,677.3744799739295,-0.02877620331750887,-0.711397138845429,3.93100719424461,3.9938819985359806,-0.0628748042913709,-0.10561210292605122,-0.40850462088574013,-0.28133764132067296,-0.7886983839059089,0.22602310126456296,Condiciones neutrales
2017-04-05,661.42,680.9591769930717,-0.029113319696674297,-0.7197312343808986,3.93454545454545,3.9715692084446035,-0.03702375389915327,-0.062189561487713506,-0.39096039793430604,-0.27608174500651206,-0.7670173904437295,0.21485390043070537,Condiciones neutrales
2017-04-06,657.74,679.6478078834789,-0.03276501795508204,-0.8100074832763695,3.97448275862069,3.969606288286095,0.004876470334594877,0.008191107593853072,-0.4009081878412582,-0.27060960172844456,-0.7480699913758883,0.20685078791899922,Condiciones neutrales
2017-04-07,656.51,680.6260875857315,-0.036075165688750764,-0.8918400169468144,3.92652173913043,4.002939618554745,-0.07641787942431483,-0.12836068498520872,-0.5101003509660116,-0.2697741014715253,-0.7334338913005591,0.19388568835750852,Condiciones neutrales
2017-04-10,656.47,687.9526362181996,-0.0468429970361338,-1.1580392902692114,3.90166666666667,3.978031239148001,-0.07636457248133131,-0.12827114421585764,-0.6431552172425345,-0.2708467004423163,-0.7237105438529748,0.1820171429683423,Condiciones neutrales
2017-04-11,654.22,690.4341517434276,-0.05387691882223078,-1.3319299101776165,3.87728155339806,3.9378401621039347,-0.060558608705875,-0.1017215415266286,-0.7168257258521226,-0.2722792800475251,-0.7172730858972518,0.17271452580220167,Condiciones neutrales
2017-04-12,652.8,693.3539264409848,-0.06026978153384724,-1.489972449420743,3.8625,3.929337254797373,-0.06683725479737315,-0.11226791260046363,-0.8011201810106032,-0.276866506979267,-0.7154364705239706,0.16170345656543667,Condiciones neutrales
2017-04-13,653.65,689.863203931654,-0.053921282756765346,-1.3330266627876668,3.841,3.9459278157250375,-0.1049278157250374,-0.17624941181215353,-0.7546380372999102,-0.2835081903171393,-0.7170997510821202,0.15008337044784156,Condiciones neutrales
2017-04-17,650,690.2544729233797,-0.06008796804935607,-1.485477708010856,3.78142857142857,3.947134699117346,-0.16570612768877618,-0.27833999342318827,-0.8819088507170222,-0.30033071796980143,-0.7338062781567041,0.13314484221710124,Condiciones neutrales
2017-04-18,647.47,688.2084853966325,-0.061019362674451585,-1.5085033818330105,3.82583333333333,3.8964766966450717,-0.07064336331174141,-0.11866111141352695,-0.8135822466232687,-0.31548191632141775,-0.7531887921205809,0.12222495947774542,Condiciones neutrales
2017-04-20,647.68,689.0550638815434,-0.0619244391522119,-1.530878425879326,3.83285714285714,3.9151422840740358,-0.08228514121689559,-0.13821604538459165,-0.8345472356319588,-0.3333985223721721,-0.7767318318376114,0.10993478709326711,Condiciones neutrales
2017-04-21,649.26,693.2626873074576,-0.06557573271761483,-1.6211446700690837,3.8735,3.9265598430837385,-0.05305984308373861,-0.08912571056334886,-0.8551351903162163,-0.35095138301969975,-0.8013246007906487,0.09942183475124923,Condiciones neutrales
2017-04-24,650.65,675.3447213581658,-0.037251395596157956,-0.9209184391945738,3.94066666666667,3.920142296821242,0.02052436984542794,0.034475206484343254,-0.4432216163551153,-0.3525500689347166,-0.7983206898958841,0.09322055202645098,Condiciones neutrales
2017-04-25,653.71,677.6800351412162,-0.03601142393969732,-0.8902642115008599,3.96782608695652,3.9510571460374595,0.016768940919060192,0.02816713521838698,-0.43104853814123645,-0.3593920702895561,-0.8020577759724206,0.08327363539330829,Condiciones neutrales
2017-04-26,660.04,678.4498743946973,-0.027510160211659664,-0.6800983801725606,3.96426470588235,3.9199119723422,0.044352733540149916,0.07450019944375261,-0.302799090364404,-0.3627122546299845,-0.80078937074086,0.07536486148089099,Condiciones neutrales
2017-04-27,665.35,676.244093233166,-0.01624087754228069,-0.40150236945565404,3.91433333333333,3.898975360192047,0.015357973141282844,0.025797103599975814,-0.1878526329278391,-0.3625346799983941,-0.7888527112615409,0.06378335126475267,Condiciones neutrales
2017-04-28,664.28,678.4507149740067,-0.021108091087339215,-0.5218282426050692,3.88290909090909,3.888525793941999,-0.005616703032908423,-0.009434491693487401,-0.2656313671492783,-0.3723097246345317,-0.7886761335719685,0.044056684302905186,Condiciones neutrales
2017-05-02,665.41,677.8238875863043,-0.018484109350526013,-0.45695891014466844,3.89,3.8700083540188586,0.019991645981141427,0.033580379244397274,-0.21168926545013558,-0.3824827279603591,-0.7981431211142493,0.033177665193531124,Condiciones neutrales
2017-05-03,666.95,677.4656380078698,-0.015643752072988713,-0.38674040292035433,3.9025,3.913482888382473,-0.010982888382473095,-0.018448183677834025,-0.20259429329909417,-0.386730009421342,-0.7940399456284042,0.020579926785720137,Condiciones neutrales
2017-05-04,668.98,675.5182898702689,-0.009726068766338794,-0.24044511418840944,3.9365,3.937676808340922,-0.0011768083409217263,-0.0019767091925996525,-0.12121091169050455,-0.3893603781048388,-0.7870106263314202,0.00828987012174258,Condiciones neutrales
2017-05-05,673.89,681.4041006832337,-0.011088630390035395,-0.2741299762914153,3.9675,3.911806679989495,0.055693320010505004,0.09354921596233447,-0.09029038016454041,-0.39194807243031127,-0.7848804471628723,9.843023022497875e-4,Condiciones neutrales
2017-05-08,674.88,677.8891941118279,-0.0044489467802363986,-0.10998560079015116,3.99133333333333,3.938530186181358,0.05280314715197186,0.08869453312316461,-0.010645533833493273,-0.38585761392346785,-0.7656438724198803,-0.006071355427055324,Condiciones neutrales
2017-05-09,676.32,680.6280986559832,-0.006349709520983135,-0.1569757183004928,4.05379310344827,3.937641800127779,0.11615130332049131,0.1951017349403072,0.01906300831990719,-0.37796337002371244,-0.751823347893682,-0.004103392153742888,Condiciones neutrales
2017-05-10,679.05,684.4513782457896,-0.0079228471438685,-0.19586638054605102,4.02,3.953898301788319,0.06610169821168062,0.11103238306344769,-0.04241699874130166,-0.3731046997270276,-0.7414173568323915,-0.004792042621663648,Condiciones neutrales
2017-05-11,672.92,685.0289773343337,-0.017834688194391747,-0.4409041044678366,4.08,3.942095380017873,0.13790461998212716,0.23164122868735929,-0.10463143789023867,-0.3727796734972097,-0.7436594272387739,-0.0018999197556455497,Condiciones neutrales
2017-05-12,671.55,682.624431011016,-0.01635635358605473,-0.4043571354662923,4.08,3.9020965331592503,0.17790346684074965,0.2988281150557032,-0.052764510205294546,-0.37207746993414065,-0.7479965382110064,0.003841598342725147,Condiciones neutrales
2017-05-15,671.03,678.6576700127375,-0.011302987186918393,-0.2794292442425091,4.06,3.9131742604025486,0.14682573959745085,0.24662621692943779,-0.016401513656535652,-0.37049420392129073,-0.7464501047677541,0.005461696925172624,Condiciones neutrales
2017-05-16,668.03,678.2343291732441,-0.015159763769934435,-0.3747753813284346,4.01755102040816,3.9011732152821064,0.11637780512605352,0.19548219468521738,-0.0896465933216086,-0.36817999345346114,-0.7453506668559893,0.008990679949067016,Condiciones neutrales
2017-05-17,666.26,692.2237074481127,-0.038229195285873846,-0.9450913258659921,3.97933333333333,3.8888829437673853,0.09045038956594466,0.15193138110254154,-0.39657997238172527,-0.3724883051251481,-0.7575516387802965,0.012575028530000313,Condiciones neutrales
2017-05-18,668.62,692.8796914378653,-0.03564049189979449,-0.881094134789162,3.96230769230769,3.8694384067365273,0.09286928557116239,0.15599445051086303,-0.3625498421391495,-0.3774765910570847,-0.7717771148055838,0.016823932691414384,Condiciones neutrales
2017-05-19,675.8,680.3395972633315,-0.006694906967614224,-0.16550959169444,3.98857142857143,3.8696733350249173,0.11889809354651312,0.19971557502038997,0.017102991662974992,-0.3632896706387942,-0.7535808632338841,0.02700152195629576,Condiciones neutrales
2017-05-22,670.3,674.8290456093704,-0.006734019667532671,-0.16647652477131233,4.03,3.8645987099848655,0.1654012900151347,0.2778279513082711,0.05567571326847938,-0.348401800265368,-0.7351390395802312,0.03833543904949525,Condiciones neutrales
2017-05-23,668.21,672.0481615244688,-0.005727511500434684,-0.14159391526242004,4.055625,3.881446954548591,0.17417804545140914,0.2925704480673395,0.07548826640245973,-0.33252191845724405,-0.7128585873130996,0.04781475039861146,Condiciones neutrales
2017-05-24,672.4,668.9247303207616,0.005181858467337407,0.12810443569957794,4.05857142857143,3.856118833750209,0.20245259482122066,0.3400637906214423,0.23408411316051014,-0.30771576965302666,-0.6788604388915531,0.06342889958549983,Condiciones neutrales
2017-05-25,674.27,664.8993342285244,0.013994972070752629,0.34597973122108855,4.12772727272727,3.8883285199907314,0.23939875273653893,0.402123012537943,0.37405137187951576,-0.2738088833489583,-0.6287264715085432,0.08110870481062651,Condiciones neutrales
2017-05-26,669.42,665.6679592371269,0.005620679318979816,0.13895284036504613,4.161,3.9048595053738318,0.2561404946261677,0.43024446098675395,0.28459865067590007,-0.24042807079802425,-0.5796970464904544,0.09884090489440593,Condiciones neutrales
2017-05-29,670.25,666.779324740003,0.00519163340880444,0.12834608903081493,4.14625,3.9108745230737716,0.2353754769262285,0.3953650333479114,0.26185556118936315,-0.20499554605802536,-0.5257530952087358,0.1157620030926851,Condiciones neutrales
2017-05-30,674.02,668.6743065602332,0.007962678710401188,0.1968510852395243,4.07612903225806,3.8909704454195966,0.18515858683846362,0.3110146894486605,0.2539328873440924,-0.1713765152365586,-0.4747571702744961,0.1320041398013789,Condiciones neutrales
2017-05-31,675.31,667.6115867746356,0.011465297203720741,0.2834418264544542,4.00569721115539,3.981433988103029,0.024263223052360592,0.04075543517318485,0.16209863081381953,-0.1365762658521972,-0.4157931857923191,0.14264065408792467,Condiciones neutrales
2017-06-01,672.35,665.9534799198819,0.00955922013926009,0.236320329740148,3.93239436619719,3.9795061479859406,-0.047111781788750945,-0.07913462957666954,0.07859285008173922,-0.10683709596203028,-0.3576323954065472,0.14395820348248659,Condiciones neutrales
2017-06-02,672.37,666.7952666610995,0.008325731976491448,0.2058263851390754,3.91048780487805,3.896027688898889,0.014460115979160746,0.024288954444083407,0.1150576697915794,-0.07518359911457902,-0.2997422350392671,0.14937503681010908,Condiciones neutrales
2017-06-05,670.41,666.0277869295612,0.0065580737379007294,0.16212683938889444,3.92708333333333,3.946282718345982,-0.019199385012652146,-0.03224960218844587,0.06493861860022429,-0.04451447215069766,-0.24029985139066784,0.15127090708927252,Condiciones neutrales
2017-06-06,668.89,667.2470609253915,0.002459238577652457,0.06079659879299591,3.94350877192982,3.9520392274766607,-0.00853045554684045,-0.014328781765172974,0.02323390851391147,-0.028965954655063433,-0.20757601679108217,0.1496441074809553,Condiciones neutrales
2017-06-07,668.7,665.3128226712141,0.005078188980290735,0.12554154803657264,3.9425,3.956603278300616,-0.014103278300616449,-0.023689566850609915,0.05092599059298136,-0.012900137030589506,-0.1737158248065011,0.1479155507453221,Condiciones neutrales
2017-06-08,668.36,664.7379237023466,0.005434087243502691,0.13433996398378664,3.98595238095238,3.961447953973486,0.024504426978893844,0.04116059037330518,0.08775027717854592,1.1817522084215786e-4,-0.14656788000128954,0.14680423044297383,Condiciones neutrales
2017-06-09,666.28,664.2461494038791,0.003057214893758506,0.0755795997219732,4.01934065934066,4.019882300251516,-5.416409108561053e-4,-9.098053866092413e-4,0.03733489716768198,0.0076244262240261935,-0.1306651476953686,0.145914000143421,Condiciones neutrales
2017-06-12,664.47,664.5842751381699,-1.7196459255118773e-4,-0.0042512598960265215,3.99035714285715,4.038294526768278,-0.04793738391112805,-0.0805214104550702,-0.042386335175548365,0.015065927289817193,-0.11341258160506719,0.14354443618470158,Condiciones neutrales
2017-06-13,661.63,658.5230843958448,0.004706910701527219,0.11636291170593782,3.98136363636364,4.022799954821633,-0.041436318457993476,-0.06960143700141647,0.023380737352260678,0.022901594049897066,-0.09430185421004698,0.1401050423098411,Condiciones neutrales
2017-06-14,662.19,659.137709839776,0.0046200432590678565,0.11421539942495496,3.95733333333333,3.9731387241643827,-0.015805390831052524,-0.026548640302720965,0.04383337956111699,0.031115849811904107,-0.07760332746520335,0.13983502708901155,Condiciones neutrales
2017-06-15,659.46,661.5226940460163,-0.0031229716055462785,-0.07720521850529735,3.98654205607477,3.9988732778336917,-0.01233122175892137,-0.02071300700312315,-0.04895911275421025,0.03352424310978058,-0.07216199760909961,0.13921048382866077,Condiciones neutrales
2017-06-16,665.23,658.9974916038813,0.00941311739225334,0.23270841905647488,4.03,3.979662158596612,0.05033784140338833,0.08455350831365561,0.15863096368506524,0.04182162123810077,-0.0552673844308366,0.13891062690703815,Condiciones neutrales
2017-06-19,663.73,660.5985036313239,0.004729192487335486,0.11691375569662937,4.035,3.965114433495881,0.06988556650411902,0.11738822451796291,0.11715099010729614,0.046081505369460415,-0.04770407254794391,0.13986708328686476,Condiciones neutrales
2017-06-20,662.47,663.181371803334,-0.0010732412559553784,-0.026532366009277365,4.03397435897436,3.9456721623403506,0.08830219663400955,0.14832301721831895,0.060895325604520795,0.047475915945614205,-0.0433559608049034,0.1383077926961318,Condiciones neutrales
2017-06-21,663.76,661.8464283780687,0.0028870906328569918,0.07137383598315877,4.055,3.936244755596327,0.1187552444036726,0.1994756283748838,0.1354247321790213,0.053403973642958305,-0.034447953587263075,0.14125590087317969,Condiciones neutrales
2017-06-22,664.54,661.5953521145422,0.004440953512484369,0.1097879934912984,4.00452830188679,3.9112715180642486,0.09325678382254154,0.15664533929961647,0.13321666639545743,0.06133224378581484,-0.016091550321958574,0.13875603789358826,Condiciones neutrales
2017-06-23,664,656.7493015268287,0.010979784441111588,0.2714391176056834,4.04538461538462,3.8843244728009743,0.16106014258364557,0.27053603661336495,0.27098757710952415,0.07212398002964213,0.006434991447107284,0.13781296861217698,Condiciones neutrales
2017-06-27,661.72,655.6698364759361,0.009185141546680807,0.22707246484539634,4.08485714285715,4.025852600454119,0.05900454240303121,0.09911114437025348,0.1630918046078249,0.07810709063845415,0.023318381750037465,0.13289579952687083,Condiciones neutrales
2017-06-28,662.09,652.8083072356061,0.014117969244382422,0.3490204324713841,4.10693069306931,4.041096937276307,0.06583375579300292,0.1105823146677115,0.2298013735695478,0.08875535620149269,0.04744490887669809,0.1300658035262873,Condiciones neutrales
2017-06-29,662.36,654.3062777525245,0.012233658335838104,0.30243703249178927,4.10887096774194,4.1380179348520025,-0.029146967110061883,-0.04895876058945528,0.12673913595116698,0.10619932647925577,0.08902918748862414,0.1233694654698874,Condiciones neutrales
2017-06-30,663.21,653.1202505701729,0.01533041884267181,0.3789942676469423,4.13181818181818,4.17276914437541,-0.04095096255723009,-0.0687861747047794,0.15510404647108145,0.12345445609959681,0.13103213423649426,0.11587677796269932,Condiciones neutrales
2017-07-03,664.29,653.6499242198579,0.016146877044138204,0.3991785157946705,4.16925925925926,4.193667626290287,-0.02440836703102706,-0.040999236501662546,0.17908963964650398,0.1288540110323811,0.14985507115279795,0.10785295091196424,Condiciones neutrales
2017-07-04,661.95,654.9007156714672,0.010706379365221343,0.2646800748442711,4.18725,4.173435290482955,0.013814709517045507,0.023204851925208318,0.1439424633847397,0.13179623603625645,0.16422695780665073,0.09936551426586215,Condiciones neutrales
2017-07-05,663.36,655.0446405103569,0.012614442483577317,0.31185067021982654,4.17117021276596,4.148877491128117,0.022292721637842225,0.03744554338820787,0.1746481068040172,0.1351015640496417,0.17934177732272563,0.09086135077655777,Condiciones neutrales
2017-07-06,665.94,660.2653699150851,0.008557746553299802,0.2115621837185728,4.22083333333333,4.20234849161647,0.018484841716859844,0.031049369106993796,0.1213057764127833,0.1313422861580508,0.1821237022566921,0.08056087005940948,Condiciones neutrales
2017-07-07,666.22,655.1670525413559,0.016729701158238776,0.41358692828211613,4.16192771084338,4.200010923201488,-0.03808321235810788,-0.06396915566814973,0.1748088863069832,0.12470086997229972,0.1843772754920597,0.06502446445253972,Condiciones neutrales
2017-07-10,666.61,654.4751697007507,0.01837152044494935,0.4541755191458902,4.12380281690141,4.170437525893991,-0.046634708992580876,-0.07833328058130977,0.18792111928229022,0.12147828559251272,0.19488469811808784,0.048071873066937595,Condiciones neutrales
2017-07-11,666.53,654.0944516889244,0.018833387286490987,0.46559366023889454,4.09176470588236,4.162379121441394,-0.07061441555903396,-0.11861248727747001,0.17349058648071225,0.11853278643555769,0.20612628382502382,0.030939289046091552,Condiciones neutrales
2017-07-12,666.59,652.2837934338994,0.021695431032167728,0.5363482941792954,4.08652173913044,4.135924382342234,-0.04940264321179359,-0.08298263666196405,0.2266828287586657,0.1176244511493768,0.21744285745634953,0.017806044842404067,Condiciones neutrales
2017-07-13,663.46,647.5982999215023,0.0241979689931428,0.598215328049136,4.15036697247707,4.15970226098897,-0.00933528851189953,-0.01568067626253309,0.29126732589330145,0.12193007431869286,0.22793530750950558,0.015924841127880136,Condiciones neutrales
2017-07-14,660.71,644.8165471561938,0.024349161057465728,0.60195305539241,4.23183333333333,4.138968171067564,0.09286516226576566,0.15598752450991776,0.3789702899511639,0.13194265564767368,0.24012306503124767,0.02376224626409971,Condiciones neutrales
2017-07-17,658.18,645.3007155598208,0.019762016326144192,0.4885509640419335,4.26428571428571,4.150342208328615,0.11394350595709457,0.19139325226571505,0.3399721081538243,0.13943980359308183,0.24954721766134294,0.029332389524820767,Condiciones neutrales
2017-07-18,656.92,643.9690545775271,0.019911572417785264,0.4922482473324511,4.25435897435897,4.138962899235495,0.11539607512347472,0.19383316259284752,0.3430407049626493,0.148709873138496,0.2605512645927948,0.036868481684197214,Condiciones neutrales
2017-07-19,656.01,642.5674601348063,0.02070422515392895,0.5118439835165751,4.3054,4.125459422217485,0.17994057778251416,0.3022498922346255,0.4070469378756003,0.16150364078388565,0.2755861774169141,0.047421104150857166,Condiciones neutrales
2017-07-20,653.71,642.1759447536592,0.017801504646950385,0.4400837502172759,4.29736111111111,4.084677293801857,0.21268381730925376,0.3572493856247778,0.39866656792102684,0.17309499336148715,0.2860709174896042,0.060119069233370084,Condiciones neutrales
2017-07-21,651.56,638.2882560328613,0.020579494217174265,0.5087604206659192,4.28390625,4.071808650757394,0.2120975992426066,0.35626470307205066,0.4325125618689849,0.18458706951783513,0.29855159937900866,0.0706225396566616,Condiciones neutrales
2017-07-24,651.82,639.2037181912881,0.019545238811468524,0.4831918517919703,4.27,4.117853232443277,0.15214676755672218,0.25556405711583,0.36937795445390015,0.19565517142737573,0.3121386744480086,0.07917166840674292,Condiciones neutrales
2017-07-25,650.65,639.7618842807605,0.016875811910295822,0.41719903686437276,4.2805,4.172509858488772,0.10799014151122799,0.1813932634673492,0.299296150165861,0.20704458760542271,0.3261870176733552,0.08790215753749023,Condiciones neutrales
2017-07-26,648.77,642.6583725858562,0.009464981829587918,0.23399059696995933,4.27991999999998,4.13141939376152,0.14850060623846037,0.24943952490027443,0.24171506093511688,0.21432239839151793,0.33010794051548925,0.09853685626754659,Condiciones neutrales
2017-07-27,648.75,639.3159799366845,0.014648611029377694,0.3621388082151286,4.27029126213592,4.193034887257897,0.07725637487802302,0.12976912305763097,0.24595396563637978,0.22105975126069335,0.33837205414182836,0.10374744837955832,Condiciones neutrales
2017-07-28,647.99,639.3706568500419,0.01339092025702168,0.3310465335625522,4.27056910569105,4.1764086558029705,0.09416044988807966,0.15816324579014196,0.24460488967634708,0.2308452180083786,0.35198044587742333,0.10970999013933383,Condiciones neutrales
2017-07-31,651.58,637.6485787011,0.021612868073311347,0.5343071961213974,4.27003144654087,4.225021763965974,0.04500968257489625,0.07560369025945797,0.3049554431904277,0.23572270065855733,0.3620337384462541,0.10941166287086057,Condiciones neutrales
2017-08-01,652.23,634.6292564299407,0.027356280212239216,0.6762942024599773,4.25349056603773,4.208393529105831,0.04509703693189866,0.07575042117093762,0.3760223118154575,0.24435174471549606,0.3806797533383657,0.10802373609262639,Condiciones neutrales
2017-08-02,651.93,636.0926826980381,0.02459291396421652,0.6079790456363092,4.26163716814158,4.210616210305168,0.051020957836412015,0.08570095304685338,0.3468399993415813,0.2538832338400647,0.4018301337265519,0.10593633395357754,Condiciones neutrales
2017-08-03,652.77,636.3851196704744,0.025420932560125117,0.6284490865774566,4.27886554621847,4.1925104892733405,0.08635505694512972,0.14505236660475357,0.3867507265911051,0.2622607669871342,0.42039930874636183,0.10412222522790653,Condiciones neutrales
2017-08-04,650.17,634.4949391749388,0.02440455611699261,0.6033225163466152,4.3075,4.223455448915718,0.08404455108428206,0.14117136235293473,0.37224693934977493,0.2702284427522781,0.4368504595082057,0.10360642599635048,Condiciones neutrales
2017-08-07,649.88,636.1700631607729,0.021321807958198324,0.5271116904864536,4.32061224489796,4.210997455227192,0.10961478967076874,0.18412221842121113,0.35561695445383235,0.27304942199708837,0.4453728786042314,0.10072596538994534,Condiciones neutrales
2017-08-08,650.52,639.2033977172607,0.01754933304461746,0.433849635368339,4.36263888888889,4.2632865020968795,0.09935238679201083,0.16688424907378632,0.30036694222106264,0.2776252599175296,0.45226545095499615,0.1029850688800631,Condiciones neutrales
2017-08-09,649.53,640.3008760852832,0.014310839654688807,0.3537885200660538,4.35546762589929,4.3191928281272585,0.03627479777203167,0.06093152446515517,0.2073600222656045,0.27687721487406486,0.4524243872081518,0.10133004253997789,Condiciones neutrales
2017-08-10,649.5,654.4484654225681,-0.00759000728907085,-0.18763800803338157,4.35292307692308,4.377227422439669,-0.02430434551658883,-0.04082450942277632,-0.11423125872807895,0.2688448683847567,0.4360885525239795,0.10160118424553387,Condiciones neutrales
2017-08-11,647.42,655.7393296421793,-0.01276811280706807,-0.3156496643835302,4.33545023696683,4.33417973821177,0.0012704987550605576,0.0021340829096671227,-0.15675779073693155,0.25844947381115624,0.4129337547896304,0.10396519283268207,Condiciones neutrales
2017-08-14,647.77,642.3490006821329,0.008403924320515769,0.20775943409639472,4.33325242718448,4.31116317301625,0.022089254168230057,0.037103774891510816,0.12243160449395277,0.2565608726394045,0.4065531187330212,0.10656862654578786,Condiciones neutrales
2017-08-16,647.59,640.8184349735452,0.010511616027974178,0.259865190846516,4.33853658536586,4.270027324071901,0.06850926129395923,0.11507641632784174,0.18747080358717888,0.25801181731281914,0.40639262259976267,0.10963101202587563,Condiciones neutrales
2017-08-17,645.86,650.4387375212613,-0.007064353964985565,-0.17464295560576223,4.3215909090909,4.321627308908412,-3.63998175119673e-5,-6.114152269555287e-5,-0.08735204856422889,0.2492784788005443,0.3901761684055764,0.1083807891955122,Condiciones neutrales
2017-08-18,645.29,644.3470791908811,0.0014623043837017056,0.036150674333523654,4.31408450704225,4.347411979164564,-0.033327472122313975,-0.05598084090625135,-0.009915083286363847,0.24490445014390605,0.3843291180927414,0.10547978219507069,Condiciones neutrales
2017-08-21,646.57,637.3212540160474,0.014407615819317408,0.3561809929668597,4.28989130434783,4.3438448813235055,-0.05395357697567538,-0.09062693377744133,0.13277702959470916,0.2435033882534969,0.3824155869155662,0.10459118959142763,Condiciones neutrales
2017-08-22,642.73,631.4529935384023,0.017701226546736445,0.4376047034579125,4.30635416666667,4.356008761452479,-0.04965459478580912,-0.08340584490678019,0.17709942927556616,0.24314266525327277,0.3818632263926336,0.10442210411391195,Condiciones neutrales
2017-08-23,641.47,633.8990062605744,0.011872771939264379,0.2935153013260043,4.31463917525773,4.336599192798632,-0.021960017540902415,-0.036886693468499154,0.12831430392875257,0.24163678916820747,0.3761272810955373,0.10714629724087765,Condiciones neutrales
2017-08-24,641.47,631.9634836411515,0.01493080413977532,0.36911510627376154,4.35606784092473,4.356272607783128,-2.047668583981671e-4,-3.439511067862728e-4,0.18438557758348764,0.24022688079570154,0.37055284149868617,0.1099009200927169,Condiciones neutrales
2017-08-25,638.64,625.9984859973785,0.01999296277490902,0.4942603566628094,4.3752,4.354624669079926,0.020575330920074145,0.03456080685036293,0.26441058175658616,0.23933165599114434,0.3670876757858086,0.1115756361964801,Condiciones neutrales
2017-08-28,636.61,620.4740756548863,0.02567339917039971,0.6346904945290771,4.37893333333333,4.4135975206150455,-0.034664187281716025,-0.058226148873229105,0.288232172827924,0.23630705208703634,0.3681789237570308,0.10443518041704188,Condiciones neutrales
2017-08-29,630.33,622.2968546482241,0.01282625460450887,0.3170870294135985,4.34507202087662,4.445592260228716,-0.10052023935209672,-0.1688459150569783,0.0741205571783101,0.2274453337211859,0.36246345926941964,0.0924272081729521,Condiciones neutrales
2017-08-30,626.68,624.0900942347321,0.004141303791476452,0.10238013805502685,4.37176472565896,4.43524781506356,-0.0634830894046002,-0.10663385195113047,-0.002126856948051807,0.21593974832416252,0.34946785562683885,0.08241164102148617,Condiciones neutrales
2017-08-31,628.36,623.9158203818179,0.0070977945968371675,0.17546966542421655,4.35035714285714,4.389378965282377,-0.03902182242523679,-0.06554575831740284,0.054961953553406856,0.20420358218008938,0.3382553783570936,0.07015178600308522,Condiciones neutrales
2017-09-01,628.89,619.0539636243453,0.015763913044534814,0.38971098838694995,4.32552631578947,4.513712826895804,-0.18818651110633391,-0.31610075616544375,0.0368051161107531,0.1921415337864136,0.3365762862960827,0.047706781276744506,Condiciones neutrales
2017-09-04,624.2,625.5572071085103,-0.002171954095290644,-0.05369443328033632,4.32285714285714,4.596850835534665,-0.27399369267752466,-0.46023284522762303,-0.2569636392539797,0.16915899374898144,0.31782779116454085,0.02049019633342205,Condiciones neutrales
2017-09-05,624.68,626.5819647295233,-0.0030400767352898846,-0.0751559150278827,4.30319318621388,4.482528698988428,-0.17933551277454832,-0.30123355208663694,-0.18819473355725982,0.1505732374819428,0.2992161989372124,0.0019302760266731488,Condiciones neutrales
2017-09-06,621.55,623.4259165675118,-0.003013581166114048,-0.07450089907960773,4.28288888888889,4.563126760752717,-0.28023787186382704,-0.4707213215313653,-0.2726111103054865,0.13150966213289786,0.2828262010724131,-0.019806876806617333,Condiciones neutrales
2017-09-07,620.59,621.4840589891384,-0.0014396229227724264,-0.03558994968781912,4.30283582089552,4.590620444145482,-0.28778462324996096,-0.483397755170127,-0.25949385242897305,0.11480269835409487,0.2738401828504871,-0.04423478614229738,Condiciones neutrales
2017-09-08,615.58,619.4543363373049,-0.0062740750316420965,-0.155105903901367,4.27341463414634,4.67584160569407,-0.40242697154773027,-0.6759648672998091,-0.41553538560058806,0.09275305331286261,0.25659869244660394,-0.07109258582087871,Condiciones neutrales
2017-09-11,618.36,617.6618535647433,0.0011296669350756316,0.02792730564883513,4.29818181818182,4.55863851449346,-0.26045669631164037,-0.43749447379861545,-0.20478358407489017,0.0777734375211547,0.24649471818281338,-0.09094784314050397,Condiciones neutrales
2017-09-12,621.69,621.2851780656628,6.513757568044401e-4,0.0161031267603677,4.33338624338624,4.559721049152223,-0.22633480576598294,-0.3801792319150871,-0.18203805257735972,0.06154032099556179,0.22922124920411238,-0.1061406072129888,Condiciones neutrales
2017-09-13,624.31,621.0509261849782,0.005233954569300422,0.12939234076031744,4.31324324324324,4.58886416427698,-0.27562092103373986,-0.4629661341909475,-0.16678689671531505,0.0434466807112027,0.21099118714745704,-0.12409782572505164,Condiciones neutrales
2017-09-14,626.12,623.6840001865887,0.0038982158768126295,0.09637058755694135,4.32912793555817,4.550980890250483,-0.22185295469231328,-0.37265097441629447,-0.13814019342967657,0.02728067428549411,0.19393757187814478,-0.13937622330715657,Condiciones neutrales
2017-09-15,627.26,622.4476601586504,0.007701582988555437,0.19039635083844947,4.3325,4.578772080282899,-0.24627208028290007,-0.413668282291894,-0.11163596572672227,0.010667784541566529,0.17933581402017787,-0.15800024493704481,Condiciones neutrales
2017-09-20,625.53,622.7779219080621,0.004409300786203114,0.10900548376738907,4.33,4.5588446807417276,-0.2288446807417275,-0.384395120572831,-0.13769481840272096,-0.006330274050183334,0.16285857960087036,-0.175519127701237,Condiciones neutrales
2017-09-21,621.87,624.2323280221143,-0.003791551944061416,-0.09373367205631125,4.31262561754429,4.5483757746167965,-0.23575015707250666,-0.39599439130169034,-0.24486403167900078,-0.026346306921277773,0.1421637341827782,-0.19485634802533372,Condiciones neutrales
2017-09-22,623.94,622.270920332231,0.002678648756049298,0.06622079500897504,4.3012,4.535488133378372,-0.23428813337837298,-0.3935386000096869,-0.16365890250035592,-0.04181383507865839,0.12990943950413272,-0.2135371096614495,Condiciones neutrales
2017-09-25,623.85,627.7819661185185,-0.006282963618196075,-0.15532564501777177,4.29687275628241,4.462096795947033,-0.16522403966462254,-0.2775302202461556,-0.2164279326319637,-0.055940100241910665,0.11293896733467187,-0.2248191678184932,Condiciones neutrales
2017-09-26,628.37,630.4715874246159,-0.003338925879250665,-0.08254397882540071,4.30207006369427,4.45355574344118,-0.15148567974691085,-0.2544536143144591,-0.16849879656992992,-0.05774901816997236,0.11644210164160457,-0.23194013798154928,Condiciones neutrales
2017-09-27,633.37,633.603634308349,-3.688069027969498e-4,-0.009117539674754536,4.32428571428571,4.4646165754220215,-0.14033086113631146,-0.23571663589358569,-0.12241708778417011,-0.05660432807154698,0.12665983913189707,-0.23986849527499104,Condiciones neutrales
2017-09-28,638.28,632.5785869985773,0.008972597439627208,0.22181800969827178,4.356,4.427718105098767,-0.07171810509876705,-0.12046637731470222,0.05067581619178478,-0.058996187681619246,0.12712845831862632,-0.24512083368186482,Condiciones neutrales
2017-09-29,636.85,632.3796713350072,0.007044189481183448,0.17414445495490036,4.39933333333333,4.446427062141495,-0.04709372880816526,-0.07910430561359362,0.04752007467065337,-0.06366121197883677,0.12427110045557246,-0.251593524413246,Condiciones neutrales
2017-10-02,637.93,632.8671925913715,0.007967965658003099,0.1969817876590105,4.41382352941176,4.446840145137537,-0.03301661572577706,-0.055458689018602715,0.0707615493202039,-0.05839075871602234,0.13665859189773155,-0.25344010932977623,Condiciones neutrales
2017-10-03,640.52,633.6402343187658,0.010799006835755527,0.2669699849060482,4.44984615384615,4.453073771144505,-0.0032276172983552905,-0.005421495210388767,0.1307742448478297,-0.053701114444882556,0.14435256891681572,-0.25175479780658083,Condiciones neutrales
2017-10-04,635.79,631.7512782129685,0.006372550581109568,0.1575403885122946,4.44102564102564,4.475512328709482,-0.03448668768384153,-0.05792799914518889,0.04980619468355285,-0.0564668089419211,0.13773121543499686,-0.25066483331883904,Condiciones neutrales
2017-10-05,630.67,631.9720566650873,-0.0020624326898550293,-0.050986876150246815,4.4696052631579,4.433329826032073,0.03627543712582759,0.06093259840088605,0.004972861125319618,-0.06220436121359598,0.12144482944805823,-0.24585355187525018,Condiciones neutrales
2017-10-06,628.84,636.2052164089025,-0.011644326280503822,-0.28786773252650794,4.44705882352941,4.441661006843331,0.005397816686079162,0.009066823791360765,-0.1394004543675736,-0.07112818649014019,0.10206539498630782,-0.2443217679665882,Condiciones neutrales
2017-10-10,633.32,634.3796279676815,-0.0016717338888208497,-0.04132813117477809,4.51487804878049,4.607799252439974,-0.09292120365948328,-0.15608165839245025,-0.09870489478361417,-0.08056453556904358,0.08838395373802317,-0.24951302487611032,Condiciones neutrales
2017-10-11,628.8,634.3817374626296,-0.008837641689503297,-0.21848167191077494,4.50472727272727,4.564892192712978,-0.06016491998570879,-0.10106025448003457,-0.15977096319540476,-0.09470392040077662,0.06462588611890369,-0.2540337269204569,Condiciones neutrales
2017-10-12,626.77,631.740382506703,-0.00789887539830685,-0.195273757849529,4.5541935483871,4.558094287675974,-0.003900739288874761,-0.006552152072795692,-0.10091295496116234,-0.10767542466041283,0.03696041103961682,-0.25231126036044244,Condiciones neutrales
2017-10-13,624.99,631.2729348388148,-0.01000266273908805,-0.24728299195374995,4.54519480519481,4.521347435740495,0.02384736945431532,0.04005691732499564,-0.10361303731437715,-0.11359987781016906,0.018148076994038538,-0.24534783261437665,Condiciones neutrales
2017-10-16,622.13,632.4198007525649,-0.016404341216597035,-0.4055434720615372,4.55,4.537539771904558,0.012460228095441755,0.020929701601925768,-0.1923068852298057,-0.11993921208622753,0.0012172899901530692,-0.2410957141626081,Condiciones neutrales
2017-10-17,619.68,635.4703821306358,-0.025162268160367457,-0.6220544586316352,4.55055555555556,4.4712446612026335,0.0793108943529267,0.13322014170798854,-0.24441715846182333,-0.12991851582006853,-0.025366847478375323,-0.23447018416176174,Condiciones neutrales
2017-10-18,622.07,629.7850964619278,-0.012326017865001848,-0.30472031858298165,4.54,4.489055070953911,0.050944929046089465,0.08557324592284106,-0.1095735363300703,-0.13479780423476265,-0.048514557710706376,-0.22108105075881893,Condiciones neutrales
2017-10-19,625.03,628.9096745374001,-0.0061879961149438265,-0.15297788533066123,4.52340425531915,4.498364599891518,0.02503965542763189,0.04205962461530649,-0.05545913035767737,-0.12808098727155257,-0.05182400611238387,-0.20433796843072127,Condiciones neutrales
2017-10-20,625.55,630.9025056715116,-0.008520080188145632,-0.21063100651963054,4.474,4.537562329108071,-0.06356232910807044,-0.1067669525120475,-0.15869897951583903,-0.1270977954701719,-0.05633984249544213,-0.1978557484449016,Condiciones neutrales
2017-10-23,628.68,637.4046235372205,-0.013782272494046083,-0.34072143259728743,4.43935897435897,4.495591297068009,-0.05623232270903912,-0.09445458988940383,-0.21758801124334565,-0.12526369216810052,-0.0652138602793648,-0.18531352405683624,Condiciones neutrales
2017-10-24,630.97,638.4125900101083,-0.011726449305551858,-0.28989795466554036,4.44296296296296,4.545742875926927,-0.10277991296396732,-0.17264153533390555,-0.23126974499972297,-0.12432288858712551,-0.07369079377862217,-0.17495498339562884,Condiciones neutrales
2017-10-25,631.96,636.4932751465215,-0.0071477515741102645,-0.17670468765092617,4.50174603174603,4.54493271331503,-0.04318668156900089,-0.0725415579468593,-0.12462312279889273,-0.11462581316040234,-0.07441075323694081,-0.15484087308386385,Condiciones neutrales
2017-10-26,631.12,636.2616639377727,-0.00811388122856312,-0.20058907101964168,4.47083333333333,4.589825248769702,-0.11899191543637203,-0.19987316957993037,-0.20023112029978601,-0.11447406436789886,-0.0820279657925567,-0.14692016294324103,Condiciones neutrales
2017-10-30,629.62,639.1888901122611,-0.01508355057584467,-0.372891260354604,4.46894736842105,4.4583716725610225,0.010575695860027486,0.017764214016601408,-0.17756352316900131,-0.11432491338762026,-0.09499444536305576,-0.13365538141218475,Condiciones neutrales
2017-10-31,636.49,640.8408618521902,-0.006812453701548609,-0.16841554872007258,4.46897435897436,4.488890844452,-0.019916485477640484,-0.03345413059963111,-0.10093483965985184,-0.1121298448191048,-0.10492137501240209,-0.11933831462580753,Condiciones neutrales
2017-11-02,636.8,638.4478681526409,-0.002584390236564903,-0.06389056261753885,4.45685534591195,4.51204325053464,-0.05518790462269037,-0.09270025933241102,-0.07829541097497494,-0.11013501873728142,-0.11026341335155143,-0.1100066241230114,Condiciones neutrales
2017-11-03,631.97,634.2182126053434,-0.0035511544738594807,-0.08779063396332973,4.45028985507246,4.465548261808532,-0.015258406736072854,-0.02562985985976006,-0.056710246911544894,-0.10830416144344218,-0.11953631284494406,-0.09707201004194028,Condiciones neutrales
2017-11-06,630.81,637.9902396394118,-0.01131827700848867,-0.27980723487589937,4.45,4.4245077174426815,0.025492282557318703,0.04281991172150696,-0.11849366157719621,-0.10766412288259135,-0.13249673679972035,-0.08283150896546235,Condiciones neutrales
2017-11-07,632.97,639.786349106587,-0.010711263443134694,-0.26480081763355123,4.426875,4.421923810878511,0.0049511891214893515,0.008316614278143331,-0.12824210167770395,-0.10377672521588145,-0.13819897498562836,-0.06935447544613456,Condiciones neutrales
2017-11-08,633.72,637.9557036146081,-0.006661634356421531,-0.16468703563507284,4.46407407407408,4.447662351372367,0.016411722701713427,0.027567108426054445,-0.0685599636045092,-0.1006067605860199,-0.1458959026737633,-0.055317618498276516,Condiciones neutrales
2017-11-09,631.8,641.3831024576556,-0.01505405376333427,-0.37216204851962265,4.43054054054054,4.449229780456539,-0.018689239915999262,-0.03139270096923494,-0.2017773747444288,-0.1001184086564354,-0.15312378279049163,-0.04711303452237916,Condiciones neutrales
2017-11-10,631.46,643.0245328286471,-0.018148278675666613,-0.4486565994264875,4.45684210526316,4.476653982889483,-0.019811877626323086,-0.03327841863862032,-0.2409675090325539,-0.10253403240518953,-0.16532753681052786,-0.0397405279998512,Condiciones neutrales
2017-11-13,630.61,645.2508321946111,-0.022951523423877376,-0.5674010541187571,4.45,4.485134834440781,-0.035134834440780874,-0.059016704593683765,-0.31320887935622044,-0.10889375879092454,-0.18393698729199462,-0.03385053028985447,Condiciones neutrales
2017-11-14,632.43,644.0709648740395,-0.01823937139691399,-0.45090856785157846,4.43309090909091,4.478070338463607,-0.04497942937269678,-0.07555287333301895,-0.2632307205922987,-0.11935731001706067,-0.2063612065436563,-0.03235341349046503,Condiciones neutrales
2017-11-15,630.59,647.3963508219897,-0.026302815737451173,-0.6502507524269586,4.43473684210526,4.483486335870117,-0.04874949376485628,-0.08188552809210876,-0.3660681402595337,-0.1331435838480669,-0.23384104678971826,-0.03244612090641553,Condiciones neutrales
2017-11-16,631.9,645.7529764229353,-0.02168588743552749,-0.5361123600892677,4.47027027027027,4.472686122328136,-0.0024158520578650387,-0.004057956427299253,-0.27008515825828344,-0.1445051407673498,-0.2582775183813275,-0.030732763153372082,Condiciones neutrales
2017-11-17,630.41,642.8237225759973,-0.01950013688570105,-0.48207685477191903,4.50647058823529,4.452090826054747,0.05437976218054273,0.09134280583826614,-0.19536702446682644,-0.15537651641117167,-0.28324574637059313,-0.02750728645175025,Condiciones neutrales
2017-11-20,629.21,638.7328437576787,-0.015021217813880541,-0.3713502874879495,4.48266666666667,4.467217756187142,0.015448910479528382,0.025949852918798377,-0.17270021728457557,-0.1627933968101093,-0.30087543557060126,-0.024711358049617344,Condiciones neutrales
2017-11-21,636.71,634.7225349928341,0.0031263422497990623,0.07728854661675968,4.53846153846154,4.441518507690621,0.09694303077091841,0.1628372041731625,0.12006287539496109,-0.15895706300112125,-0.29659958814503434,-0.02131453785720813,Condiciones neutrales
2017-11-22,635.72,633.5779817902277,0.003375125894624372,0.08343890534085784,4.64630230466051,4.445162487030976,0.2011398176295331,0.337858691751552,0.2106487985462049,-0.14728875457066196,-0.28422270021612217,-0.010354808925201754,Condiciones neutrales
2017-11-23,634.82,632.5266711940385,0.0036191065337403024,0.08947052551971392,4.60214285714286,4.537816026179471,0.06432683096338887,0.10805110201423747,0.0987608137669757,-0.1407065642856423,-0.2798627449929724,-0.0015503835783121636,Condiciones neutrales
2017-11-24,634.23,631.6095684315297,0.004140232896811198,0.10235366370076752,4.585,4.481429360813922,0.10357063918607796,0.17396973444477493,0.13816169907277123,-0.13077547554336977,-0.26916823380592103,0.0076172827191814865,Condiciones neutrales
2017-11-27,633.66,631.2424330141158,0.0038225397730879285,0.09449974437882251,4.55733333333333,4.480640333026335,0.07669300030699489,0.1288228111946848,0.11166127778675367,-0.1236896677851059,-0.259509117064976,0.01212978149476417,Condiciones neutrales
2017-11-28,635.8,633.5769495058535,0.003502588837356479,0.08659000806861995,4.60264462809918,4.481801712715646,0.12084291538353409,0.2029823322904795,0.14478617017954973,-0.115409694201975,-0.2483800170642303,0.017560628660280297,Condiciones neutrales
2017-11-29,641.09,635.6553569358807,0.00851332782739858,0.21046407657189226,4.60883720930233,4.543895399151704,0.06494181015062707,0.10908409521321422,0.15977408589255324,-0.10367366183122971,-0.22784643210978267,0.020499108447323246,Condiciones neutrales
2017-11-30,642.41,643.4248556336966,-0.0015785166189543052,-0.03902364026114554,4.62304347826087,4.519060588924308,0.10398288933656165,0.17466219950792486,0.06781927962338966,-0.0932657805617226,-0.208412071497433,0.02188051037398779,Condiciones neutrales
2017-12-01,645.32,644.6007707703964,0.0011151526829173987,0.027568488422534624,4.6154,4.507695461054933,0.10770453894506714,0.1809135309583851,0.10424100969045987,-0.08613862902770493,-0.19733577793058246,0.025058519875172592,Condiciones neutrales
2017-12-04,648.78,641.5522471799665,0.011203050115097729,0.27695862829038503,4.63655172413793,4.520641418532946,0.11591030560498314,0.19469692611709016,0.2358277772037376,-0.07642906544232443,-0.18300456080988092,0.030146429925232046,Condiciones neutrales
2017-12-05,648.21,638.1452106772805,0.01564885753607334,0.386866618731065,4.63066666666666,4.524197068759569,0.10646959790709155,0.1788391750779934,0.2828528969045292,-0.0617106695616455,-0.16308797330152439,0.03966663417823341,Condiciones neutrales
2017-12-06,652.52,638.1170726364757,0.022320024127059933,0.5517893075661646,4.6315107913669,4.512751980203641,0.11875881116325898,0.199481619534376,0.37563546355027033,-0.04193655373519163,-0.133337615296076,0.04946450782569274,Condiciones neutrales
2017-12-07,653.82,642.4325749424718,0.017570214678022406,0.43436586518833264,4.67857142857143,4.51629650796832,0.16227492060310955,0.2725765242565455,0.35347119472243904,-0.022445189077786226,-0.10919548796761357,0.0643051098120411,Condiciones neutrales
2017-12-11,655.27,637.9408886022031,0.026801736480279923,0.6625849295608498,4.68730769230769,4.517163671240916,0.17014402106677395,0.2857944142757757,0.47418967191831274,-0.0024847625872127122,-0.0812191673938877,0.07624964221946227,Condiciones neutrales
2017-12-12,655.53,642.3677589608006,0.020283095790998268,0.501432942818569,4.6816,4.532265555157731,0.14933444484226957,0.2508401407660688,0.3761365417923189,0.01672749281585745,-0.057818433599280676,0.09127341923099558,Condiciones neutrales
2017-12-13,655.74,642.6864305697571,0.020107429925878537,0.4970901811116086,4.69472727272727,4.485420070759209,0.2093072019680621,0.35157761533499643,0.4243338982233025,0.03679074019560091,-0.02881905221707359,0.10240053260827542,Condiciones neutrales
2017-12-14,649.4,642.2300095115213,0.01110234987508503,0.27446914551061563,4.69893203883494,4.519843974454172,0.17908806438076755,0.3008179079263506,0.28764352671848314,0.04974335240821208,-0.01405622907605065,0.1135429338924748,Condiciones neutrales
2017-12-15,641.05,639.3180330823321,0.002705422080709508,0.06688267754957637,4.66022727272727,4.498274508425962,0.16195276430130784,0.27203539168543656,0.16945903461750647,0.05800183392796146,-0.009697121070480142,0.12570078892640305,Condiciones neutrales
2017-12-18,638.37,640.5649338160091,-0.003432443532460434,-0.08485589573086996,4.60858695652174,4.487998666035441,0.1205882904862991,0.20255463360962636,0.0588493689393782,0.06185382112299223,-0.009599296462731484,0.13330693870871593,Condiciones neutrales
2017-12-19,622.86,639.5075874291225,-0.026376711142548276,-0.6520775736785279,4.62947368421052,4.580789465957918,0.04868421825260212,0.08177588347060377,-0.28515084510396205,0.056298581672100036,-0.022008307756152434,0.1346054711003525,Condiciones neutrales
2017-12-20,620.62,638.6740073499157,-0.028675185187337953,-0.7088997972753067,4.59860465116279,4.663726117210762,-0.06512146604797131,-0.10938586692185692,-0.4091428320985818,0.0469352239914041,-0.03681160707754429,0.1306820550603525,Condiciones neutrales
2017-12-21,620.58,637.096839130326,-0.02626714315243017,-0.649368864895127,4.57105263157894,4.640615268929384,-0.06956263735044385,-0.11684579377165434,-0.3831073293333907,0.036450311800441386,-0.052967668052879426,0.1258682916537622,Condiciones neutrales
2017-12-22,620.54,637.6280867061769,-0.02716511046545153,-0.6715681581865888,4.55458333333333,4.662746007949121,-0.1081626746157913,-0.18168307087434865,-0.4266256145304687,0.028955370474240058,-0.06294787170844496,0.12085861265692507,Condiciones neutrales
2017-12-26,622.11,639.2164924319507,-0.027126269818367715,-0.6706079507227529,4.5475,4.706492843875124,-0.1589928438751236,-0.2670635524212625,-0.46883575157200774,0.021359762389591596,-0.07034625008498714,0.11306577486417033,Condiciones neutrales
2017-12-27,619.03,641.0473856886244,-0.03494964204286666,-0.8640151405185313,4.5268085106383,4.669134825245113,-0.14232631460681286,-0.23906844016058781,-0.5515417903395596,0.01341533202348029,-0.08023338629831295,0.10706405034527353,Condiciones neutrales
2017-12-28,616.58,637.78170944853,-0.03380799761197019,-0.8357917306142649,4.53822222222222,4.722073406655691,-0.18385118443347057,-0.30881861871861055,-0.5723051746664377,0.003112850221008989,-0.09306282505706917,0.09928852549908715,Condiciones neutrales
2017-12-29,615.22,638.0233226187331,-0.03639491108944767,-0.8997446720781728,4.53,4.783220819951673,-0.2532208199516726,-0.42534022334007404,-0.6625424477091234,-0.006769626693977334,-0.10137928904544297,0.0878400356574883,Condiciones neutrales
2018-01-02,614.75,630.0492106497791,-0.02458224738118779,-0.607715349395211,4.49962962962963,4.820512101838657,-0.32088247220902716,-0.5389928933227166,-0.5733541213589638,-0.01687859213066668,-0.10376605535564108,0.07000887109430773,Condiciones neutrales
2018-01-03,609.49,628.8677854367886,-0.031298494676177666,-0.7737525106119246,4.47785714285715,4.772786129898776,-0.2949289870416254,-0.4953982900840778,-0.6345754003480012,-0.03151887132670584,-0.1134885772169746,0.050450834563562925,Condiciones neutrales
2018-01-04,604.84,628.8457280270859,-0.03892200091574826,-0.9622186702008434,4.5165688449374,4.783302929084562,-0.26673408414716177,-0.44803873135398753,-0.7051287007774154,-0.04926648744313383,-0.13318418997407105,0.034651215087803396,Condiciones neutrales
2018-01-05,604,630.9164407263412,-0.04359923226605548,-1.0778478574015802,4.52100783874579,4.8005775984556776,-0.27956975970988746,-0.46959907979457954,-0.7737234685980798,-0.07905936557623519,-0.17168873677468238,0.013570005622211993,Condiciones neutrales
2018-01-08,606.04,632.0465010854266,-0.04201697861533296,-1.0387318313007061,4.50769230769231,4.772092286028252,-0.26439997833594225,-0.44411808577976913,-0.7414249585402376,-0.11079515747911661,-0.20909442799606787,-0.012495886962165378,Condiciones neutrales
2018-01-09,606.29,635.9359725933615,-0.047739466792745044,-1.1802015613957384,4.52415059738345,4.762555751791703,-0.23840515440825313,-0.4004540449745962,-0.7903278031851673,-0.14043144471085472,-0.2514168308932496,-0.029446058528459832,Condiciones neutrales
2018-01-10,607.25,633.3996391148294,-0.04216099646337976,-1.04229219970347,4.5844827586206804,4.819562882331551,-0.23508012371087086,-0.39486892247279287,-0.7185805610881314,-0.16898952004955148,-0.2895716930067242,-0.04840734709237876,Condiciones neutrales
2018-01-11,609.17,636.2900974454483,-0.043557212507144755,-1.076809056836605,4.56928571428571,4.793778342852316,-0.22449262856660596,-0.37708488895559217,-0.7269469728960987,-0.19694312840564654,-0.3286153197139051,-0.06527093709738799,Condiciones neutrales
2018-01-12,608.04,634.671602372872,-0.0428670342251554,-1.0597466650511769,4.56727272727273,4.870169795970466,-0.3028970686977359,-0.5087824408495987,-0.7842645529503878,-0.22791148584331114,-0.36682654215123167,-0.0889964295353906,Condiciones neutrales
2018-01-15,604.09,635.4237289988944,-0.05056887265896255,-1.250149330934707,4.56,4.924310795757713,-0.36431079575771363,-0.6119403422765928,-0.9310448366056499,-0.2642721165932512,-0.415513655734785,-0.11303057745171749,Condiciones neutrales
2018-01-16,601.69,636.8555275729626,-0.05680046604019034,-1.4042050155203178,4.54365853658537,4.914511338538448,-0.3708528019530782,-0.6229290847376573,-1.0135670501289875,-0.30031832758499716,-0.46101970157675737,-0.1396169535932369,Condiciones neutrales
2018-01-17,601.69,639.4372228971567,-0.06084608777465722,-1.5042197288928592,4.52731707317074,4.943189980019092,-0.41587290684835176,-0.6985502815831766,-1.1013850052380179,-0.3405058614159464,-0.5120793088206038,-0.16893241401128894,Condiciones neutrales
2018-01-18,604.99,640.7360799058667,-0.05740571135111503,-1.4191677184780587,4.53439024390244,4.996937358059721,-0.462547114157282,-0.7769499082994559,-1.0980588133887572,-0.38496874776902956,-0.5686168537128853,-0.2013206418251738,Condiciones neutrales
2018-01-19,605.45,636.5883963782243,-0.050151303988915395,-1.239826316676523,4.54817073170732,5.052265975565449,-0.5040952438581291,-0.8467391569469147,-1.0432827368117188,-0.42917326889290447,-0.6228399515598049,-0.2355065862260041,Condiciones neutrales
2018-01-22,606.55,636.1488838991515,-0.047645464908482114,-1.177877673467478,4.55166666666667,5.025516191150392,-0.47384952448372186,-0.79593479956332025,-0.9869062365153991,-0.47459132556176015,-0.6804955175942596,-0.26868713352926066,Condiciones neutrales
2018-01-23,606.28,638.1765417968152,-0.05127303078410332,-1.2675573284385022,4.53666666666667,4.979134447899749,-0.44246778123307884,-0.7432222394919296,-1.005389783965216,-0.5198866915180153,-0.7372262907151541,-0.30254709232087645,Condiciones neutrales
2018-01-24,608.15,634.1995385656601,-0.04194207245464285,-1.036880022435969,4.5115,5.086706327174111,-0.5752063271741117,-0.9661859072786892,-1.0015329648573292,-0.5690774460772033,-0.7938751224483814,-0.3442797697060253,Condiciones neutrales
2018-01-25,604.12,634.9036133834314,-0.04970034372593896,-1.228677804926218,4.47633333333333,5.162886854332443,-0.6865535209991128,-1.1532180806159973,-1.1909479427711076,-0.6213135955626509,-0.851545480706541,-0.39108171041876083,Condiciones neutrales
2018-01-26,599.33,632.4395859574533,-0.05377233515417637,-1.3293444223909565,4.45266666666667,5.172539899433269,-0.719873232766599,-1.2091858862945124,-1.2692651543427345,-0.6777668973148522,-0.9124266341566265,-0.4431071604730778,Condiciones neutrales
2018-01-29,600.37,645.6104213928274,-0.07265012718559709,-1.7960358441429187,4.50772727272727,5.197805596297121,-0.6900783235698511,-1.1591387640453994,-1.477587304094159,-0.7366079250086068,-0.9814434671450777,-0.49177238287213615,Condiciones neutrales
2018-01-30,604.63,648.0774240190066,-0.06939347002819735,-1.7155256893315984,4.50461538461539,5.2527355594121055,-0.7481201747967157,-1.2566328562318854,-1.4860792727817418,-0.7917925352552485,-1.0408570793744503,-0.5427279911360469,Condiciones benignas
2018-01-31,604.42,642.5028621757108,-0.06110195098810897,-1.5105451067051094,4.52133333333333,5.327374382059927,-0.8060410487265964,-1.3539237403625408,-1.4322344235338251,-0.8414953283376886,-1.0883800530735914,-0.5946106036017857,Condiciones benignas
2018-02-01,603.25,643.5479286026955,-0.0646648008805285,-1.5986248714898137,4.53909090909091,5.38120535452456,-0.8421144454336507,-1.4145169673133968,-1.5065709194016053,-0.8822093308142767,-1.119931629667301,-0.6444870319612525,Condiciones benignas
2018-02-02,599.19,650.8599036216433,-0.08271567409407529,-2.0448734407013562,4.588,5.481783246888455,-0.8937832468884541,-1.5013061166206865,-1.7730897786610214,-0.9276742290330247,-1.1644640844481693,-0.6908843736178801,Condiciones benignas
2018-02-05,601.26,686.850610192172,-0.13308936286471193,-3.290197490893788,4.59166666666667,5.461739435635719,-0.8700727689690486,-1.46147913882453,-2.375838314859159,-0.994098595217217,-1.2524917053147913,-0.7357054851196426,Condiciones benignas
2018-02-06,603.07,686.212046741931,-0.12915340977506762,-3.19289397466171,4.56381679389312,5.510622695968814,-0.9468059020756935,-1.590369361908844,-2.391631668285277,-1.059598797009044,-1.3365358991972953,-0.7826616948207925,Condiciones benignas
2018-02-07,601.23,678.7096990080989,-0.12121593734156386,-2.9966660318523366,4.54649122807018,5.576275518754823,-1.0297842906846428,-1.7297498692070425,-2.3632079505296897,-1.1227445369743,-1.4140711685682814,-0.8314179053803185,Condiciones benignas
2018-02-08,596.53,685.1495977307285,-0.13850767161485542,-3.4241473834387826,4.54588235294118,5.5409063522454325,-0.9950239993042524,-1.6713622923011506,-2.5477548378699666,-1.1892849718919802,-1.4994089099989565,-0.8791610337850039,Condiciones benignas
2018-02-09,600.74,686.634203153765,-0.13363946641869826,-3.303796994972092,4.53086956521739,5.5913466189084815,-1.060477053691091,-1.7813051349809161,-2.542551064976504,-1.2549598349023157,-1.5816757521442175,-0.9282439176604141,Condiciones benignas
2018-02-12,603.07,680.9098977959219,-0.12139671250104142,-3.001135104085657,4.51666666666667,5.502550070665004,-0.9858834039983342,-1.6560086462240924,-2.328571875154875,-1.3104941491505075,-1.6517220998778002,-0.9692661984232147,Condiciones benignas
2018-02-13,600.35,679.4052657708435,-0.12370498783915468,-3.058199632476798,4.52095238095238,5.434305359883771,-0.9133529789313909,-1.5341777983387883,-2.2961887154077933,-1.3679219689521351,-1.7334049093138533,-1.002439028590417,Condiciones benignas
2018-02-14,596.99,666.7561113374404,-0.11052396604699341,-2.7323421492452495,4.52966666666667,5.447204922295936,-0.9175382556292657,-1.541207893754141,-2.1367750214996954,-1.4179952896571917,-1.7986912306016307,-1.0372993487127524,Condiciones benignas
2018-02-15,596.66,663.634682646423,-0.10638438441645032,-2.6300045859644943,4.53666666666667,5.407489537014698,-0.870822870348028,-1.4627390995502068,-2.0463718427573507,-1.4627033943898562,-1.854284094460419,-1.071122694319293,Condiciones benignas
2018-02-16,592.66,662.028913423569,-0.11068835210111534,-2.7364060546631435,4.54666666666667,5.39119720952761,-0.84453054286094,-1.4185753358927686,-2.077490695277956,-1.506162301945852,-1.9095693677024712,-1.1027552361892328,Condiciones benignas
2018-02-19,593.15,664.6514559655112,-0.11381545877885195,-2.8137134992506194,4.55125,5.395603087915936,-0.8443530879159364,-1.4182772611690748,-2.115995380209847,-1.5519813160015057,-1.9687354233008016,-1.1352272087022097,Condiciones benignas
2018-02-20,594.58,666.7111503416595,-0.11450162021997541,-2.830676587835147,4.54,5.411364295456595,-0.8713642954565948,-1.463648542449269,-2.147162565142208,-1.5972091414000738,-2.0237512575154484,-1.1706670252846987,Condiciones benignas
2018-02-21,595.63,667.2174514388726,-0.11349633801901121,-2.8058242863133884,4.5378947368421,5.465720978067521,-0.9278262412254216,-1.5584888349185504,-2.1821565606159696,-1.6459950080510015,-2.0825356604024456,-1.2094543556995574,Condiciones benignas
2018-02-22,594.7,665.098320652239,-0.11187780361935308,-2.7658113378248323,4.52735294117647,5.416055428496147,-0.8887024873196774,-1.4927718601952744,-2.1292915990100534,-1.6927398289214668,-2.1388357364353867,-1.2466439214075467,Condiciones benignas
2018-02-23,594.73,659.3680510630181,-0.10317435689366274,-2.550647195758097,4.53884615384615,5.395354370498508,-0.8565082166523573,-1.438694481097765,-1.994670838427931,-1.7330867051040515,-2.188532420792284,-1.277640989415819,Condiciones benignas
2018-02-26,591.56,657.4632421555905,-0.10562574172379965,-2.6112496364319653,4.56510869565217,5.426547776105083,-0.8614390804529125,-1.4469769545159774,-2.0291132954739712,-1.7696889870663288,-2.233902430975526,-1.3054755431571319,Condiciones benignas
2018-02-27,588.28,666.9660853847585,-0.12553617309117118,-3.1034696750396358,4.5624,5.467617079096203,-0.9052170790962032,-1.5205117599236546,-2.3119907174816454,-1.8129697759780843,-2.2905445862928366,-1.3353949656633317,Condiciones benignas
2018-02-28,589.15,670.9833890120163,-0.13006356093514235,-3.215394473565263,4.5504,5.4361970684135406,-0.8857970684135407,-1.487891568256134,-2.351643020910698,-1.8546450431671735,-2.3475837444485834,-1.3617063418857636,Condiciones benignas
2018-03-01,593.61,677.5459075694268,-0.13225477263585153,-3.2695649879062105,4.53447368421052,5.379927994339551,-0.84545431012903,-1.4201270067869654,-2.344845997346588,-1.896204615965768,-2.4092636534295218,-1.383145578502014,Condiciones benignas
2018-03-02,596.15,671.9574448692373,-0.11970269917838275,-2.9592561870649337,4.52636363636364,5.406774834575487,-0.8804111982118474,-1.478844811220492,-2.2190504991427127,-1.9353968747101344,-2.4665779824424687,-1.4042157669778,Condiciones benignas
2018-03-05,598.04,672.2903343795765,-0.11703265108046884,-2.893248015087642,4.50172413793103,5.408106204360799,-0.9063820664297683,-1.5224686131268845,-2.207858314107263,-1.97609527729653,-2.5237569938298074,-1.428433560763252,Condiciones benignas
2018-03-06,600.51,668.2387976862136,-0.10686629705079802,-2.6419182934632115,4.51166666666667,5.422789739527849,-0.9111230728611788,-1.5304321792142928,-2.086175236338752,-2.0121214590423144,-2.569569025997298,-1.4546738920873308,Condiciones benignas
2018-03-07,595.93,668.2988715643245,-0.11461227549578339,-2.8334121761870703,4.49764705882353,5.434758152188669,-0.9371110933651396,-1.574084792168594,-2.203748484177832,-2.052195309686331,-2.6294534311223345,-1.4749371882503275,Condiciones benignas
2018-03-08,601.91,662.0500621036583,-0.0952332431196448,-2.354329232761044,4.50176470588235,5.373901302893814,-0.8721365970114644,-1.4649457932673366,-1.9096375130141903,-2.0761516286944337,-2.6669751453834953,-1.4853281120053723,Condiciones benignas
2018-03-09,605.22,661.2765512723854,-0.08858010722453945,-2.189852293676868,4.53,5.358940700395254,-0.8289407003952541,-1.3923887566160056,-1.7911205251464368,-2.093546807721224,-2.695658741093026,-1.491434874349422,Condiciones benignas
2018-03-12,603.56,665.9399580173467,-0.09835405770379457,-2.431481125995006,4.51,5.344449541980533,-0.8344495419805339,-1.401642071215789,-1.9165615986053977,-2.108179284204932,-2.7168402504880955,-1.4995183179217684,Condiciones benignas
2018-03-13,603.85,662.730023601305,-0.0930418803130664,-2.300154982823644,4.506,5.369072234249644,-0.8630722342496432,-1.4497201965636997,-1.8749375896936717,-2.121141228101996,-2.736327893604497,-1.5059545625994954,Condiciones benignas
2018-03-14,602.19,667.1568914157235,-0.10245222763873438,-2.5327949210794554,4.4924,5.380089064785994,-0.8876890647859943,-1.4910695935060783,-2.011932257292767,-2.1404644892272944,-2.7704028874169753,-1.5105260910376135,Condiciones benignas
2018-03-15,601.16,664.9240254439427,-0.10081166461050586,-2.492237387081659,4.49395348837209,5.388161706510655,-0.8942082181385649,-1.5020199495767197,-1.9971286683291893,-2.156816414191547,-2.800189971270037,-1.5134428571130574,Condiciones benignas
2018-03-16,603.54,664.4873206554496,-0.0962034785667793,-2.3783151183722264,4.49222222222222,5.386737606545298,-0.8945153843230776,-1.5025359029392753,-1.9404255106557509,-2.162394271924705,-2.8113046938590656,-1.5134838499903438,Condiciones benignas
2018-03-19,607.6,671.8211881664964,-0.10047544535561061,-2.483925469998015,4.47,5.423729773540248,-0.953729773540248,-1.6019995313225344,-2.0429625006602747,-2.1512984114514087,-2.7844289598292065,-1.5181678630736106,Condiciones benignas
2018-03-20,609.39,670.770058336222,-0.0959679363650834,-2.372492110850527,4.48,5.447495413880498,-0.9674954138804975,-1.625121960741483,-1.998807035796005,-2.1382042570350994,-2.7570822310355005,-1.5193262830346985,Condiciones benignas
2018-03-21,609.58,669.5148285318846,-0.09378311811666572,-2.318479653624249,4.49454545454546,5.451894375985918,-0.9573489214404581,-1.608078688543769,-1.963279171084009,-2.1248732977202436,-2.7344760184278973,-1.5152705770125894,Condiciones benignas
2018-03-22,607.23,679.5767178695683,-0.112562498656174,-2.7827381743779953,4.48578947368421,5.453301073104189,-0.967511599419979,-1.6251491479252986,-2.203943661151647,-2.113412925162966,-2.7130957114592045,-1.5137301388667277,Condiciones benignas
2018-03-23,607.76,680.6209386075689,-0.11322545932304111,-2.7991276999999997,4.47857142857143,5.550636935487301,-1.0720655069158709,-1.8007704983887693,-2.2999490991943845,-2.105326192970229,-2.6962734016268017,-1.5143789843136561,Condiciones benignas
2018-03-26,608.14,678.6840513992123,-0.10975058606727638,-2.7132228686806634,4.47,5.58861434970542,-1.11861434970542,-1.8789595477414547,-2.296091208211059,-2.1042435040721017,-2.6866763271133016,-1.5218106810309016,Condiciones benignas
2018-03-27,606.07,676.5547515159429,-0.11001788689109965,-2.719831003853353,4.462,5.606188433859464,-1.1441884338594643,-1.9219168632887114,-2.3208739335710322,-2.105066344677543,-2.6753973728258535,-1.5347353165292323,Condiciones benignas
2018-03-28,605.65,677.3866444013335,-0.11193996275562892,-2.767348018366453,4.452,5.613325085017755,-1.1613250850177554,-1.950701648964548,-2.3590248336655004,-2.1124746717497365,-2.6765642351298937,-1.5483851083695792,Condiciones benignas
2018-03-29,605.26,672.1911527463056,-0.10488463578546597,-2.5929282255670665,4.468,5.552994300356346,-1.0849943003563463,-1.8224872588452712,-2.2077077422061686,-2.117852535064697,-2.6753283564499792,-1.5603767136794147,Condiciones benignas
2018-04-02,603.39,674.6121133503806,-0.11157412497816228,-2.758303880566211,4.477,5.619424090439262,-1.1424240904392617,-1.9189532593301555,-2.3386285699481832,-2.126557130887038,-2.6760582839800815,-1.5770559777939943,Condiciones benignas
2018-04-03,604.06,669.7874414109618,-0.10328687967514637,-2.5534289520557976,4.47,5.6304148280690365,-1.1604148280690365,-1.949172671631883,-2.2513008118438402,-2.1310673119415044,-2.667382132406921,-1.5947524914760878,Condiciones benignas
2018-04-04,603.66,671.6005864968746,-0.10665267295400793,-2.6366371391160555,4.45838709677419,5.570407324052859,-1.1120202272786692,-1.8678832645738177,-2.2522602018449365,-2.134570566498262,-2.6609141507829515,-1.6082269822135729,Condiciones benignas
2018-04-05,604.81,667.0336058679395,-0.09792606913635009,-2.420900513987956,4.44611111111111,5.581149083892195,-1.1350379727810853,-1.9065466454705826,-2.163723579729269,-2.1339561338020387,-2.6480833583721033,-1.619828909231974,Condiciones benignas
2018-04-06,602.71,671.315295711694,-0.10780276354144912,-2.6650693525074898,4.44444444444444,5.599375291016765,-1.1549308465723245,-1.939961115034564,-2.302515233771027,-2.139730254960738,-2.6447252921948587,-1.6347352177266168,Condiciones benignas
2018-04-09,605.17,671.8988284114758,-0.10459836593420743,-2.585851143476841,4.44,5.570984655653429,-1.130984655653428,-1.8997382052614602,-2.2427946743691507,-2.1480010494921116,-2.645898757118817,-1.6501033418654067,Condiciones benignas
2018-04-10,604.54,670.6628641785392,-0.10379873456710415,-2.5660828835569434,4.42230769230769,5.592824615477873,-1.1705169231701835,-1.966141368705625,-2.266112126131284,-2.155901010514022,-2.6443931986896496,-1.667408822338395,Condiciones benignas
2018-04-11,601.99,668.7065097309833,-0.10510443004239223,-2.5983619168635435,4.3983870967742,5.6032424528268185,-1.204855356052619,-2.0238203412093503,-2.3110911290364466,-2.1558710242325154,-2.627556273417113,-1.684185775047918,Condiciones benignas
2018-04-12,599.2,665.0890515975599,-0.10432551166419125,-2.5791057175820646,4.37241379310345,5.61724212437686,-1.24482833127341,-2.0909637704551103,-2.3350347440185875,-2.1553174150027785,-2.606346648217673,-1.704288181787884,Condiciones benignas
2018-04-13,596.96,661.4423832520176,-0.10257277014060343,-2.5357749386305106,4.38769230769231,5.636130027546096,-1.2484377198537853,-2.0970265347459414,-2.3164007366882258,-2.1543692396475,-2.581886979908483,-1.7268514993865165,Condiciones benignas
2018-04-16,595.45,662.3338216464072,-0.10645226893124277,-2.631682807690356,4.373,5.615275138658088,-1.242275138658088,-2.086675120266557,-2.3591789639784566,-2.159040188475358,-2.570967867262664,-1.747112509688052,Condiciones benignas
2018-04-17,595.99,662.1613204045873,-0.10528532426096181,-2.602833932441977,4.37315789473684,5.576157696020056,-1.2029998012832164,-2.0207035276701313,-2.311768730056054,-2.162503869006984,-2.561287397841142,-1.763720340172827,Condiciones benignas
2018-04-18,595.82,662.9521392831765,-0.10676419144304362,-2.6393940675806276,4.36368421052631,5.605691344829607,-1.2420071343032968,-2.0862249478354564,-2.362809507708042,-2.1717250113859605,-2.5612032569783887,-1.7822467657935324,Condiciones benignas
2018-04-19,594.41,662.7166668316639,-0.10877823171748076,-2.6891846001587134,4.356,5.6681730664922325,-1.3121730664922329,-2.2040841083649987,-2.446634354261856,-2.179821207055428,-2.556395671110777,-1.8032467430000791,Condiciones benignas
2018-04-20,594.42,665.9223016455215,-0.11358685932568538,-2.8080621283894267,4.36857142857143,5.7063605756290965,-1.3377891470576666,-2.2471119661488825,-2.5275870472691544,-2.200419524863927,-2.5715201009650563,-1.8293189487627974,Condiciones benignas
2018-04-23,596.26,667.3103867516293,-0.1125784715784116,-2.783133052432388,4.38454545454545,5.693277904617212,-1.3087324500717619,-2.198304834145012,-2.4907189432887,-2.223739472135336,-2.591296126256907,-1.8561828180137643,Condiciones benignas
2018-04-24,600.58,668.2969075966298,-0.10683669227659935,-2.6411864126299855,4.41347826086957,5.762605679313793,-1.3491274184442237,-2.266157093973557,-2.453671753301771,-2.241643143958548,-2.598286302478073,-1.8849999854390234,Condiciones benignas
2018-04-25,599.87,671.4826021028416,-0.11277514154833414,-2.7879950716625133,4.46411764705882,5.7493309763754965,-1.2852133293166763,-2.1587992829164855,-2.4733971772894994,-2.261591796878409,-2.6145476387727022,-1.908635954984116,Condiciones benignas
2018-04-26,603.16,668.9818476215906,-0.10357442466249762,-2.560537557698939,4.45857142857143,5.6736782852956065,-1.2151068567241765,-2.041039997894939,-2.300788777796939,-2.2712203475618815,-2.615472393326685,-1.9269683017970782,Condiciones benignas
2018-04-27,603.31,667.6221357652098,-0.10129118765493436,-2.5040920198159684,4.45444444444444,5.628909621547981,-1.1744651771035415,-1.9727733321047576,-2.2384326759603628,-2.2792638144829205,-2.615867547751162,-1.9426600812146795,Condiciones benignas
2018-04-30,605.74,667.9730958028697,-0.09779704588156607,-2.4177108376680767,4.44923076923077,5.645319829317661,-1.1960890600868914,-2.0090954134382475,-2.213403125553162,-2.2883630683128344,-2.617180738394357,-1.9595453982313118,Condiciones benignas
2018-05-02,610.98,673.6773055607091,-0.09768699571878947,-2.414990208748934,4.45022727272727,5.603266741860963,-1.1530394691336936,-1.9367841294205013,-2.1758871690847177,-2.292793890593649,-2.6148828963527206,-1.9707048848345774,Condiciones benignas
2018-05-03,617.69,673.6550104903603,-0.08673141251627235,-2.1441493873014568,4.45102564102564,5.620263276003389,-1.1692376349777482,-1.963992521997086,-2.0540709546492715,-2.2946360212220913,-2.6072714722344186,-1.982000570209764,Condiciones benignas
2018-05-04,619.18,674.2324655256101,-0.08517893377487878,-2.1057694480662574,4.42541284403671,5.562147729513358,-1.1367348854766468,-1.909396984653026,-2.0075832163596417,-2.296112822731279,-2.600181132049152,-1.992044513413406,Condiciones benignas
2018-05-07,621.36,676.6278945796025,-0.08521085896386758,-2.1065586935359653,4.43105263157895,5.530675395324059,-1.0996227637451088,-1.8470589898983727,-1.976808841717169,-2.288541662083463,-2.5776418160210843,-1.9994415081458419,Condiciones benignas
2018-05-08,627.08,675.9487140742092,-0.07504308221047708,-1.8551937997391537,4.45263157894737,5.5508776577623085,-1.098246078814938,-1.8447465438847332,-1.8499701718119435,-2.2735423645040482,-2.5461773526790563,-2.0009073763290406,Condiciones benignas
2018-05-09,636,673.7899409530911,-0.057719838689031376,-1.426933485454373,4.45720588235294,5.552547453791581,-1.0953415714386407,-1.8398677830610264,-1.6334006342576997,-2.2514526787056033,-2.5033010399048465,-1.9996043175063596,Condiciones benignas
2018-05-10,632.92,674.0560600403654,-0.0629692507367376,-1.5567079616128292,4.4676,5.539805360675038,-1.0722053606750377,-1.8010054136266644,-1.6788566876197468,-2.2300521038405603,-2.4645302718301623,-1.995573935850958,Condiciones benignas
2018-05-11,626.82,668.8242580840086,-0.06486191409386696,-1.603497848457984,4.44307692307692,5.585500008954229,-1.1424230858773086,-1.9189515719467658,-1.761224710202375,-2.210125433058456,-2.425735266166547,-1.9945155999503654,Condiciones benignas
2018-05-14,618.5,667.9259036795946,-0.07688005291639491,-1.9006068686528585,4.44935483870967,5.595200024831496,-1.1458451861218257,-1.924699744164883,-1.9126533064088709,-2.200290285198546,-2.40265788760274,-1.9979226827943524,Condiciones benignas
2018-05-15,622.94,676.9747600876711,-0.0831837842564257,-2.0564459274010845,4.48304347826087,5.613359504310233,-1.130316026049362,-1.8986150943530467,-1.9775305108770656,-2.188253683229509,-2.3792626224972357,-1.9972447439617822,Condiciones benignas
2018-05-16,632.73,676.592465295659,-0.06702532929076692,-1.6569811855135335,4.49006644518273,5.590109553685735,-1.100043108503004,-1.847765051640204,-1.7523731185768687,-2.1716227601206097,-2.3493810302791602,-1.9938644899620594,Condiciones benignas
2018-05-17,630.89,676.8133619991346,-0.07026403012498623,-1.737047429194751,4.52352941176471,5.624938255263158,-1.101408843498448,-1.850059104823099,-1.793553267008925,-2.1563325289594095,-2.3193947066151166,-1.9932703513037022,Condiciones benignas
2018-05-18,632.36,675.9735275656947,-0.06669506264241161,-1.648816427080892,4.57377049180328,5.575547552862102,-1.0017770610588217,-1.6827055491291871,-1.6657609881050397,-2.1397337759052686,-2.2936585703848813,-1.9858089814256557,Condiciones benignas
2018-05-22,637.03,674.381376909784,-0.0569790417724538,-1.408619714137705,4.5776010781671,5.5941303750041405,-1.0165292968370405,-1.7074851832124769,-1.5580524486750909,-2.114918349735404,-2.251776915772555,-1.9780597836982527,Condiciones benignas
2018-05-23,627.17,677.2726352027256,-0.07685626637336514,-1.900018824480815,4.55882352941175,5.492903816582452,-0.9340802871707024,-1.5689938846204372,-1.734506354550626,-2.0979754057414532,-2.2289158384726875,-1.9670349730102188,Condiciones benignas
2018-05-24,625.01,673.729503962105,-0.07506105131661549,-1.855638026885919,4.54710280373833,5.49176355985282,-0.9446607561144897,-1.586766116084075,-1.721202071484997,-2.0798117372532436,-2.20523434325032,-1.954389131256167,Condiciones benignas
2018-05-25,624.31,677.8255991866728,-0.08224298663376571,-2.0331877953393866,4.54028169014085,5.440953716208543,-0.9006720260676927,-1.5128773408004241,-1.7730325680699055,-2.061876451887692,-2.1863952058661815,-1.9373576979092029,Condiciones benignas
2018-05-28,625.29,686.8432873617782,-0.0938906125243541,-2.321137099890792,4.55,5.427805818542719,-0.8778058185427197,-1.4744685013634904,-1.897802800627141,-2.047302053774644,-2.177796251943139,-1.9168078556061487,Condiciones benignas
2018-05-29,624.39,693.0013834235162,-0.10425682233177073,-2.57740759938301,4.54735849056604,5.286215700322176,-0.7388572097561356,-1.241073663192768,-1.909240631287889,-2.0337300502612994,-2.1791840073015556,-1.8882760932210432,Condiciones benignas
2018-05-30,627.52,688.304132942531,-0.09245525094395131,-2.2856524979007196,4.56,5.31397736997647,-0.7539773699764702,-1.266471307534502,-1.7760619027176108,-2.014292814885938,-2.1676496636419014,-1.8609359661299745,Condiciones benignas
2018-05-31,628.33,686.1436116487349,-0.08802144608256472,-2.1760412313348416,4.5690243902439,5.35244139791606,-0.7834170076721596,-1.3159216729307013,-1.7459814521327714,-1.9954332389551617,-2.1534232402716635,-1.8374432376386602,Condiciones benignas
2018-06-01,631.29,683.8129595436307,-0.07991908434977398,-1.9757369420233002,4.56916666666666,5.330272459346107,-0.761105792679447,-1.2784450658736672,-1.6270910039484838,-1.9709092888298432,-2.1313013360864193,-1.8105172415732673,Condiciones benignas
2018-06-04,631.86,678.7352418665994,-0.07156327728490049,-1.7691670490771165,4.56857142857143,5.371490846020281,-0.8029194174488506,-1.3486802720524897,-1.5589236605648031,-1.9413189323732747,-2.100634084383699,-1.7820037803628503,Condiciones benignas
2018-06-05,630.38,680.4923526319208,-0.07649377200991694,-1.8910573416139025,4.57277777777778,5.359691366558165,-0.7869135887803849,-1.3217949521886354,-1.6064261469012688,-1.9106135690276784,-2.0700672581578483,-1.7511598798975088,Condiciones benignas
2018-06-06,633.92,675.3635314450615,-0.06332834749200242,-1.5655854497736328,4.55375,5.397648510118821,-0.8438985101188216,-1.4175136974866447,-1.4915495736301387,-1.8773079233723933,-2.029482338069223,-1.725133508675563,Condiciones benignas
2018-06-07,629.21,674.6140706328971,-0.06967571589670496,-1.7225032916612668,4.54025641025641,5.382800533284303,-0.8425441230278943,-1.415238705612541,-1.5688709986369038,-1.8478145648835642,-1.9988595673702658,-1.6967695623968626,Condiciones benignas
2018-06-08,630.63,677.1673565536533,-0.07119912582511322,-1.7601645999443838,4.55041666666667,5.364890067777515,-0.8144734011108453,-1.3680877362262425,-1.5641261680853131,-1.8175055312434247,-1.9645985516463282,-1.6704125108405212,Condiciones benignas
2018-06-11,630.45,676.6531368946623,-0.07072493831163858,-1.7484418706934115,4.55461538461539,5.373923992287511,-0.8193086076721209,-1.376209532210715,-1.5623257014520633,-1.7928900953652622,-1.9375286954128106,-1.6482514953177136,Condiciones benignas
2018-06-12,632.81,677.7756775631475,-0.06864615503318788,-1.697050779928156,4.57,5.371245663443302,-0.801245663443302,-1.3458688329983381,-1.521459806463247,-1.7689909997153583,-1.9106273207498836,-1.627354678680833,Condiciones benignas
2018-06-13,634.17,683.2280637995087,-0.07451166132493309,-1.8420561632925598,4.582,5.389321286955059,-0.8073212869550589,-1.3560741828661496,-1.5990651730793548,-1.7485130679662315,-1.8914388316040331,-1.6055873043284299,Condiciones benignas
2018-06-14,634.57,681.6943111101755,-0.0716337290240048,-1.770908736994473,4.58285714285714,5.361400897485133,-0.7785437546279926,-1.3077359694858017,-1.5393223532401374,-1.727294240771412,-1.8699694492122176,-1.5846190323306064,Condiciones benignas
2018-06-15,633.99,684.7435709652312,-0.07701123777812606,-1.9038499836067548,4.58957894736841,5.3047531577291664,-0.7151742103607562,-1.2012928416390112,-1.552571412622883,-1.7105775893705324,-1.8619594690890608,-1.559195709652004,Condiciones benignas
2018-06-18,636.35,690.6282085225437,-0.08185290408176768,-2.0235442850978504,4.59909090909091,5.262430132708868,-0.6633392236179586,-1.1142245474828707,-1.5688844162903606,-1.6959542960348897,-1.8592186303234475,-1.532689961746332,Condiciones benignas
2018-06-19,637.35,699.6481948885076,-0.09325867474875002,-2.305514513389968,4.59966666666666,5.161234171678556,-0.5615675050118968,-0.9432764969636954,-1.6243955051768317,-1.6842071848168785,-1.8658504909852476,-1.5025638786485096,Condiciones benignas
2018-06-20,641.51,697.5312716682948,-0.08372257422482007,-2.0697657402243825,4.6,5.191934276596463,-0.5919342765964637,-0.9942841882363237,-1.5320249642303532,-1.6736090112308255,-1.8730028890014219,-1.4742151334602291,Condiciones benignas
2018-06-21,639.03,707.2834270434672,-0.10148007083789197,-2.508761536306711,4.59,5.128171850985656,-0.538171850985656,-0.9039783353409365,-1.7063699358238238,-1.6760413212830296,-1.909063824029833,-1.4430188185362263,Condiciones benignas
2018-06-22,640.69,702.3063549038103,-0.09182399123225643,-2.270046674303592,4.5902380952381,5.13283293501881,-0.5425948397807099,-0.9114077206587706,-1.5907271974811812,-1.6731036716117442,-1.932841781119525,-1.4133655621039631,Condiciones benignas
2018-06-25,637.45,711.3792578303429,-0.10972985967403741,-2.7127104766640344,4.57790697674419,5.08351294066067,-0.5056059639164796,-0.849276744524215,-1.7809936105941246,-1.6737626349581358,-1.9698155353930602,-1.3777097345232114,Condiciones benignas
2018-06-26,639.38,710.9297333044725,-0.10607464012481006,-2.622347175415393,4.575,4.9873235575339825,-0.4123235575339825,-0.6925883664832495,-1.6574677709493213,-1.6652564504428176,-1.993873545618478,-1.336639355267157,Condiciones benignas
2018-06-27,640.21,719.5266956748656,-0.1167973811988749,-2.887431739786286,4.57,4.9388110852100375,-0.3688110852100373,-0.6194995710995295,-1.7534656554429078,-1.6577876219283456,-2.0215730726979846,-1.2940021711587064,Condiciones benignas
2018-06-28,645.87,719.4070298906452,-0.10782905795267256,-2.6657193954859046,4.58428571428571,4.876472070349329,-0.29218635606361854,-0.4907914363784959,-1.5782554159322002,-1.6519836985068566,-2.0551976796970637,-1.2487697173166494,Condiciones benignas
2018-06-29,647.95,711.1206284931881,-0.09302854285910366,-2.299825258068648,4.5866666666666696,4.899092317671789,-0.3124256510051197,-0.5247877966789906,-1.4123065273738193,-1.639275473852353,-2.073956940659527,-1.2045940070451793,Condiciones benignas
2018-07-03,651.21,715.0764116793681,-0.09355723562972468,-2.3128954508316806,4.585,4.832293141889051,-0.2472931418890503,-0.4153833804883488,-1.3641394156600146,-1.629221421437519,-2.0960929081178867,-1.1623499347571513,Condiciones benignas
2018-07-04,652.05,716.1792564296276,-0.09380924766530281,-2.319125620916551,4.59008849557521,4.843350003898688,-0.2532615083234776,-0.42540856843568736,-1.3722670946761193,-1.6230285763042198,-2.1264431050105146,-1.1196140475979248,Condiciones benignas
2018-07-05,653.2,714.065986263243,-0.089092014708653,-2.202507525346376,4.58285714285714,4.823868024414665,-0.2410108815575245,-0.4048309385011471,-1.3036692319237615,-1.6086673388833244,-2.1365260617060335,-1.0808086160606152,Condiciones benignas
2018-07-06,655.29,710.765361571567,-0.08126447774017061,-2.008997375930763,4.57285714285714,4.75806754981205,-0.18521040695490962,-0.31110173276487296,-1.160049554347818,-1.5899622549787518,-2.1416380400075283,-1.0382864699499752,Condiciones benignas
2018-07-09,657.33,704.4258944699844,-0.06919696148932462,-1.710667660954113,4.5837037037037,4.834468954126569,-0.25076525042286973,-0.4212155526593321,-1.0659416068067225,-1.566392556269979,-2.1308873688613525,-1.0018977436786054,Condiciones benignas
2018-07-10,651.74,707.6504624069321,-0.08230456523037971,-2.034710123944101,4.59,4.778308782337115,-0.1883087823371148,-0.3163061376685063,-1.1755081308063036,-1.542316067275951,-2.121339802996463,-0.9632923315554394,Condiciones benignas
2018-07-11,650.43,708.9461593506235,-0.08614590216085098,-2.1296745663177696,4.59714233576643,4.706625367426145,-0.10948303165971557,-0.18390090177805782,-1.1567877340479138,-1.5172343040346186,-2.106415368560955,-0.9280532395082823,Condiciones benignas
2018-07-12,652.37,707.1525562133203,-0.08063453663988186,-1.9934241506709218,4.590087748941161,4.688312499253686,-0.0982247503125253,-0.16499013486894976,-1.0792071427699357,-1.4940058120363626,-2.096674423653295,-0.8913372004194305,Condiciones benignas
2018-07-13,648.05,709.4208041822429,-0.09048101448817024,-2.2368459840409693,4.5830331621158935,4.6163666774165915,-0.03333351530069828,-0.05599099175737076,-1.1464184878991701,-1.4740203798952427,-2.0987012487434993,-0.8493395110469862,Condiciones benignas
2018-07-17,648.59,706.1001813324914,-0.08495635139942305,-2.1002668296940734,4.55481481481482,4.651239822229123,-0.09642500741430318,-0.16196706967853372,-1.1311169496863036,-1.4574879114198367,-2.1028522449991915,-0.8121235778404817,Condiciones benignas
2018-07-18,653.89,710.5913002958692,-0.08315829916150856,-2.0558158921109104,4.55,4.5962230689560455,-0.04622306895604597,-0.07764184033911765,-1.066728866225014,-1.441081418275177,-2.112407206433651,-0.7697556301167027,Condiciones benignas
2018-07-19,655.52,715.6879377415914,-0.0878154170126986,-2.1709478390897092,4.55892857142857,4.4605815791310635,0.0983469922975063,0.16519546724724044,-1.0028761859212345,-1.420963086242509,-2.121736889682845,-0.7201892828021735,Condiciones benignas
2018-07-20,661.71,711.177119022901,-0.07209411783704578,-1.782290338685983,4.55894736842105,4.480425822262194,0.07852154615885579,0.13189425729918172,-0.8251980406934006,-1.3987513684779513,-2.1289603859799233,-0.6685423509759792,Condiciones benignas
2018-07-23,659.09,708.369383272509,-0.07210558968807362,-1.7825739425342189,4.55833333333333,4.5204173989316505,0.03791593440167954,0.06368817544163974,-0.8594428835462895,-1.3751037646415976,-2.1309627410090215,-0.6192447882741733,Condiciones benignas
2018-07-24,662.43,704.5056985567328,-0.06158152820138347,-1.52240107858627,4.54941176470588,4.494086960034736,0.05532480467114392,0.0929302131616248,-0.7147354327123226,-1.3467907401291643,-2.1230372902970847,-0.5705441899612443,Condiciones benignas
2018-07-25,655.72,706.163306829624,-0.07411265497614364,-1.832192041477113,4.56,4.559108770914636,8.912290853629497e-4,0.0014970158389338217,-0.9153475128190895,-1.3252248005080653,-2.1258289626565414,-0.5246206383595894,Condiciones benignas
2018-07-26,649.14,700.692813178245,-0.07642116876476163,-1.8892624647740188,4.55321428571428,4.541778894485634,0.01143539122864624,0.01920826202245857,-0.9350271013757802,-1.3056770436718164,-2.13223601881807,-0.4791180685255628,Condiciones benignas
2018-07-27,648.4,702.0943681290051,-0.07956003266391448,-1.9668605680555553,4.55,4.452971645131634,0.09702835486836534,0.16298052481587777,-0.9019400216198388,-1.282439538623166,-2.1363961656435033,-0.4284829116028286,Condiciones benignas
2018-07-30,643.19,703.9221631587557,-0.09022761587026185,-2.230581535260899,4.52929824561404,4.52561744061172,0.00368080500231973,0.0061827239247418415,-1.1121994056680786,-1.2682021070374305,-2.151718592252384,-0.3846856218224771,Condiciones benignas
2018-07-31,638.79,697.396127812903,-0.08777782004096879,-2.1700183774153277,4.54290322580645,4.4860193972805975,0.056883828525852345,0.09554893761990883,-1.0372347198977094,-1.2510242172799249,-2.160590872046003,-0.34145756251384646,Condiciones benignas
2018-08-01,639.2,703.1492066798331,-0.09535171762609944,-2.3572581259158496,4.5481308411215,4.581089786020569,-0.03295894489906934,-0.05536181814393786,-1.2063099720298938,-1.2389384024712427,-2.1717146667399363,-0.30616213820254873,Condiciones benignas
2018-08-02,641.05,705.2732228853637,-0.09547782092738537,-2.3603756159733096,4.53409090909091,4.444143055430533,0.08994785366037782,0.1510872611982185,-1.1046441773875455,-1.2216133582115998,-2.173543370159381,-0.26968334626381824,Condiciones benignas
2018-08-03,644.32,706.0328779601997,-0.09146630865450453,-2.2612041470382684,4.52914893617021,4.440703781571422,0.08844515459878786,0.14856314665427392,-1.0563205001919973,-1.2057565427436545,-2.1799246503865106,-0.23158843510079832,Condiciones benignas
2018-08-06,643.83,707.9684744989282,-0.09496484905695311,-2.34769407084704,4.51973673385438,4.388439622223075,0.13129711163130517,0.2205424609075361,-1.063575804969752,-1.1843300717151855,-2.174555734871188,-0.19410440855918257,Condiciones benignas
2018-08-07,646.78,700.4280038733651,-0.07968537653315846,-1.969959283649413,4.51478260869566,4.459393409152751,0.05538919954290944,0.09303837855317486,-0.9384604525481192,-1.1625878468840833,-2.1645528218493824,-0.16062287191878438,Condiciones benignas
2018-08-08,642.11,703.4681385304044,-0.09126295701648694,-2.256176945504103,4.51225,4.425823321627528,0.08642667837247235,0.14517267059045136,-1.0555021374568259,-1.1384047977795066,-2.1493350374773845,-0.12747455808162886,Condiciones benignas
2018-08-09,644.1,702.6964944647666,-0.087071075967382075,-2.1525464508273044,4.49717948717949,4.4400401700073235,0.05713931717216646,0.09597808715786878,-1.028284181834718,-1.1174320114756866,-2.1336750133244484,-0.1011890096269249,Condiciones benignas
2018-08-10,645.95,715.0347306229365,-0.10160901440581731,-2.511949242630665,4.48940476190477,4.358802485196738,0.13060227670803193,0.2193753323850634,-1.1462869551228008,-1.0971927214650163,-2.1211589300859277,-0.07322651284410514,Condiciones benignas
2018-08-13,653.98,724.3306770616155,-0.10217125443656894,-2.5258487812462302,4.48333333333333,4.292532131329464,0.19080120200386544,0.3204927062844489,-1.1026780374808907,-1.081340142183306,-2.1164965762779384,-0.04618370808867364,Condiciones benignas
2018-08-14,658.7,718.5493688601215,-0.08696621852115402,-2.1499541947742657,4.48166666666667,4.304373219821248,0.1772934468454219,0.297803451913454,-0.9260753714304059,-1.0651324369851922,-2.111500874168126,-0.018763999802258825,Condiciones benignas
2018-08-16,661.75,721.6140693773727,-0.0866026249253158,-2.1409655369958975,4.4776,4.277175454460027,0.20042454553997355,0.33665723450020807,-0.9021541512478447,-1.0497329281714534,-2.105769877040266,0.006304020697359735,Condiciones benignas
2018-08-17,666.13,726.1286132231376,-0.08624230564745394,-2.1320578259780993,4.47272727272727,4.296401688096492,0.17632558463077747,0.2961777138299194,-0.91794005607409,-1.0345886935513857,-2.099534283875651,0.03035689677287996,Condiciones benignas
2018-08-20,668.44,719.9782580287812,-0.07427437503672674,-1.836190038958689,4.45556962025316,4.315027746707949,0.14054187354520978,0.23607107778009995,-0.8000594805892944,-1.0178017018402368,-2.0873237009960617,0.05172029731558819,Condiciones benignas
2018-08-21,669.82,719.801485251255,-0.07196643949102656,-1.779133910819235,4.46,4.3399567356939475,0.12004326430605242,0.20163914191634238,-0.7887473844514463,-1.005424962843691,-2.079661585492344,0.06881165980496204,Condiciones benignas
2018-08-22,665.02,715.1924754186563,-0.07273458746531504,-1.7981238472291659,4.45,4.333179865687772,0.11682013431222885,0.1962251841237381,-0.8009493315527139,-0.9965918870018907,-2.0825767917015123,0.08939301769773104,Condiciones benignas
2018-08-23,660.67,715.6760246833269,-0.079973113450576,-1.9770726341332308,4.43035714285714,4.265508043712556,0.16484909914458407,0.27690042493721206,-0.8500861045980094,-0.9857444861282809,-2.0806555420411503,0.10916656978458833,Condiciones benignas
2018-08-24,665.58,717.0355095763974,-0.07446652360581883,-1.840940281399539,4.43666666666667,4.306936427615205,0.129730239051465,0.21791055278409724,-0.8115148643077209,-0.9742353904702745,-2.071031065877209,0.12256028493666016,Condiciones benignas
2018-08-27,662.64,715.9478962622281,-0.07737553743924976,-1.9128560965309038,4.42125,4.352668989645563,0.06858101035443599,0.11519693470154202,-0.8988295809146809,-0.9682228050750994,-2.068345464072542,0.1318998539223432,Condiciones benignas
2018-08-28,656.81,713.2778044707519,-0.08247618876061816,-2.038952952194341,4.42241379310345,4.422483072667967,-6.927956451700801e-5,-1.1637031050675345e-4,-1.0195346612524239,-0.9639933441868744,-2.0617490296776544,0.13376234130390535,Condiciones benignas
2018-08-29,658.45,718.7887893445394,-0.08767897028282998,-2.1675746417237356,4.45352941176471,4.348490354279895,0.10503905748481514,0.17643626688575165,-0.995569187418992,-0.9594750854446308,-2.0639926234119765,0.14504245252271486,Condiciones benignas
2018-08-30,666.81,723.5164269104675,-0.08161810283195875,-2.0177395951786012,4.46666666666667,4.323759152879237,0.14290751378743274,0.2400446923871509,-0.8888474513957252,-0.9535457049503211,-2.0627234135142327,0.15563200361359047,Condiciones benignas
2018-08-31,675.38,724.7197677213663,-0.0705095574215852,-1.743117285401344,4.45875,4.317394290881998,0.14135570911800288,0.2374380941429724,-0.7528395956291858,-0.9452111519405861,-2.0484623950579537,0.15804009117678156,Condiciones benignas
2018-09-03,680.48,727.0742441434268,-0.066230164807604755,-1.6373233546318313,4.44411764705882,4.354113394524795,0.09000425253402534,0.15118199554714742,-0.743070679542342,-0.9424735732355509,-2.043630162256149,0.15868301578504707,Condiciones benignas
2018-09-04,684.13,730.310366741133,-0.06532164566367003,-1.6148632019685296,4.43133333333333,4.355227874995662,0.07610545833766855,0.12783590485537738,-0.7435136485565761,-0.9386092654025604,-2.0380398042372927,0.16082127343217167,Condiciones benignas
2018-09-05,693.13,733.9798466888053,-0.057263999625675764,-1.4156643613844908,4.46586206896551,4.406649881188465,0.05921218777704472,0.09945993057896765,-0.6581022154027616,-0.9367214914922417,-2.0344819136639,0.16103893067941644,Condiciones benignas
2018-09-06,691.05,735.4337915078414,-0.06224833759536233,-1.538885751348614,4.49448275862069,4.410976170260829,0.08350658835986152,0.14026773529178968,-0.6993090080284122,-0.9295202079992192,-2.0247050373262834,0.16566462132784496,Condiciones benignas
2018-09-07,684.97,733.0299431284554,-0.06781150947661116,-1.6764169091444638,4.5,4.435953877798749,0.06404612220125148,0.10757958972862122,-0.7844186597079214,-0.9244999266102906,-2.017610185471965,0.1686103322513837,Condiciones benignas
2018-09-10,688.44,733.8995833762026,-0.06394404346438207,-1.5808065110205498,4.5,4.385751410679483,0.11424858932051696,0.19190570707081436,-0.6944504019748677,-0.9175836059554582,-2.0047417169041313,0.16957450499321491,Condiciones benignas
2018-09-11,692.62,732.147869785157,-0.05550099321577848,-1.3720798168242303,4.5,4.393712869790729,0.10628713020927055,0.17853268033021422,-0.596773568247008,-0.9004027447080891,-1.9761249929562423,0.175319503540064,Condiciones benignas
2018-09-12,698.43,731.1939854115582,-0.0458438355361628,-1.1333383029818653,4.5,4.387909712270737,0.11209028772926248,0.18828036346346555,-0.4725289697591999,-0.8815792197034722,-1.9415689904751268,0.17841055106818257,Condiciones benignas
2018-09-13,691.06,725.7623780942256,-0.04899600767071739,-1.2112654086854175,4.495,4.4270122450232074,0.0679877549767923,0.11420043143268431,-0.5485324886263666,-0.8596533035900212,-1.9033692332341126,0.18406262605406998,Condiciones benignas
2018-09-14,682.79,720.2627745125773,-0.053428764791519937,-1.3208507733056667,4.49,4.427303378310076,0.06269662168992436,0.10531280594285286,-0.6077689836814069,-0.8430907971331499,-1.868718405145191,0.18253681087889112,Condiciones benignas
2018-09-20,684.86,715.2198910736059,-0.04337559756453974,-1.0723192237229306,4.492,4.487543300966449,0.004456699033551583,0.007486009099299648,-0.5324166073118155,-0.825627334037144,-1.8290889077013464,0.17783423962705863,Condiciones benignas
2018-09-21,673.74,710.165202637386,-0.05265334292808526,-1.3016810138707944,4.48692307692308,4.502623529453651,-0.015700452530570706,-0.026372373279447036,-0.6640266935751207,-0.8123090303239895,-1.7942218058021382,0.1696037451541592,Condiciones benignas
2018-09-24,666.44,714.8368798582718,-0.07010426354687664,-1.7330977251529696,4.50636363636364,4.495436211852654,0.010927424510985991,0.018355019871279337,-0.8573713526408451,-0.8096060603270804,-1.7863264205189235,0.16711429986476267,Condiciones benignas
2018-09-25,667.17,712.9185961570237,-0.06632235700369192,-1.6396025039621525,4.55800362166532,4.462401586335692,0.09560203532962845,0.1605847065285962,-0.7395088987167782,-0.7990729523690788,-1.7657739391341918,0.1676280343960342,Condiciones benignas
2018-09-26,670.84,713.9306453201576,-0.062255163752265946,-1.5390545056640101,4.5624526764088,4.435291378024427,0.12716129838437268,0.21359545026884205,-0.6627295276975841,-0.7868877972311743,-1.7453242076287487,0.17154861316639997,Condiciones benignas
2018-09-27,663.9,713.924785378024,-0.07264607845773888,-1.7959357526408357,4.54999999999999,4.411504803298472,0.13849519670151803,0.23263323255881463,-0.7816512600410106,-0.7747332740617814,-1.7214570912957543,0.17199054317219167,Condiciones benignas
2018-09-28,661.5,714.0695671032653,-0.076470406956034,-1.8904797173770327,4.53411850982693,4.418992814182596,0.11512569564433417,0.19337900061648963,-0.8485503583802715,-0.766262351425094,-1.7002781225001145,0.16775341964992635,Condiciones benignas
2018-10-01,660.42,714.9689920770749,-0.07936317776587508,-1.9619939770849621,4.51384615384616,4.464340555238988,0.049505598607171714,0.08315557295872111,-0.9394192020631205,-0.7667071457795178,-1.6940127819104709,0.16059849035143525,Condiciones benignas
2018-10-02,656.25,715.3160812247446,-0.0861827027462928,-2.1305843399561573,4.51331908831909,4.4667053810832815,0.04661370723580806,0.07829800349817753,-1.0261431682289899,-0.7708401130122227,-1.6936667420091462,0.1519865159847009,Condiciones benignas
2018-10-03,658.91,714.7807182589579,-0.08138885329155103,-2.012072153044967,4.53582621082621,4.546177041140061,-0.010350830313851454,-0.01738650273026134,-1.0147293278876142,-0.7740664220726735,-1.6896672195780418,0.14153437543269487,Condiciones benignas
2018-10-04,659.3,724.7498588535958,-0.09464790693064089,-2.3398587174701437,4.55833333333333,4.5967022578939565,-0.03836892456062646,-0.06444907233556052,-1.202153894902852,-0.7874695692164587,-1.7064561755284238,0.1315170370955062,Condiciones benignas
2018-10-05,670.4,725.2937327237228,-0.07870217222072046,-1.9456527854275538,4.56023976023976,4.659658105940581,-0.09941834570082103,-0.16699504161055292,-1.0563239135190534,-0.7963887868520456,-1.7120068046820343,0.11922923097794302,Condiciones benignas
2018-10-08,672.6,728.0741649756031,-0.07925211866810218,-1.9592484055609272,4.55443108233118,4.554055825508059,3.7525682312114506e-4,6.303266097420938e-4,-0.9793090394755926,-0.802334110449475,-1.717377623293093,0.11270940239414315,Condiciones benignas
2018-10-09,680.67,732.824841693874,-0.0738291052726031,-1.8251822061074665,4.54,4.541549484355782,-0.001549484355782206,-0.00260270076558523,-0.9138924534365259,-0.8044609887440922,-1.7123146090255676,0.10339263153738325,Condiciones benignas
2018-10-10,683.49,743.4991158803143,-0.0841555512883759,-2.080469676417796,4.57,4.608733510062983,-0.03873351006298273,-0.06506147410816503,-1.0727655752629806,-0.8131693457759341,-1.7202989221928429,0.0939602306409745,Condiciones benignas
2018-10-11,683.57,747.1823144347752,-0.08898015255077416,-2.1997421007981117,4.60068965517242,4.658588504331688,-0.05789884915926763,-0.0972538886701187,-1.1484979947341152,-0.821491626236582,-1.7298617890017498,0.0868785365285858,Condiciones benignas
2018-10-12,683.7,740.0898394410989,-0.07925235855965256,-1.9592543360918135,4.59666666666667,4.600243045900393,-0.0035763792337228893,-0.006007317811824472,-0.982630826951819,-0.8202614984265618,-1.7272051684649987,0.08668217161187522,Condiciones benignas
2018-10-16,678.21,733.8894517152327,-0.07890143203355084,-1.9505788300196893,4.627568627450982,4.563814549471138,0.06375407797984385,0.10708903703874996,-0.9217448964904696,-0.8178006887289444,-1.7199719747415305,0.08437059728364182,Condiciones benignas
2018-10-17,670.45,732.0527945265474,-0.08790350630501961,-2.173125557596513,4.63529411764706,4.564999736086219,0.07029438156084096,0.11807491958341637,-1.0275253190065483,-0.8224232843159718,-1.7251515068221277,0.08030493819018401,Condiciones benignas
2018-10-18,670.08,741.1488570754015,-0.10080438362036231,-2.4920573885078747,4.63333333333333,4.577169448430997,0.056163884902333594,0.09433963349681908,-1.1988588775055278,-0.8372905937118499,-1.7501161769256788,0.0755349895019789,Condiciones benignas
2018-10-19,674.68,737.1386564261182,-0.08853750636750515,-2.188799127368854,4.59725490196078,4.621437797362072,-0.02418289540129168,-0.04062050716429289,-1.1147098172665735,-0.8496785649693243,-1.7684987026835794,0.0691415727449309,Condiciones benignas
2018-10-22,676.89,734.6742359850782,-0.08191840644207629,-2.025163615876029,4.57666666666667,4.5968396042884505,-0.020172937621780327,-0.03388489854472069,-1.0295242572103749,-0.8592122519244509,-1.7821753831471627,0.06375087929826095,Condiciones benignas
2018-10-23,680.21,738.0246060008598,-0.08157559148584417,-2.016688641734164,4.58359452078929,4.601790643389467,-0.018196122600177462,-0.03056440166397034,-1.023626521699067,-0.8713963954676611,-1.802209525825485,0.059416734890163025,Condiciones benignas
2018-10-24,685.09,740.3894059997706,-0.07762605562172217,-1.9190493360028809,4.56,4.650913681154457,-0.09091368115445793,-0.1527095815197402,-1.0358794587613105,-0.882615410492091,-1.8148816453139607,0.049650824329778694,Condiciones benignas
2018-10-25,686.88,745.5106904653019,-0.08190986961942417,-2.0249525709670624,4.5725,4.5905097183633385,-0.018009718363338315,-0.0302512946305762,-1.0276019327988193,-0.8907215195951209,-1.8264995007080473,0.04505646151780544,Condiciones benignas
2018-10-26,687.48,743.9712018513704,-0.07896958868644417,-1.9522637794665159,4.5525,4.616244650212188,-0.06374465021218755,-0.10707320102336491,-1.0296684902449404,-0.90189545587079,-1.8388814096562462,0.03509049791466614,Condiciones benignas
2018-10-29,690.01,742.9310619514894,-0.07389716679701396,-1.8268648038149229,4.56641414141414,4.6386612185755265,-0.07224707716138667,-0.12135490257616464,-0.9741098531955438,-0.9144733320357412,-1.8540409092226027,0.025094245151120173,Condiciones benignas
2018-10-30,687.9,744.7054369215894,-0.07934527497923657,-1.9615513894700685,4.55882352941176,4.620378948701522,-0.06155541928976263,-0.10339590478182789,-1.0324736471259481,-0.9331381546146329,-1.8816480121055428,0.015371702876277059,Condiciones benignas
2018-10-31,693.31,743.8492480699108,-0.07036116112541956,-1.7394486742457067,4.530625,4.571707297963109,-0.04108229796310943,-0.06900678148932357,-0.9042277278675152,-0.9449946625893378,-1.8992541209575524,0.009264795778876797,Condiciones benignas
2018-11-05,698.56,734.0012158345454,-0.049489611701898924,-1.2234681475815337,4.5,4.700315675277618,-0.20031567527761734,-0.3364743628796417,-0.7799712552305877,-0.9507347383076439,-1.8960080334334146,-0.005461443181873023,Condiciones benignas
2018-11-06,682.78,729.4282031984297,-0.06608824458875416,-1.6338148432232675,4.50085714285714,4.7331923113320675,-0.23233516847492716,-0.3902581646633141,-1.0120365039432908,-0.9667220681953597,-1.914724554083426,-0.01871958230729348,Condiciones benignas
2018-11-07,680.03,723.0147263433372,-0.06129267549363408,-1.5152601438502535,4.52714285714286,4.675056523461173,-0.1479136663183128,-0.2484536298353645,-0.881856886842809,-0.9739830746376159,-1.9218438584160744,-0.026122290859157397,Condiciones benignas
2018-11-08,676.13,725.0034524316288,-0.069791051571479,-1.725354587509289,4.53,4.656763927675573,-0.12676392767557243,-0.2129279785101526,-0.9691412830097208,-0.9777087389832452,-1.9215857538279517,-0.03383172413853846,Condiciones benignas
2018-11-09,675.94,729.0813733545039,-0.0756810343291087,-1.8709650711229218,4.546875,4.630004420917409,-0.08312942091740895,-0.13963419937543006,-1.0052996352491759,-0.9865684302009917,-1.9292978393999776,-0.043839021002006005,Condiciones benignas
2018-11-12,681.41,732.5407386624447,-0.07235477447921869,-1.788734218283888,4.53960393719241,4.672069712661355,-0.1324657754689447,-0.22250548961033356,-1.0056198539471106,-0.9979981077426426,-1.9376204964873067,-0.058375718997978526,Condiciones benignas
2018-11-13,685.46,729.9354302531323,-0.06286593279066337,-1.554153764646064,4.50615009746589,4.658457371590946,-0.15230727412505538,-0.25583366330238055,-0.9049937139742222,-1.0021095228737498,-1.929561096887481,-0.07465794886001836,Condiciones benignas
2018-11-14,688.76,732.2617322379228,-0.061245128336885994,-1.5140846965232517,4.51299158753097,4.680147027019466,-0.16715543948849548,-0.28077443228449384,-0.8974295644038728,-1.003738829741203,-1.917014596192355,-0.09046306329005115,Condiciones benignas
2018-11-15,687,730.2015865725933,-0.060986349788655914,-1.5076872466312627,4.46764705882353,4.658450075705586,-0.19080301688205517,-0.3204957547726999,-0.9140915007019813,-1.0028945730291652,-1.901871038510565,-0.10391810754776518,Condiciones benignas
2018-11-16,678.49,721.772311049356,-0.061839989726628825,-1.5287906911259235,4.4725,4.608070830524338,-0.13557083052433744,-0.22772111449850838,-0.8782559028122159,-0.9979649975152726,-1.8818112502162239,-0.11411874481432138,Condiciones benignas
2018-11-19,672.41,716.7128941738679,-0.06380706034794476,-1.5774200532579186,4.45403846153846,4.695920935932571,-0.24188247439411067,-0.40629497092883576,-0.9918575120933771,-0.9972026036554648,-1.867322846889989,-0.1270823604209405,Condiciones benignas
2018-11-20,670.05,719.7868590614418,-0.07160280263727535,-1.7701441836310077,4.4458064516129,4.740608441303809,-0.29480198969090904,-0.4951849700200815,-1.1326645768255446,-0.9948862930528878,-1.8483323624286845,-0.14144022367709122,Condiciones benignas
2018-11-21,671.35,716.7127599027522,-0.06538453601006168,-1.6164179592792967,4.4458064516129,4.73989077123631,-0.2940843196234103,-0.49397948483583537,-1.055198722057566,-0.9948487866708382,-1.8373578682237426,-0.15233970511793396,Condiciones benignas
2018-11-22,669.45,717.7414086157773,-0.06965286930217073,-1.721938484629405,4.4458064516129,4.7513959308954075,-0.3055894792825072,-0.5133049383269718,-1.1176217114781883,-0.9994592090709248,-1.829447537526025,-0.16947088061582444,Condiciones benignas
2018-11-23,667.46,720.5072997474538,-0.0764760835054272,-1.8906200514215303,4.39,4.713569476244084,-0.3235694762440839,-0.5435063093072507,-1.2170631803643905,-1.0095648999685203,-1.831628799036494,-0.1875010009005466,Condiciones benignas
2018-11-26,673.31,715.9362059755144,-0.06138521753029093,-1.5175479418399402,4.38,4.690971964288217,-0.31097196428821716,-0.522346009179243,-1.0199469755095916,-1.0078042799767406,-1.812864741217232,-0.20274381873624922,Condiciones benignas
2018-11-27,675.89,718.2051195707402,-0.06072486919350356,-1.501222997501434,4.38666666666667,4.681942059135424,-0.29527539246875406,-0.49598015441012033,-0.9986015759557771,-1.0028077326841294,-1.7895807711073428,-0.21603469426091593,Condiciones benignas
2018-11-28,675.97,721.5749973748476,-0.06528762291737639,-1.6140221012818994,4.388,4.601950700783055,-0.21395070078305534,-0.35937739587210044,-0.9866997485769999,-1.0029433634049687,-1.7780730299470122,-0.22781369686292513,Condiciones benignas
2018-11-29,672.36,721.5889978394712,-0.0706618103704649,-1.7468812396318136,4.38,4.606025534603338,-0.22602553460333882,-0.37965974277743725,-1.0632704912046254,-1.007660883228774,-1.7712831102674165,-0.24403865619013138,Condiciones benignas
2018-11-30,669.43,719.0623223845247,-0.07152142919349828,-1.7681324924276105,4.39625,4.555355051609428,-0.1591050516094285,-0.2672520300621565,-1.0176922612448835,-1.0073331146367184,-1.757783341428453,-0.2568828878449838,Condiciones benignas
2018-12-03,671.09,713.2132986807463,-0.060877276166641424,-1.50499075947594,4.41875,4.62526914393978,-0.2065191439397804,-0.3468944568780387,-0.9259426081769894,-0.9982359056591005,-1.7248811204607217,-0.27159069085747906,Condiciones benignas
2018-12-04,666.49,718.290154532093,-0.0748484666077076,-1.8503825679912653,4.41866666666667,4.794097570477983,-0.37543090381131244,-0.6306190166604217,-1.2405007923258435,-1.002428938161076,-1.7136005684814688,-0.2912573078406834,Condiciones benignas
2018-12-05,669.02,720.6103211424072,-0.07428456614802037,-1.836441980722373,4.37933333333333,4.749260485734195,-0.36992715240086455,-0.6213742521320748,-1.228908116427224,-1.0090750668016377,-1.7073098473096804,-0.31084028629359517,Condiciones benignas
2018-12-06,671.79,726.9438963307862,-0.07890351138632186,-1.9506302351892886,4.366,4.658406560952341,-0.2924065609523408,-0.49116131906258004,-1.2208957771259343,-1.0156507086492,-1.7051079004248513,-0.3261935168735488,Condiciones benignas
2018-12-07,677.78,725.6118908672825,-0.06819253479238935,-1.6858365089603766,4.35333333333333,4.7243603509868874,-0.3710270176535572,-0.6232217184356496,-1.1545291136980131,-1.0196056971470902,-1.6973341395234343,-0.3418772547707458,Condiciones benignas
2018-12-10,674.04,726.468577978245,-0.07490577450828448,-1.8517993176595173,4.3722619047619045,4.649567428239545,-0.27730552347764104,-0.46579579559029416,-1.1587975566249058,-1.0239788846079596,-1.691562364413183,-0.3563954048027364,Condiciones benignas
2018-12-11,677,724.3821149995598,-0.06764776339346461,-1.6723688249075581,4.37857142857143,4.693730284730291,-0.3151588561588611,-0.5293788176335411,-1.1008738212705496,-1.0263523956421465,-1.6822325325945509,-0.37047225868974226,Condiciones benignas
2018-12-12,679.9,725.5258668274631,-0.0649509969501319,-1.6057001295708817,4.398,4.71464884736372,-0.31664884736372,-0.5318815865289677,-1.0687908580499248,-1.0295084291372927,-1.6748603767864163,-0.38415648148816905,Condiciones benignas
2018-12-13,678.77,720.0809573452757,-0.059081309702388646,-1.4605913857978154,4.4,4.745356638300615,-0.34535663830061486,-0.580102653860751,-1.0203470198292832,-1.0291042082274038,-1.6581617099973411,-0.4000467064574665,Condiciones benignas
2018-12-14,681.17,722.3070459899596,-0.058638412055577724,-1.4496421957581775,4.38615384615385,4.7501160568926695,-0.36396221073881896,-0.6113548168453982,-1.0304985063017877,-1.033313234175213,-1.648501494047757,-0.418124974302669,Condiciones benignas
2018-12-17,686.44,721.537774977821,-0.04986591148090257,-1.2327709240172449,4.36875,4.788027515161479,-0.41927751516147865,-0.7042690722440994,-0.9685199981306721,-1.0395981922718824,-1.6488115865956139,-0.4303847979481509,Condiciones benignas
2018-12-18,685.13,722.5681821432796,-0.053203184004543026,-1.3152740290540637,4.344,4.749331334853874,-0.40533133485387357,-0.680843386125913,-0.9980587075899883,-1.0391322657267723,-1.6381935594566404,-0.4400709719969042,Condiciones benignas
2018-12-19,688.53,720.6953134958042,-0.045657568993544166,-1.1287334743316277,4.325,4.7562422295890014,-0.4312422295890014,-0.7243664493388186,-0.9265499618352231,-1.040622034893186,-1.625309337139353,-0.45593473264701934,Condiciones benignas
2018-12-20,688.46,722.977552174284,-0.04892095434041583,-1.2094099615352765,4.27555555555555,4.855576448601245,-0.5800208930456952,-0.9742730326718367,-1.0918414971035566,-1.0447120420296472,-1.608111182940219,-0.48131290111907543,Condiciones benignas
2018-12-21,688.11,721.4812811715345,-0.04735772468093475,-1.1707642411515693,4.26769230769231,4.884167026692017,-0.616474718999707,-1.0355052744592173,-1.1031347578053934,-1.0479732127815211,-1.5847711552745074,-0.511175270288535,Condiciones benignas
2018-12-24,691.87,727.6767138255082,-0.05045879845307697,-1.2474281076286413,4.257076923076924,4.9107733516523435,-0.6536964285754192,-1.0980273461713868,-1.172727726900014,-1.0535434752132846,-1.566727618252666,-0.5403593321739034,Condiciones benignas
2018-12-26,692.69,732.3584379074948,-0.055687494724509005,-1.3766904542400609,4.25,4.874273880469598,-0.6242738804695986,-1.0486056865110467,-1.2126480703755538,-1.0637986204266623,-1.5608121745724657,-0.566785066280859,Condiciones benignas
2018-12-27,693.78,732.4535720452951,-0.054245048640199744,-1.3410307111532431,4.23785714285714,4.8637778682966015,-0.6259207254394616,-1.051371925904086,-1.1962013185286646,-1.0737576788974887,-1.5550437083934654,-0.5924716494015121,Condiciones benignas
2018-12-28,695.69,726.207995525051,-0.04293231019194675,-1.0613603989930163,4.21,4.800604637606869,-0.5906046376068698,-0.9920507662574221,-1.0267055826252192,-1.0775114816282634,-1.5401661468055239,-0.6148568164510028,Condiciones benignas
2019-01-02,694.77,719.2498260866633,-0.03462790509161558,-0.856061250839082,4.42636363636364,4.748988139037573,-0.3226245026739327,-0.5419190177509906,-0.6989901342950363,-1.071535956011024,-1.517741832129296,-0.6253300798927522,Condiciones benignas
2019-01-03,697.09,718.2239405493199,-0.02986688808931191,-0.7383607385073364,4.41058823529412,4.7424955475567305,-0.3319073122626104,-0.5575115440860094,-0.6479361412966729,-1.0600719103178005,-1.4897731883042764,-0.6303706323313246,Condiciones benignas
2019-01-04,697.64,714.9162333900463,-0.02446216933239064,-0.6047468139213024,4.41,4.7436733806945535,-0.3336733806945532,-0.5604780455822916,-0.582612429751797,-1.0417368387486756,-1.450926609313953,-0.6325470681833983,Condiciones benignas
2019-01-07,688.42,715.9120251971704,-0.0391581727835826,-0.968057244150274,4.43,4.756640620030959,-0.3266406200309592,-0.548664972739698,-0.758361108444986,-1.0318422516282564,-1.4293145854763187,-0.6343699177801938,Condiciones benignas
2019-01-08,679.69,714.2089330103988,-0.04953873092635272,-1.2246824591205918,4.4425,4.753103658185985,-0.3106036581859857,-0.5217273578384466,-0.8732049084795193,-1.023695024861634,-1.412739384626025,-0.6346506650972429,Condiciones benignas
2019-01-09,680.1,713.9271661964497,-0.04854110282658664,-1.2000193801183119,4.46636363636364,4.772097130487569,-0.3057334941239288,-0.5135468430203783,-0.8567831115693452,-1.0116856892351325,-1.3897193622492512,-0.6336520162210139,Condiciones benignas
2019-01-10,678.09,711.6105937299337,-0.04825082038503044,-1.1928430999085284,4.46090909090909,4.888069284408591,-0.42716019349950085,-0.7175097692983631,-0.9551764346034457,-1.0095266712049276,-1.3788958675182041,-0.6401574748916512,Condiciones benignas
2019-01-11,677.58,704.7876886748185,-0.03936897967776173,-0.9732687524133073,4.46701492537314,4.920675437099104,-0.45366051172596383,-0.7620228992818218,-0.8676458258475646,-1.005161479534654,-1.3612973926819332,-0.6490255663873745,Condiciones benignas
2019-01-14,675.15,707.1855279677012,-0.046358158860418865,-1.1460532583663585,4.46333333333333,4.925648286321221,-0.4623149529878907,-0.7765599424046348,-0.9613066003854966,-1.0043150412616038,-1.345698431251415,-0.6629316512717923,Condiciones benignas
2019-01-15,674.95,707.8193154560674,-0.04755024291066422,-1.1755236222378782,4.48,4.906335933676953,-0.4263359336769529,-0.716125243108614,-0.9458244326732461,-1.0004001726438911,-1.326653177338284,-0.6741471679494982,Condiciones benignas
2019-01-16,673.76,710.6382306338127,-0.05328951822402138,-1.3174083591477068,4.49385714285714,4.906500151402571,-0.4126430085454308,-0.6931249549224686,-1.0052666570350877,-0.9999859858368979,-1.3116290395622872,-0.6883429321115087,Condiciones benignas
2019-01-17,672.73,709.248264906505,-0.05286156686838415,-1.306828667080404,4.55,4.892944009859684,-0.3429440098596836,-0.5760501122091674,-0.9414393896447857,-1.0005025452191578,-1.305023636482436,-0.6959814539558796,Condiciones benignas
2019-01-18,671.37,708.9744529082086,-0.05449909251824389,-1.347311111871424,4.566,4.877966536232902,-0.3119665362329023,-0.5240166121460957,-0.9356638620087598,-0.9903413142085884,-1.288254587945108,-0.6924280404720687,Condiciones benignas
2019-01-21,670.1,712.7596689093132,-0.06171733836080636,-1.5257585388381858,4.59471428571429,4.874459505297017,-0.2797452195827274,-0.4698938033544954,-0.9978261710963405,-0.9826385826975589,-1.277898473215635,-0.6873786921794828,Condiciones benignas
2019-01-22,672.42,714.1455675854615,-0.0602036724377854,-1.4883381190933147,4.60428571428572,4.834114330816941,-0.22982861653122136,-0.38604785777088396,-0.9371929884320993,-0.973181823074431,-1.262488736012436,-0.6838749101364262,Condiciones benignas
2019-01-23,672.26,711.107420596312,-0.056178331754932996,-1.3888247881280396,4.59272727272727,4.882312115704164,-0.2895848429768941,-0.4864216212995435,-0.9376232047137916,-0.9659516261082903,-1.2525883453180247,-0.679314906898556,Condiciones benignas
2019-01-24,672.41,711.0945606839798,-0.05593714417873322,-1.382862217258616,4.52662650602409,4.837024748980382,-0.31039824295629287,-0.5213823176490512,-0.9521222674538337,-0.9590624498025879,-1.2369571086379947,-0.6811677909671813,Condiciones benignas
2019-01-25,672.14,706.7902943455218,-0.05026735636734763,-1.2426953306691602,4.51020304568527,4.9081479245502235,-0.39794487886495344,-0.6684362039652261,-0.9555657673171931,-0.9542188480041427,-1.222634658830048,-0.6858030371782374,Condiciones benignas
2019-01-28,667.04,706.8559438140941,-0.057976874021332434,-1.4332878400564584,4.5,4.96081484173045,-0.4608148417304497,-0.7740401746485841,-1.1036640073525212,-0.95538128631422925,-1.2168875825129006,-0.693874990115558,Condiciones benignas
2019-01-29,671.29,703.8687922344291,-0.04739072975690651,-1.1715801832810648,4.51,4.976727376048513,-0.46672737604851255,-0.7839715802408679,-0.9777758817609663,-0.9539622483786188,-1.207253875762342,-0.7006706209948952,Condiciones benignas
2019-01-30,669.6,706.2901090221696,-0.05334555320862188,-1.3187936401481295,4.51166666666667,4.941963627294108,-0.43029696062743694,-0.7227786616075214,-1.0207861508778255,-0.95363850319782,-1.2028922572420073,-0.7043847491536327,Condiciones benignas
2019-01-31,666.76,700.7710254720395,-0.04975103276111906,-1.2299309248809278,4.48119230769232,4.902252000942855,-0.42105969325053566,-0.7072626334630228,-0.9685967791719753,-0.9536410625658635,-1.20279759060413,-0.7044845345275967,Condiciones benignas
2019-02-01,657.81,697.4421944770623,-0.05850349913095105,-1.4463069166904803,4.4275,4.881959003922991,-0.4544590039229907,-0.7633641430606056,-1.104835529875543,-0.9572002899753819,-1.207165353525344,-0.7072352264254198,Condiciones benignas
2019-02-04,655.39,698.0812233648386,-0.06310498355408126,-1.5600635098357927,4.42333333333333,4.864654986440542,-0.44132165310721194,-0.7412970644880511,-1.150680287161922,-0.9646713008196052,-1.2215430213754828,-0.7077995802637276,Condiciones benignas
2019-02-05,653.8,698.4139153412834,-0.06601043463771133,-1.6318912476768082,4.44083333333333,4.850127494679135,-0.40929416134580454,-0.6874998273516288,-1.1596955375142186,-0.9669331021666273,-1.235625730913534,-0.6982404734197207,Condiciones benignas
2019-02-06,652.78,697.5159812646439,-0.06628525971474986,-1.638685395303963,4.45166666666667,4.840973895917031,-0.3893072292503611,-0.6539273661180649,-1.1463063807110139,-0.9683721562634813,-1.2512231027186136,-0.685521209808349,Condiciones benignas
2019-02-07,653.9,698.2041463299632,-0.06555709868527414,-1.6206840048052873,4.46154761904762,4.846868859679634,-0.3853212406320144,-0.6472320189918603,-1.133958011898574,-0.9670798324301,-1.2636649659578352,-0.6704946989023647,Condiciones benignas
2019-02-08,654.44,694.9506634984317,-0.060060947158124676,-1.48480970519968,4.40683720930231,4.830297637419296,-0.42346042811698587,-0.711295197232744,-1.098052451216212,-0.9632599784581218,-1.2672689409898223,-0.6592510159264213,Condiciones benignas
2019-02-11,656.46,696.8121399496979,-0.05965408510045018,-1.4747513767766844,4.37016146788991,4.746594322739651,-0.37643285484974104,-0.63230201444292,-1.0535266956098022,-0.9585041576941598,-1.2717262965106038,-0.6452820188777157,Condiciones benignas
2019-02-12,660.82,698.8170213121418,-0.055907447787306344,-1.3821280714902529,4.39272727272727,4.77940812804547,-0.3866808553182003,-0.64951579176532,-1.0158219316277863,-0.9581413693275787,-1.2824185522605118,-0.6338641863946457,Condiciones benignas
2019-02-13,660.49,699.3842613449434,-0.05721833749243556,-1.4145355150741474,4.37538461538462,4.801943082639845,-0.42655846725522484,-0.7164990373404664,-1.0655172762073069,-0.9703589407246543,-1.3010343610683472,-0.6396835203809615,Condiciones benignas
2019-02-14,661.6,704.3141152464948,-0.06256329936667501,-1.5466721469507472,4.36538461538462,4.74574459810115,-0.3803599827165298,-0.6388984919531964,-1.0927853194519717,-0.9851872466631644,-1.3279780746831276,-0.6423964186432012,Condiciones benignas
2019-02-15,665.9,702.1999714703088,-0.053078713988743934,-1.312196916617287,4.36,4.750869931251976,-0.3908699312519751,-0.6565522688354138,-0.9843745927263505,-0.9985793187623161,-1.3515597447729937,-0.6455988927516385,Condiciones benignas
2019-02-18,663.98,697.3530313924408,-0.04903975527157511,-1.2123469244690719,4.38,4.757620098678005,-0.37762009867800506,-0.6342962523384031,-0.9233215884037376,-1.0040780014276078,-1.3597027341169536,-0.648453268738262,Condiciones benignas
2019-02-19,660.82,697.3662739406564,-0.053829285273061155,-1.3307523270816664,4.36941176470588,4.73659193423721,-0.3671801695313301,-0.6167600884647186,-0.9737562077731925,-1.0074297114040636,-1.363238396382323,-0.6516210264258044,Condiciones benignas
2019-02-20,658.75,690.2135863595405,-0.0466569952850341,-1.1534410077198225,4.355,4.84038192320455,-0.48538192320454926,-0.8153060070671095,-0.9843735073934661,-1.011682724598201,-1.36168578396904,-0.6616796652273621,Condiciones benignas
2019-02-21,654.52,691.4030790122747,-0.054820838217861136,-1.355265217825501,4.36094488188977,4.894627395700555,-0.5336825138107849,-0.8964375032838687,-1.1258513605546847,-1.0173718887965757,-1.3670998545662723,-0.667643923026879,Condiciones benignas
2019-02-22,654.33,686.8467161155202,-0.04849933532837691,-1.1989868158708576,4.3796699669967,4.843885681934153,-0.4642157149374524,-0.7797526913748702,-0.989369753622864,-1.0214293530557523,-1.3746237900148572,-0.6682349160966473,Condiciones benignas
2019-02-25,651.36,684.3139430531504,-0.04935430864014654,-1.220123223654439,4.36857142857143,4.90656861365225,-0.5379971850808201,-0.9036849454254193,-1.0619040845399292,-1.0247826025275666,-1.3770927888577933,-0.6724724161973401,Condiciones benignas
2019-02-26,649.22,685.436953316336,-0.05428488063799987,-1.3420154265083875,4.366785714285715,4.875043757000386,-0.5082580427146702,-0.8537314958695157,-1.0978734611889516,-1.0298509034780903,-1.3826425156668103,-0.6770592912893701,Condiciones benignas
2019-02-27,649.8,683.8390541118915,-0.05105796569391894,-1.2622405502612501,4.365,4.940474591731495,-0.5754745917314946,-0.9666365167774392,-1.1144385335193447,-1.0334899660275654,-1.3808035887039283,-0.6861763433512025,Condiciones benignas
2019-02-28,649.92,684.0867788757254,-0.05123550088460329,-1.2666295249047668,4.38,4.966482673679444,-0.5864826736794441,-0.9851270186057653,-1.125878271755266,-1.0396379287645814,-1.3794636172980739,-0.6998122402310891,Condiciones benignas
2019-03-01,651.79,679.4929941438712,-0.04162449907105278,-1.0290290632956443,4.39428571428571,4.933751185675208,-0.5394654713894982,-0.906151256159977,-0.9675901597278107,-1.0407021386885498,-1.3688542156788812,-0.7125500616982184,Condiciones benignas
2019-03-04,656.57,683.7955944216047,-0.04062972029058556,-1.0044364243571386,4.41,4.926950433704537,-0.5169504337045366,-0.8683322839314714,-0.9363843541443051,-1.0386540781234819,-1.3514768118628462,-0.7258313443841177,Condiciones benignas
2019-03-05,659.07,683.9934986381126,-0.03711866225314073,-0.9176370431253991,4.4,4.924952213481756,-0.5249522134817557,-0.8817730381246298,-0.8997050406250144,-1.0374044798632458,-1.3324534426639156,-0.7423555170625759,Condiciones benignas
2019-03-06,657.49,685.8880123846653,-0.0422848123361435,-1.0453531406016108,4.37647619047619,4.916338796089477,-0.5398626056132865,-0.9068183306899242,-0.9760857356457675,-1.038686564227645,-1.3210043877463682,-0.7563687407089219,Condiciones benignas
2019-03-07,658.4,687.5787635755302,-0.04336373881654597,-1.0720260551176086,4.3339866549605,4.910467913862572,-0.5764812589020718,-0.96832743634418,-1.0201767457308943,-1.0409550468368804,-1.3106431823416678,-0.7712669113320929,Condiciones benignas
2019-03-08,662.19,691.7632269230711,-0.0436912156215436,-1.0801218438338291,4.27333333333333,4.88363141264996,-0.6102980793166299,-1.0251302456492144,-1.0526260447415217,-1.0441903894176914,-1.3052240661138235,-0.7831567127215592,Condiciones benignas
2019-03-11,670.83,687.1004526180022,-0.02396474910537175,-0.5924497321137876,4.27,4.8402584368800214,-0.5702584368800215,-0.9578748341088285,-0.7751622831113081,-1.0332403319429841,-1.2771961291824012,-0.7892845347035673,Condiciones benignas
2019-03-12,669.37,684.2839084694671,-0.022035930846676693,-0.5447660340439453,4.265,4.837689686897258,-0.5726896868972591,-0.9619586548054233,-0.7533623444246843,-1.0257598806984414,-1.2563023242078304,-0.7952174371890525,Condiciones benignas
2019-03-13,667.09,684.938607612321,-0.02640424097536043,-0.6527581583991517,4.26,4.838588929858738,-0.5785889298587384,-0.9718677346324766,-0.8123129465158141,-1.0188107738863745,-1.2341011414828644,-0.8035204062898843,Condiciones benignas
2019-03-14,665.68,685.3098844514499,-0.029062047434837677,-0.7184636960621618,4.242,4.809109986848503,-0.5671099868485028,-0.952586317786052,-0.8355250069241069,-1.0143750481447789,-1.2170522338555723,-0.8116978624339852,Condiciones benignas
2019-03-15,670.62,682.0098443856731,-0.016841434696807753,-0.4163491731402719,4.25,4.791185765597621,-0.5411857655976215,-0.9090408697503346,-0.6626950214453032,-0.9996370311971041,-1.1827203090705654,-0.8165537533236429,Condiciones benignas
2019-03-18,669.39,680.4423799087114,-0.01637629542334124,-0.4048501319131277,4.25,4.794758652692427,-0.544758652692427,-0.9150423217445405,-0.6599462268288341,-0.9832792291860012,-1.1442131964731432,-0.8223452618988593,Condiciones benignas
2019-03-19,667.21,681.1577976123749,-0.020689154921647055,-0.5114714215073068,4.2425,4.797631459950307,-0.5551314599503072,-0.9324657396000404,-0.7219685805536736,-0.9686883306206497,-1.10686586893416,-0.8305107923071396,Condiciones benignas
2019-03-20,664.78,683.288177054527,-0.027460540068742562,-0.6788716850692893,4.235,4.774609648303427,-0.5396096483034261,-0.9063934330899083,-0.7926325590795988,-0.9568992032329359,-1.0748720785930042,-0.8389263278728677,Condiciones benignas
2019-03-21,666.13,683.077866747313,-0.025124013335689206,-0.6211087337031981,4.17452054794521,4.754090142745732,-0.5795695948005221,-0.9735149777203065,-0.7973118557117522,-0.9456776646933752,-1.0415529028896011,-0.8498024264971493,Condiciones benignas
2019-03-22,665.12,690.2553275496973,-0.03709409356618637,-0.9170296630130309,4.15069970845481,4.7032921131888425,-0.5525924047340327,-0.9282008362916588,-0.9226152496523449,-0.9398297579745796,-1.0226269014833795,-0.8570326144657797,Condiciones benignas
2019-03-25,676.6,692.7023497377812,-0.02352014081966732,-0.5814582521444807,4.147674927113705,4.679786635817713,-0.5321117087040081,-0.8937989896139908,-0.7376286208792358,-0.9292998221502273,-0.9928504639956394,-0.8657491803048154,Condiciones benignas
2019-03-26,679.08,691.8209930524082,-0.018588300651545788,-0.459534697944755,4.14666666666667,4.678409783869108,-0.5317431172024376,-0.8931798588820503,-0.6763572784134027,-0.917984333709748,-0.9620973515441227,-0.8738713158753731,Condiciones benignas
2019-03-27,679.02,692.3670583955795,-0.01946566399034278,-0.48122462562775437,4.19545454545455,4.637097973932899,-0.4416434284783484,-0.7418375572020809,-0.6115310914149177,-0.9028514608833349,-0.9309869885625763,-0.8747159332040936,Condiciones benignas
2019-03-28,683.73,692.6007009469851,-0.012890541168127658,-0.3186763036107535,4.12,4.625045852189716,-0.5050458521897165,-0.8483359133279402,-0.5835061084693469,-0.8858754871839142,-0.8900537937845765,-0.8816971805832517,Condiciones benignas
2019-03-29,681.09,686.2774045692357,-0.00758746981728538,-0.18757527737540816,4.145,4.674076004866434,-0.5290760048664339,-0.8886998553938483,-0.5381375663846283,-0.87100091963919,-0.8525664058098472,-0.8894354334685329,Condiciones benignas
2019-04-01,678.53,684.8124564503571,-0.00921632109407511,-0.2278432767750333,4.16,4.710512218034688,-0.5505122180346874,-0.9247067038760959,-0.5762749903255646,-0.859432699703251,-0.8197496175533793,-0.8991157818531227,Condiciones benignas
2019-04-02,672.56,683.7004208529795,-0.01642851364463057,-0.40614105597322514,4.16,4.6675081630852535,-0.5075081630852538,-0.8524719076211441,-0.6293064817971846,-0.8479510421707174,-0.7889292418497645,-0.9069728424916702,Condiciones benignas
2019-04-03,670.05,684.7611680602041,-0.021717781233914824,-0.5369008295294267,4.16,4.713039661240845,-0.5530396612408451,-0.9289521022520733,-0.73292646589075,-0.8395694741206268,-0.7683779025767513,-0.9107610456645023,Condiciones benignas
2019-04-04,667.55,684.8784625835073,-0.025627101798718868,-0.6335459440341276,4.15714285714286,4.694395176785308,-0.5372523196424481,-0.9024337796169527,-0.7679898618255401,-0.827640757496322,-0.7443205934503723,-0.9109609215422717,Condiciones benignas
2019-04-05,666.32,682.396063323744,-0.023840191664670655,-0.5893704583833732,4.14,4.6666212308062756,-0.5266212308062757,-0.884576520878162,-0.7369734896307676,-0.8192275486965854,-0.7240000482007894,-0.9144550491923815,Condiciones benignas
2019-04-08,664.17,686.1523729168212,-0.03256158021165183,-0.8049781530686083,4.1,4.678506220148064,-0.5785062201480646,-0.9717288054290363,-0.8883534792488224,-0.8134425285202153,-0.7101618791812617,-0.9167231778591687,Condiciones benignas
2019-04-09,663.01,687.8296364378743,-0.03675111278513533,-0.908550589397012,4.05133333333333,4.689949877894991,-0.6386165445616606,-1.0726973546028473,-0.9906239719999297,-0.8098675455472478,-0.6957130512775492,-0.9240220398169464,Condiciones benignas
2019-04-10,663.15,684.0619988455918,-0.031047346161610794,-0.7675436882486408,4.01789473684211,4.640079760499076,-0.6221850236569662,-1.0450969907277374,-0.9063203394881891,-0.802930272412876,-0.6792231558771289,-0.926637388948623,Condiciones benignas
2019-04-11,662.92,684.8498701326749,-0.032545327296608056,-0.804576353111454,4.085,4.66851922108406,-0.5835192210840605,-0.9801492462842843,-0.8923627996978691,-0.7951464233442961,-0.6638213834840185,-0.9264714632045736,Condiciones benignas
2019-04-12,664.19,680.6915306462453,-0.024540985129383696,-0.6066952757061329,4.116,4.729361396283471,-0.6133613962834714,-1.0302757622109509,-0.8184855189585418,-0.7901762686519871,-0.6497435905643681,-0.9306089467396061,Condiciones benignas
2019-04-15,660.67,683.6666864089849,-0.03421602666360767,-0.8458789091311092,4.110625,4.729261384103664,-0.6186363841036644,-1.0391362678280847,-0.9425075884795969,-0.7903803764631635,-0.6444583400568338,-0.9363024128694932,Condiciones benignas
2019-04-16,662.86,681.3089683160871,-0.027452094727004855,-0.6786629017255491,4.13772727272727,4.744950655960983,-0.6072233832337126,-1.019965615351988,-0.8493142585387685,-0.7887006837269553,-0.6364925353435055,-0.9409088321104052,Condiciones benignas
2019-04-17,663.98,682.8268562324923,-0.027989294108092814,-0.6919433925004729,4.11645833333334,4.793093646172442,-0.6766353128391015,-1.1365582622222423,-0.9142508273613577,-0.786639520117475,-0.6247122104068009,-0.9485668298281491,Condiciones benignas
2019-04-18,660.48,682.4271354665221,-0.032688916725428285,-0.8081261302555781,4.09702378416755,4.736454025674936,-0.639430241507386,-1.0740641381109808,-0.9410951341832794,-0.7840034663992211,-0.6159155462447332,-0.9520913865537092,Condiciones benignas
2019-04-22,662.27,685.9405100876095,-0.035117576204916304,-0.8681667612545384,4.094,4.728904619847442,-0.6349046198474413,-1.066462358257488,-0.9673145597560131,-0.7811597502330375,-0.6088503768254235,-0.9534691236406516,Condiciones benignas
2019-04-23,663.91,690.4438629439528,-0.03918807228348127,-0.9687964111086852,4.09,4.677075140107998,-0.5870751401079988,-0.9861221966605993,-0.9774593038846422,-0.7879029842588153,-0.6213952661252534,-0.9544107023923772,Condiciones benignas
2019-04-24,668.19,695.1537739864857,-0.039560514393962826,-0.9780038193570458,4.0948275862069,4.654393991170829,-0.5595664049639281,-0.9399152080242974,-0.9589595136906717,-0.7947562232343482,-0.63583652563569,-0.9536759208330065,Condiciones benignas
2019-04-25,672.83,702.1295991705925,-0.042625303751106784,-1.0537706728150744,4.128,4.607123149588186,-0.4791231495881861,-0.8047930161987957,-0.9292818445069351,-0.798655186500719,-0.6492036094495541,-0.9481067635518837,Condiciones benignas
2019-04-26,676.21,699.4148590955967,-0.03374039120489471,-0.8341203841885239,4.13333333333333,4.600031854299259,-0.4666985209659295,-0.7839231117647264,-0.8090217479766251,-0.7977717445358029,-0.6530588323870996,-0.9424846566845062,Condiciones benignas
2019-04-29,673.86,702.1486411220088,-0.04112274689921077,-1.0166248883765472,4.168,4.622070914771174,-0.45407091477117384,-0.7627122617242243,-0.8896685750503858,-0.8053375296559723,-0.6730680228949755,-0.9376070364169692,Condiciones benignas
2019-04-30,677.67,698.9171731756658,-0.03087179811470771,-0.7632038392102247,4.15844444444444,4.6186148388451045,-0.4601703944006652,-0.7729576832040269,-0.7680807612071259,-0.8089420141352487,-0.6850131464715453,-0.9328708817989521,Condiciones benignas
2019-05-02,678.71,703.960965281363,-0.03652896992572128,-0.9030588366157847,4.155,4.6625131043107295,-0.5075131043107289,-0.8524802074992803,-0.8777695220575326,-0.814135378852044,-0.6980660603084946,-0.9302046973955934,Condiciones benignas
2019-05-03,683.31,706.5986918740383,-0.033514247087155884,-0.8285297134335589,4.15688524590164,4.619882649951334,-0.46299740404969403,-0.7777062695000984,-0.8031179914668286,-0.8144848932649517,-0.7030546612539702,-0.9259151252759331,Condiciones benignas
2019-05-06,678.68,719.2446986642925,-0.05805189658574051,-1.4351425266209044,4.15047619047619,4.5195877792237935,-0.3691115887476034,-0.620004333076871,-1.0275734298488877,-0.8221602790695228,-0.7301891210178938,-0.9141314371211519,Condiciones benignas
2019-05-07,681.09,725.5791177176221,-0.06327566304842007,-1.564282999898206,4.148125,4.549470899287514,-0.40134589928751413,-0.674148967972515,-1.1192159839353604,-0.8287136368789567,-0.7517642322473996,-0.9056630415105138,Condiciones benignas
2019-05-08,683.49,727.1938591789526,-0.061981072875158964,-1.5322785087193784,4.14666666666667,4.552116378382303,-0.40544971171563265,-0.6810422261771715,-1.106660367448275,-0.8410146950979247,-0.7834582407998962,-0.8985711493959532,Condiciones benignas
2019-05-09,684.51,729.0021874157204,-0.06297347874882908,-1.5568124853288905,4.13578947368421,4.444475362103276,-0.308685888419066,-0.5185060404873215,-1.037659262908106,-0.8530580945810814,-0.820034167046034,-0.8860820221161289,Condiciones benignas
2019-05-10,686.43,715.0208663187726,-0.04080747241842547,-1.008830762059502,4.12,4.46555577875067,-0.34555577875067006,-0.5804371541736348,-0.7946339581165685,-0.8591615234711365,-0.8376210382604257,-0.8807020086818473,Condiciones benignas
2019-05-13,685.67,724.2231652463303,-0.054703121758514904,-1.352355064896363,4.09941176470588,4.386075159331819,-0.2866633946259388,-0.48151440437200593,-0.9169347346341844,-0.8702758110099644,-0.872076996969946,-0.8684746250499829,Condiciones benignas
2019-05-14,693.04,720.0250188652248,-0.03819824224842719,-0.944326113651053,4.12916666666667,4.360519801106875,-0.2313531344402052,-0.38860862188189543,-0.6664673677664742,-0.8745534710560259,-0.8973020248458008,-0.8518049172662511,Condiciones benignas
2019-05-15,692.33,717.4590862409719,-0.03565320278733894,-0.8814083697468293,4.13,4.317720461733188,-0.18772046173318815,-0.31531792344063403,-0.5983631465937317,-0.8752897429316315,-0.9190875279448607,-0.8314919579184024,Condiciones benignas
2019-05-16,692.62,713.8162164038779,-0.030144020964047717,-0.7452119388547813,4.13908163265305,4.309309958929413,-0.170228326276363,-0.2859360234715841,-0.5155739811631828,-0.8714986595771648,-0.9303898907075792,-0.8126074284467504,Condiciones benignas
2019-05-17,692.79,717.8747297115316,-0.03556815970859316,-0.8793059588682705,4.12081632653061,4.262989583421854,-0.14217325689124363,-0.23881134596534526,-0.5590586524168079,-0.8657030657947,-0.941803395018874,-0.789602736570526,Condiciones benignas
2019-05-20,696.61,716.3656664583996,-0.027965030668593092,-0.6913435586291244,4.09592592592592,4.315390050333079,-0.21946412440715873,-0.3686384070168086,-0.5299909828229665,-0.8577697698279476,-0.9437299821720405,-0.7718095574838546,Condiciones benignas
2019-05-22,697.23,710.2055357099725,-0.018439073077532633,-0.4558455361738827,4.07614035087719,4.30775388891617,-0.2316135380389798,-0.38904602716666814,-0.4224457816702754,-0.8472855128959311,-0.9392791514317242,-0.7552918743601381,Condiciones benignas
2019-05-23,696.7,716.7215702632691,-0.02833253715283192,-0.7004289497250225,4.015,4.269662574204757,-0.25466257420475763,-0.42776196763474034,-0.5640954586798814,-0.83647691221029985,-0.935794177986938,-0.7371596464336616,Condiciones benignas
2019-05-24,698.03,713.1826363567817,-0.021475457804571663,-0.5309101784206668,3.99138888888889,4.305182696560385,-0.3137938076714946,-0.5270859175923941,-0.5289980480065304,-0.8210893814105198,-0.9232061642877265,-0.7189725985333132,Condiciones benignas
2019-05-27,694.84,715.2732527455589,-0.028983038123402218,-0.7165104502681575,3.95130841121495,4.316783238795613,-0.36547482758066235,-0.613895590488973,-0.6652030203785653,-0.813052137440199,-0.9215050563550438,-0.7045992185253543,Condiciones benignas
2019-05-28,696.46,715.6667750954042,-0.027204299154462104,-0.6725369698442498,3.87,4.258106525707661,-0.38810652570766135,-0.6519105196632015,-0.6622237447537256,-0.8053808356087275,-0.9171037435794702,-0.693657927637985,Condiciones benignas
2019-05-29,703.48,716.9252063642764,-0.018932073596126,-0.46803335520292183,3.78166666666667,4.282039048866026,-0.5003723821993559,-0.840485789590672,-0.6542595723967969,-0.7999066373900028,-0.9124816795626965,-0.6873315952173089,Condiciones benignas
2019-05-30,708.2,714.3682723498423,-0.00867207729389696,-0.2143886358688258,3.78,4.247874737690781,-0.46787473769078064,-0.785898827207635,-0.5001437315382304,-0.7851611754919572,-0.8914320037872872,-0.6788903471966273,Condiciones benignas
2019-05-31,707.86,717.588007573589,-0.013649264723396764,-0.3374332522060069,3.72457142857143,4.2216167410921335,-0.4970453125207039,-0.8348972421700613,-0.5861652471880341,-0.7763895417802661,-0.8800576821366357,-0.6727214014238964,Condiciones benignas
2019-06-03,709.8,713.6662454995222,-0.005432169563540882,-0.13429255564353385,3.73608695652174,4.230356820650082,-0.49426986412834223,-0.8302352643781039,-0.48226391001081886,-0.7619899778685815,-0.861469320908071,-0.6625106348290918,Condiciones benignas
2019-06-04,704.59,712.6675379204843,-0.011398952085731828,-0.2818016612598691,3.74910447761194,4.203088754735303,-0.4539842771233627,-0.7625667346839253,-0.5221841979718972,-0.7480262799948687,-0.8439251719415474,-0.6521273880481899,Condiciones neutrales
2019-06-05,696.78,708.2786535579136,-0.016367872247937874,-0.4046418965592198,3.71477272727273,4.195956108527237,-0.48118338125450705,-0.8082536297346514,-0.6064477631469356,-0.735997386774566,-0.8284743431183701,-0.643520430430762,Condiciones neutrales
2019-06-06,693.25,710.3954882947729,-0.02443115622549387,-0.6039801166864504,3.71,4.1610117940293385,-0.4510117940293382,-0.7575737936480016,-0.680776955167226,-0.7261079751506522,-0.8163137999709623,-0.6359021503303421,Condiciones neutrales
2019-06-07,692.21,716.9611607198324,-0.035132292194352835,-0.8685305657726299,3.70617449664429,4.102188091808463,-0.3960135951641726,-0.6651921869812358,-0.7668613763769329,-0.7197047039068609,-0.8126646915181485,-0.6267447162955734,Condiciones neutrales
2019-06-10,692.28,713.336949547358,-0.02996339073705271,-0.7407464496011986,3.46516129032258,4.068706099893519,-0.6035448095709387,-1.0137866394542092,-0.8772665445277039,-0.7179708605742199,-0.8022305507443526,-0.6337111704040872,Condiciones neutrales
2019-06-11,697.34,709.3997335605178,-0.017146070054728495,-0.42388028207861156,3.41263157894737,4.112448178186812,-0.6998165992394415,-1.1754963461314274,-0.7996883141050195,-0.717659746111833,-0.7885558806740222,-0.6467636115496439,Condiciones neutrales
2019-06-12,693.6,706.1464847776142,-0.01792727602546712,-0.4431930345741529,3.40076335877863,4.09223940703415,-0.6914760482555198,-1.161486550969412,-0.8023397927717824,-0.7147487867025463,-0.7694414855472756,-0.6600560878578168,Condiciones neutrales
2019-06-13,694.89,708.8838877218363,-0.019938184382938033,-0.4929061407890631,3.43326086956522,4.057385192284637,-0.6241243227194169,-1.0483544712797055,-0.7706303060343843,-0.7148337715301215,-0.7604315622665703,-0.6692359807936727,Condiciones neutrales
2019-06-14,696.25,707.7623991197853,-0.016399651664222262,-0.40542753827746325,3.4771874807846,4.060256305439938,-0.5830688246553383,-0.9793927061324088,-0.692410122204936,-0.7086551248683683,-0.7438438523219596,-0.6734663974147771,Condiciones neutrales
2019-06-17,698.72,710.182846027741,-0.016272376759586635,-0.4022810841742036,3.44574468085106,4.056289372324327,-0.6105446914732672,-1.0255444851647586,-0.713912784669481,-0.7056816179751234,-0.729635564679981,-0.6817276712702658,Condiciones neutrales
2019-06-18,699.52,713.9033409494514,-0.020353190805699944,-0.5031658118963931,3.42606060606061,3.995724930075772,-0.5696643240151623,-0.9568768905010451,-0.730021351198719,-0.6957632153534511,-0.698569674189164,-0.6929567565177382,Condiciones neutrales
2019-06-19,696.81,708.7833564164404,-0.017037140905764515,-0.4211873665450779,3.41181818181818,4.008455448751093,-0.5966372669329131,-1.002183897906537,-0.7116856322258074,-0.6821788702964661,-0.6604664864107265,-0.7038912541822056,Condiciones neutrales
2019-06-20,693.99,703.9317124804668,-0.014223800954696645,-0.35163677400490534,3.32909090909091,4.091561742235288,-0.7624708331443776,-1.2807379524393636,-0.8161873632221345,-0.6724964368222613,-0.621111761920244,-0.7238811117242787,Condiciones neutrales
2019-06-21,684.19,707.0615647290991,-0.03288208410295888,-0.8129015593897589,3.3351724137931,4.075460983669894,-0.7402885698767943,-1.2434779482492544,-1.0281897538195066,-0.672180786519308,-0.5963147310556063,-0.7480468419830097,Condiciones neutrales
2019-06-24,683.41,703.5623114930787,-0.029061473890074296,-0.7184495170511516,3.34090909090909,4.050052877222709,-0.7091437863136186,-1.1911634142422656,-0.9548064656467086,-0.677519870103646,-0.5866353562219946,-0.7684043839852974,Condiciones neutrales
2019-06-25,682.31,705.256294689245,-0.03307717529092381,-0.8177245484199956,3.366,4.062099871860562,-0.6960998718605622,-1.1692532826513848,-0.9934889155356903,-0.6800716761336962,-0.5688143390061157,-0.7913290132612768,Condiciones neutrales
2019-06-26,678.32,707.3195496729961,-0.04186339052424879,-1.0349348700632406,3.42,4.106204972697684,-0.6862049726976847,-1.1526326168598868,-1.0937837434615636,-0.6943155553235325,-0.571834630886522,-0.8167964797605431,Condiciones neutrales
2019-06-27,680.06,704.3082629445292,-0.03503510424840302,-0.8661279129307625,3.38866666666667,4.064978260394453,-0.6763115937277829,-1.1360145045678205,-1.0010712087492915,-0.7077391573953845,-0.5713252823259863,-0.8441530324647827,Condiciones neutrales
2019-06-28,679.86,702.79321923708,-0.03317581343454218,-0.8201630526374174,3.35324708243122,4.0648067808104615,-0.711559698379241,-1.19522147146583,-1.0076922620516238,-0.7241431000916659,-0.5738236527854076,-0.8744625473979242,Condiciones neutrales
2019-07-01,679.15,698.802006864731,-0.028525433860104647,-0.7051976874258374,3.34470588235294,4.117291504374792,-0.7725856220218523,-1.2977279715104806,-1.0014628294681591,-0.7388899059933776,-0.5680200437373265,-0.9097597682494287,Condiciones neutrales
2019-07-02,677.62,693.367819964532,-0.022973964282839918,-0.567955830670863,3.30857142857143,4.0088227292207845,-0.7002513006493546,-1.1762265230371571,-0.87209117685401,-0.7502932457944124,-0.5639071194720511,-0.9366793721167737,Condiciones benignas
2019-07-03,681.3,695.4827291895745,-0.020603441053515182,-0.509352427563749,3.29074755606671,3.965111423570468,-0.6743638675037579,-1.132742868739099,-0.821047648151424,-0.7635799746771174,-0.56569068251838,-0.9614692668358548,Condiciones benignas
2019-07-04,680.48,698.0904856837633,-0.025550298505164867,-0.6316472347886665,3.26879310344828,3.985901684785604,-0.7171085813373242,-1.2045420443836867,-0.9180946395861767,-0.7753799473739938,-0.5633979586871681,-0.9873619360608196,Condiciones benignas
2019-07-05,677.64,699.0101558991458,-0.031049097838845158,-0.767586992716536,3.31238095238095,4.0395751554199855,-0.7271942030390348,-1.221483070749322,-0.994535031732929,-0.7908978468315405,-0.5712871858303638,-1.0105085078327172,Condiciones benignas
2019-07-08,683.12,703.8981118961509,-0.029963078664427864,-0.7407387346302562,3.30333333333333,4.059922662788533,-0.7565893294552027,-1.2708586696331294,-1.0057987021316928,-0.8022510362233114,-0.5720947953091003,-1.0324072771375223,Condiciones benignas
2019-07-09,685.83,706.7926590572505,-0.03010757062073782,-0.7443108238030671,3.29519230769231,4.052004067345604,-0.756811759653294,-1.2712322902151643,-1.0077715570091157,-0.8137692966318244,-0.5744872571077276,-1.053051336155921,Condiciones benignas
2019-07-10,688.88,706.8495997707312,-0.02575082270969476,-0.6366045373138757,3.25733333333333,4.042266005409492,-0.7849326720761619,-1.3184675656271627,-0.9775360514705191,-0.8245451792676152,-0.5801062965114261,-1.0689840620238042,Condiciones benignas
2019-07-11,685.4,704.3907457596571,-0.027330629332119875,-0.6756600686750428,3.25333333333333,4.134121589319871,-0.8807882559865408,-1.4794781629256588,-1.0775691158003509,-0.8437926920763524,-0.5954820109383,-1.092103373214405,Condiciones benignas
2019-07-12,683.38,701.0875453931101,-0.02558169185959876,-0.6324233323953109,3.2575,4.078736045359761,-0.8212360453597612,-1.3794470889672703,-1.0059352106812907,-0.8577850241927943,-0.6053150136112768,-1.1102550347743119,Condiciones benignas
2019-07-15,681.07,700.4120837364285,-0.02800376200317818,-0.6923010637003627,3.25,4.06111450435142,-0.8111145043514201,-1.3624457282029574,-1.02737339595166,-0.8759553403908223,-0.6239152972131711,-1.1279953835684737,Condiciones benignas
2019-07-17,679.48,705.5075507121985,-0.03758967412402996,-0.9292812650408371,3.20428571428571,4.051489956350606,-0.847204242064896,-1.4230664034786482,-1.1761738342597425,-0.8977549949337505,-0.6454979506725367,-1.1500120391949644,Condiciones benignas
2019-07-18,681.69,702.7306034553512,-0.030398599436590346,-0.7515055556665681,3.1804347826087,4.026057934672953,-0.8456231520642529,-1.4204106140608481,-1.085958084863708,-0.9137386723243096,-0.6570600726427817,-1.1704172720058377,Condiciones benignas
2019-07-19,683.27,703.6592828405101,-0.029404169525094972,-0.7269215413678616,3.08357142857143,4.069349911844355,-0.9857784832729246,-1.6558324087220289,-1.1913769750449452,-0.9307586729869003,-0.661158120132162,-1.2003592258416387,Condiciones benignas
2019-07-22,685.81,702.989130974217,-0.02474080933937824,-0.6116352731649246,3.05,4.044892840699262,-0.9948928406992628,-1.6711419824927,-1.1413886278288123,-0.943242914701963,-0.6525949437119052,-1.2338908856920208,Condiciones benignas
2019-07-23,688.28,700.4056008368752,-0.017463865120802894,-0.4317367215904552,3.04557142857143,4.066017803998705,-1.0204463754272755,-1.7140647807460805,-1.0729007511682678,-0.9497640549233151,-0.6422946194448804,-1.2572334904017497,Condiciones benignas
2019-07-24,691.57,699.9036886639668,-0.011978362761114605,-0.2961256876832231,3.01294620101306,4.030251454109269,-1.0173052530962097,-1.7087885729125818,-1.0024571302979024,-0.9565230154630778,-0.6380361329650341,-1.2750098979611215,Condiciones benignas
2019-07-25,691.36,700.4812051588277,-0.013106862625108424,-0.3240241413316997,2.99078212290503,4.086336618894138,-1.095554495989108,-1.8402254368110915,-1.0821247890713956,-0.9658491820063982,-0.634063836523619,-1.2976345274891776,Condiciones benignas
2019-07-26,694.16,700.2971632297568,-0.008802282375169139,-0.21760752896803479,2.96857142857143,4.04392103744226,-1.0753496088708299,-1.8062868720394842,-1.0119472005037595,-0.9738930784887108,-0.6248872161295848,-1.3228989408478369,Condiciones benignas
2019-07-29,696.62,703.6216162985509,-0.010000666415760058,-0.24723363941449822,2.97,4.020547070910063,-1.0505470709100628,-1.7646255385138812,-1.0059295889641897,-0.9843437273806859,-0.6196140861674859,-1.349073368593886,Condiciones benignas
2019-07-30,697.22,708.2078278301933,-0.01563659334400859,-0.3865634268523846,2.94111111111111,4.044597507505026,-1.1034863963939165,-1.8535488131840785,-1.1200561200182315,-0.9978818385589776,-0.6190901642567586,-1.3766735128611967,Condiciones benignas
2019-07-31,699.98,714.17004925594,-0.020069335000330975,-0.49614840916414027,2.87060606060606,4.040494282901803,-1.1698882222957427,-1.9650853269062194,-1.23061686803518,-1.0145683557868597,-0.6188562508323502,-1.410280460741369,Condiciones benignas
2019-08-01,700.82,721.5417036524536,-0.02913909983585292,-0.7203685636716445,2.85852631578947,3.937368845701664,-1.078842529912194,-1.812154003407776,-1.2662612835397102,-1.0330542108306564,-0.6288289574032357,-1.437279464258077,Condiciones benignas
2019-08-02,704.88,720.2536990552505,-0.021575934186449996,-0.533394127043114,2.78635036496349,3.8617602115437863,-1.0754098465802961,-1.8063880545599529,-1.1698910908015334,-1.044844335083303,-0.6348875358378426,-1.4548011343287635,Condiciones benignas
2019-08-05,711.13,734.3335881933992,-0.03210815103859142,-0.7937686056232733,2.72314814814815,3.6352540708940726,-0.912105922745923,-1.5320830923957864,-1.1629258490095298,-1.0493355382563039,-0.6342497707122932,-1.4644213058003144,Condiciones benignas
2019-08-06,721.7,729.1769970261083,-0.01030695673516715,-0.25480566184143455,2.72333333333333,3.6460454923913272,-0.9227121590579972,-1.5498986058383077,-0.9023521338398711,-1.0475870605294093,-0.6187949755386359,-1.4763791455201825,Condiciones benignas
2019-08-07,716.35,728.0262021152602,-0.01616816512617706,-0.3997047937225417,2.67255813953489,3.6006118287749227,-0.9280536892400328,-1.5588708840302763,-0.979287838876409,-1.0471136913074333,-0.6048609837153874,-1.489366398899479,Condiciones benignas
2019-08-08,718.55,723.6425477010181,-0.007062259301277155,-0.17459117192351045,2.7145871559633,3.541722749750276,-0.8271355937869762,-1.3893566818914072,-0.7819739269074588,-1.0367200307556297,-0.5761828604440631,-1.4972572010671963,Condiciones benignas
2019-08-09,710.98,725.4930352977656,-0.020207172400535607,-0.49955598628783277,2.70125,3.5608947890680787,-0.8596447890680785,-1.4439630463448083,-0.9717595163163205,-1.0357429743411972,-0.5639637962226322,-1.5075221524597626,Condiciones benignas
2019-08-12,712.04,730.2139752823522,-0.025203518408001554,-0.6230742355570265,2.69846153846154,3.5193410049766705,-0.8208794665151308,-1.3788481361424496,-1.000961185849738,-1.0355186051344678,-0.5573941689866191,-1.5136430412823165,Condiciones benignas
2019-08-13,716.69,726.6002201783884,-0.013733032749508801,-0.33950414159489906,2.72268262737876,3.5033520201374033,-0.7806693927586434,-1.3113064476060596,-0.8254052946004793,-1.0296500206388786,-0.5452043841255878,-1.514095657152169,Condiciones benignas
2019-08-14,708.37,732.2813586619811,-0.033198253810441475,-0.8207178172473707,2.67777777777778,3.5880060050587255,-0.9102282272809458,-1.5289290886744873,-1.174823452960929,-1.0397410965091092,-0.5536297836781381,-1.52585240934008,Condiciones benignas
2019-08-16,710.14,723.7847094336255,-0.019031851808015,-0.4705000438648608,2.655,3.495398972212381,-0.8403989722123811,-1.4116354516338885,-0.9410677477493746,-1.0437417664957074,-0.5523347042215084,-1.5351488287699064,Condiciones benignas
2019-08-19,709.26,721.5029956623189,-0.01711435720709188,-0.42309628605160254,2.67,3.4820269773149084,-0.8120269773149087,-1.3639784278212435,-0.893537356936423,-1.0429231904073824,-0.545383005930273,-1.5404633748844916,Condiciones benignas
2019-08-20,711.94,723.6944740267669,-0.01637566792107477,-0.404834618980026,2.68169230769231,3.449911088476789,-0.7682187807844792,-1.2903928984009734,-0.8476137586904997,-1.0380258146393013,-0.533291260139056,-1.5427603691395468,Condiciones benignas
2019-08-21,710.63,717.3520883884727,-0.009414877254887039,-0.23275192588149116,2.6798717948718,3.442437086498701,-0.7625652916269013,-1.2808966162967064,-0.7568242710890988,-1.0297266669378815,-0.5163583665140972,-1.543094967361666,Condiciones benignas
2019-08-22,709.52,720.9530091017915,-0.015985275476694132,-0.3951834476668779,2.69666666666667,3.4271467454562026,-0.7304800787895327,-1.2270024238809139,-0.8110929357738959,-1.0231707128967076,-0.5047207873095575,-1.5416206384838576,Condiciones benignas
2019-08-23,713.22,723.683837427689,-0.014564680153090396,-0.36006389289038,2.67390804597701,3.438872394910888,-0.764964348933878,-1.2849263622352507,-0.8224951275628154,-1.018002682099784,-0.49550276582877434,-1.5405025983707938,Condiciones benignas
2019-08-26,716.4,725.9214073019876,-0.01320308437333331,-0.32640290810737926,2.685,3.290268374423264,-0.6052683744232642,-1.0166817468129532,-0.6715423274601662,-1.004468455821778,-0.4838608604765189,-1.525076051167037,Condiciones benignas
2019-08-27,718.75,728.1662700536431,-0.01301582293825937,-0.321773484007966,2.67970588235294,3.2219478959519066,-0.542242013598967,-0.9108150712590435,-0.6162942776335048,-0.991480424720185,-0.473505865530274,-1.5094549839100961,Condiciones benignas
2019-08-28,721.55,728.0407446022366,-0.008955338608672326,-0.22139134177319297,2.67,3.2253513203225714,-0.5553513203225716,-0.932835043592739,-0.577113192682966,-0.9764717512778953,-0.4578088747993684,-1.4951346277564221,Condiciones benignas
2019-08-29,724.2,726.966569659092,-0.003812895181949249,-0.09426131353144161,2.68179775280899,3.2402695858889206,-0.5584718330799309,-0.9380766331010744,-0.516168973316258,-0.9544715892464458,-0.42997487641572185,-1.4789683020771698,Condiciones benignas
2019-08-30,720.65,729.2224235281527,-0.011825210664025714,-0.29233950496568156,2.73432098765432,3.2303659133632325,-0.4960449257089126,-0.8332168718512425,-0.562778188408462,-0.9370322593646042,-0.414669341392359,-1.4593951773368496,Condiciones benignas
2019-09-02,720.2,728.2384094955512,-0.01109952894102754,-0.27439940717872957,2.71625,3.2117817426027337,-0.49553174260273375,-0.8323548676248991,-0.5533771374018144,-0.9157655981098333,-0.3995852702527212,-1.4319459259669451,Condiciones benignas
2019-09-03,724.72,729.4617092297447,-0.006521504162857998,-0.16122277672408933,2.67782608695652,3.1784481576795343,-0.5006220707230146,-0.8409051965432233,-0.5010639866336563,-0.894421443403328,-0.38457152037136005,-1.404271366435296,Condiciones benignas
2019-09-04,725.69,722.9447949487641,0.003790062681014574,0.09369685491755204,2.566875,3.2052806995070364,-0.6384056995070364,-1.072343193824752,-0.4893231694536,-0.8749688573461725,-0.36705706782109315,-1.3828806468712518,Condiciones benignas
2019-09-05,723.3,719.6346042540462,0.00508048475544752,0.12559830353902546,2.60147727272727,3.244205994651406,-0.6427287219241359,-1.079604663559919,-0.4770031800104468,-0.857453725669924,-0.3529996014470182,-1.3619078498928296,Condiciones benignas
2019-09-06,717.52,712.4020139980256,0.007158443337560937,0.17696900639527566,2.6,3.3178223252671324,-0.7178223252671323,-1.2057409347536419,-0.5143859641791831,-0.8385290981735168,-0.336299829856119,-1.3407583664909146,Condiciones benignas
2019-09-09,711.22,710.6606803280213,7.867322604011379e-4,0.01944937186158378,2.62571428571429,3.358125929747857,-0.7324116440335674,-1.2302469137789027,-0.6053987709586595,-0.8249774838553469,-0.3283979331617984,-1.3215570345488952,Condiciones benignas
2019-09-10,713.72,711.2656005785395,0.0034448093336534886,0.08516159956160867,2.63868421052632,3.4640991724768693,-0.8254149619505493,-1.3864665011798387,-0.650652450809115,-0.813134912583511,-0.31731809186259485,-1.3089517333044272,Condiciones benignas
2019-09-11,714.77,711.7676687133915,0.004209262447629392,0.1040601926825797,2.72620689655172,3.4227265662168778,-0.6965196696651577,-1.1699584256645004,-0.5329491164909603,-0.793564679132602,-0.30096397121142937,-1.2861653870537746,Condiciones benignas
2019-09-12,714.39,709.1981791094478,0.007294025034773905,0.1803208186692189,2.71787878787878,3.501079557536957,-0.7832007696581773,-1.3155584534877685,-0.5676188174092748,-0.7714647441117385,-0.2784149969503174,-1.2645144912731596,Condiciones benignas
2019-09-13,711.29,705.547524117663,0.008106091529594706,0.20039649629053496,2.79291666666667,3.6059705736648455,-0.8130539069981757,-1.3657033827476144,-0.5826534432285397,-0.7486778161013661,-0.2477228282849114,-1.2496328039178208,Condiciones neutrales
2019-09-16,707.07,714.82851299772,-0.010913001069688144,-0.26978811803395775,2.77642857142857,3.612769541497542,-0.8363409700689719,-1.4048191419073754,-0.8373036299706667,-0.7375915674070039,-0.23893596131793954,-1.2362471734960683,Condiciones neutrales
2019-09-17,709.81,713.2407692035091,-0.004821719540266718,-0.11920118326289969,2.785,3.513064322745554,-0.7280643227455535,-1.222944628730115,-0.6710729059965073,-0.7211964693065698,-0.21645038057259375,-1.2259425580405459,Condiciones neutrales
2019-09-23,715.24,715.897430497633,-9.18752496956124e-4,-0.022713138715001885,2.74617021276596,3.423550001304155,-0.6773797885381949,-1.137808773377621,-0.5802609560463114,-0.7104600967134511,-0.208713963135046,-1.2122062302918564,Condiciones neutrales
2019-09-24,722.17,720.3395987965165,0.0025378024345811554,0.06273883218699378,2.72040404040404,3.4391199436966895,-0.7187159032926498,-1.2072418961557017,-0.572251531984354,-0.6968922198170493,-0.19329917560472815,-1.2004852640293704,Condiciones neutrales
2019-09-25,721.92,721.0323388839826,0.0012303403294351809,0.030416124757979543,2.74344827586207,3.4486605958066447,-0.7052123199445749,-1.1845596492604518,-0.5770717622512361,-0.6900621476618419,-0.1864655990486785,-1.1936586962750053,Condiciones neutrales
2019-09-26,727.08,721.3035057767336,0.007976512888378076,0.19719308986475045,2.77386363636364,3.4248794607141884,-0.6510158243505486,-1.0935246800797502,-0.4481657951074999,-0.6726090236215478,-0.1632406298435924,-1.1819774173995032,Condiciones neutrales
2019-09-27,726.17,723.0592572121287,0.004292968210325155,0.10612954281294969,2.78333333333333,3.448353703882123,-0.6650203705487928,-1.1170484045857936,-0.505459430886422,-0.656092298456104,-0.13893383723125985,-1.173250759680948,Condiciones neutrales
2019-09-30,725.68,723.8468024915302,0.0025293750797549175,0.0625304935105787,2.79666666666667,3.3913184727751524,-0.5946518061084827,-0.9988488784928199,-0.4681591924911206,-0.6441840950524587,-0.1255326827277439,-1.1628355073771734,Condiciones neutrales
2019-10-01,728.21,729.3313392229895,-0.0015386725769570828,-0.038038627152775735,2.85295238095238,3.388985154053702,-0.5360327731013219,-0.9003852821897852,-0.46921195467128046,-0.6206637117761371,-0.09944337639125742,-1.1418840471610168,Condiciones neutrales
2019-10-02,729.38,731.1646071907358,-0.0024437570343022754,-0.0604138684681258,2.82205128205128,3.400519292702487,-0.5784680106512071,-0.9716646241506951,-0.5160392463094104,-0.6064960950614716,-0.08577383721136625,-1.127218352911577,Condiciones neutrales
2019-10-03,727.8,728.7946067741826,-0.0013656605951139662,-0.03376147399566406,2.76509933774834,3.328913140112477,-0.5638138023641371,-0.9470496488619969,-0.4904055614288305,-0.5930583685445519,-0.07279601014283496,-1.1133207269462688,Condiciones neutrales
2019-10-04,719.53,723.3270587974264,-0.005263262275024211,-0.1301168775509417,2.75891304347826,3.2895281801338974,-0.5306151366556375,-0.8912851667402637,-0.5107010221456028,-0.5818279439930553,-0.06363875209519883,-1.1000171358909117,Condiciones neutrales
2019-10-07,715.53,724.9307224425861,-0.01305256819867988,-0.32268188991686425,2.75971223021582,3.322371732217551,-0.5626595020017311,-0.9451107467841938,-0.6338963183505291,-0.5777303455684363,-0.06663641756304459,-1.088824273573828,Condiciones neutrales
2019-10-08,717.05,729.46013968427485,-0.01715915269747459,-0.4242037074629619,2.71087912087912,3.3537868522114995,-0.6429077313323798,-1.0799053493475133,-0.7520545284052376,-0.5757623986561478,-0.0676037595562474,-1.083921037756048,Condiciones neutrales
2019-10-09,722.28,724.9158473568497,-0.0036427001588070535,-0.09005380042857787,2.70307692307692,3.4038503498385215,-0.7007734267616015,-1.1771035490148676,-0.6335786747217227,-0.5694651835614446,-0.05860342314085399,-1.0803269439820353,Condiciones neutrales
2019-10-10,724.27,722.2073463619748,0.002851970051660478,0.07050559493335404,2.74923076923077,3.4603927026503793,-0.7111619334196093,-1.194553337475904,-0.5620238712712751,-0.5658145683551482,-0.04537313970616288,-1.0862559970041337,Condiciones neutrales
2019-10-11,720.61,716.1073271156799,0.006268021608866438,0.1549562528999718,2.8164,3.518898593363212,-0.702498593363212,-1.1800013468648545,-0.5125225469824414,-0.5623555106667795,-0.029482148475898282,-1.0952288728576607,Condiciones neutrales
2019-10-14,712.98,707.6035321500817,0.007569415524085773,0.18712894425827128,2.845,3.589358626517713,-0.7443586265177128,-1.2503145061633527,-0.5315927809525407,-0.5608381636090987,-0.01586480560818281,-1.1058115216100144,Condiciones neutrales
2019-10-15,712.04,705.719274240609,0.008916559745563811,0.2204326617152757,2.85666666666667,3.568510757100127,-0.7118440904334568,-1.1956991706529638,-0.4876332544688441,-0.5598869729808514,-0.005375006433292231,-1.1143989395284106,Condiciones neutrales
2019-10-16,715.48,705.8800696751674,0.0135082960432015,0.3339482644662691,2.86423423423424,3.5168294801198687,-0.6525952458856287,-1.0961776669416017,-0.38111470123766633,-0.5538315234084916,0.01550125254777279,-1.123164299364756,Condiciones neutrales
2019-10-17,718.69,705.8913763526745,0.017968742567681228,0.44421815867282055,2.97823529411765,3.5584064866544045,-0.5801711925367544,-0.9745254938205972,-0.2651536675738883,-0.5442240744142274,0.039455171409491126,-1.127903320237946,Condiciones neutrales
2019-10-18,713.23,706.9314568889084,0.008870237082568717,0.21928748597562694,3.02551282051283,3.5681283391368703,-0.5426155186240404,-0.9114424553375474,-0.3460774846809602,-0.5390578576824709,0.05213884683281501,-1.1302545621977567,Condiciones neutrales
2019-10-21,709.71,705.3935032996988,0.006100628085113294,0.1508179976706315,3.145,3.600659769787993,-0.45565976978799333,-0.7653810941995239,-0.3072815482644462,-0.5329898036428324,0.05404288492458432,-1.120022492210249,Condiciones neutrales
2019-10-22,723.52,705.1498020215628,0.025717923712136777,0.635791217624847,3.18870967741935,3.5795066771809094,-0.3907969997615592,-0.6564297643098067,-0.01031927334247984,-0.5174336734205669,0.0710493153941117,-1.1059166622352454,Condiciones neutrales
2019-10-23,726.24,705.1274981200637,0.029501903849733724,0.7293377016287499,3.09489795918367,3.591487422906346,-0.49658946372267615,-0.8341315435612368,-0.05239692096624343,-0.5020340386468022,0.08946160523522752,-1.0935296825288319,Condiciones neutrales
2019-10-24,726.15,705.3275488758956,0.029094301803974223,0.7192610794301425,3.01076923076923,3.576956954103141,-0.5661877233339109,-0.951037172777558,-0.11588804667370772,-0.4857170145039705,0.11278866215417947,-1.0842226911621204,Condiciones neutrales
2019-10-25,723.43,700.6341193528233,0.032017979723132084,0.7915394159308075,3.04730769230769,3.590428175560669,-0.5431204832529789,-0.9122906548185085,-0.0603756194438505,-0.4660411201251283,0.1363345893664861,-1.0684168296167427,Condiciones neutrales
2019-10-28,725.87,703.0733197737813,0.031909753504863414,0.7888638780506054,3.15351351351352,3.602236942990823,-0.4487234294773033,-0.7537299806083322,0.01756694872113662,-0.44769058461805844,0.15916137887875362,-1.0545425481148705,Condiciones neutrales
2019-10-29,724.37,701.7038368938146,0.031790881327287565,0.7859251537831017,3.26142857142857,3.622048837014129,-0.3606202655855593,-0.6057412827839058,0.09009193549959793,-0.42576689285442937,0.17934819004921637,-1.0308819757580752,Condiciones neutrales
2019-10-30,726.34,699.1001985469619,0.03822414723508197,0.944966529385704,3.35333333333333,3.589013179480931,-0.23567984614760093,-0.39587628859391,0.274545120395897,-0.3971936074002815,0.20416719115238868,-0.9985544059529515,Condiciones neutrales
2019-11-04,735.05,701.1264870493001,0.0472502153362461,1.1681064256167413,3.38923076923077,3.6111039320215563,-0.2218731627907862,-0.3726849183752446,0.39771075362074837,-0.35602646128056764,0.25209700927407863,-0.9641499318352139,Condiciones neutrales
2019-11-05,736.66,704.1920678792527,0.04507531338843677,1.1143391163623093,3.3696,3.7365083973944158,-0.36690839739441555,-0.6163035872124326,0.24901776457493835,-0.32535677226151943,0.2932150192615856,-0.9439285637846244,Condiciones neutrales
2019-11-06,745.85,701.60937959665,0.061147697764951284,1.5116760455505835,3.31378787878788,3.726310201234144,-0.41252232244626386,-0.6929222359976049,0.4093769047764893,-0.2923688435674261,0.3443613254037718,-0.9290990125386239,Condiciones neutrales
2019-11-07,743.65,701.9113140325435,0.057763431280492585,1.4280111691396806,3.25683544303797,3.830138770514047,-0.5733033274760769,-0.9629893995162837,0.23251088481169846,-0.26554342967422434,0.3898704033021947,-0.9209572626506434,Condiciones neutrales
2019-11-08,740.23,702.0043216288865,0.05302138854398574,1.31077973322676,3.22166666666667,3.81383233317933,-0.5921656665126604,-0.9946728586412791,0.1580534372927404,-0.24103925635609177,0.432549190251154,-0.9146277029633376,Condiciones neutrales
2019-11-11,746.23,704.8281278372785,0.057079880888801324,1.4111126301788455,3.26166666666667,3.77193681498645,-0.51027014831978,-0.8571112710697719,0.2770006795545368,-0.2168670405340239,0.47301317492829054,-0.9067472559963383,Condiciones neutrales
2019-11-12,756.08,706.7409325069488,0.0674830240405426,1.6682961853369078,3.39651162790698,3.770190262062181,-0.37367863415520114,-0.6276756932519254,0.5203102460424912,-0.18267471796972679,0.5250853963457558,-0.8904348322852094,Condiciones neutrales
2019-11-13,783.72,710.7198357328182,0.09777350412437558,2.4171288450221424,3.63333333333333,3.710651885705688,-0.07731855237235777,-0.12987356387466995,1.1436276405737362,-0.1289484902008982,0.603572008062808,-0.8614689884646044,Condiciones neutrales
2019-11-14,794.51,710.7099536428653,0.11146116728804115,2.7555113725804934,3.88675675675676,3.6674346697870472,0.2193220869697127,0.36839982380956104,1.5619555981950273,-0.06124290510535463,0.6966903413872503,-0.8191761515979595,Condiciones neutrales
2019-11-15,801.83,707.6255332695315,0.12498156936162143,3.0897589188970893,3.35796296296296,3.6830421849341173,-0.3250792219711572,-0.5460422602802498,1.2718583293084198,-0.001646319251426955,0.8016961009660908,-0.8049887394689447,Condiciones neutrales
2019-11-18,782.82,708.2175540050752,0.10015145834453507,2.4759159549775958,3.316,3.650895656869899,-0.33489565686989947,-0.5625311280322428,0.9566924134726764,0.04659027991195661,0.8853520152651994,-0.7921714554412862,Condiciones neutrales
2019-11-19,773.81,707.3130200245423,0.08985305348113128,2.2213217100849882,3.29072218786505,3.6058827444144903,-0.31516055654944064,-0.5293816738145969,0.8459700181351957,0.09181264792131656,0.9637333015197304,-0.7801080056770973,Condiciones neutrales
2019-11-20,782.71,709.6523012886264,0.09798712342620382,2.422409880829611,3.40641301802856,3.5817845617727775,-0.17537154374421735,-0.29457519171565366,1.0639173445569787,0.14840643668490014,1.055236360544613,-0.7584234871748126,Condiciones neutrales
2019-11-21,797.17,710.9827804195319,0.11441974522882442,2.8286524975197866,3.35806451612903,3.6224549084532818,-0.2643903923242518,-0.44410198395862294,1.1922752567805819,0.21321742952442746,1.1636649007107045,-0.7372300416618496,Condiciones neutrales
2019-11-22,795.14,708.6019772666448,0.11522421696712266,2.8485404197238657,3.30015151515152,3.5953926845986275,-0.29524116944710715,-0.49592266929624446,1.1763088752138107,0.2735470145222786,1.2616180413824527,-0.7145240123378955,Condiciones neutrales
2019-11-25,795.94,709.8803807295461,0.11442732812331635,2.828839959687266,3.24727272727273,3.561352097574062,-0.3140793703013317,-0.5275655830194931,1.1506371883338864,0.33063571650911727,1.353562520207583,-0.6922910871893485,Condiciones neutrales
2019-11-26,791.16,708.3580249826383,0.11055057203133613,2.732999894845972,3.15631578947369,3.543287468623493,-0.38697167914980307,-0.6500042945413167,1.0414978001523276,0.3824363947469429,1.4394973082724498,-0.6746245187785639,Condiciones neutrales
2019-11-27,793.49,710.7110841960987,0.11017494161406936,2.7237136661813204,3.16809523809524,3.5731179913218734,-0.40502275322663345,-0.6803250552150739,1.0216943054831233,0.43421263096146506,1.5240501323365514,-0.6556248704136213,Condiciones neutrales
2019-11-28,806.3,712.6827222091129,0.12341955020310419,3.051143124174969,3.22055555555555,3.5641796232684215,-0.34362406771287135,-0.5771924193828597,1.2369753523960547,0.49169958452362833,1.6184071477518744,-0.6350079787046178,Condiciones neutrales
2019-11-29,828.25,714.8920450220381,0.14718349586869214,3.6386286505887786,3.19538461538462,3.5939152262910334,-0.3985306109064134,-0.6694200701314424,1.484604290228668,0.5538902175725061,1.7285631606226248,-0.6207827254776125,Condiciones neutrales
2019-12-02,812.13,721.118056164658,0.11885756250892547,2.938362957963392,3.29384615384615,3.6180561026986258,-0.32420994885247584,-0.5445821243304728,1.1968904168164596,0.6026250203855178,1.8117013205989771,-0.6064512798279417,Condiciones neutrales
2019-12-03,804.29,723.204236897312,0.10626823305858547,2.62713312503039,3.36701540703727,3.5240689678351074,-0.15705356079783736,-0.26380609871990424,1.181663513155243,0.6535497203133912,1.8919628419008025,-0.5848634012740203,Condiciones neutrales
2019-12-04,802.44,719.9908405746186,0.10841859534884508,2.680293771829164,3.43,3.565685142446881,-0.13568514244688085,-0.22791312658769727,1.2261903226207334,0.7046654493428972,1.9762787010394203,-0.566947802353626,Condiciones neutrales
2019-12-05,796.75,717.9683806375571,0.10411542332817969,2.573911973310301,3.66785714285714,3.6120567535046355,0.05580038935250453,0.09372906253990912,1.333820517925105,0.7494701090518167,2.0408827262289355,-0.5419425081253021,Condiciones neutrales
2019-12-06,784.25,714.7198053199089,0.09283726185353292,2.295096463287173,3.62117647058823,3.6340018872160376,-0.012825416627807461,-0.02154311629644921,1.136776673495362,0.7891092288672036,2.093074684950883,-0.5148562272164758,Estrés moderado
2019-12-09,779.04,723.3633106075209,0.07415079219053873,1.8331348588774783,3.6,3.6100258559421157,-0.01002585594211557,-0.01684063658907942,0.9081471111441994,0.8232437341278004,2.1302038109324606,-0.4837163426768599,Estrés moderado
2019-12-10,771.29,720.5028681895172,0.06811504146834998,1.6839207409769166,3.54,3.6301493370343243,-0.0901493370343242,-0.1514256969685868,0.7662475220041649,0.8507978388427343,2.1599498551006646,-0.45835417741519585,Estrés moderado
2019-12-11,778.14,717.1550564090556,0.08161438216096592,2.017647613805323,3.45685714285714,3.586342034954408,-0.12948489209726766,-0.21749843845513311,0.9000745876750951,0.8802147601411996,2.200909312959155,-0.4404797926767559,Estrés moderado
2019-12-12,772.93,712.6179190653651,0.08124308932096284,2.008468617495853,3.39944444444445,3.643739463366942,-0.24429501892249214,-0.41034737163078233,0.7990606229325352,0.9038470497222975,2.24166076174958,-0.4339666623049851,Estrés moderado
2019-12-13,768.69,703.3218193486686,0.08887320022058302,2.197098055617748,3.33029123036649,3.7293074020069334,-0.3990161716404431,-0.670235676490733,0.7634311895635075,0.9201432520278845,2.283398479290648,-0.4431119752348792,Estrés moderado
2019-12-16,766.76,703.0318537647898,0.08677164299834744,2.1451439538718557,3.21560283687943,3.684123181151717,-0.46852034427228756,-0.7869832658711714,0.6790803440003421,0.9295222383738709,2.315966396899152,-0.4569219201514101,Estrés moderado
2019-12-17,762.83,702.9602645923495,0.08173483415661686,2.0206253938873178,2.98920941586088,3.697696144329421,-0.7084867284685408,-1.1900597406556066,0.4152828266158556,0.9350644071085682,2.346175939483319,-0.4760471252661826,Estrés moderado
2019-12-18,756.95,704.4484508217898,0.0718820436925562,1.7770475018201068,3.03612244897959,3.7215933431087374,-0.6854708941291471,-1.151399569978708,0.3128239659206994,0.9318459758133752,2.355021654692303,-0.4913297030655527,Estrés moderado
2019-12-19,752.3,706.1102043099174,0.06336385849850808,1.566463342807224,3.07833333333333,3.683224327828218,-0.6048909944948881,-1.0160478539796143,0.2752077444138049,0.9332692044667787,2.3596367271478877,-0.49309831821433037,Estrés moderado
2019-12-20,752.6,707.1373482272032,0.06230896206803175,1.5403844923717152,3.13,3.6769454360565397,-0.5469454360565399,-0.9187155067720025,0.3108344927998563,0.938361906317016,2.3672902191193863,-0.4905664064853545,Estrés moderado
2019-12-23,749.83,709.9590506639412,0.05463922092004018,1.350775326486846,3.19625,3.674663692600974,-0.47841369260097427,-0.8036013266945581,0.273586999896144,0.9382481169950695,2.3652789756629864,-0.48878274167284735,Estrés moderado
2019-12-24,754.27,710.6325613385856,0.05959488924035019,1.4732879535084384,3.20166666666667,3.661862687241296,-0.46019602057462583,-0.7730007280158945,0.350143612746272,0.9325758958851955,2.358778701268704,-0.493626909498313,Estrés moderado
2019-12-26,751.04,711.7633796460076,0.053713388443040695,1.3278871585127596,3.16357142857143,3.656436968941146,-0.4928655403697159,-0.8278763928554151,0.25000538282867224,0.9027884872936934,2.3224706450517245,-0.5168936704643379,Estrés moderado
2019-12-27,746.66,712.5168199512401,0.04680640875641228,1.1571347651926418,3.1386111111111,3.6529129373545453,-0.5143018262434452,-0.8638833634625471,0.14662570086504734,0.8556108240493607,2.269191424805463,-0.5579697767067414,Estrés moderado
2019-12-30,744.62,713.95464616498,0.04205458159226753,1.0396614414340575,3.144,3.6878182555491636,-0.5438182555491636,-0.9134627173067208,0.06309936206366834,0.8153188584745357,2.200854842223362,-0.5702171252742905,Estrés moderado
2020-01-02,748.74,705.353582935908,0.059692580583429966,1.475703051191413,3.10420560747663,3.7002084586090276,-0.5960028511323974,-1.0011182566281724,0.23729239728162033,0.7913388579348338,2.1675144120971557,-0.5848366962274881,Estrés moderado
2020-01-03,754.16,713.6950030824597,0.0551488425611093,1.3633740481927668,3.14060606060606,3.6413915515614215,-0.5007854909553612,-0.8411796968711894,0.26109717566078866,0.7718430965190203,2.1389161567007484,-0.5952299636627079,Estrés moderado
2020-01-06,758.49,713.9388894021268,0.060532245182076824,1.4964610013100001,3.175,3.6410441020685465,-0.46604410206854663,-0.7828238708728285,0.35681856521858585,0.7482731372077405,2.108051194050095,-0.6115049196346137,Condiciones neutrales
2020-01-07,771.82,713.9962004148855,0.0778737214392058,1.925172060116401,3.20133333333333,3.714230534381248,-0.5128972010479181,-0.8615239856100916,0.5318240372531547,0.7262580965568263,2.0779351794699816,-0.6254189863563293,Condiciones neutrales
2020-01-08,773.12,714.0072208646917,0.07954120032202464,1.9663950002393158,3.2834,3.737180786724967,-0.45378078672496697,-0.7622249276732787,0.6020850362830186,0.7071173019257998,2.04853033215383,-0.6342957283022305,Condiciones neutrales
2020-01-09,766.83,710.0970436275622,0.07686349217593076,1.9001974587229464,3.40795454545454,3.7334784543712995,-0.3255239089167597,-0.5467892100958104,0.6767041243135681,0.6913195331251226,2.0175755821216863,-0.6349365158714411,Condiciones neutrales
2020-01-10,764.69,709.4441262977997,0.07498878025544754,1.853851362204379,3.46988505747126,3.7383598223560246,-0.2684747648847649,-0.45096258861753,0.7014443867934246,0.6799844193464925,1.988270631033633,-0.6283017923406482,Condiciones neutrales
2020-01-13,770.56,708.7673138007082,0.08359023985378451,2.066494207427409,3.4542,3.793013583661084,-0.3388135836610837,-0.5691121503064397,0.7486910285604846,0.6708843101157379,1.966363315741836,-0.6245946955103604,Condiciones neutrales
2020-01-14,777.66,709.3640099008946,0.0919206027643052,2.2724350772044413,3.38632911392405,3.793444073787237,-0.4071149598631869,-0.683839377766573,0.7942978497189341,0.6561283933598339,1.9404063808428185,-0.6281495941231507,Condiciones neutrales
2020-01-15,772.29,707.9808234199041,0.08694311939345657,2.1493831446891494,3.30904761904762,3.767725673676602,-0.4586780546289822,-0.7704509693725653,0.6894660876582921,0.629623786607488,1.8907648639794974,-0.6315172907645216,Condiciones neutrales
2020-01-16,772.01,709.9306023129229,0.08383028127181154,2.072428443299482,3.29195652173913,3.7770901079079366,-0.4851335861688066,-0.8148888702366287,0.6287697865314266,0.6106864322646536,1.8619003801573673,-0.6405275156280601,Condiciones neutrales
2020-01-17,773.36,710.9012361046905,0.08421114643400048,2.0818440838437735,3.24015625,3.8272504264995337,-0.5870941764995335,-0.986154172479288,0.5478449556822427,0.5895591470155536,1.84372407878448,-0.6646057847533728,Condiciones neutrales
2020-01-20,771.38,712.8640356611426,0.07889040964420696,1.9503063376357583,3.20229166666667,3.8155628441826055,-0.6132711775159356,-1.03012421989014,0.4600910588728092,0.5640225048906227,1.8193911643113665,-0.6913461545301209,Condiciones neutrales
2020-01-21,769.93,715.5295875096103,0.07327665126812268,1.8115245948585237,3.22684210526316,3.7052592782226,-0.4784171729594398,-0.8036071727243091,0.5039587110671073,0.5363604446620228,1.7939782516963072,-0.7212573623722616,Condiciones neutrales
2020-01-22,770.5,715.0430272642095,0.07469693588488356,1.8466364684285543,3.28186440677966,3.702936791582913,-0.42107238480325276,-0.7072839517253531,0.5696762583516006,0.5174570974905641,1.7790295852010198,-0.7441153902198917,Condiciones neutrales
2020-01-23,772.12,720.7091014722682,0.06890438785317353,1.703434738481229,3.31767441860465,3.607783890176673,-0.29010947157202277,-0.4873028507492595,0.6080659438659848,0.5074543919146236,1.7747062478544782,-0.7597974640252311,Condiciones neutrales
2020-01-24,771.94,727.3391600145142,0.05951393808529341,1.471286702007043,3.35142857142857,3.597510331386925,-0.24608175995835532,-0.41334859732537554,0.5289690523408337,0.4995451095925125,1.7676184465554825,-0.7685282273704573,Condiciones neutrales
2020-01-27,776.52,742.4198397064268,0.04490749399976428,1.1101903330211882,3.34409090909091,3.5825383103000554,-0.2384474012091453,-0.4005250077956245,0.35483266261278185,0.4813703787571021,1.7373698705293446,-0.7746291130151404,Condiciones neutrales
2020-01-28,787.86,740.919846002825,0.06142795969035566,1.518604601401406,3.30214285714286,3.586260082798924,-0.2841172256560638,-0.47723755194527856,0.5206835247280638,0.4720911421502864,1.721041069992863,-0.7768587856922903,Condiciones neutrales
2020-01-29,788.13,745.1451897123231,0.056083965958611655,1.3864919036690597,3.34181818181818,3.534749128877954,-0.19293094705977382,-0.324070082891595,0.5312109103887324,0.4643504661777939,1.6940208649279067,-0.765319932572319,Condiciones neutrales
2020-01-30,788.18,743.8491883037447,0.05788817977541664,1.431095166058421,3.37411764705882,3.533654075946671,-0.15953642888785122,-0.267976623355801,0.58155927135131,0.46109976375615946,1.670219238667459,-0.74801971115514,Condiciones neutrales
2020-01-31,797.96,754.0265821962716,0.056630848591476116,1.40001178104869,3.42666666666667,3.5152648680471508,-0.08859820138048086,-0.1488202224836594,0.6255957792825153,0.4681101955117148,1.6495321182395046,-0.713311727216075,Condiciones neutrales
2020-02-03,799.11,756.838101262584,0.05434924668994809,1.343606665793484,3.45636363636364,3.323026586578206,0.13333704978543384,0.22396898701325926,0.7837878264033716,0.4838089908611372,1.6350840903719506,-0.6674661086496761,Condiciones neutrales
2020-02-04,790.92,751.5395965479779,0.05107292703040052,1.2626104201794208,3.3902,3.374898279873273,0.01530172012672714,0.025702614253565664,0.6441565172164933,0.4961072832878935,1.6249556596176904,-0.6327410930419035,Condiciones neutrales
2020-02-05,781.78,749.3023527995182,0.04243079367932783,1.0489620499744108,3.36090909090909,3.454645975876542,-0.0937368849674522,-0.15745177507468844,0.44575513744986117,0.5006046381095604,1.6085749115377803,-0.6073656353186597,Condiciones neutrales
2020-02-06,776.99,747.3055673706364,0.03895331938268505,0.9629929164600193,3.36,3.44362718885267,-0.08362718885267041,-0.1404703104218916,0.41126130301906383,0.505193781546991,1.5956488312035528,-0.5852612681095708,Condiciones neutrales
2020-02-07,779.12,748.1354839215269,0.040580987842869884,1.003231674602929,3.37578947368421,3.366780152627145,0.00900932105706493,0.015133142019229663,0.5091824083110794,0.5104950747324846,1.5799802885733691,-0.5589901391084,Condiciones neutrales
2020-02-10,788.8,748.9483561281772,0.05184277257806656,1.2816423235170402,3.380625,3.35418548979518,0.0264395102048201,0.04441098949788818,0.6630266565074642,0.5242624505217777,1.5784387940735118,-0.5299138930299565,Condiciones neutrales
2020-02-11,795.88,750.4394506126155,0.058789451622926314,1.453376153114493,3.37333333333333,3.3928817252008843,-0.01954839186755433,-0.03283583618626502,0.710270158464114,0.5430505991084131,1.5883135070042402,-0.5022123087874139,Condiciones neutrales
2020-02-12,792.48,745.4937663794267,0.06112049633417551,1.5110035794919838,3.4,3.4052256913500503,-0.005225691350050233,-0.008777701321561342,0.7511129390852113,0.5659843850091313,1.6040249116061711,-0.4720561415879085,Condiciones neutrales
2020-02-13,788.33,747.3669358271635,0.05336050677175133,1.319163317895693,3.425,3.3715454921038397,0.05345450789616004,0.08978863717219514,0.7044759775339441,0.5815571710175421,1.5988069204963138,-0.4356925784612296,Condiciones neutrales
2020-02-14,795.12,745.7159325774386,0.06414830640363983,1.5858562414855732,3.47,3.340022992132772,0.12997700786722782,0.2183250554431991,0.9020906484643861,0.6029236201109953,1.606222993606074,-0.4003757533840833,Condiciones neutrales
2020-02-17,792.73,747.3128741367819,0.05899874614302254,1.4585502728942867,3.52765625,3.351821436445835,0.1758348135541651,0.29535335555094777,0.8769518142226173,0.6202613950777964,1.6049593026588835,-0.36443651250329073,Condiciones neutrales
2020-02-18,791.95,750.9120480116387,0.05320972676950306,1.3154357774341874,3.546875,3.2944280355321345,0.2524469644678657,0.4240403623555857,0.8697380698948866,0.6315251961658541,1.5846347599028097,-0.32158436757110154,Condiciones neutrales
2020-02-19,796.9,751.569596862911,0.0585653849027464,1.4478368391929277,3.59705882352941,3.295811455396563,0.301247368132847,0.5060114048548177,0.9769241220238727,0.6440198323572159,1.5673494878679302,-0.2793098231534983,Condiciones neutrales
2020-02-20,797.4,756.3809976305363,0.05281122059573591,1.3055840208038159,3.69586206896552,3.2176771028296476,0.4781849661358722,0.8032171301432286,1.0544005754735222,0.6566097140625478,1.5475290399372925,-0.234309611812197,Condiciones neutrales
2020-02-21,804.74,759.7803665846325,0.05748984370406493,1.4212476146517308,3.764332504714,3.2187660665723525,0.5455664381416475,0.9163991755903178,1.1688233951210243,0.6721890143401343,1.5331089150188708,-0.18873088633860208,Condiciones neutrales
2020-02-24,809.82,776.7803121378652,0.0416544289209874,1.0297689805590386,3.58142857142857,3.2279451953147493,0.35348337611382097,0.5937533026389797,0.8117611415990091,0.6742913514414185,1.4985514074565918,-0.14996870457375477,Condiciones neutrales
2020-02-25,810.2,773.8848541970638,0.045858035433054965,1.1336893488064146,3.46631578947368,3.3244800619002883,0.14183572757339166,0.23824439102275263,0.6859668699145836,0.6706803187812735,1.4605932165099909,-0.1192325789474439,Condiciones neutrales
2020-02-26,807.96,776.3569820211899,0.03990010956476254,0.9863991948764305,3.48344827586207,3.3048907977280018,0.1785574781340684,0.2999266712866649,0.6431629330815477,0.669136880295382,1.4218270848495669,-0.0835533242588029,Condiciones neutrales
2020-02-27,811.1,786.2859446906223,0.03107082748897741,0.7681241869656049,3.56125,3.388380198248407,0.1728698017515928,0.2903729641970585,0.5292485755813316,0.6658195065970455,1.3783502763051043,-0.046711263111013326,Condiciones neutrales
2020-02-28,816.26,793.0476301388509,0.0288496486062186,0.7132128324473017,3.58531707317074,3.359288577965607,0.22602849520513263,0.37966471576120875,0.5464387741042552,0.6657726338777793,1.3327292345918886,-0.0011839668363301007,Condiciones neutrales
2020-03-02,818.32,788.4292275333812,0.03721081159718649,0.919915133079704,3.51755555555556,3.3003294730661565,0.21722608248940325,0.3648791219417337,0.6423971275107189,0.6718495028323762,1.2983828611066868,0.04531614455806569,Condiciones neutrales
2020-03-03,817.45,785.468858106394,0.03990892786151611,0.9866171983083205,3.43333333333333,3.2318284836249056,0.20150484970842433,0.3384718436479542,0.6625445209781373,0.6771356964960773,1.2708859478883467,0.0833854451038078,Condiciones neutrales
2020-03-04,809.81,780.8438163607643,0.03642450146020582,0.9004761968336269,3.20925925925926,3.2925833280792056,-0.08332406881994539,-0.13996115346377608,0.38025752168492544,0.6708217386071881,1.239347272168516,0.10229620504586036,Condiciones neutrales
2020-03-05,812.19,786.7928973157926,0.03176924376968398,0.7853902362194136,3.15125,3.2461451459696633,-0.09489514596966313,-0.15939732992069408,0.31299645314935975,0.6609860889166339,1.2087457887597886,0.1132263890734792,Condiciones neutrales
2020-03-06,823.28,784.1518739685777,0.04869364314144883,1.2037904385291178,3.08,3.207154915207528,-0.12715491520752795,-0.21358472831531033,0.49510285510690377,0.6598572156755029,1.1998292466438578,0.11988518470714805,Condiciones neutrales
2020-03-09,828.95,781.5935558072233,0.05882498386394164,1.4542545711016113,2.92333333333333,3.1946283275601455,-0.2712949942268155,-0.4556997858924104,0.49927739260460047,0.6646720400085635,1.211298054579872,0.11804602543725519,Condiciones neutrales
2020-03-10,841.06,787.2353710941343,0.06613572354569498,1.6349886045339723,3.01309523809524,3.246263371058119,-0.23316813296287905,-0.3916573122587109,0.6216656461376306,0.66803811072221575,1.2151775213509575,0.12089870009347412,Condiciones neutrales
2020-03-11,834.22,787.9279109793966,0.057090554397058096,1.4113764976234673,2.93863157894736,3.429360329830186,-0.4907287508828259,-0.8242871835725529,0.2935446570254572,0.6601159022767733,1.2160070078161043,0.10422479673744219,Condiciones neutrales
2020-03-12,835.48,795.0573142568828,0.04959220452650495,1.2260044183009722,3.319625,3.5040759518692677,-0.1844509518692677,-0.30982606042558686,0.45808917893769263,0.6560002325296527,1.2091706495575227,0.10282981550178265,Condiciones neutrales
2020-03-13,852.06,802.8256184736251,0.0595194190698272,1.4714222013525393,3.30519230769231,3.4597423853406486,-0.15455007764833853,-0.25960094654426885,0.6059106274041353,0.6553440608003733,1.2115509969009843,0.09913712469976234,Condiciones neutrales
2020-03-16,836.66,807.4697536481124,0.03551217768571818,0.8779219871726092,3.01055789394566,3.5511854343806295,-0.5406275404349692,-0.9081032074546279,-0.015090610141009375,0.6287147795822273,1.1960281742802885,0.0614013848841661,Condiciones neutrales
2020-03-17,850.51,820.2317439927137,0.0362492546007608,0.8961437936661464,2.9121875,3.671711672257845,-0.759524172257845,-1.2757883854968648,-0.1898222959153592,0.6009154858111656,1.1838126200631793,0.018018351559151748,Condiciones neutrales
2020-03-18,855.09,814.204884328237,0.04899469157469149,1.211232872532648,3.593,3.857956538757289,-0.26495653875728925,-0.4450529517752396,0.3830899603787042,0.5988266465754604,1.1892216474817874,0.008431645669133375,Condiciones neutrales
2020-03-19,862.69,835.4722475229815,0.032058283625813574,0.792535797584619,3.712,3.6117666256327623,0.10023337436723787,0.16836406203734286,0.48044992981098095,0.6011329341351909,1.183539743519274,0.018726124751107857,Condiciones neutrales
2020-03-20,867.83,815.3737826020019,0.062349205881917995,1.541379388527369,3.83166666666667,3.5520709885718613,0.27959567809480884,0.46964261543921265,1.005511001983291,0.6176772205909313,1.2014780006500887,0.03387644053177396,Condiciones neutrales
2020-03-23,851.01,824.4035381658869,0.0317637385713164,0.785254138266384,3.90470588235294,3.541752105614522,0.36295377673841805,0.6096609294982359,0.6974575338823099,0.6188249165034262,1.1849317278084002,0.052718105198452214,Condiciones neutrales
2020-03-24,861.07,836.3246161216092,0.029158967422813764,0.7208597245229831,3.87631578947368,3.4365409979297645,0.43977479154391547,0.7386987692809894,0.7297792469019863,0.6194752194513552,1.1605145135220165,0.07843592538069404,Condiciones neutrales
2020-03-25,847.04,836.1843081190514,0.012898865995469716,0.3188821076317769,3.78923076923077,3.381776276567525,0.4074544926632447,0.6844096979994648,0.5016459028156208,0.6111596515757022,1.120777131126676,0.10154217202472823,Condiciones neutrales
2020-03-26,843.96,825.0206460046523,0.02269668862619289,0.5611011005094955,3.67444444444444,3.2674274490458783,0.4070169953985619,0.683674824838931,0.6223879626742133,0.6084233844137111,1.0955083905471363,0.1213383782802861,Condiciones neutrales
2020-03-27,836.05,815.6325642114061,0.024724455311696834,0.6112309735298139,3.59727272727273,3.196541279788714,0.4007314474840161,0.6731168606308621,0.642173917080338,0.5997594933675763,1.0630208816152775,0.13649810511987487,Condiciones neutrales
2020-03-30,835.23,815.2691885019398,0.02418878467683953,0.5979882759857241,3.62583333333333,3.1405490785763566,0.48528425475697345,0.815141951365398,0.7065651136755611,0.5940799366826743,1.0343354817183255,0.15382439164702322,Condiciones neutrales
2020-03-31,846.3,825.1672137600233,0.025287857533390544,0.625159243500307,3.6124,3.130270442561417,0.4821295574385831,0.809842941346275,0.717501092423291,0.5890053707669545,1.0113262639205296,0.1666844776133795,Condiciones neutrales
2020-04-01,852.03,821.1858083702266,0.036872334057035605,0.9115473873083126,3.30465346534654,3.1852034641931652,0.11945000115337501,0.20064262558760054,0.5560950064479566,0.5749777335810906,0.993449948857709,0.1565055183044723,Condiciones neutrales
2020-04-02,863.81,820.3451825633364,0.05162763118606131,1.2763236590278082,3.36,3.168683123670873,0.19131687632912714,0.3213588950627627,0.7988412770452855,0.5664590903001494,0.9924746034651755,0.14044357713512343,Condiciones neutrales
2020-04-03,861.89,824.1748545170057,0.044744942830462535,1.1061717891055327,3.417,3.2276016441949884,0.18939835580501121,0.3181363166493221,0.7121540528774274,0.5512367788920295,0.9819720759469689,0.12050148183709022,Condiciones neutrales
2020-04-06,863.99,834.0548246436131,0.035262057482086114,0.8717385864206751,3.4,3.1061288327309047,0.29387116726909535,0.49362144843895833,0.6826800174298168,0.5469340747530564,0.9767043961423567,0.11716375336375619,Condiciones neutrales
2020-04-07,853.91,824.0446854088663,0.03560104351395516,0.8801189029801386,3.40222222222222,3.20774919525388,0.19447302696833993,0.32666034625478513,0.6033896246174619,0.544181499909819,0.9682520479481476,0.1201109518714906,Condiciones neutrales
2020-04-08,842.05,827.4742572512598,0.017461397196663564,0.43167571026966955,3.26380952380952,3.1674921303450025,0.09631739346451748,0.16178630831205107,0.2967310092908603,0.5326337691167962,0.9497612651279221,0.11550627310567013,Condiciones neutrales
2020-04-09,851.9,817.9391959292076,0.040681147813732964,1.0057078010019764,3.19780487804877,3.1271630399708585,0.07064183807791113,0.11865854944686835,0.5621831752244224,0.5337315891048992,0.9576807189291345,0.1097824592806638,Condiciones neutrales
2020-04-13,839.49,819.6370930000348,0.023932891811000584,0.5916621651155657,3.16409090909091,3.1582209448805356,0.0058699642103743725,0.009859899706175016,0.3007610324108704,0.525542331048453,0.9536290300180766,0.09745563207882935,Condiciones neutrales
2020-04-14,844.57,811.5672181168966,0.03986040663503105,0.9854176703054813,3.175,3.0433521572443687,0.1316478427556313,0.22113159119619744,0.6032746307508394,0.5242382478231237,0.9558124479256026,0.0926640477206448,Condiciones neutrales
2020-04-15,848.63,817.8609503579548,0.03693094967258624,0.9129964659353397,3.15269230769231,2.9885081834276823,0.16418412426462772,0.2757834529441108,0.5943899594397253,0.5219664291051767,0.9533584235131699,0.09057443469718335,Condiciones neutrales
2020-04-16,859.31,818.9070650684599,0.048159137881163494,1.1905765510447512,3.12152380952381,2.9298690719960874,0.19165473752772255,0.3219264074722713,0.7562514792585113,0.5344995610242962,0.9630284353202073,0.10597068672838493,Condiciones neutrales
2020-04-17,852.52,815.0719142665522,0.04492032158108252,1.1105074528492425,3.09355555555556,2.902619494048741,0.1909360615068188,0.32071923256738516,0.7156133427083138,0.5479201240095947,0.973865675874535,0.12197457214465424,Condiciones neutrales
2020-04-21,856.23,791.1698764666515,0.07902632527783748,1.953666405391128,2.9180487804878,2.9282199481569005,-0.010171167669100648,-0.017084719687860794,0.9682908428516336,0.563693056934419,0.998861541436602,0.1285245724322359,Condiciones neutrales
2020-04-22,862.06,806.7065915394667,0.06636485090796373,1.640653026214299,2.88,2.921667764206355,-0.04166776420635483,-0.069990201188808,0.7853314125127455,0.5732281909313571,1.0050748232736917,0.14138155858902263,Condiciones neutrales
2020-04-23,856.51,815.0998275637793,0.04955539957109021,1.2250945366293533,2.76045839699958,2.9205081421101693,-0.16004974511058914,-0.26883885118076856,0.4781278427242924,0.5684435974842459,0.9914116876768709,0.1454755072916207,Condiciones neutrales
2020-04-24,858.87,811.7389999009514,0.05643871196638795,1.3952618338841185,2.68735849056604,2.88657595692718,-0.1992174663611397,-0.3346296787580999,0.5303160775630094,0.5763359781688309,0.9908745322188927,0.16179742411876916,Condiciones neutrales
2020-04-27,859.95,796.4326883745462,0.07673163150333623,1.8969376365645136,2.64788235294118,2.8955287413311734,-0.2476463883899934,-0.41597673590688783,0.7404804503288129,0.585749020548535,1.0132389728276774,0.15825906826939246,Condiciones neutrales
2020-04-28,856.76,790.1930736720124,0.08088052004878984,1.9995052827566864,2.71153846153846,2.906130716840183,-0.19459225530172286,-0.326860616540456,0.8363223331081152,0.5934294107386676,1.0308417422078155,0.15601707926951955,Condiciones neutrales
2020-04-29,850.41,798.2309334401111,0.06332064027040525,1.5653949140267112,2.67363636363637,2.830666205822352,-0.15702984218598176,-0.26376625807936804,0.6508143279736716,0.6156262420091569,1.0537575064362856,0.1774949775820282,Condiciones neutrales
2020-04-30,836.62,806.1310609129129,0.03712362913038811,0.9177598328563378,2.66662921348314,2.8965073979950655,-0.22987818451192557,-0.3861311181283351,0.26581435736400133,0.6308141304518023,1.0544780410759587,0.20715021982764587,Condiciones neutrales
2020-05-04,837.92,810.1745876569361,0.03367286577296435,0.8324510396073601,2.62364864864865,2.925902395159434,-0.3022537465107836,-0.5077018393306156,0.16237460013837224,0.6234569517771246,1.0418519799784491,0.2050619235758,Condiciones neutrales
2020-05-05,838.74,815.9312217925742,0.02757070131823975,0.6815950602428398,2.63682926829268,2.9176170246512934,-0.2807877563586131,-0.47164497383558013,0.10497504320362983,0.6109411222235462,1.0381539554003898,0.18372828904670258,Condiciones neutrales
2020-05-06,832.84,818.5879415740748,0.017260713484370617,0.4267144644387709,2.63339285714285,2.86400309116457,-0.23061023402171968,-0.38736075675777815,0.01967685384049639,0.5780799839521197,1.0009984579307698,0.15516150997346953,Condiciones neutrales
2020-05-07,839.08,816.8569978621205,0.02684200720718622,0.663580491052554,2.6390060774576,2.811511118965133,-0.17250504150753315,-0.289760268907218,0.186910111072668,0.5610617365251317,0.9969426696903089,0.1251808033599544,Condiciones neutrales
2020-05-08,836.27,808.6783250113943,0.033550309968000194,0.8294212497480652,2.62213675213675,2.8282127902557237,-0.20607603811897365,-0.34615016291034206,0.24163554341886156,0.5447902797423608,1.0005613871978116,0.08901917228691002,Condiciones neutrales
2020-05-11,827.65,807.758055010013,0.024327782894045753,0.6014245504981772,2.61485294117647,2.7934514041548817,-0.17859846297841164,-0.2999955143733029,0.15071451806243716,0.5330925669172547,1.0099794686266916,0.056205665207817765,Condiciones neutrales
2020-05-12,826.05,814.6708152109809,0.013871180445017771,0.3429193897511206,2.55675213675214,2.8252742075587927,-0.26852207080665236,-0.45104204934822645,-0.05406132979855294,0.5105442571681625,1.0027067449347458,0.018381769401579182,Condiciones neutrales
2020-05-13,821.88,816.0473747621876,0.007121988412365402,0.17606777807148397,2.55333333333333,2.8487466376639623,-0.295413304330632,-0.4962118078031692,-0.1600720148658426,0.48380272610328984,0.9882013050861348,-0.020595852879555194,Condiciones neutrales
2020-05-14,820.38,820.6936395039132,-3.822369699714574e-4,-0.009449553987310962,2.52522123893805,2.78700411987193,-0.2617828809338803,-0.43972209340557095,-0.22458582369644095,0.4527643615242231,0.967953377420367,-0.062424654371920824,Condiciones neutrales
2020-05-15,822.93,823.2186580946161,-3.50707205154512e-4,-0.008670084081856249,2.42854166666667,2.7705680971394653,-0.3420264304727956,-0.5745088352263913,-0.29158945965412375,0.4191280097883093,0.9468257331676282,-0.1085697135910097,Condiciones neutrales
2020-05-18,823.86,823.2116536045612,7.872716739514922e-4,0.019462707090423473,2.35113636363636,2.756158621475781,-0.40502225783942114,-0.6803242231029768,-0.33043075800627664,0.38957715097316814,0.9170895771603652,-0.13793527521402896,Condiciones neutrales
2020-05-19,820.65,820.9310307393538,-3.423903381390476e-4,-0.008464476853770001,2.2837037037037,2.757020765585734,-0.4733170618820345,-0.7950404111715397,-0.40175244401265486,0.3495573602712368,0.8742633059643127,-0.17514858542183903,Condiciones neutrales
2020-05-20,819.08,817.3713233353203,0.002088271445974034,0.05162565455237217,2.18042553191489,2.7131000441784137,-0.5326745122635239,-0.8947443423371465,-0.42155934389238714,0.31176691371224297,0.839111768145874,-0.21557794072138797,Condiciones neutrales
2020-05-22,806.17,818.4487810114841,-0.01511617982191541,-0.37369791132385416,2.02357865818392,2.6427313976544053,-0.6191527394704854,-1.0400036005659237,-0.7068507559448889,0.26544922126641946,0.7975972182210563,-0.26669877568821737,Condiciones neutrales
2020-05-25,805.75,816.12143885802,-0.012789645325571237,-0.3161819852003618,2.00117647058824,2.636241812120254,-0.6350653415320143,-1.0667323257792143,-0.691457155489788,0.22228766192951113,0.7577205219483729,-0.3131451980893507,Condiciones neutrales
2020-05-26,803.74,811.1952365801912,-0.009232926959034798,-0.22825380225992895,2.20421052631579,2.6655513158321726,-0.461340789516383,-0.7749236199702476,-0.5015887111150883,0.1956770045826462,0.7357228715307197,-0.3443688623654273,Condiciones neutrales
2020-05-27,802.1,811.4375879655435,-0.011574186154634234,-0.28613374822318177,2.31213675213676,2.5828913221689893,-0.27075457003222914,-0.4547920242491631,-0.3704628862361724,0.1645888025339597,0.6926614865565477,-0.36348388148862837,Condiciones neutrales
2020-05-28,816.47,810.8846786832246,0.00686432198353796,0.16969782168002243,2.17759999999999,2.6117208974613555,-0.43412089746136534,-0.7292018070159119,-0.2797519926679447,0.14523836836466586,0.6785960084420296,-0.38811927171269794,Condiciones neutrales
2020-05-29,812.74,811.1750690706211,0.0019273562313974935,0.04764755424555383,2.17747572815534,2.5872132415052937,-0.40973751334995373,-0.688244534838553,-0.3202984902964996,0.1144525976630879,0.6473370045733654,-0.4184318092471896,Condiciones neutrales
2020-06-01,806.32,808.006622560146,-0.0020895686786879374,-0.05165772437169118,2.20818181818182,2.5731775855379753,-0.3649957673561553,-0.6130909031693282,-0.3323743137705097,0.08356045522274672,0.6151818648964643,-0.4480609544509709,Condiciones neutrales
2020-06-02,796.46,802.6948088132525,-0.007797669582023588,-0.19277177635655618,2.30857142857143,2.6361108105365902,-0.32753938196516025,-0.5501746416598745,-0.37147320900821534,0.0459696322805225,0.5690702539830874,-0.47713098942204246,Condiciones neutrales
2020-06-03,782.86,798.3585304307921,-0.019603902289961037,-0.48464211367307436,2.50169117647059,2.6530714565136915,-0.15138028004310147,-0.25427657226251876,-0.3694593429677966,0.009800542757985488,0.5158986017656768,-0.4962975162497059,Condiciones neutrales
2020-06-04,769.13,795.1024981389666,-0.03321102888706116,-0.821033639069155,2.55169230769231,2.7140662985991266,-0.16237399090681648,-0.272742934684855,-0.5468882868770051,-0.04070542823296913,0.42340860028366745,-0.5048194567496057,Condiciones neutrales
2020-06-05,775.58,795.9288903633784,-0.02589871159140111,-0.640260604313129,2.7143,2.7653866992283067,-0.051086699228306415,-0.08581138021597934,-0.3630359922645542,-0.07898434172554579,0.3473781459327532,-0.5053468293838448,Condiciones neutrales
2020-06-08,764.97,798.3430105010896,-0.04270172544539697,-1.055659948271739,2.75,2.7573703900095086,-0.007370390009508714,-0.012380195804382016,-0.5340200720380606,-0.11272260555095756,0.2713529964360501,-0.4967982075379652,Condiciones neutrales
2020-06-09,769.26,800.494444462953,-0.03980057853626681,-0.9839386170122503,2.67987012987013,2.6919249428865206,-0.012054813016390536,-0.02024871754894773,-0.502093667280599,-0.14713626371241117,0.19204631473950445,-0.4863188421643268,Condiciones neutrales
2020-06-10,771.96,799.884891843614,-0.03553509690906746,-0.8784885897134421,2.55220588235294,2.6574072099124058,-0.10520132755946585,-0.17670883527016204,-0.5275987124918021,-0.189405569139765,0.09953210719690593,-0.4783432454764359,Condiciones neutrales
2020-06-11,767.93,813.5808259262994,-0.057746694342431674,-1.4275974033027423,2.5140625,2.7262407853148787,-0.2121782853148786,-0.35640023312841457,-0.8919988182155785,-0.24701627418388813,-0.014704649005075027,-0.4793278993627012,Condiciones neutrales
2020-06-12,784.65,807.1664495887102,-0.02829214575220117,-0.6994304049717196,2.54846153846154,2.7244558420276612,-0.17599430356612153,-0.29562125420682833,-0.49752582958927394,-0.2852942794359863,-0.09019882630502273,-0.4803897325669499,Condiciones neutrales
2020-06-15,790.73,814.1351070117221,-0.02916976193739172,-0.7211265834515652,2.570625,2.668042647880411,-0.0974176478804108,-0.163634428301064,-0.4423805058763146,-0.3089007748773302,-0.14482837351528616,-0.4729731762393742,Condiciones neutrales
2020-06-16,796.87,811.3977205943136,-0.018066787725456012,-0.44664200326235964,2.585,2.677919328785904,-0.09291932878590406,-0.15607850912870852,-0.3013602561955341,-0.32435860342179373,-0.18746480827761014,-0.4612523985659773,Condiciones neutrales
2020-06-17,779.1,814.3895015547196,-0.04429934735808456,-1.0951559041872014,2.47057142857143,2.6503627291991996,-0.17979130062776952,-0.30199914832521557,-0.6985775262562085,-0.351143689070455,-0.2466898404252782,-0.45559753771563183,Condiciones neutrales
2020-06-18,798.53,815.5484891363716,-0.02108834229422238,-0.5213400185414583,2.27417582417582,2.623460825905504,-0.3492850017296841,-0.5867012067704216,-0.5540206126559399,-0.37026693795366955,-0.2782916565246192,-0.4622422193827199,Condiciones neutrales
2020-06-19,812.19,818.4701202229533,-0.0077025876759034455,-0.19042118843418482,2.10921568627451,2.637020162071446,-0.5278044757969361,-0.886564041843814,-0.5384926151389994,-0.3944470288273918,-0.30675837917417714,-0.48213567848060646,Condiciones neutrales
2020-06-22,817.33,813.5158464286052,0.004677524284682843,0.11563642904130887,2.22716981132075,2.6244709610650285,-0.3973011497442784,-0.6673549189112928,-0.275859244934992,-0.4116968551058536,-0.330551206531069,-0.49284250368063814,Condiciones neutrales
2020-06-23,816.02,808.8982093786285,0.00876577809607068,0.21670508053104967,2.22117647058823,2.6324927055766345,-0.41131623498840447,-0.6908963460696302,-0.2370956327692903,-0.42462386013357784,-0.3433751888633066,-0.505872531403849,Condiciones neutrales
2020-06-24,817.9,806.8491464247697,0.01360336026480452,0.3362984151970227,2.214,2.650425893008403,-0.43642589300840323,-0.7330735554802051,-0.19838757014159122,-0.4294347348116791,-0.3435958880151098,-0.5152735816082483,Condiciones neutrales
2020-06-25,820.68,809.8692481737554,0.013260452269164412,0.3278211409612945,2.2548,2.6361432520374035,-0.38134325203740366,-0.6405501096701903,-0.1563644843544479,-0.42931115046129925,-0.3385374425854495,-0.520084858337149,Condiciones neutrales
2020-06-26,813.25,807.8793185375886,0.006625876232977553,0.16380303344660344,2.36181818181818,2.670533633240858,-0.3087154514226779,-0.5185556980729864,-0.1773763323131915,-0.4277375007485243,-0.33276235633765233,-0.5227126451593962,Condiciones neutrales
2020-06-30,816.36,808.3579472312563,0.00985046972209588,0.24352051934241004,2.39,2.608698446169044,-0.2186984461690438,-0.36735228152022187,-0.061915881088905916,-0.42008171479635037,-0.3243560028901768,-0.5158074267025239,Condiciones neutrales
2020-07-01,821.23,801.2902166825132,0.024580016979278422,0.6076602100316444,2.40501578103172,2.6149917434985452,-0.2099759624668256,-0.3527009461099278,0.1274796319608583,-0.4048180351307792,-0.3047494194588028,-0.5048866508027556,Condiciones neutrales
2020-07-02,816.29,793.7347451681093,0.028020352647762693,0.6927112129114593,2.46083333333333,2.5943833131381946,-0.1335499798048646,-0.22432664994965504,0.23419228148090215,-0.3836198776143273,-0.28137689646662845,-0.4858628587620261,Condiciones neutrales
2020-07-03,803.98,792.6279045654353,0.014220506745390087,0.3515553354965108,2.44433333333333,2.585284639247742,-0.14095130591441196,-0.2367588097580326,0.0573982628692391,-0.36765462405560645,-0.27137924043515715,-0.4639300076760557,Condiciones neutrales
2020-07-06,801.46,785.7827769534966,0.019754675344594467,0.4883694823776163,2.38615384615385,2.6422514349228208,-0.25609758876897104,-0.4301723911352853,0.029098545621165484,-0.3431229806700713,-0.24264366064510817,-0.44360230069503437,Condiciones neutrales
2020-07-07,798.79,789.9919362019069,0.011075344615519159,0.27380152914104233,2.32775362318841,2.6361854097402446,-0.3084317865518345,-0.5180792203507308,-0.12213884560484425,-0.3241457036739065,-0.2229775435003947,-0.42531386384741826,Condiciones neutrales
2020-07-08,793.88,787.3728471441812,0.008230422604871805,0.20347017387912383,2.24071428571428,2.6392433537912363,-0.3985290680769563,-0.6694174786090471,-0.23297365236496165,-0.3151918683822356,-0.2085867442957596,-0.4217969924687116,Condiciones neutrales
2020-07-09,786.18,785.2167409825204,0.0012259910091585386,0.030308602095361882,2.49713615023474,2.647420278283516,-0.1502841280487762,-0.252435343195454,-0.11106337055004607,-0.3065452178593647,-0.19803866595180813,-0.41505176976692126,Condiciones neutrales
2020-07-10,781.74,786.932560152967,-0.006620347993903207,-0.1636663658877542,2.50239583333333,2.6271428528465184,-0.12474701951318862,-0.20954013635559168,-0.18660325112167295,-0.30344025980782235,-0.2091508055374007,-0.3977297140782439,Condiciones neutrales
2020-07-13,790.82,785.569700782826,0.006661193774853628,0.16467614370247954,2.525,2.6589908270833753,-0.13399082708337542,-0.22506715019736945,-0.030195503247444952,-0.2937701602395205,-0.20524985255550318,-0.3822904679235378,Condiciones neutrales
2020-07-14,788.22,782.2028178301089,0.0076631739525771375,0.18944681354197962,2.48076923076923,2.612334749378836,-0.13156551860960594,-0.22099330963363314,-0.015773248045826763,-0.2832167913820311,-0.19721303462504747,-0.36922054813901467,Condiciones neutrales
2020-07-15,787.87,775.5568921130451,0.015751759855136556,0.38941054068471587,2.6121568627451,2.658409773478338,-0.04625291073323816,-0.0776919661865034,0.15585928724910625,-0.265639041506787,-0.17780695739033842,-0.3534711256232356,Condiciones neutrales
2020-07-17,787.5,776.6616635804976,0.013858554570748192,0.3426072564675287,2.80938461538462,2.6530746446990197,0.1563099706856,0.2625570751029961,0.3025821657852624,-0.24323765788168505,-0.15023197838565164,-0.33624333737771844,Condiciones neutrales
2020-07-20,787.26,776.825740467763,0.013342509373073613,0.3298497334166247,2.82037037037037,2.6053059431469165,0.21506442722345356,0.36124814509797043,0.34554893925729757,-0.21348975034387496,-0.11186919930279232,-0.3151103013849576,Condiciones neutrales
2020-07-21,786.04,773.7926299582961,0.015703763977322278,0.3882240002027518,2.75599879251998,2.61246366463612,0.1435351278838598,0.24109890870315767,0.31466145445295474,-0.19089983545329134,-0.07758637915226295,-0.3042132917543197,Condiciones neutrales
2020-07-22,777.66,769.1351931153753,0.011022652818245585,0.27249889746974615,2.59548076923077,2.589535502836075,0.00594526639469483,0.009986386335129823,0.141242641902438,-0.1683910783219414,-0.033314417627546784,-0.303467739016336,Condiciones neutrales
2020-07-23,769.06,767.1711958648378,0.0024590114977551497,0.0607909849881638,2.48022222222222,2.613179438791808,-0.13295721656958787,-0.22333097334246094,-0.08126999417714857,-0.15436362255182637,0.0015099024391336858,-0.3102371475427864,Condiciones neutrales
2020-07-24,767.17,769.7662103573062,-0.0033784262602283865,-0.08352049604349243,2.38123809523809,2.6242860437562943,-0.24304794851820435,-0.4082526418041362,-0.2458865689238143,-0.14497321776622676,0.028008838894798677,-0.31795527442725224,Condiciones neutrales
2020-07-27,768.63,762.6946495280455,0.007751955402027276,0.19164164336106662,2.49457142857143,2.641223915021574,-0.1466524864501441,-0.2463352000518212,-0.027346778345377284,-0.11615148310388673,0.0819834737835923,-0.3142864399913658,Condiciones neutrales
2020-07-28,768.81,763.8447829041702,0.006479260067592419,0.1601784301793611,2.52962962962963,2.6368170353536824,-0.10718740572405219,-0.18004489164284587,-0.00993323073174239,-0.09989839647530235,0.11063710162196166,-0.31043389457256637,Condiciones neutrales
2020-07-29,767.82,759.3016834412224,0.011156157364526529,0.27579935900732966,2.4506015037594,2.606240982993685,-0.15563947923428487,-0.2614308368114352,0.007184261097947231,-0.08491290424282695,0.1438679663705915,-0.3136937748562454,Condiciones neutrales
2020-07-30,759.18,761.7958548871077,-0.0034397093916357937,-0.08503552024114924,2.48746031746032,2.5706459646354736,-0.0831856471751538,-0.13972864377787428,-0.11238208200951176,-0.07861363176995954,0.15592151580463184,-0.31314877934455093,Condiciones neutrales
2020-07-31,754.45,761.6005722756097,-0.009433227929515403,-0.2332055860562703,2.41258620689655,2.57884037334657,-0.16625416645002025,-0.27926054541078177,-0.256233065733526,-0.06386881641920346,0.18465319307566289,-0.3123908259140698,Condiciones neutrales
2020-08-03,757.06,768.2413309758858,-0.01466140629402553,-0.36245512911962036,2.385,2.548993022555032,-0.16399302255503215,-0.2754624554690391,-0.3189587922943297,-0.056033422407149786,0.1899493560563908,-0.30201620087069037,Condiciones neutrales
2020-08-04,761.34,769.4389497989757,-0.010581574001461442,-0.2615946720302959,2.3425,2.512429299786977,-0.1699292997869774,-0.2854337425224736,-0.27351420727638476,-0.0472008088117293,0.1875769066031871,-0.2819785242266457,Condiciones neutrales
2020-08-05,767.98,764.0267778767226,0.005160853012754631,0.12758514480753583,2.30222222222222,2.6147109778130893,-0.3124887555908692,-0.5248937947505614,-0.1986543249715128,-0.04462731147961333,0.187975197128728,-0.27722982008795466,Condiciones neutrales
2020-08-06,774.82,766.8122604128196,0.010388744206981911,0.25682758852858123,2.35230769230769,2.56197544145723,-0.20966774914954042,-0.35218323385690103,-0.0476778226641599,-0.038313384476108985,0.18931261406197905,-0.265939383014197,Condiciones neutrales
2020-08-07,777.18,764.2990019188911,0.01671290739834098,0.4131717577118387,2.405,2.5911187020017508,-0.18611870200175099,-0.31262741465057226,0.050272171530633236,-0.030024726420368165,0.19187505881247294,-0.2519245116532093,Condiciones neutrales
2020-08-10,784.28,765.0008500495749,0.02488915444538801,0.6153026188120438,2.39,2.5876849172021914,-0.19768491720219142,-0.3320554243912152,0.14162359721041431,-0.020091790368206092,0.20145777474083124,-0.2416413554772434,Condiciones neutrales
2020-08-11,796.58,768.3857438047994,0.03603568609768375,0.8908640136910003,2.49447916666666,2.725847931532873,-0.23136876486621297,-0.38863487663018315,0.2511145685304086,-0.005808760340086089,0.2256931407489778,-0.23731066142914997,Condiciones neutrales
2020-08-12,793.61,770.1843946417027,0.029962196958558868,0.7407169373477733,2.51458333333333,2.7053113857584847,-0.19072805242515506,-0.32036983543144454,0.2101735509581644,0.0032608873948162544,0.24226635468248992,-0.2357445798928574,Condiciones neutrales
2020-08-13,792.69,769.2725269054927,0.029986926632223382,0.7413282973279418,2.47085714285714,2.7313236072877447,-0.26046646443060484,-0.4375108815090981,0.15190870790942185,0.00407518992643504,0.24672195759236648,-0.23857157773949642,Condiciones neutrales
2020-08-14,793.32,765.4896390275891,0.03571099103578663,0.8828369944389399,2.45923076923077,2.72033313392157,-0.2611023646907998,-0.43857901626494067,0.22212898908699963,0.0036730801799716222,0.2530594836432825,-0.24571332328333928,Condiciones neutrales
2020-08-17,796.73,765.5888780682603,0.03987053805145456,0.985668136309513,2.478125,2.701580518441369,-0.22345551844136893,-0.3753428337312992,0.3051626512891069,0.01193189312730055,0.2741965770037159,-0.2503327907491148,Condiciones neutrales
2020-08-18,803.4,764.4528242137706,0.04969240648654432,1.2284815827445297,2.4975,2.708708656314515,-0.211208656314515,-0.3547715273385416,0.436855027702994,0.0255237758633615,0.2988669803492797,-0.2478194286225567,Condiciones neutrales
2020-08-19,796.23,766.2167248482518,0.03842302849694553,0.9498832155481771,2.47078947368421,2.753439131316111,-0.28264965763190103,-0.47477244772800575,0.23755538391008568,0.03751358351385917,0.32140303656285085,-0.24637586953513252,Condiciones neutrales
2020-08-20,784.25,771.5160576736062,0.01637036190853172,0.4047034452424712,2.46537037037037,2.695996045601251,-0.23062567523088098,-0.38738669367463424,0.008658375783918482,0.045567984452155166,0.3281108122749624,-0.2369748433706521,Condiciones neutrales
2020-08-21,785.84,769.7614332879099,0.0206725694239725,0.5110613995366594,2.478,2.66264775315052,-0.1846477531505199,-0.31015663158848494,0.10045238397408723,0.052618509602959614,0.34413590552300566,-0.23889888631708647,Condiciones neutrales
2020-08-24,790.88,768.2988216570637,0.02896750138783212,0.7161263554968772,2.49045454545454,2.6851066731055853,-0.19465212765104536,-0.32696118535797103,0.19458258506945308,0.06532470414266381,0.3734623295691601,-0.24281292128383244,Condiciones neutrales
2020-08-25,786.17,772.3927420142413,0.017679900187264803,0.43707747924620133,2.4744117647059,2.6899987818645337,-0.21558701715863396,-0.36212595016860916,0.037475764538796086,0.06758041306887184,0.38254237408728414,-0.24738154794954043,Condiciones neutrales
2020-08-26,784.44,781.5122469521626,0.0037392665898754456,0.09244108835577909,2.4194776119403,2.693476537154398,-0.27399892521409797,-0.460241634427007,-0.18390027303561396,0.06197617890254561,0.3793088499144108,-0.25535649210931954,Condiciones neutrales
2020-08-27,786.91,782.1181776862453,0.0061080320668416505,0.15100103680750093,2.36603773584906,2.757079899880843,-0.39104216403178277,-0.6568415717807398,-0.25292026748661944,0.04835019374468808,0.37136186645183694,-0.2746614789624608,Condiciones neutrales
2020-08-28,784.27,772.0449113281181,0.0157106251895091,0.38839362114491915,2.43083333333333,2.7778145412549407,-0.3469812079216107,-0.5828314768918025,-0.09721892787344166,0.03502349062273128,0.37288807860775,-0.30284109736228737,Condiciones neutrales
2020-08-31,779.92,782.6462110656238,-0.0034894058408563825,-0.08626410176721849,2.39788617886179,2.7826673670892865,-0.38478118822749663,-0.646324881852044,-0.36629449180963125,0.011295376253833655,0.3590176174349552,-0.33642686492728785,Condiciones neutrales
2020-09-01,776.46,782.1518523147462,-0.007303778178010658,-0.18056193311078755,2.38205882352941,2.774291391053313,-0.39223256752390345,-0.6588411170286387,-0.41970152506971314,-0.013183389730255275,0.34005808632450385,-0.36642486578501443,Condiciones neutrales
2020-09-02,770.59,789.1282492390875,-0.023772398993988156,-0.587694507201555,2.4447619047619,2.723615027008771,-0.2788531222468712,-0.4683953290973368,-0.5280449181494459,-0.03549297506531807,0.3113849728354605,-0.38237092296609665,Condiciones neutrales
2020-09-03,771.45,792.741496487197,-0.027225325871067612,-0.673056786369989,2.48230769230769,2.81256472329656,-0.3302570309888703,-0.5547395326626182,-0.6138981595163036,-0.0532472472432899,0.2869233804568554,-0.3934178749434352,Condiciones neutrales
2020-09-04,773.71,781.9701384667129,-0.010619427334078776,-0.2625304713858471,2.50666666666667,2.904934879759294,-0.3982682130926243,-0.6689793151226626,-0.4657548932542549,-0.06057619138763792,0.2809563812787769,-0.40210876405405277,Condiciones neutrales
2020-09-07,773.76,779.7853304879274,-0.007756916494856553,-0.19176429009126048,2.51,3.0044661462992566,-0.4944661462992567,-0.8305649635806828,-0.5111646268359716,-0.07670345300399106,0.2681761834970327,-0.42158308950501483,Condiciones neutrales
2020-09-08,773.24,777.042883505716,-0.004906060918229761,-0.12128624689367695,2.52341463414634,2.985521274281315,-0.46210664013497477,-0.7762100350178694,-0.4487481409557732,-0.09133061667812543,0.2587940275945981,-0.4414552609508489,Condiciones neutrales
2020-09-09,776.65,780.0328472282882,-0.004346232194182485,-0.1074463199187241,2.57966165413534,2.9354443788750038,-0.35578272473966405,-0.5976155658535107,-0.3525309428861174,-0.10332112347759426,0.2460191716303963,-0.4526614185855848,Condiciones neutrales
2020-09-10,767.87,775.1585929778345,-0.009447196532253569,-0.2335509138923283,2.67103448275862,2.9805810099909005,-0.3095465272322807,-0.5199516732164855,-0.3767512935544069,-0.11213343052909075,0.24106865850869033,-0.4653355195668718,Condiciones neutrales
2020-09-11,764.99,765.4207341825655,-5.62900121279462e-4,-0.01391585718642387,2.67984848484848,2.9955076046188345,-0.3156591197703545,-0.5302191207187381,-0.272067488952581,-0.11266124463639259,0.2483783161376852,-0.4737008054104704,Condiciones neutrales
2020-09-14,768.34,767.2267603901322,0.0014499399617338609,0.03584500459959978,2.64288461538461,2.9921999003266193,-0.34931528494200936,-0.5867520741054865,-0.2754535347529433,-0.11121106938501304,0.2616549872616592,-0.4840771260316853,Condiciones neutrales
2020-09-15,767.01,766.1640641009228,0.0011035093858261466,0.027280646133332965,2.63978021978022,3.0692866482155807,-0.42950642843536085,-0.7214507884128949,-0.347085071139781,-0.11366343151379292,0.2712841645337802,-0.498611027561366,Condiciones neutrales
2020-09-16,760.01,766.4916149447173,-0.00849216775672273,-0.20994096330463874,2.60836734693877,3.141749753771717,-0.5333824068329469,-0.8959334074160649,-0.5529371853603517,-0.12547286019342088,0.26003329426337435,-0.5109790146502161,Condiciones neutrales
2020-09-17,761.54,768.0441880480353,-0.008504569152265485,-0.2102475470887976,2.57237288135593,3.1497020451813675,-0.5773291638254373,-0.9697516796964614,-0.5899996133926295,-0.1435502532177032,0.2444641230761284,-0.5315646295115348,Condiciones neutrales
2020-09-21,764.34,768.3556529535512,-0.005239999388210009,-0.12954177905937525,2.53692307692308,3.1318176788542837,-0.5948946019312036,-0.9992567076337329,-0.5643992433465541,-0.16403930038027612,0.22637367185042126,-0.5544522726109735,Condiciones neutrales
2020-09-22,772.83,772.1433665037802,8.888613309646562e-4,0.021974177785081803,2.55018518518518,3.119344643540638,-0.5691594583554581,-0.9560288572607439,-0.46702733973783106,-0.18432766494521763,0.20659605714952253,-0.5752513870399577,Condiciones neutrales
2020-09-23,773.4,776.2565538018205,-0.0036866969397467545,-0.09114147637156332,2.60565217391304,3.167331105231753,-0.5616789313187132,-0.9434636620247527,-0.517302569198158,-0.20994156953616985,0.17386254081410374,-0.5937456798864434,Condiciones neutrales
2020-09-24,781.44,781.5827919609641,-1.827125773159904e-4,-0.004516968527761919,2.64573333333333,3.0848404182269444,-0.4391070848936141,-0.7375772086770112,-0.37104708860238655,-0.22931559085485487,0.14902141061825255,-0.6076525923279623,Condiciones neutrales
2020-09-25,788.02,784.7503817207579,0.004157788101116538,0.10278765848377863,2.67666666666667,3.0236476739530733,-0.34698100728640346,-0.5828311398807152,-0.2400217406984683,-0.24237993914178455,0.12773672265678046,-0.6124966009403495,Condiciones neutrales
2020-09-28,787.15,789.5327571109848,-0.003022496331881583,-0.07472129727979344,2.69347826086956,3.009781636087984,-0.3163033752184239,-0.531301289855629,-0.3030112935677112,-0.2598846152302749,0.09581811293282268,-0.6155873433933725,Condiciones neutrales
2020-09-29,784.19,786.8153986906889,-0.003342319685121224,-0.08262787953180988,2.70955555555556,3.0063780454251976,-0.2968224898696372,-0.4985788457584308,-0.2906033626451203,-0.27974348236141583,0.06020824573811191,-0.6196952104609436,Condiciones neutrales
2020-09-30,784.46,790.3396947541326,-0.007467263417291643,-0.18460356883961174,2.69545454545455,3.0331360852640614,-0.33768153980951116,-0.5672106329479913,-0.3759071008938015,-0.30683555331464235,0.013105407351973863,-0.6267765139812586,Condiciones neutrales
2020-10-01,788.15,787.6766044947985,6.008218392708578e-4,0.014853347145802078,2.60888888888889,3.0264630989183074,-0.4175742100294175,-0.7014079955544914,-0.34327732420434465,-0.32619664358512335,-0.018062254928105304,-0.6343310322421414,Condiciones neutrales
2020-10-02,785.04,781.6955833629501,0.004269286728914756,0.1055440959444697,2.52297297297297,3.1019164285271486,-0.5789434555541785,-0.9724632387403419,-0.4334595713979361,-0.34093390849118516,-0.028034233238038688,-0.6538335837443316,Condiciones neutrales
2020-10-05,790.81,790.4280385242346,4.8311699299993517e-4,0.011943481311818797,2.545,3.0585998579775473,-0.5135998579775473,-0.8627042529176414,-0.4253803858029113,-0.3584616674837518,-0.04467149717886671,-0.6722518377886368,Condiciones neutrales
2020-10-06,794.34,786.8563749597578,0.009465846289312359,0.23401196789814704,2.61444444444444,3.1010495066606807,-0.4866050622162404,-0.817360538841029,-0.291674285471441,-0.37467022983511494,-0.06074197676549105,-0.6885984829047388,Condiciones neutrales
2020-10-07,797.35,788.9439120660386,0.010598498243705581,0.26201306834814125,2.65666666666667,3.0973347279100047,-0.4406680612433348,-0.7401992127813556,-0.23909307221660717,-0.383889191060295,-0.06657745712875972,-0.7012009249918303,Condiciones neutrales
2020-10-08,795.05,785.9197067155668,0.011550372853200385,0.2855450425374602,2.68,3.087134395698813,-0.4071343956988131,-0.6838720245397238,-0.19916349100113181,-0.38439796499247897,-0.060140658656037016,-0.7086552713289209,Condiciones neutrales
2020-10-09,797.25,780.4793606525058,0.021260010035116045,0.5255839397549812,2.665,3.239929900220613,-0.5749299002206129,-0.965721587235176,-0.2200688237400974,-0.3833029168675949,-0.047654561891121,-0.7189512718440688,Condiciones neutrales
2020-10-13,796.05,783.2363050452232,0.016227553043647876,0.40117296497865146,2.65055555555556,3.0707275487303125,-0.4201719931747526,-0.7057715453741183,-0.15229929019773344,-0.3851389289450713,-0.047228583763329925,-0.7230492741268126,Condiciones neutrales
2020-10-14,797.66,784.1916305999596,0.017029024226639697,0.42098670830526075,2.61923076923077,3.1024133516627894,-0.48318258243201934,-0.8116117291022592,-0.19531251039849923,-0.37943952956470023,-0.03032022342758062,-0.7285588357018198,Condiciones neutrales
2020-10-15,798.56,787.5239252743654,0.013916354182231682,0.3440361620733879,2.62818181818182,3.1214845431044473,-0.4933027249226271,-0.8286107407475496,-0.24228728933708085,-0.3735257217069458,-0.012833620254774771,-0.7342178231591169,Condiciones neutrales
2020-10-16,801.91,784.6233280915861,0.021792616320194955,0.5387508813127541,2.63,3.2134627304733945,-0.5834627304733948,-0.9800543578427978,-0.22065173826502188,-0.363279282377465,0.024714559362368865,-0.7512731241172989,Condiciones neutrales
2020-10-19,795.68,782.690327389705,0.01645997223671815,0.406918766366646,2.65071428571429,3.3021497829390345,-0.6514354972247449,-1.0942296132447027,-0.34365542343902833,-0.35427119117488914,0.060713744453590034,-0.7692561268033683,Condiciones neutrales
2020-10-20,788.27,784.3996029563632,0.004922082617141858,0.1216823307911862,2.63916666666667,3.311307878737237,-0.6721412120705667,-1.1290094286588481,-0.5036635489338309,-0.35553481303087503,0.07352083785949114,-0.7845904639212412,Condiciones neutrales
2020-10-21,786.66,777.4448794064712,0.011783387853177407,0.29130557329486073,2.60973684210526,3.4028512947473386,-0.7931144526420785,-1.332210670850069,-0.5204525487776042,-0.35584441042892945,0.08962316663902851,-0.8013119874968874,Condiciones neutrales
2020-10-22,784.07,776.6922641382364,0.009454086612531642,0.23372124850326223,2.59,3.3686011366181496,-0.7786011366181499,-1.3078323551957678,-0.5370555533462528,-0.35878799084194546,0.10145674981892648,-0.8190327315028173,Condiciones neutrales
2020-10-23,781.41,773.0831762584468,0.010713335396464227,0.2648520398762562,2.56947368421053,3.359743729631064,-0.7902700454205338,-1.3274328614933468,-0.5312904108085453,-0.364746639772693,0.11386669514542583,-0.8433599746908119,Condiciones neutrales
2020-10-26,777.72,781.8699455982968,-0.005321854510046132,-0.13156537817116742,2.541875,3.2927169778360716,-0.7508419778360717,-1.261204724820212,-0.6963850514956897,-0.37540109837073576,0.11726621300279785,-0.8680684097442695,Condiciones neutrales
2020-10-27,779.57,784.5912501839584,-0.006420396147740973,-0.1587232130438165,2.53078947368421,3.266432588436638,-0.735643114752428,-1.2356748816590297,-0.6971990473514231,-0.38957215031736386,0.11243930114088477,-0.8915836017756125,Condiciones neutrales
2020-10-28,772.05,791.2382091983764,-0.024549757093440733,-0.6069121337142369,2.60333333333333,3.3319579062030735,-0.7286245728697434,-1.223885692395396,-0.9153989130548165,-0.4109036629274263,0.09101406319709021,-0.9128213890519428,Condiciones neutrales
2020-10-29,775.56,789.326157733597,-0.017594267522536157,-0.43496049279015236,2.58366666666667,3.36261408089255,-0.7789474142258802,-1.3084140048209358,-0.871687248805544,-0.4283904021829517,0.07560602523297404,-0.9323868295988775,Condiciones neutrales
2020-10-30,770.45,785.2238063189338,-0.01899402101123932,-0.4695648016339967,2.59410256410256,3.524514288391022,-0.93041172428846175,-1.562831724036773,-1.016198262835385,-0.4438324380987862,0.0669518972886621,-0.9546167734862344,Condiciones neutrales
2020-11-02,771.92,785.3720696272849,-0.01727666182755808,-0.4271087348568553,2.60882352941176,3.474965311826829,-0.8661417824150689,-1.4548761797979552,-0.9409924573274053,-0.45553219956327873,0.05972319102972685,-0.9707875901562842,Condiciones neutrales
2020-11-03,769.17,784.3908609165248,-0.01959543181052083,-0.4844327088821809,2.58647058823529,3.4861630881251084,-0.8996924998898183,-1.511232010517772,-0.9978323596999764,-0.46997997010839276,0.04789349336896666,-0.9878534335857522,Condiciones neutrales
2020-11-04,758.53,779.8160925044709,-0.027675763289709426,-0.6841923725109076,2.52797297297297,3.353295518690742,-0.8253225457177723,-1.3863112677314313,-1.0352518201211693,-0.48892078612117074,0.024354608359100346,-1.0021961806014419,Condiciones neutrales
2020-11-05,757.16,772.6887039683675,-0.020301664184823338,-0.5018919853855939,2.49733333333333,3.3951828774877417,-0.8978495441544118,-1.5081363598352835,-1.0050141726104387,-0.5051778395682468,0.01066292472529933,-1.0210186038617928,Condiciones neutrales
2020-11-06,752.01,764.5961726487952,-0.01659819382519421,-0.41033584128384676,2.54692307692308,3.4325279541024987,-0.8856048771794186,-1.4875687406842895,-0.9489522909840681,-0.5244413463143028,-0.002864371033236832,-1.0460183215953687,Condiciones neutrales
2020-11-09,759.25,758.0622443712093,0.0015656050701595057,0.03870444461294527,2.605,3.553118387938004,-0.9481183879380037,-1.5925739714267826,-0.7769347634069187,-0.5423384470712511,-0.005000478162264611,-1.0796764159802377,Condiciones neutrales
2020-11-10,753.75,756.5257610870979,-0.0036758375974409413,-0.09087301479027479,2.58428571428571,3.599426195464405,-1.0151404811786946,-1.7051523609650336,-0.8980126878776542,-0.5621718268815826,-0.005538868745947322,-1.1188047850172178,Condiciones neutrales
2020-11-11,760.9,759.7940823727648,0.001454490860486178,0.03595751062813496,2.6004,3.543850835458973,-0.9434508354589728,-1.5847337874550957,-0.7743881384134804,-0.5782979860738613,-0.0015860224072824943,-1.15500994974044,Condiciones neutrales
2020-11-12,757.42,763.1413708011579,-0.007525375708881564,-0.18604020443440084,2.60702702702703,3.493544848502985,-0.8865178214759554,-1.489102232010398,-0.8375712182223993,-0.5936867899848145,-0.0016339102604421309,-1.1857396697091869,Condiciones neutrales
2020-11-13,757.43,759.7221949830913,-0.0030217096673471164,-0.07470184958223322,2.63608695652174,3.5186734193351916,-0.8825864628134514,-1.482498647945476,-0.7786002487638546,-0.6081975541367982,-0.004619083484709974,-1.2117760247888865,Condiciones neutrales
2020-11-16,766.7,756.9469950032847,0.012802359389621551,0.3164962986867068,2.65,3.547895167229626,-0.8978951672296265,-1.5082129938537854,-0.5958583475835393,-0.6136108466763183,0.0024126566066979293,-1.2296343499593345,Condiciones neutrales
2020-11-17,767.86,756.0794644630171,0.015460942484609361,0.3822210361125919,2.62090909090909,3.593695898504516,-0.9727868075954258,-1.634010023677688,-0.625894493782548,-0.6202946502756395,0.014755241766723699,-1.2553445423180027,Condiciones neutrales
2020-11-18,767.05,754.3528168568511,0.01669180286061234,0.41265001731435985,2.66444444444444,3.618007976676889,-0.9535635322324489,-1.6017202923760643,-0.5945351375308522,-0.6303900120109532,0.020709843413930795,-1.2814898674358373,Condiciones neutrales
2020-11-19,758.1,755.6484793312516,0.003239009446417691,0.0800738731044781,2.68088235294118,3.5071449923597857,-0.8262626394186061,-1.3878903624707564,-0.6539082446831391,-0.6442171844265042,0.014645203572475354,-1.303079572425484,Condiciones neutrales
2020-11-20,758.62,753.8703685529167,0.006280565031628486,0.15526634784077384,2.63380952380952,3.553055038673693,-0.9192455148641729,-1.5440756122316872,-0.6944046321954567,-0.6607252224663152,0.010302580415919142,-1.3317530253485494,Condiciones neutrales
2020-11-23,761.55,749.2663010298239,0.016261367638513408,0.4020089198046976,2.60644444444444,3.5677128166431618,-0.9612683721987215,-1.6146622706568365,-0.6063266754260694,-0.6736004841891808,0.006183413084243023,-1.3533843814626048,Condiciones neutrales
2020-11-24,765.96,750.3953922971393,0.020529691711775572,0.5075292172490874,2.64020833333333,3.5191380792267073,-0.878929745893377,-1.4763563852682888,-0.4844135840096007,-0.6846709606495764,0.009728621493257554,-1.3790705427924104,Condiciones neutrales
2020-11-25,772.83,752.7734803496147,0.026294742385884848,0.650051165318757,2.67185185185185,3.5326168564651335,-0.8607650046132831,-1.4458446954535873,-0.39789676506741517,-0.6914237691385403,0.017364103393707427,-1.400211641670788,Condiciones neutrales
2020-11-26,771.68,750.5383749187691,0.027779174084320013,0.6867488648528612,2.702,3.522302307398884,-0.8203023073988842,-1.3778786700951715,-0.34556490262115513,-0.6948663562480094,0.028787860153023207,-1.418520572649042,Condiciones neutrales
2020-11-27,766,749.3662005929913,0.021954386355705603,0.5427501142603186,2.73666666666667,3.4780081626717427,-0.7413414960050728,-1.2452465699393986,-0.35124822783954,-0.69921957256716,0.028921167917942022,-1.427360313052262,Condiciones neutrales
2020-11-30,766.69,745.9639233590406,0.02740530864276294,0.6775062694172411,2.78285714285714,3.4825425965943997,-0.69968545373726,-1.1752760583320332,-0.24888489445739603,-0.696060554934439,0.03794075135296186,-1.4300618612218399,Condiciones neutrales
2020-12-01,767.29,745.481143663067,0.028834986045519814,0.7128503487793149,2.79166666666667,3.52921190249778,-0.73754523583111,-1.2388699135864234,-0.26300978240355427,-0.688038762716763,0.05764635195256615,-1.4337238773860923,Condiciones neutrales
2020-12-02,760.16,744.3649105764636,0.02099755164228162,0.5190955177881134,2.86733333333333,3.5503562604000742,-0.683022927066744,-1.14728766931726,-0.3140960757645733,-0.6811602136163287,0.06523935010234123,-1.4275597773349986,Condiciones neutrales
2020-12-03,755.34,740.9248890376756,0.01926872316947134,0.47635591049727166,2.893,3.5557304396656275,-0.6627304396656278,-1.113201960547485,-0.31842302502510667,-0.6738724626722905,0.07332717216880821,-1.4210720975133893,Condiciones neutrales
2020-12-04,752.03,740.6067099381916,0.015306488194677169,0.3784026609528185,2.92,3.6188539138243607,-0.6988539138243607,-1.1738793036246744,-0.39773832133592796,-0.6694207263565366,0.0771121928713603,-1.4159536455844335,Condiciones neutrales
2020-12-07,747.61,744.9178830464639,0.00360746342318815,0.08918268784207899,2.86109375,3.561730497344004,-0.7006367473440037,-1.1768739657838438,-0.5438456389708825,-0.6643360792723764,0.0844704617384685,-1.4131426202832211,Condiciones neutrales
2020-12-09,744.82,743.8219198777047,0.0013409272687020996,0.03315002371331156,2.83011363636364,3.610066473013071,-0.7799528366494315,-1.3101028335604765,-0.6384764049235825,-0.662378657858115,0.09086623629703944,-1.4156235520132694,Condiciones neutrales
2020-12-10,739.45,748.6786756668225,-0.012403220405534715,-0.3066288978990467,2.79727272727273,3.5698473846953602,-0.7725746574226304,-1.2977095540474823,-0.8021692259732645,-0.6586043349553966,0.10087567749087911,-1.4180843474016722,Condiciones neutrales
2020-12-11,738.17,752.4828569262619,-0.019204064493212034,-0.4747574370369307,2.7908,3.561640993852481,-0.770840993852481,-1.2947974836645468,-0.8847774603507388,-0.6590406753402364,0.09954911268265318,-1.417630463363126,Condiciones neutrales
2020-12-14,733.55,752.8657424660539,-0.02599115345963655,-0.6425459259675046,2.75454545454545,3.5480183397889764,-0.7934728852435262,-1.3328127374683716,-0.9876793317179381,-0.6580900443029882,0.09378307520486957,-1.4099631638108459,Condiciones neutrales
2020-12-15,731.58,753.9785952553832,-0.030157400549313405,-0.7455427051679022,2.74396825396825,3.530898024834662,-0.7869297708664117,-1.321822133571612,-1.0336824193697571,-0.6611797097043999,0.08316860952783468,-1.4055280289366345,Condiciones neutrales
2020-12-16,734.23,751.8304621595578,-0.02368851824760314,-0.5856208311740364,2.68071428571429,3.5498322375788707,-0.8691179518645804,-1.459875312881067,-1.0227480720275517,-0.6620102334486524,0.07979567211810616,-1.403816139015411,Condiciones neutrales
2020-12-17,735.09,748.7056834030769,-0.018353019540215856,-0.4537181450250498,2.64684931506849,3.5393158114054737,-0.8924664963369835,-1.4990943436165847,-0.9764062443208172,-0.6600487142553073,0.08747814636763476,-1.4075755748782495,Condiciones neutrales
2020-12-18,723.44,748.7404964599659,-0.034374844375936006,-0.8498051555820998,2.662,3.545548285333155,-0.8835482853331552,-1.484114241029103,-1.1669596983056014,-0.6654468984451462,0.0758810406944179,-1.40677483758471,Condiciones neutrales
2020-12-21,723.85,761.4261524550451,-0.05060900261116923,-1.2511414122342044,2.64473684210526,3.5077895829184715,-0.8630527408132115,-1.44968745303729,-1.3504144326357472,-0.6788289698335354,0.047854188329405974,-1.4055121279964768,Condiciones neutrales
2020-12-22,730.7,757.317811805794,-0.035780017190991414,-0.8845434394753598,2.66333333333333,3.5099509716954342,-0.8466176383621045,-1.4220810731649518,-1.1533122563201559,-0.6913748862639767,0.0170792588597958,-1.399829031387749,Condiciones neutrales
2020-12-23,728.96,757.5305073625372,-0.038444949499720285,-0.9504251403630148,2.667,3.5475170593191563,-0.8805170593191565,-1.4790226283013876,-1.2147238843322012,-0.7019319261457949,-0.011572478659295534,-1.3922913736322942,Condiciones neutrales
2020-12-24,716.25,753.204396088946,-0.050307365286332395,-1.2436844198196646,2.7,3.5476607920322776,-0.8476607920322774,-1.4238332798560684,-1.3337588498378665,-0.7205776165266078,-0.054227209674222183,-1.3869280233789933,Condiciones neutrales
2020-12-28,710.26,751.6693575180217,-0.0566654429242177,-1.4008670123334108,2.65,3.5076189782778027,-0.857618978277803,-1.4405602502629342,-1.4207136312981725,-0.7400156969624668,-0.09472143660418919,-1.3853099573207446,Condiciones neutrales
2020-12-29,710.64,755.4851980960448,-0.06119421686358212,-1.512826077516319,2.6494444444444447,3.5442247835840135,-0.8947803391395689,-1.5029809529981248,-1.507903515257222,-0.7643258058455791,-0.1426589108686587,-1.3859927008224995,Condiciones benignas
2020-12-30,711.24,752.2806354689914,-0.056099514209800486,-1.3868762831262011,2.64888888888889,3.545012711498042,-0.896123822609152,-1.5052376298350265,-1.4460569564806138,-0.7926657594754816,-0.19943799692908898,-1.3858935220218742,Condiciones benignas
2021-01-04,710.95,753.1026929685589,-0.05759949310311745,-1.4239583360037242,2.6012,3.7032758737913927,-1.1020758737913925,-1.8511795293357034,-1.6375689326697138,-0.8263882407717205,-0.25964397599963285,-1.393132505543808,Condiciones benignas
2021-01-05,702.93,754.5576071100976,-0.07087431306973346,-1.752134671107418,2.5903125,3.718874023402594,-1.1285615234025943,-1.8956680201441825,-1.8239013456258002,-0.8673671143748853,-0.3318034656136921,-1.4029307631360786,Condiciones benignas
2021-01-06,702.29,747.3768949220021,-0.06222317850018472,-1.5382637753315624,2.592,3.8069257469879254,-1.2149257469879253,-2.04073578414316,-1.789499779737361,-0.9052201655433595,-0.3857480538948935,-1.4246922771918253,Condiciones benignas
2021-01-07,696.18,744.1392461992258,-0.06661992860347307,-1.6469589846747128,2.63,3.7555562107913643,-1.1255562107913644,-1.890619934692476,-1.7687894596835942,-0.9410329931262974,-0.4458222316454097,-1.4362437546071851,Condiciones benignas
2021-01-08,709.99,746.5989924448498,-0.050277331525729246,-1.2429419337061873,2.64304347826087,3.768028228085199,-1.124984749824329,-1.8896600399437133,-1.5663009868249502,-0.9730321368395934,-0.5006539267624391,-1.4454103469167476,Condiciones benignas
2021-01-11,713.28,753.2538381499238,-0.054528223252860275,-1.348031273632512,2.705,3.7911740027556178,-1.0861740027556175,-1.8244688292472493,-1.5862500514398805,-1.0097600190872693,-0.5625059431251591,-1.4570140950493797,Condiciones benignas
2021-01-12,718.89,748.5446302164723,-0.040422472537236784,-0.9993129041645094,2.71827956989247,3.8135786719042413,-1.095299102011771,-1.8397964462905612,-1.4195546752275352,-1.0438152827592735,-0.6174847454412681,-1.4701458200772788,Condiciones benignas
2021-01-13,725.24,748.4724817842573,-0.03153180414295474,-0.7795203210940593,2.74475806451613,3.7508673920858913,-1.0061093275697615,-1.6899825463590497,-1.2347514337265544,-1.07345483379612,-0.666360384972832,-1.480549282619408,Condiciones benignas
2021-01-14,739.72,752.2152023926451,-0.016750720187843675,-0.4141065547720056,2.72647058823529,3.7942028763708366,-1.0677322881355462,-1.7934919016124202,-1.1037992281922129,-1.0985398671412092,-0.6982556072739096,-1.4988241270085088,Condiciones benignas
2021-01-15,735.35,752.2028085201795,-0.02265940342420742,-0.5601793463183299,2.68864864864865,3.7666177888647026,-1.0779691402160527,-1.8106869527581078,-1.1854331495382189,-1.1297581423105698,-0.7395117944650952,-1.5200044901560446,Condiciones benignas
2021-01-18,735.06,752.9453233706773,-0.024040484903872346,-0.5943220510492295,2.67033333333333,3.6982309322265516,-1.0278975988932215,-1.726580754171043,-1.1604514026101362,-1.1596728629841226,-0.7830842077927134,-1.536261518175532,Condiciones benignas
2021-01-19,736.11,753.0009266033661,-0.02268689426499312,-0.560858967089132,2.66384615384615,3.7254556085585664,-1.0616094547124166,-1.7832072522847502,-1.1720331096869412,-1.1882707641148682,-0.8190826906219549,-1.5574588376077816,Condiciones benignas
2021-01-20,733.73,752.1345925007716,-0.02477417379364771,-0.6124600997427935,2.714,3.6968791040992186,-0.9828791040992186,-1.6509622618457689,-1.1317111807942812,-1.215380369307174,-0.855376557629957,-1.5753841809843911,Condiciones benignas
2021-01-21,730.38,748.7478894093678,-0.024837383957251234,-0.6140227634839875,2.68477124183007,3.7209726514040296,-1.0362014095739593,-1.7405288358895714,-1.1772757996867795,-1.241364951918869,-0.8884574051111839,-1.5942724987265542,Condiciones benignas
2021-01-22,715.56,751.7152423370189,-0.04929213220930538,-1.2185861155614786,2.63796610169491,3.6596573833716297,-1.0216912816767199,-1.7161558753972912,-1.467370995479385,-1.2721491304691526,-0.9320496985579692,-1.6122485623803358,Condiciones benignas
2021-01-25,724.26,756.314442032512,-0.04330677437854701,-1.0706177964338184,2.59717391304348,3.616381403190454,-1.0192074901469739,-1.7119837996406693,-1.3913007980372438,-1.2972432769062745,-0.9688419592295402,-1.625644594583009,Condiciones benignas
2021-01-26,731.92,758.4900629761435,-0.03565847944308346,-0.8815388177339355,2.592,3.6465267553478418,-1.0545267553478417,-1.7713102963782263,-1.3264245570560809,-1.3147184546090351,-0.9880056232240365,-1.6414312859940337,Condiciones benignas
2021-01-27,731,783.9722699177325,-0.069960189972204,-1.7295359790923632,2.57770642201835,3.6788126243604724,-1.1011062023421225,-1.8495507522435288,-1.789543365667946,-1.3448773181196088,-1.0298315746258841,-1.6599230616133331,Condiciones benignas
2021-01-28,736.88,777.246917994252,-0.053333026981483664,-1.318483970312664,2.54556962025317,3.70656054505779,-1.16099092480462,-1.950140353176494,-1.634312161744579,-1.3664317457871633,-1.0523628427707228,-1.6805006488036038,Condiciones benignas
2021-01-29,741.4,778.5058780648399,-0.04883625102967439,-1.2073159503049786,2.569375,3.855826516619935,-1.286451516619935,-2.1608790916154916,-1.6840975209602351,-1.3881122491735127,-1.067755284275292,-1.7084692140717332,Condiciones benignas
2021-02-01,734.62,778.4059315487962,-0.05789479230762511,-1.431258639204677,2.5764,3.727059663005562,-1.1506596630055619,-1.9327867200833118,-1.6820226796439943,-1.410088069427394,-1.0959432112096468,-1.7242329276451414,Condiciones benignas
2021-02-02,731.66,770.5027505536729,-0.05172729940101565,-1.2787876283767179,2.57767857142857,3.731011319084616,-1.1533327476560464,-1.937276755391076,-1.608032191883897,-1.4311422676794967,-1.123445527321369,-1.7388390080376244,Condiciones benignas
2021-02-03,734.86,765.1967380107023,-0.040452969753737175,-1.0000668477032642,2.56833333333333,3.7581534324687453,-1.1898200991354153,-1.9985653106934576,-1.4993160791983609,-1.4422208137092554,-1.1284542503920745,-1.7559873770264363,Condiciones benignas
2021-02-04,730.53,766.4221948787498,-0.047962888042878314,-1.1857249181898353,2.55290322580645,3.723005659509326,-1.1701024337028756,-1.9654451422159134,-1.5755850302028742,-1.4497265002948263,-1.1262737005905956,-1.773179299999057,Condiciones benignas
2021-02-05,737.23,765.219351284981,-0.03726260694466735,-0.9211956029734149,2.57703703703704,3.7156264344465137,-1.1385893974094736,-1.9125120465181837,-1.4168538247457994,-1.4585112192423477,-1.127495439373864,-1.7895269991108314,Condiciones benignas
2021-02-08,736.65,766.1338555421045,-0.039244019459417454,-0.970179521328207,2.604,3.730806558062815,-1.126806558062815,-1.8927201687403437,-1.4314498450342752,-1.465735417932417,-1.1281539187393705,-1.8033169171254633,Condiciones benignas
2021-02-09,735.07,760.8763539109675,-0.03450513345242246,-0.8530261251871791,2.57774193548387,3.7596153098559286,-1.1818733743720586,-1.9852170335402863,-1.4191215793637326,-1.4685808422499458,-1.1151319755849542,-1.822029708914937,Condiciones benignas
2021-02-10,733.13,756.5108888220063,-0.031393887305067376,-0.776110780134499,2.58852941176471,3.704257534886586,-1.1157281231218759,-1.8741114935416106,-1.3251111368380548,-1.4653940924346085,-1.0943067678449905,-1.8364814170242263,Condiciones benignas
2021-02-11,728.9,751.9513198672921,-0.031135039247295646,-0.7697116118473308,2.59178571428572,3.7098439591253305,-1.1180582448396104,-1.878025446951997,-1.323868529399664,-1.4592595929060233,-1.0695362856560242,-1.848982900156022,Condiciones benignas
2021-02-12,722.52,749.8996479050971,-0.03719429352040274,-0.9195067778692009,2.61533333333333,3.7336753508823772,-1.1183420175490473,-1.8785021058129578,-1.3990044418410794,-1.457691175751372,-1.0539573021474575,-1.8614250493552866,Condiciones benignas
2021-02-15,724.39,751.4969562958562,-0.03673723762688931,-0.9082075716691926,2.67351851851852,3.740011011694552,-1.066492493176032,-1.7914093925001113,-1.349808482084652,-1.44809916073187,-1.0367656100029732,-1.8594327114607667,Condiciones benignas
2021-02-16,718.45,752.5100191733358,-0.046318197375237985,-1.1450653418609036,2.7272,3.8196210090291114,-1.0924210090291118,-1.834962054267538,-1.490013698064221,-1.4369695724798173,-1.016529965694756,-1.8574091792648786,Condiciones benignas
2021-02-17,717.38,753.9571429124148,-0.04972984049420274,-1.229407015667347,2.778,3.8097794839053316,-1.0317794839053316,-1.7331012363270777,-1.4812541259972123,-1.4266947173551456,-1.0062347403726155,-1.847154694337676,Condiciones benignas
2021-02-18,719.78,753.1047723663343,-0.04525874828662695,-1.118873941901907,2.75772727272727,3.8187232350766838,-1.0609959623494138,-1.7821767565350453,-1.4505253492184762,-1.416085913672975,-0.988631905613522,-1.8435399217324282,Condiciones benignas
2021-02-19,712.14,750.6947745792252,-0.05272462252724433,-1.3034431679096823,2.800625,3.8887287898612084,-1.0881037898612083,-1.827710332369494,-1.5655767501395883,-1.4160617724501297,-0.9906486134203052,-1.8414749314799543,Condiciones benignas
2021-02-22,707.12,754.7697391605849,-0.0652123387358366,-1.6121609470929055,2.91,3.9449266968166845,-1.0349266968166844,-1.7383876746336475,-1.6752743108632764,-1.419029247764243,-0.999452935868985,-1.8386055596595008,Condiciones benignas
2021-02-23,709.65,747.792052179259,-0.052353043470685014,-1.294257095835666,2.91838709677419,3.9436476668984692,-1.025260570124279,-1.7221512826696461,-1.508204189252656,-1.4219842315650804,-1.0092844089246902,-1.8346840542054703,Condiciones benignas
2021-02-24,706.76,745.0045673943312,-0.05269920334296304,-1.3028147620435586,2.94428571428571,3.9752397357550224,-1.0309540214693125,-1.7317146900827278,-1.5172647260631433,-1.4314013413096331,-1.02672755695634,-1.8360751256629262,Condiciones benignas
2021-02-25,703.65,754.2597666630967,-0.06945575335345633,-1.7170654400380463,3.01481481481482,4.158973106954332,-1.1441582921395124,-1.9218662336212984,-1.8194658368296723,-1.455256894930882,-1.0701595197985416,-1.8403542700632223,Condiciones benignas
2021-02-26,708.04,758.6006443548953,-0.06897488938155488,-1.7051776572749742,2.98282608695652,4.042905275617498,-1.0600791886609777,-1.7806368329005424,-1.7429072450877583,-1.4738393647825332,-1.108326130163763,-1.8393525994013034,Condiciones benignas
2021-03-01,719.91,750.9008100542354,-0.04214736168608698,-1.041955124605416,2.89275862068965,3.979511803716565,-1.0867531830269146,-1.8254416902702675,-1.4336984074378418,-1.4829475982767901,-1.123247232615636,-1.8426479639379443,Condiciones benignas
2021-03-02,721.2,753.5366175814298,-0.04386112221411362,-1.0843222264378727,2.86387387387388,3.9999854125968763,-1.1361115387229965,-1.9083499362805167,-1.4963360813591948,-1.493757697332532,-1.1406960079272606,-1.846819386737803,Condiciones benignas
2021-03-03,726.74,752.171378825528,-0.03439541590515393,-0.8503137190943127,2.97139534883721,4.145467070519309,-1.1740717216820984,-1.9721124369348306,-1.4112130780145717,-1.5030744272398748,-1.1486244619056445,-1.8575243925741052,Condiciones benignas
2021-03-04,731.3,756.1122338650404,-0.03336605037734398,-0.8248660363951654,3.00578947368421,4.253011519164559,-1.247222045480349,-2.094984541478544,-1.4599252889368546,-1.512496076881544,-1.1556525710026837,-1.8693395827604042,Condiciones benignas
2021-03-05,729.15,757.7233814725737,-0.038438914784646734,-0.9502759518481262,3.0964705882353,4.178862272938971,-1.0823916847036703,-1.8181155917635958,-1.384195771805861,-1.5097235694257598,-1.1467088988789054,-1.8727382399726145,Condiciones benignas
2021-03-08,733.11,763.4013724095901,-0.04048817922863014,-1.0009372863578265,3.06958333333333,4.184109230105365,-1.1145258967720355,-1.872092089196249,-1.4365146877770378,-1.511230699083753,-1.1443862152097057,-1.8780751829578004,Condiciones benignas
2021-03-09,738.46,768.2410366090891,-0.03953659699967203,-0.9774125403172305,3.06391304347826,4.075856388309469,-1.0119433448312087,-1.6997820652352125,-1.3385973027762215,-1.5116364572744243,-1.1475820059624822,-1.8756909085863667,Condiciones benignas
2021-03-10,733.42,761.7755977073252,-0.037933495604304174,-0.9377811221846685,3.1115,4.080348805945152,-0.9688488059451522,-1.627395281249476,-1.2825882017170722,-1.4947379518093953,-1.1211901773988924,-1.8682857262198982,Condiciones benignas
2021-03-11,728.89,760.9606851011426,-0.04305886538259569,-1.0644890605311739,3.052,4.085870364755536,-1.0338703647555358,-1.736613331927957,-1.4005511962295656,-1.4869459196255614,-1.112723680406176,-1.861168158844947,Condiciones benignas
2021-03-12,718.4,756.0061936895966,-0.051023051869088946,-1.261377420583712,3.10565217391304,4.120550167494016,-1.0148979935809759,-1.7047450495560013,-1.4830612350698567,-1.4802447100958822,-1.1145257294154671,-1.8459636907762973,Condiciones benignas
2021-03-15,718.37,755.395413958507,-0.050256582598654086,-1.2424289846144494,3.09375,4.089733131372878,-0.995983131372878,-1.6729733661787238,-1.4577011753965867,-1.4727673266209687,-1.1082314075957929,-1.8373032456461442,Condiciones benignas
2021-03-16,721.49,752.2104385436578,-0.04169760518724496,-1.0308363719707112,3.06411764705882,4.103836052786166,-1.039718405727346,-1.7464364067190679,-1.3886363893448896,-1.4654541332030018,-1.0999663657155927,-1.8309419006904106,Condiciones benignas
2021-03-17,723.47,751.0810134962202,-0.03745443999724912,-0.9259380453045624,3.128,4.108671055414648,-0.9806710554146478,-1.6472533570218277,-1.286595701163195,-1.4583634539351629,-1.0974954056356359,-1.8192315022346897,Condiciones benignas
2021-03-18,730.93,748.691088274296,-0.024008770302466773,-0.5935380116660417,3.20225806451613,4.2223161586007985,-1.0200580940846684,-1.7134125765828732,-1.1534752941244575,-1.4442931293992156,-1.0777558420848428,-1.8108304167135885,Condiciones benignas
2021-03-19,724.59,750.1746434893922,-0.03470005976089158,-0.8578450381132723,3.25554054054054,4.205778794855671,-0.9502382543151308,-1.596134754613846,-1.226989896363559,-1.4379643317864743,-1.0756441565895047,-1.8002845069834437,Condiciones benignas
2021-03-22,717.96,746.503753703788,-0.038986788180932576,-0.9638203226001263,3.25375,4.173892804788034,-0.9201428047880341,-1.5455828085857972,-1.2547015655929616,-1.4320727224717638,-1.0754321832985687,-1.7887132616449588,Condiciones benignas
2021-03-23,716.46,748.56575807893,-0.043836634372337056,-1.0837168449570662,3.254,4.139760886936322,-0.8857608869363214,-1.4878307934841222,-1.2857738192205943,-1.4276277971336593,-1.083121873957565,-1.7721337203097534,Condiciones benignas
2021-03-24,720.62,751.2828649989743,-0.04167027940161926,-1.0301608316467727,3.28257575757576,4.158562066901175,-0.8759863093254155,-1.4714122342800604,-1.2507865329634167,-1.425150310337838,-1.091590209007974,-1.7587104116677017,Condiciones benignas
2021-03-25,723.35,749.0874840967999,-0.034962578818221034,-0.8643349598105847,3.29666666666667,4.135498041750115,-0.8388313750834443,-1.4090023264704186,-1.1366686431405015,-1.4189103141291992,-1.094744320606749,-1.7430763076516491,Condiciones benignas
2021-03-26,730.82,746.5086616171359,-0.021240028483851685,-0.5250899615104461,3.49090909090909,4.14058429277853,-0.64967520186943994,-1.091272808904077,-0.8081813852072616,-1.3992162122414054,-1.0815970933947907,-1.7168353310880198,Condiciones benignas
2021-03-29,729.5,753.6524877532397,-0.03257200222799574,-0.8052358032014717,3.49977941176471,4.129814727174579,-0.6300353154098689,-1.0582832873683599,-0.9317595452849158,-1.385281247681414,-1.0781647011125333,-1.6923977942502948,Condiciones benignas
2021-03-30,736.17,747.242950349859,-0.014929296675857823,-0.3690778391782384,3.48897617641268,4.115694022057022,-0.6267178456443423,-1.052710865119422,-0.7108943521488301,-1.3593106028175677,-1.052298451023111,-1.6663227546120243,Condiciones benignas
2021-03-31,732.11,750.7293417941079,-0.0251144138316164,-0.6208714174854755,3.49554356846473,4.1489201875305355,-0.6533766190658057,-1.0974901555554206,-0.859180786520448,-1.338574824835009,-1.0320139310837155,-1.6451357185863023,Condiciones benignas
2021-04-01,721.82,747.0954678039371,-0.034417178247257506,-0.8508517215450266,3.4575799086758,4.010965968855358,-0.5533860601795586,-0.9295339556793912,-0.8901928386122089,-1.3198970744814666,-1.0230798570718194,-1.6167142918911137,Condiciones benignas
2021-04-05,717.12,750.2095629437957,-0.04510939414645588,-1.1151816511983668,3.35273652085453,4.0276909926733815,-0.6749544718188514,-1.133734918963624,-1.1244582850809954,-1.3051931256461802,-1.0168044731814423,-1.593581778110918,Condiciones benignas
2021-04-06,717.9,748.1759009715602,-0.0413078284725397,-1.021200422552006,3.3125925925926,4.004520946880947,-0.6919283542883478,-1.1622462987226094,-1.0917233606373076,-1.2857414273053145,-0.997105789030079,-1.5743770655805502,Condiciones benignas
2021-04-07,718.17,744.3813104285339,-0.035847107734343193,-0.8862020328643981,3.34192307692308,4.03928012223117,-0.6973570453080902,-1.1713649827677135,-1.0287835078160559,-1.2697607379240945,-0.9835039535977033,-1.5560175222504857,Condiciones benignas
2021-04-08,714.21,742.1373634146756,-0.03835731518695914,-0.9482586697318793,3.34435364041604,3.9653567875371833,-0.6210031471211432,-1.0431117683838431,-0.9956852190578612,-1.2523747543572519,-0.971685417187314,-1.5330640915271896,Condiciones benignas
2021-04-09,708.09,745.0404947178135,-0.05086736796938959,-1.257528647359934,3.39,3.9659054986127185,-0.5759054986127186,-0.9673603199352268,-1.1124444836475804,-1.2288073759178488,-0.9563675240980436,-1.5012472277376538,Condiciones benignas
2021-04-12,711.23,745.2512029326053,-0.04672548115258911,-1.155134095918165,3.4413197704747,4.006778799341472,-0.5654590288667716,-0.9498131696823193,-1.0524736328002422,-1.2057929221749315,-0.9380327387194833,-1.4735531056303799,Condiciones benignas
2021-04-13,709.51,749.1020668329431,-0.05430065410472378,-1.342405373680127,3.55,3.937954956167978,-0.38795495616797837,-0.6516559251876263,-0.9970306494338765,-1.191237330241466,-0.9480477470219737,-1.4344269134609584,Condiciones benignas
2021-04-14,708.71,746.6539223966182,-0.05215537175695582,-1.2893703117792004,3.66524390243902,4.010858602226004,-0.3456146997869839,-0.5805361250511082,-0.9349532184151543,-1.1725245681433314,-0.9548826832000179,-1.3901664530866449,Condiciones benignas
2021-04-15,707.25,747.0909945985793,-0.05480278091747192,-1.354818810365475,3.59531914893617,3.9502160816860696,-0.3548969327498994,-0.5961276828159657,-0.9754732465907203,-1.1579999070958698,-0.9716995195757233,-1.344300294616016,Condiciones benignas
2021-04-16,701.98,742.3510843324003,-0.05591737714888788,-1.3823735423517742,3.48243055555556,3.965995105923666,-0.483564550368106,-0.8122533285065848,-1.0973134354291796,-1.1459128453122804,-0.9902831031076103,-1.3015425875169506,Condiciones benignas
2021-04-19,701.55,736.6871460856873,-0.048871132733585884,-1.2081782858982775,3.4975,4.0343275373596255,-0.5368275373596254,-0.9017202640731629,-1.05494927498572,-1.1349379620849425,-0.9988798475759486,-1.2709960765939363,Condiciones benignas
2021-04-20,700.96,739.80891932701,-0.05394111166318304,-1.3335168673895854,3.50625,4.04937824564011,-0.5431282456401096,-0.9123036934599459,-1.1229102804247657,-1.1244844818398667,-1.0099658336103405,-1.2390031300693929,Condiciones benignas
2021-04-21,697.19,736.9162024537377,-0.05541621439164874,-1.369983938773359,3.56849660523763,4.022959240997857,-0.4544626357602275,-0.7633702435323667,-1.066677091152863,-1.1154204747857548,-1.0230515468922117,-1.207789402679298,Condiciones benignas
2021-04-22,696.8,738.5501755772386,-0.05819061668065333,-1.4385719254728824,3.62353562005277,4.0499510653293,-0.4264154452765302,-0.7162588003790186,-1.0774153629259504,-1.108581380159384,-1.0397445736684854,-1.1774181866502826,Condiciones benignas
2021-04-23,705.41,733.8108001718864,-0.039472035898589115,-0.9758164790827328,3.57269254467036,4.028718468993425,-0.45602592432306555,-0.765996131508677,-0.8709063052957049,-1.0909265504615886,-1.0367888209535374,-1.14506427996964,Condiciones benignas
2021-04-26,712.54,737.112929357623,-0.033905057969582125,-0.8381912292534212,3.66508137432188,4.024659572627609,-0.35957819830572885,-0.6039909009250086,-0.7210910650892148,-1.0655275447955672,-1.022682614575861,-1.1083724750152737,Condiciones benignas
2021-04-27,707.05,734.4576259382324,-0.038030918165638666,-0.9401895751215499,3.77188226255642,4.079451349790635,-0.3075690872342151,-0.5166301265499067,-0.7284098508357283,-1.041217833976872,-1.0126079675927644,-1.0698277003609797,Condiciones benignas
2021-04-28,702.02,731.5864253063803,-0.041253467893448824,-1.01985653572981,3.8725195968645,4.079315510354309,-0.2067959134898091,-0.3473593523879948,-0.6836079440589024,-1.0177168858006724,-1.012241973051401,-1.023191798549944,Condiciones benignas
2021-04-29,700.15,729.4923594599901,-0.04105429643929608,-1.0149326755158488,3.86440347071583,4.125030295159803,-0.2606268244439731,-0.4377802415242576,-0.7263564585200531,-0.9990422443792344,-1.0152084607251104,-0.9828760280333583,Condiciones benignas
2021-04-30,705.09,731.865342042134,-0.03727108384100653,-0.9214051664010654,3.76270502945174,4.148172324526071,-0.3854672950743307,-0.6474773496448709,-0.7844412580229682,-0.9867411098425181,-1.0261373658829447,-0.9473448538020915,Condiciones benignas
2021-05-03,711.06,732.3255071440851,-0.029468282582034558,-0.7285065261820919,3.66909090909091,4.1317787929258545,-0.4626878838349446,-0.7771863620245009,-0.7528464441032964,-0.9709363281005093,-1.0218260821519052,-0.9200465740491134,Condiciones benignas
2021-05-04,706.29,733.7487564626457,-0.038140758346083097,-0.9429050129170179,3.5217570241393,4.116623444220221,-0.5948664200809209,-0.9992093699997435,-0.9710571914583808,-0.9614815156293566,-1.0211289051624683,-0.9018341260962449,Condiciones benignas
2021-05-05,705.25,731.0362070980437,-0.03591063955493439,-0.8877726485184347,3.47523287671233,4.184699566133383,-0.7094666894210527,-1.1917058012381667,-1.0397392248783008,-0.9532803624846135,-1.0145974319478472,-0.8919632930213797,Condiciones benignas
2021-05-06,703.09,726.4901743974842,-0.03274005196950873,-0.8093902812601985,3.53794086589229,4.1673018388350425,-0.6293609729427521,-1.0571505804462913,-0.9332704308532449,-0.9426964924142744,-1.0072384136016281,-0.8781545712269208,Condiciones benignas
2021-05-07,701.27,722.4729207357699,-0.02978696240439135,-0.7363848383878738,3.482,4.198269577695102,-0.7162695776951025,-1.2031327526965583,-0.969758795542216,-0.937132830827665,-1.0029734095542044,-0.8712922521011254,Condiciones benignas
2021-05-10,694.47,720.399841406901,-0.03665742843876252,-0.9062345515504325,3.47682926829268,4.36099783494064,-0.8841685666479606,-1.4851561403208886,-1.1956953459356605,-0.9500499628519449,-1.015678229222204,-0.8844216964816858,Condiciones benignas
2021-05-11,693.74,722.2518150786148,-0.04027660188996216,-0.9957067313846014,3.48173913043478,4.352327830794239,-0.8705887003594583,-1.462345759400464,-1.2290262453925327,-0.9599588528555321,-1.0220272601616416,-0.8978904455494225,Condiciones benignas
2021-05-12,700.04,731.6459662222231,-0.04415926799378058,-1.09169290186276,3.58954248366013,4.429841258714056,-0.8402987750539259,-1.411467148404464,-1.251580025133612,-0.9779817086216915,-1.0461144289177924,-0.9098489883255907,Condiciones benignas
2021-05-13,707.19,724.460912058582,-0.024128437743368356,-0.5964963962079851,3.54975609756098,4.368287976346951,-0.8185318787859714,-1.3749048447131682,-0.9857006204605767,-0.9821990364196957,-1.0453019282085427,-0.9190961446308489,Condiciones benignas
2021-05-14,708.64,712.6024023400972,-0.005575984223409278,-0.13784790088576582,3.60120656370656,4.334413964053685,-0.7332074003471253,-1.2315835620379108,-0.6847157314618383,-0.9753497995146835,-1.0215351341865673,-0.9291644648427996,Condiciones benignas
2021-05-17,703.17,714.0979234766774,-0.015421417317261914,-0.38124390613289577,3.81840277777778,4.346721819121739,-0.528319041343959,-0.8874283681844979,-0.6343361371586969,-0.9590123945839402,-0.997070542684385,-0.9209542464834953,Condiciones benignas
2021-05-18,715.62,714.4589404931234,0.0016237701697554056,0.04014238571228431,3.75373831775701,4.390545992986368,-0.6368076752293583,-1.0696589595532566,-0.5147582869204862,-0.9397802254600461,-0.9616924490755753,-0.9178680018445169,Condiciones benignas
2021-05-19,713.63,715.9458045949353,-0.0032398514484812246,-0.08009468884074054,3.78882352941176,4.390225072054254,-0.6014015426424942,-1.0101865498794422,-0.5451406193600914,-0.9236587958448473,-0.9348222042747867,-0.9124953874149079,Condiciones benignas
2021-05-20,715.31,714.2144964582698,0.0015326827331737913,0.03789054793320184,3.83727272727273,4.3114680324972,-0.4741953052244697,-0.7965156145907909,-0.37931253332879455,-0.9031130396538785,-0.9019505636859506,-0.9042755156218062,Condiciones benignas
2021-05-24,716.41,714.4217957138727,0.002779090556576734,0.06870388872107101,3.956875,4.300961476721476,-0.3440864767214754,-0.5779691373124187,-0.25463262429567385,-0.8745193110088149,-0.8577428124832505,-0.8912958095343793,Condiciones benignas
2021-05-25,727.09,711.4810293105002,0.02170151207139707,0.5364986279068281,4.01316428948759,4.318438401591238,-0.3052741121036479,-0.5127752095854105,0.011861709160708833,-0.8390414662767831,-0.8013550550224173,-0.8767278775311489,Condiciones benignas
2021-05-26,734.75,707.7979001219564,0.03737170415957446,0.9238926733855396,3.9481221719457,4.356249055451013,-0.4081268835053125,-0.6855391267367681,0.11917677332438575,-0.8018345521848411,-0.7258117867868952,-0.877857317582787,Condiciones benignas
2021-05-27,732.82,706.0202126406723,0.03725623867783533,0.9210381684865332,3.97252589641434,4.410283974284343,-0.4377580778700025,-0.735311253812716,0.0928634573369086,-0.767573996326439,-0.6521315041113707,-0.8830164885415073,Condiciones benignas
2021-05-28,730.43,707.1101127934274,0.03244700152701812,0.802145571316189,3.9075,4.408927397353275,-0.5014273973532745,-0.8422579202601823,-0.020056174471996646,-0.7357267605891482,-0.5802326913886485,-0.8912208297896478,Condiciones neutrales
2021-05-31,724.92,704.8575832197109,0.028065531150503503,0.6938281030457314,3.84280119482243,4.422095949522721,-0.5792947547002903,-0.9730533231468884,-0.1396126100505785,-0.7038033997431948,-0.5110259698753984,-0.8965808296109913,Condiciones neutrales
2021-06-01,722.11,704.2691024931845,0.02501695087910573,0.61846196600939,3.87346907993967,4.399102646362082,-0.5256335664224121,-0.8829175206834001,-0.13222777733700508,-0.6730460164882377,-0.4501379614784761,-0.8959540714979992,Condiciones neutrales
2021-06-02,721.52,705.9783499406271,0.021775526640893765,0.5383283951068947,3.92976744186047,4.3831913775998546,-0.4534239357393846,-0.7616255177276995,-0.1116485613104024,-0.6393372925177588,-0.3877431193952601,-0.8909314656402576,Condiciones neutrales
2021-06-03,720.44,706.2963636792438,0.019827208475497023,0.49016262587282444,4.0607476635514,4.420675665692435,-0.3599280021410351,-0.6045784736272168,-0.0572079238771962,-0.6056883202752367,-0.32573823390705403,-0.8856384066434193,Condiciones neutrales
2021-06-04,719.93,707.3257658869411,0.017662653170479322,0.43665110338766877,4.25173535791757,4.3025138855092075,-0.05077852759163769,-0.08529373797474195,0.17567868270646342,-0.5639185187541562,-0.2632307996117023,-0.8646062378966101,Condiciones neutrales
2021-06-07,717.12,708.6446071046875,0.011889049125709091,0.29391770131385037,4.3740932642487,4.327372375720605,0.04672088852809411,0.07847803812095275,0.18619786971740154,-0.528681712920386,-0.22090632693181622,-0.8364570989089557,Condiciones neutrales
2021-06-08,716.06,711.132093570308,0.006905764172917862,0.17072234373482786,4.37610385619911,4.292935126162888,0.08316873003622217,0.13970022771140397,0.15521128572311593,-0.49947163455997495,-0.1872758744988746,-0.8116673946210753,Condiciones neutrales
2021-06-09,717.82,713.1921143496513,0.006468012028641919,0.1599003593498386,4.30250624824313,4.289954762269595,0.012551485973535371,0.02108298933812885,0.09049167434398372,-0.47217491705398457,-0.15060621001649496,-0.7937436240914741,Condiciones neutrales
2021-06-10,718.98,708.7017715682977,0.014398735365782673,0.3559614529126505,4.22890864028715,4.2199765811899095,0.008932059097240945,0.015003363515023346,0.18548240821383694,-0.44320523864489325,-0.10474561039507961,-0.7816648668947068,Condiciones neutrales
2021-06-11,720.77,709.3894200260573,0.015915456753023357,0.39345740897757664,4.12616615853659,4.227253280174586,-0.10108712163799641,-0.16979811890079383,0.1118296450383914,-0.41526570185961176,-0.057799274245298765,-0.7727321294739248,Condiciones neutrales
2021-06-14,720.28,717.7832360281274,0.003472401516237141,0.08584372567560397,4.21052346570398,4.230350361456358,-0.019826895752378056,-0.033303644894074315,0.026270040390764828,-0.3882419919124873,-0.024224311176076457,-0.7522596726488981,Condiciones neutrales
2021-06-15,719.17,719.0593320211084,1.53894760239738e-4,0.003804542625372814,4.26005988023952,4.24361075662001,0.01644912361951062,0.027629931517504897,0.015717237071438857,-0.36262320253999614,1.8605778417236723e-4,-0.7254324628641646,Condiciones neutrales
2021-06-16,725.11,723.9065869051306,0.0016610070339072671,0.04106294490923342,4.22645295902883,4.313170626367841,-0.08671766733901079,-0.1456614507469983,-0.05229925291888243,-0.3319979379220129,0.032984989711714076,-0.6969808655557398,Condiciones neutrales
2021-06-17,726.62,735.4335644895388,-0.012056564089761631,-0.2980589587558374,4.26002486325212,4.161273719898082,0.09875114335403815,0.16587432809557504,-0.06609231533013117,-0.2995430409370739,0.052642112703800654,-0.6517281945779484,Condiciones neutrales
2021-06-18,735.69,742.6025423746308,-0.009352131000704993,-0.23120073077747214,4.26065693430657,4.137000744020781,0.12365619028578861,0.2077078480496905,-0.011746441363890817,-0.26882557462076206,0.07191509771989153,-0.6095662469614157,Condiciones neutrales
2021-06-22,746.17,738.826806119738,0.009889925289309945,0.2444959286873437,4.30993939393939,4.044725753548376,0.26521364039101425,0.4454848106813541,0.34499036968434893,-0.22500060244654324,0.10461112328906545,-0.554612328182152,Condiciones neutrales
2021-06-23,749.34,735.7181316670794,0.018345747005591495,0.4535383554862135,4.32655263157895,4.052839737691161,0.2737128938877897,0.4597611817207983,0.4566497686035059,-0.16992243196190437,0.14993688685695367,-0.4897817507807624,Condiciones neutrales
2021-06-24,735.13,734.0365892790028,0.0014884777953068726,0.03679772599368518,4.35098918083463,4.060990678553919,0.28999850228071133,0.4871164533465528,0.261957089670119,-0.12022298745981598,0.18435370210289653,-0.4247996770225285,Condiciones neutrales
2021-06-25,731.1,727.4876539295302,0.004953220941224494,0.12245212360980139,4.47211334552103,4.112567580337528,0.35954576518350256,0.6039364223420314,0.3631942729759164,-0.0663971775228317,0.2248252029519819,-0.35761955799764533,Condiciones neutrales
2021-06-29,732.25,735.1959562552408,-0.0040150851216109364,-0.09925979588825538,4.48381679389313,4.03443444410673,0.4493823497863997,0.7548367826141383,0.32778849336294147,-0.022614207062047764,0.2413997562959729,-0.28662817042006844,Condiciones neutrales
2021-06-30,735.28,733.9823149438547,0.001766444807547268,0.04366954765199657,4.62,4.048501131535895,0.5714988684641056,0.9599584125725309,0.5018139801122637,0.016936783323755637,0.2474503379138983,-0.21357677126638705,Condiciones neutrales
2021-07-01,727.76,735.2736074665046,-0.010271361485775597,-0.2539256861791055,4.62476314211473,4.023322707932191,0.6014404341825391,1.010251876799764,0.3781630953103292,0.05068675773938984,0.25169427857902466,-0.15032076310024498,Condiciones neutrales
2021-07-02,737.79,739.805526677098,-0.0027281186099678474,-0.06744377471023871,4.78028457598179,3.9565877140636436,0.8236968619181468,1.3835805731916024,0.6580683992406818,0.08978098061142878,0.24810807323160722,-0.06854611200874969,Condiciones neutrales
2021-07-05,735.06,741.6127643855642,-0.008875097524031454,-0.2194076444312772,4.98259157509158,3.9871119094955105,0.9954796655960693,1.6721276843505362,0.7263600199596295,0.13216433525541949,0.243464308045256,0.02086436246558293,Condiciones neutrales
2021-07-06,734.66,742.7359880780103,-0.010932842087832045,-0.2702786220585371,4.9355421686747,3.9247998560167323,1.0107423126579675,1.6977646667728643,0.7137430223571636,0.1685995204449514,0.2331920023788647,0.1040070385110381,Condiciones neutrales
2021-07-07,743.25,739.8996464197141,0.0045178978225912944,0.11169018890799526,4.85540041067762,3.909883875202991,0.9455165354746291,1.5882035862898856,0.8499468875989404,0.20541883750810522,0.2346248790517622,0.17621279596444825,Condiciones neutrales
2021-07-08,751.36,753.8773822797215,-0.0033448340525936084,-0.08269003901150648,4.58293096487687,3.8532169871352036,0.7297139777416666,1.2257155881820854,0.5715127745852895,0.2240738730222579,0.21398525682115102,0.23416248922336477,Condiciones neutrales
2021-07-09,753.67,743.612891038914,0.013434014739187695,0.33211190313110384,4.52576382380506,3.9039688817706857,0.6217949420343742,1.0444417625971842,0.688276832864144,0.24304387500691652,0.1942592311460032,0.29182851886782984,Condiciones neutrales
2021-07-12,748.7,744.5588810370303,0.005546432211621648,0.13711732442990493,4.51198529411765,3.913446209320456,0.5985390847971943,1.0053784205184608,0.5712478724741828,0.258990022178159,0.16812853634411556,0.34985150801220244,Condiciones neutrales
2021-07-13,744.1,744.856462828404,-0.0010160980691830313,-0.025119688348996055,4.51178004535147,3.9782538729683665,0.5335261723831037,0.8961748933698027,0.43552760251040334,0.27417614807757235,0.1405530276886094,0.40779926846653525,Condiciones neutrales
2021-07-14,746.56,743.7150524639032,0.0038180213610369326,0.0943880414773057,4.39697105444521,3.9633438552316154,0.43362719921359427,0.7283725319072949,0.4113802866923003,0.2925425779690016,0.1205716923029952,0.464513463635008,Condiciones neutrales
2021-07-15,747.93,742.288708749403,0.007571127868610103,0.18717127635406183,4.24531722054381,3.9368559456542704,0.3084612748895394,0.5181287525185351,0.35265001443629845,0.30870517102811174,0.10619533598115094,0.5112150060750725,Condiciones neutrales
2021-07-19,754.17,757.6153931182328,-0.004558053145631069,-0.11268289741803417,4.13147887323944,3.8433192807957117,0.28815959244372863,0.48402759864292394,0.1856723506124449,0.31861586809220666,0.08449495956365331,0.5527367766207599,Condiciones neutrales
2021-07-20,759.71,752.3946343087678,0.009675815546177125,0.239202768329009,4.11907692307692,3.85225068968141,0.2668262333955105,0.4481935163431554,0.3436981423360822,0.3319794036326493,0.07612963097885946,0.587829176286439,Condiciones neutrales
2021-07-21,758.85,752.3236221613647,0.008637549410787735,0.21353504733307413,4.22676724137931,3.898496970066874,0.32827027131243597,0.5514023315404558,0.382468689436765,0.33887240385699263,0.06869242911037297,0.6090523786036123,Condiciones neutrales
2021-07-22,755.37,750.0909524891322,0.007013226267700033,0.17337899117086603,4.26558857673555,3.8949473239306247,0.37064125280492544,0.6225737412791699,0.397976366225018,0.3459316870739132,0.06467447210560683,0.6271889020422196,Condiciones neutrales
2021-07-23,750.81,752.0353031421025,-0.0016306447656956051,-0.040312337523807425,4.29590200445434,3.846475385160452,0.4494266192938879,0.7549111430170696,0.3572994027466311,0.3526679576413637,0.057639982730318985,0.6476959325524084,Condiciones neutrales
2021-07-26,758.44,755.9503555990335,0.00328798533970042,0.08128464125096715,4.36461873638344,3.842268529425525,0.5223502069579148,0.8774023942091964,0.47934351773008177,0.36562968575423366,0.055019458793689933,0.6762399127147773,Condiciones neutrales
2021-07-27,764.21,761.2636587095006,0.0038628591681985802,0.09549650903207486,4.42089759182681,3.7940261608324732,0.6268714309943365,1.0529688455930686,0.5742326773125718,0.3785880280575248,0.046337293997670746,0.7108387621173788,Condiciones neutrales
2021-07-28,761.03,755.8212228586655,0.006867908383974811,0.16978648365468876,4.53448512585812,3.7839641268376836,0.7505209990204362,1.260665570096853,0.7152260268757709,0.39870124078543745,0.03888159648690782,0.7585208850839671,Condiciones neutrales
2021-07-29,767.29,750.054821214837,0.022718527574418813,0.5616409967950441,4.4958940397351,3.893304750975446,0.6025892887596545,1.012181631479923,0.7869113141374835,0.4240559499103281,0.05474150552422249,0.7933703942964336,Condiciones neutrales
2021-07-30,758.53,751.6503460233079,0.009111099327931662,0.22524201410835068,4.43113744075829,3.873378822015826,0.557758618742464,0.9368786322982754,0.581060323203313,0.4429007194480572,0.062122754573655084,0.8236786843224593,Condiciones neutrales
2021-08-02,760.2,750.4112139792433,0.012960214972603521,0.320398759648811,4.37222222222222,3.8388289704421235,0.5333932517800964,0.8959516238970145,0.6081751917729128,0.46491653427111707,0.07143394839830768,0.8583991201439264,Condiciones neutrales
2021-08-03,761.39,747.9509314154546,0.017808334050308634,0.44025258479060286,4.41272925764192,3.8223953925207628,0.5903338651211573,0.991595944139836,0.7159242644652194,0.49098375359762875,0.09604433318318902,0.8859231740120684,Condiciones neutrales
2021-08-04,774.54,746.4620985187779,0.03692446130182319,0.9128360622731305,4.46333333333333,3.8340411040872295,0.6292922292461007,1.0570351102440683,0.9849355862585993,0.5242064878517118,0.13417889295154242,0.914234082751881,Condiciones neutrales
2021-08-05,775.54,749.396029406972,0.03429197292963557,0.8477564311850827,4.57382978723404,3.8491583779579175,0.724671409276122,1.217245482138863,1.032500956661973,0.5471235074176325,0.15428757636813373,0.9399594384671314,Condiciones neutrales
2021-08-06,776.69,746.6085706274168,0.03950025440039732,0.9765140888830033,4.64204019488429,3.8985905941394066,0.7434496007448831,1.2487875968621702,1.1126508428725868,0.5689902098932685,0.17172010081469338,0.9662603189718437,Condiciones neutrales
2021-08-09,784.5,749.2272939265451,0.04600417150519825,1.1373020833446637,4.67018115642319,3.895844255189397,0.7743369012337934,1.300669631249518,1.2189858572970909,0.6008911688141676,0.20840357939305934,0.9933787582352759,Condiciones neutrales
2021-08-10,787.4,750.0227640864349,0.048632820324650425,1.2022867940987014,4.67,3.9236566113564555,0.7463433886435444,1.253648351958652,1.2279675730286768,0.6297169454825929,0.24439806840935602,1.01503582255583,Condiciones neutrales
2021-08-11,780.08,749.5084704772432,0.03997885954407932,0.988346029535331,4.7587460815047,3.9085336070445074,0.8502124744601928,1.4281193933517502,1.2082327114435407,0.6590650860852796,0.28065159592347555,1.0374785762470837,Condiciones neutrales
2021-08-12,773.01,746.1890988937656,0.03531293326037127,0.8729963229854767,4.7495061728395,3.9391313559944954,0.8103748168450048,1.361203259873376,1.1170997914294265,0.679574613129185,0.3082958217679249,1.0508534044904452,Condiciones neutrales
2021-08-13,772.78,746.0334071203968,0.03522402178241134,0.8707982786384405,4.76111111111111,3.8745292322512626,0.8865818788598474,1.4892098305166204,1.1800040545775303,0.7063026451047584,0.34578662059517645,1.0668186696143405,Condiciones neutrales
2021-08-16,774.25,748.8956385258446,0.033295179455455695,0.8231139855598847,4.72061712156089,3.8796510132379582,0.8409661083229316,1.4125880818321945,1.1178510336960397,0.721628732919937,0.3754718792708472,1.067785586569027,Condiciones neutrales
2021-08-17,784.18,754.6988156043234,0.03831983590496052,0.9473321175496613,4.72512755102041,3.8936468067901284,0.8314807442302821,1.3966553205276562,1.1719937190386587,0.7364831895559046,0.4143632046702118,1.0586031744415973,Condiciones neutrales
2021-08-18,789.62,765.0274461184637,0.03164010661714001,0.7821977441514092,4.77084005695301,3.9090938013433343,0.8617462556096755,1.4474929229494065,1.1148453335504078,0.7498532665956794,0.44944575021054334,1.0502607829808155,Condiciones neutrales
2021-08-19,787.71,770.7084403528524,0.02181985755197546,0.539424331320507,4.84528214077952,3.881764033851434,0.9635181069280856,1.6184411963882448,1.078932763854376,0.7574861291375273,0.4637035549576271,1.0512687033174275,Estrés moderado
2021-08-20,789.98,769.8624936309552,0.025795709484485452,0.6377142154324855,4.86631578947368,3.847787942471431,1.0185278470022496,1.710842189061319,1.1742782022469023,0.7775783100595811,0.4877170301057602,1.067439590013402,Estrés moderado
2021-08-23,786.43,769.0478462868972,0.022350530221493352,0.5525434705826623,4.8852,3.8405821562288613,1.044617843771139,1.7546660936468075,1.1536047821147348,0.7930892417012674,0.4950647490208121,1.0911137343817228,Estrés moderado
2021-08-24,783.3,766.9952986671423,0.02103509253301122,0.5200235930439098,4.86014992503748,3.8748011794988098,0.9853487455386706,1.6551105694044714,1.0875670812241907,0.8102998819929343,0.5078282913079456,1.112771472677923,Estrés moderado
2021-08-25,782.17,763.0995700274857,0.02468358738316936,0.610220648188969,4.79222826086957,3.903208982560781,0.889019278308789,1.493303980540223,1.051762314364596,0.8308410390547407,0.5290063025258778,1.1326757755836037,Estrés moderado
2021-08-26,783.03,769.5435071547566,0.017373518240089533,0.4295031916235614,4.76438596491228,3.913553362857323,0.8508326020549564,1.4291610344368175,0.9293321130301895,0.8481060999326704,0.5401768075307529,1.1560353923345879,Estrés moderado
2021-08-27,785.06,764.9510296960694,0.025948329674169292,0.6414872484859833,4.74145374449339,3.8698713587993403,0.87158238569405,1.4640148731100937,1.0527510607980384,0.8714428014780617,0.5553206732684837,1.1875649296876398,Estrés moderado
2021-08-30,784.39,765.1683227456998,0.02481050628678721,0.6133583013360122,4.71696296296296,3.8455701862864418,0.8713927766765178,1.4636963829406051,1.0385273421383086,0.8998713011955906,0.5795220465602853,1.2202205558308958,Estrés moderado
2021-08-31,779.97,763.161954348072,0.021785188686857342,0.5385672574675071,4.74421052631579,3.8843676017486963,0.8598429245670937,1.4442958586207453,0.9914315580441262,0.9214624150525254,0.5895008628649018,1.2534239672401488,Estrés moderado
2021-09-01,775.14,761.3756975769202,0.01791673283727819,0.4429323888652959,4.98093023255814,3.8554412668553457,1.1254889657027938,1.890506981733092,1.166719685299194,0.9476041149146063,0.5971474409159759,1.2980607889132367,Estrés moderado
2021-09-02,767.1,761.7878613249123,0.006949051249702894,0.1717924745729401,5.08827259820161,3.864569818922926,1.223702779278684,2.055478745940404,1.113635610256672,0.9714594230489948,0.5970945570293783,1.3458242890686112,Estrés moderado
2021-09-03,768.36,763.6268571658873,0.006179110312598968,0.15275821304468515,5.05283870967742,3.910092883793568,1.1427458258838523,1.9194936849787443,1.0361259490117147,0.9940869745911642,0.6035302420483281,1.3846437071340003,Estrés moderado
2021-09-06,766.53,766.1139662032398,5.428968712277379e-4,0.013421342510620913,5.103209677419355,3.887765654133628,1.2154440232857266,2.041606343508305,1.027513843009463,1.0123593187671436,0.6012681320903166,1.4234505054439706,Estrés moderado
2021-09-07,770.33,766.761209385057,0.0046435722303269965,0.11479707598072018,5.12,3.909478412581633,1.210521587418367,2.0333380266629546,1.0740675513218374,1.029020481234119,0.6019114843219381,1.4561294781463001,Estrés moderado
2021-09-08,777.94,766.5644785083599,0.014730584918568905,0.36416534345979645,5.28,3.9184706269450675,1.361529373054933,2.286988912403729,1.3255771279317627,1.0493655179359855,0.608390779648775,1.490340256223196,Estrés moderado
2021-09-09,787.51,769.2858235053727,0.023413486521281838,0.578821574821909,5.305246376811594,3.9051535484539768,1.4000928283576173,2.3517647420307686,1.4652931584263387,1.0719782460789473,0.6089634655830038,1.5349930265748908,Estrés moderado
2021-09-10,791.28,774.117363483785,0.021928392928898945,0.5421075121333107,5.330492753623188,3.993808416323933,1.3366843372992552,2.2452561944572786,1.3936818532952946,1.0990656304153468,0.6195256488505025,1.578605611980191,Estrés moderado
2021-09-13,789.91,770.6945638344322,0.024626875704495937,0.608818638149554,5.40623188405797,3.9481930867485113,1.4580387973094584,2.449097778786344,1.528958208467949,1.1297583976385146,0.6291396448005273,1.630377150476502,Estrés moderado
2021-09-14,784.26,767.9413215710882,0.021027272001105296,0.5198302560716644,5.2633779264214,3.9517325059014006,1.3116454205199999,2.2031978105648538,1.3615140333182592,1.1512780566002827,0.6317922338432294,1.6707638793573358,Estrés moderado
2021-09-15,783.25,768.50176170811,0.019009074457957097,0.4699369486753086,5.09554846938775,3.976612961879611,1.118935507508139,1.8794990031131025,1.1747179758942055,1.1576041362548029,0.6170289300566353,1.6981793424529703,Estrés moderado
2021-09-16,781.85,774.7335336367947,0.009143763623848283,0.22604953156995222,5.17469387755102,3.96966272271177,1.2050311548392496,2.024115634049736,1.125082582809844,1.1606901904597318,0.5963053667361309,1.7250750141833329,Estrés moderado
2021-09-20,780.59,789.9698192872246,-0.011944697291414277,-0.2952934194872263,5.14551724137931,3.9887553685101462,1.156761872869164,1.9430367275935467,0.8238716540531602,1.1510642174990844,0.5539117831237899,1.7482166518743787,Estrés moderado
2021-09-21,788.05,788.8449169119037,-0.001008205392398495,-0.024924567831518533,5.00622149837134,3.9842113629714873,1.0220101353998525,1.7166914605590324,0.8458834463637569,1.138627470467973,0.5151708947512506,1.7620840461846958,Estrés moderado
2021-09-22,785.1,785.4763511752698,-4.7925232312504473e-4,-0.011847940039009028,5.0170935035674,3.957521070896383,1.0595724326710172,1.779785624433601,0.883968842197296,1.1271608461069271,0.4746997369466602,1.7796219552671941,Estrés moderado
2021-09-23,785.03,780.2356022503864,0.006126005371059801,0.1514453677380032,5.15266047297297,4.049213405912675,1.103447067060295,1.853482750892875,1.002464059315439,1.1203018910359903,0.44680304822008254,1.7938007338518982,Estrés moderado
2021-09-24,787.24,775.6976975853361,0.014770278139513045,0.3651466280128577,5.24470588235294,4.044927586657032,1.1997782956959082,2.015292298426586,1.190219463219722,1.1227392134290002,0.4298747250543286,1.815603701803672,Estrés moderado
2021-09-27,788.98,778.6029550377348,0.013239741490949855,0.3273091349748712,5.4,4.094626904706092,1.3053730952939082,2.192662056778745,1.2599855958768083,1.125405264805643,0.41175842026554293,1.8390521093457428,Estrés moderado
2021-09-28,795.48,786.4964617654881,0.011357482261938816,0.28077645603493884,5.4954609929078,4.211069149817372,1.2843918430904282,2.1574194155935307,1.2190979358142346,1.128780161542916,0.39368050261471144,1.8638798204711207,Estrés moderado
2021-09-29,798.63,786.2697436162447,0.01559784084657959,0.3856053985993203,5.56176470588235,4.193740096537057,1.3680246093452935,2.297899094492689,1.3417522465460046,1.1344387791264943,0.37495627864970005,1.8939212796032885,Estrés moderado
2021-09-30,803.59,789.8906908684622,0.017194618963039077,0.4250804944236923,5.57031954887218,4.191682480882894,1.3786370679892865,2.315725059714209,1.3704027770689506,1.1429573605771124,0.36305237032544285,1.9228623508287819,Estrés moderado
2021-10-01,811.9,785.8738053798603,0.0325809532810302,0.8054570885964948,5.7,4.1943394194838275,1.5056605805161725,2.529089068242172,1.6672730784193333,1.1625687043959443,0.3719201289013091,1.9532172798905794,Estrés moderado
2021-10-04,803.9,787.1986918207235,0.020994199410357274,0.5190126448610141,5.82444444444444,4.259839527957389,1.5646049164870512,2.628099082629104,1.573555863745059,1.1758779597792162,0.36796340988226006,1.9837925096761722,Estrés moderado
2021-10-05,805.89,784.2235703528175,0.02725311080148927,0.6737436775413816,5.9988,4.264893828295627,1.733906171704374,2.9124778857608304,1.793110781651106,1.1971948264304284,0.372003416780884,2.022386236079973,Estrés moderado
2021-10-06,810.63,785.0970576788101,0.03200437263712926,0.7912030254089717,6.25,4.257972249213726,1.992027750786274,3.34605001508472,2.0686265202468457,1.2298968077311836,0.38104273119305276,2.0787508842693145,Estrés moderado
2021-10-07,816.28,781.4152940182662,0.043650678346010746,1.07911969280256,6.41802325581395,4.269592151688931,2.1484311041250193,3.608763946952308,2.343941819877434,1.2729694579149449,0.39667269934683913,2.149266216483051,Estrés moderado
2021-10-08,813.62,779.9686454364561,0.0422397058191634,1.0442380300789036,6.62459418070444,4.313412501584201,2.311181679120238,3.882139437681717,2.4631887338803105,1.3240980119432824,0.4171638606286838,2.231032163257881,Estrés moderado
2021-10-12,820.18,781.3268440982345,0.04853027170486412,1.1997516161982817,6.80862068965517,4.306624579493228,2.5019961101619415,4.202654365053316,2.701202990625799,1.3790464096042077,0.4357726728857605,2.322320146322655,Estrés moderado
2021-10-13,827.56,773.1570799841227,0.06799937597323166,1.6810612914038643,6.86,4.278517144474022,2.5814828555259783,4.336169887324225,3.0086155893640445,1.4447160178450655,0.4713627725546889,2.4180692631354423,Estrés moderado
2021-10-14,820.19,770.0918657892629,0.06302620678424697,1.558116012869315,6.6001321003963,4.228962309860483,2.371169790535816,3.9829027031672357,2.770509358018275,1.504018611177537,0.5053477310680825,2.5026894912869917,Estrés alto
2021-10-15,816.81,766.4014875375013,0.06370034207844703,1.574781794459649,6.39934143686502,4.266025474207058,2.1333159626579627,3.5833747327137564,2.5790782635867027,1.5510972304537873,0.5430760445878943,2.5591184163196807,Estrés alto
2021-10-18,826.19,765.3955481807126,0.07643201463825236,1.88953059338308,6.4797256097561,4.279647853829893,2.200077755926207,3.6955158910305106,2.792523242206795,1.6070601515187914,0.6003339818815656,2.6137863211560175,Estrés alto
2021-10-19,820.29,757.3702362503169,0.07980571884345493,1.9729343521211757,6.4452380952381,4.382426513875213,2.062811581362887,3.4649470722543025,2.718940712187739,1.6631539769579924,0.661006519850782,2.665301434065203,Estrés alto
2021-10-20,813.33,749.6754173515623,0.08149659525924645,2.0147357194198077,6.41014423076923,4.390880350112809,2.0192638806564207,3.3917991030313526,2.70326741122558,1.719012429231863,0.7277169990810881,2.7103078593826377,Estrés alto
2021-10-21,811.55,755.7803509799493,0.07119520641858253,1.7600677054874903,6.49551569506727,4.396374266104117,2.0991414289631525,3.5259710650490375,2.6430193852682637,1.7713108236967439,0.7825593533979804,2.760062293995507,Estrés alto
2021-10-22,817.61,755.3692076629113,0.07917880380305098,1.957435936255759,6.55910256410256,4.385461561774179,2.1736410023283814,3.6511095318621307,2.804272734058945,1.8206006772343166,0.8356683731578459,2.805532981310787,Estrés alto
2021-10-25,816.58,760.0597140617106,0.07172788546264068,1.773236445772117,6.29549222797927,4.368990908472068,1.926501319507202,3.235983919728747,2.504610182750432,1.8552445780451197,0.8754822021895194,2.8350069539007197,Estrés alto
2021-10-26,810.16,764.8954326401674,0.05749262389959377,1.4213163458572629,6.15530120481928,4.371792520077046,1.7835086847422337,2.9957962478835767,2.2085562968704195,1.8824070594976239,0.9047891633136512,2.8600249556815966,Estrés alto
2021-10-27,806.55,767.2699401723382,0.04992720961557225,1.234286319121298,6.20764705882353,4.297897806676627,1.9097492521469035,3.207845127374322,2.22106572324781,1.9054773099902858,0.9256380860127094,2.8853165339678624,Estrés alto
2021-10-28,804.32,771.5298031378618,0.04162189876680831,1.0289647793114363,6.09222222222222,4.28135715610908,1.8108650661131394,3.0417473247511815,2.0353560520313088,1.9279387106140542,0.9426092367873684,2.91326818444074,Estrés alto
2021-10-29,805.47,772.9523027902396,0.041208615314922994,1.0187477030015644,6.09418709150327,4.259157795968284,1.8350292955349852,3.0823364782855958,2.05054209064358,1.9571328477723666,0.9609029285982437,2.9533627669464897,Estrés alto
2021-11-02,810.91,776.381393779699,0.04351318757865381,1.0757206850378396,5.98526816021724,4.23417847347851,1.75108968673873,2.9413413896538967,2.0085310373458682,1.986581129590234,0.9892253003805065,2.9839369587999616,Estrés alto
2021-11-03,814.42,773.723032633843,0.05126223287577394,1.2672903856105595,5.98571428571429,4.251145367390141,1.7345689183241493,2.913591114899441,2.0904407502550004,2.028800099463629,1.0413114272170994,3.0162887717101583,Estrés alto
2021-11-04,815.52,776.4165284048156,0.04913680700619412,1.2147462099330424,6.065,4.1845947280108,1.8804052719892004,3.158555439913606,2.1866508249233245,2.0734923454156142,1.0826337864759181,3.0643509043553108,Estrés alto
2021-11-05,815.58,784.3949452290179,0.03898686639793244,0.9638222562586186,6.06438848920863,4.108306840392494,1.9560816488161366,3.285670607723582,2.1247464319911002,2.114851598408741,1.1151561263525056,3.114547070464977,Estrés alto
2021-11-08,812.4,784.9959168303975,0.034314313427288565,0.8483087266333518,6.07487804878049,4.148792702969894,1.926085345810596,3.235285200148533,2.0417969633909423,2.149496028544591,1.1383849049823507,3.160607152106832,Estrés alto
2021-11-09,806.61,784.9398845092059,0.027233145474294788,0.673250100383702,6.05075075075075,4.1351218465884765,1.9156289041622738,3.2177212998859535,1.9454857001348278,2.1746715697750947,1.1486550207280455,3.200688118822144,Estrés alto
2021-11-10,797.78,782.6811303388292,0.019107498118380216,0.4723701504999947,5.61902067889192,4.260544571646067,1.3584761072458533,2.281860278978569,1.377115214739282,2.178575890403844,1.1534903879122163,3.2036613928954716,Estrés alto
2021-11-11,791.71,783.824895353183,0.010009515503946693,0.24745240406346564,5.58082191780822,4.246391715545878,1.3344302022623424,2.241469877438709,1.2444611407510875,2.1794213305684056,1.1523795861798338,3.206463074956978,Estrés alto
2021-11-12,791.3,782.5270233712426,0.0111487061374123,0.2756151518834272,5.65839024390244,4.269257756879414,1.3891324870230264,2.33335443109335,1.3044847914883886,2.1781790820664853,1.1487132446226374,3.207644919510333,Estrés alto
2021-11-15,797.8,781.1612182649512,0.021076385499141634,0.5210444260438539,5.70564102564103,4.304820119302155,1.4008209063388746,2.352987709601982,1.4370160678229178,2.1803995250916173,1.1519120423433094,3.2088870078399254,Estrés alto
2021-11-16,801.96,784.0707982138183,0.022559411193562307,0.5577073667453882,5.80806451612903,4.288468990643594,1.519595525485436,2.552495882131288,1.555101624438338,2.1766604766255844,1.1436537182816058,3.2096672349695625,Estrés alto
2021-11-17,806.24,788.1641799372003,0.02267504660218054,0.5605660725285164,5.92133193277311,4.29347370752924,1.6278582252438694,2.7343469672965592,1.647456519912538,2.1791238318311668,1.1450388325371892,3.2132088311251445,Estrés alto
2021-11-18,819.56,794.3280558838654,0.03127106634303549,0.773074435137362,6.0272730929079,4.267837982889288,1.7594351100186114,2.9553593689117226,1.8642169020245423,2.1814940358436146,1.1483498577903886,3.214638213896841,Estrés alto
2021-11-19,834.57,797.7484322561332,0.04512332219891016,1.1155259765618049,6.09032432432433,4.2195839924375,1.8707403318868299,3.14232104108931,2.1289235088255576,2.1835039354629053,1.1591606228288165,3.2078472480969937,Estrés alto
2021-11-22,832.72,798.4930749183634,0.04197115620294829,1.0375990226148013,5.61758293838863,4.3264337289942265,1.2911492093944041,2.1687699028618064,1.6031844627383038,2.1588120235582675,1.1577766004892245,3.1598474466273103,Estrés alto
2021-11-23,808.14,799.2575964456128,0.011052018476540354,0.2732248669473979,5.55618947368421,4.358038574731546,1.198150898952664,2.012558726620103,1.1428917967837504,2.1148021256550487,1.1320761617181743,3.0975280895919233,Estrés alto
2021-11-24,809.94,797.8856247681853,0.0149949110294931,0.3706999386236831,5.59756734693878,4.330820029575989,1.2667473173627912,2.1277815425499353,1.2492407405868091,2.0664033839870823,1.1044411057990209,3.028365662175144,Estrés alto
2021-11-25,811.7,812.0274917420867,-4.033826466483848e-4,-0.009972311410204333,5.76172839506173,4.36239026357527,1.3993381314864606,2.350497062162292,1.170262375376044,2.0051249435208156,1.048073319038552,2.9621765680030796,Estrés alto
2021-11-26,819.59,821.5866788025448,-0.0024332295400765003,-0.06015361074097555,5.69996677740863,4.265751547130083,1.434215230278547,2.4090808428818673,1.1744636160704458,1.9519234187892214,0.9941309982515423,2.9097158393269007,Estrés alto
2021-11-29,829.94,810.3098181550948,0.023936742936290913,0.5917573715429962,5.7569825436409,4.2568465716888575,1.5001359719520424,2.5198092695234804,1.5557833205332383,1.917813587354106,0.9613635174876539,2.874263657220558,Estrés alto
2021-11-30,836.73,816.319588895643,0.024695506457532365,0.6105153081656856,5.73470967741936,4.283283132180745,1.4514265452386153,2.4379910428823606,1.5242531755240232,1.8755379184646803,0.9187296746470741,2.8323461622822865,Estrés alto
2021-12-01,837.55,818.0882692225861,0.023510724043591853,0.5812254532764956,5.70741339491917,4.300581913812147,1.406831481107023,2.36308379575625,1.4721546245163726,1.8339783822089681,0.872339378018918,2.795617386399018,Estrés alto
2021-12-02,828.17,815.3376652560403,0.015616106686440772,0.3860569615130403,5.66466666666667,4.2991721899585205,1.3654944767081494,2.2936491786241273,1.3398530700685838,1.7885312375037348,0.8180500860886925,2.759012388918777,Estrés alto
2021-12-03,837.72,816.8801387200565,0.025191540706108406,0.622778126207134,5.59082089552239,4.288820177619842,1.3020007179025481,2.186997405060526,1.4048877656338299,1.7472601835159203,0.7801404334460139,2.714379933585827,Estrés alto
2021-12-06,837.69,812.7731352911306,0.030196079415986826,0.746498913142306,5.59870870870871,4.320187650043641,1.2785210586650693,2.1475581381553637,1.4470285256488349,1.7020187099022501,0.7397758660088989,2.664261553795601,Estrés alto
2021-12-07,842.32,807.2787276930591,0.04249099343516937,1.0504502912685223,5.65083333333333,4.304603283497889,1.3462300498354407,2.2612903242845817,1.655870307776552,1.673727380736454,0.7156829941921123,2.631771767280796,Estrés alto
2021-12-09,839.53,797.1567135961471,0.05179092261951202,1.2803605035438506,5.61927710843374,4.330917488012266,1.2883596204214742,2.1640841728456115,1.722222338194731,1.6575162487805977,0.7109844661149987,2.604048031446197,Estrés alto
2021-12-10,841.32,790.1773718210266,0.06271464545450345,1.5504136820194505,5.586875,4.319985166398995,1.2668898336010053,2.128020930008688,1.8392173060140693,1.6447879682061397,0.7215220448782703,2.568053891534009,Estrés alto
2021-12-13,849.16,793.0422971525778,0.06837106720185089,1.690250136563739,5.59,4.320656691226429,1.2693433087735715,2.132142082756151,1.911196109659945,1.6406493034604277,0.7435648901200138,2.5377337168008416,Estrés alto
2021-12-14,843.43,796.9692167314637,0.056660856871597144,1.4007536372409133,5.7,4.3728538778227595,1.3271461221772405,2.229234658190878,1.8149941477158957,1.6327977053628382,0.7562984212613254,2.509296989464351,Estrés alto
2021-12-15,846.43,798.6784351181064,0.05806909912880009,1.4355678030125962,5.71714285714286,4.332587475016702,1.384555382126158,2.3256661737871123,1.8806169883998543,1.6285339037313042,0.7682933251938173,2.4887744822687914,Estrés alto
2021-12-16,848.52,794.490023010312,0.06579322707663254,1.6265215039416079,5.797857142857145,4.3545818352573775,1.4432753075997682,2.424299241242721,2.025410372592164,1.6263662244758765,0.7802676958048522,2.472464753146901,Estrés alto
2021-12-17,849.65,800.6524261436455,0.05939757199871478,1.4684099326105637,5.87857142857143,4.332483290540342,1.5460881380310876,2.596996068724081,2.0327030006673223,1.6212346303340097,0.7887231532274362,2.4537461074405833,Estrés alto
2021-12-20,846.64,801.6424340591822,0.05461290915538942,1.3501248545019218,5.96666666666667,4.3807390748541986,1.585927591812472,2.663915219259786,2.0070200368808537,1.617310417163668,0.801599906502213,2.4330209278251234,Estrés alto
2021-12-21,863.21,800.45005768394185,0.0754838570890707,1.86609051130484,5.925,4.359580583747082,1.565419416252918,2.6294672146507536,2.247778862977797,1.62417648048323,0.8355259659912627,2.4128269949751973,Estrés alto
2021-12-22,868.76,796.1673533644363,0.08725750093753736,2.1571551960781803,5.80812445442075,4.3286267505155704,1.47949770390518,2.4851427458858106,2.3211489709819952,1.636698589511469,0.8849894691810786,2.388407709841859,Estrés alto
2021-12-23,866.25,792.1457040319799,0.08942820587269522,2.210818747975917,5.70861917897128,4.3358412878442145,1.3727778911270656,2.3058832797387647,2.258351013857341,1.6660731161487374,0.9429377557636094,2.3892084765338657,Estrés alto
2021-12-24,857.14,792.279320512432,0.0786872587629376,1.9452840991529972,5.65666666666667,4.33568334616915,1.32098332049752,2.2188828733599424,2.0820834862564697,1.693993860998917,0.9995321455999271,2.3884555763979067,Estrés alto
2021-12-27,863.29,795.471692717049,0.08181540883604153,2.0226173382648867,5.59057983942908,4.2893052828234,1.30127455660568,2.1857776569835323,2.1041974976242095,1.7206509512034442,1.0577655518126423,2.3835363505942464,Estrés alto
2021-12-28,858.59,793.1279454332299,0.07930695668768539,1.960604095531595,5.59264462809917,4.31877866882863,1.2738659592705404,2.1397388718860375,2.0501714837088163,1.7410894650663076,1.1057508741289004,2.3764280560037148,Estrés alto
2021-12-29,855.94,793.6649413083961,0.07553889631868962,1.8674511755329573,5.6553282345443,4.371738038935805,1.2835901956084947,2.1560728718177438,2.0117620236753506,1.756311478374208,1.149409001088486,2.36321395565993,Estrés alto
2021-12-30,850.25,793.1671007529133,0.06949650471188526,1.7180728835659687,5.65,4.338687354712356,1.3113126452876451,2.202638841157525,1.9603558623617467,1.7667414564558483,1.187992561456401,2.3454903514552954,Estrés alto
2022-01-03,844.69,789.0388664034352,0.06815411617431417,1.684886734778025,5.65333333333333,4.4489085729436075,1.2044247603897222,2.0230970608113927,1.853991897794709,1.7664006229815206,1.2183863047777566,2.3144149411852846,Estrés alto
2022-01-04,851.43,790.0295539106913,0.07484693408015992,1.8503446812797841,5.75673267326733,4.454360852911176,1.302371820356155,2.187620753490285,2.0189827173850348,1.762735929933503,1.2428802616016892,2.282591598265317,Estrés alto
2022-01-05,852.03,791.3254329494957,0.07391243466120519,1.8272422516242144,5.7,4.595508422198462,1.1044915778015387,1.8552372370842023,1.8412397443542083,1.7706711059873665,1.2692017025686697,2.2721405094060634,Estrés alto
2022-01-06,841.63,793.4602852579437,0.058936999106551057,1.4570237801671773,5.72578947368421,4.589062276076017,1.1367271976081927,1.9093840711821437,1.6832039256746605,1.7886815102837303,1.3086616663426622,2.268701354224798,Estrés alto
2022-01-07,838.88,788.1366220196601,0.062396215797068076,1.5425415543199212,5.80625,4.649218129853492,1.1570318701465088,1.9434902475776814,1.7430159009488013,1.8051406822957967,1.3477230535325369,2.2625583110590566,Estrés alto
2022-01-10,831.59,789.0147527601976,0.05255451218005078,1.2992377481416113,5.94818181818182,4.656460621742166,1.291721196439654,2.169730681274974,1.7344842147082926,1.823948076940205,1.3913633888509307,2.2565327650294793,Estrés alto
2022-01-11,831.39,789.1352270578539,0.052161302240372465,1.2895169235086223,6.0566511627907,4.6041173837678,1.452533779022899,2.439850886260116,1.864683904884369,1.846955419900669,1.4363524066592508,2.2575584331420875,Estrés alto
2022-01-12,832.6,785.868181533865,0.05776426436840524,1.4280317645028329,6.06690476190476,4.623891935218925,1.443012826685835,2.423858346648919,1.925945055575876,1.8592941444020903,1.464228219757912,2.254360069046269,Estrés alto
2022-01-13,826.51,785.9411006648186,0.05033016232097979,1.244248001646057,6.105,4.666341745500825,1.4386582544991762,2.4165438821164313,1.8303959418812443,1.8694989032806644,1.4853526428739243,2.2536451636874046,Estrés alto
2022-01-14,821.87,781.551828785979,0.050300764411177874,1.2435212348557907,6.11,4.729566006560136,1.3804339934398644,2.3187433923798255,1.781132313617808,1.8797981595840456,1.5074291689265675,2.2521671502415237,Estrés alto
2022-01-17,815.39,786.5119196931222,0.03605864864375445,0.8914316872438685,6.1075,4.788708580490576,1.3187914195094232,2.2152010921541376,1.553316389699003,1.8869136035717262,1.5242749931175952,2.2495522140258575,Estrés alto
2022-01-18,822,789.9465575969534,0.03977510049483415,0.9833087560963195,6.1075,4.862503155603095,1.2449968443969044,2.091246825417165,1.537277790756742,1.8913266044091566,1.536292680780568,2.246360528037745,Estrés alto
2022-01-19,820.6,790.7154380129654,0.03709762663342105,0.9171170064993963,6.178,4.899719635710119,1.2782803642898806,2.1471538388591247,1.5321354226792605,1.8941635009768374,1.5419799505591376,2.246347051394537,Estrés alto
2022-01-20,813.46,791.5494536621809,0.02730439689129508,0.6750115577112519,6.12,4.895205802909868,1.2247941970901317,2.0573120229030453,1.3661617903071486,1.884506550394524,1.5294653261072286,2.2395477746818195,Estrés alto
2022-01-21,805.25,791.2760044828559,0.017505950227746103,0.43277713767096,5.81063548102383,4.942291933506401,0.8683435475174293,1.4585745299595219,0.9456758338152409,1.8586216669152076,1.5012125472447988,2.2160307865856166,Estrés alto
2022-01-24,799.23,794.823901045169,0.0055281821688651315,0.13666615204772717,5.63473429951691,4.966929981298696,0.6678043182182143,1.1217246587883698,0.6291954054180485,1.818287603562007,1.4540876295790748,2.182487577544939,Estrés alto
2022-01-25,800.31,797.3901193959989,0.0036551087645416342,0.09036056246105485,5.68648,5.024004088226181,0.6624759117738194,1.1127744248086435,0.6015674936348492,1.7746333163611705,1.4007579771089853,2.1485086556133557,Estrés alto
2022-01-26,806.06,799.9170240128353,0.007650179118646152,0.189125558942258,5.75352059925094,5.108723978634236,0.6447966206167041,1.0830781555575733,0.6361018572499156,1.735336906678971,1.36037037449903,2.110303438858912,Estrés alto
2022-01-27,798.86,798.8207003322474,4.9195897217987276e-5,0.0012162070213939478,5.865625,5.002678367130191,0.8629466328698088,1.449509221340727,0.7253627141810605,1.696828430871678,1.3125586546326566,2.081098207110699,Estrés alto
2022-01-28,799.15,801.6105827825302,-0.003074269502805843,-0.07600121893096083,5.7625,4.924281439231704,0.8382185607682962,1.4079729696516512,0.6659858753603451,1.6515142809639507,1.2558078972035711,2.04722066472433,Estrés alto
2022-01-31,810.12,802.4137211287742,0.009558048229622747,0.23629135812239174,5.65416666666667,4.8487156687876265,0.8054509978790441,1.3529326198088367,0.7946119889656142,1.6102445805738936,1.2147372780539654,2.005751883093822,Estrés alto
2022-02-01,803.88,794.2146918146196,0.012096186896936253,0.29903850255965486,5.60310237849018,4.836992737472988,0.7661096410171923,1.286850132921245,0.7929443177404499,1.5697753899358802,1.1797010663225564,1.9598497135492041,Estrés alto
2022-02-02,801.52,793.7348818976558,0.009760421353642126,0.24129436911095395,5.55441696113074,4.814790527829301,0.7396264333014393,1.2423657438148132,0.7418300564628836,1.5195770963853832,1.1255411949160936,1.9136129978546728,Estrés alto
2022-02-03,805.95,791.6961559849206,0.01784402907089659,0.441135026968159,5.64943262411348,4.95144200896953,0.6979906151439497,1.1724292030618324,0.8067821150149956,1.4690982011864833,1.0683405226124263,1.86985587976054,Estrés moderado
2022-02-04,817.29,789.3194658469155,0.034822850462603604,0.8608806350233629,5.64490566037736,4.968354607780076,0.6765510525972844,1.136416728559726,0.9986486817915444,1.4271081234509566,1.0233425855140077,1.8308736613879055,Estrés moderado
2022-02-07,825.58,787.4590553474295,0.0472747934891905,1.1687140397446314,5.65765306122449,4.992249494050146,0.6654035671743445,1.1176920678451039,1.1432030537948676,1.39581210903557,0.9974569168670623,1.7941673012040775,Estrés moderado
2022-02-08,826.93,787.4714783373523,0.048892896092662466,1.2087163134903098,5.8284140969163,4.983836166894134,0.8445779300221659,1.418654933082854,1.313685623286582,1.3694617132243156,0.9703268827079097,1.7685965437407216,Estrés moderado
2022-02-09,824.33,786.0799642334781,0.047512412252990396,1.1745883834458513,5.85667117726658,4.926528764700283,0.9301424125662965,1.5623793555937842,1.3684838695198178,1.346738792751349,0.9441263589717183,1.7493512265309799,Estrés moderado
2022-02-10,820.79,792.6663594985698,0.03486489003619695,0.8619199254413032,5.9680987202925,5.0527514198433146,0.9153473004491851,1.5375277012415292,1.199723813341416,1.3196708524068845,0.9106086506353297,1.7287330541784394,Estrés moderado
2022-02-11,804.2,794.5379466898858,0.012087247902746087,0.2988175152799615,5.976220068256757,5.062267548130278,0.9139525201264787,1.5351848600245883,0.9170011876522749,1.284892363249902,0.8633001383591296,1.7064845881406747,Estrés moderado
2022-02-14,806.24,800.0367104601942,0.007723850241943472,0.19094683556276873,6.00058411214953,5.097438895232488,0.9031452169170415,1.5170316103759884,0.8539892229693786,1.2515589407557244,0.813502141718621,1.689615739792828,Estrés moderado
2022-02-15,812.24,800.509306438683,0.014547704841537031,0.3596442340515533,5.94095238095238,5.107777331421761,0.8331750495306192,1.399501280014673,0.8795727570331132,1.2135786087439937,0.7638121268110133,1.6633450906769742,Estrés moderado
2022-02-16,804.17,795.2650645171874,0.011135216043059231,0.2752816535959833,5.90222222222222,5.117591391227296,0.7846308309949244,1.3179605569501855,0.7966211052730844,1.1787579874412897,0.712080106876739,1.6454358680058403,Estrés moderado
2022-02-17,799.55,795.5915663548924,0.004963122840173559,0.12269691554791003,5.86079754601227,5.139264347755479,0.7215331982567902,1.2119741644956077,0.6673355400217589,1.1448957079195263,0.6676025447227634,1.622188871116289,Estrés moderado
2022-02-18,798.98,791.203123966642,0.009781185472569445,0.24180769377135322,5.91666666666667,5.174982717258527,0.7416839494081424,1.245821795969284,0.7438147448703186,1.1115890027169102,0.6242447493711444,1.598933256062676,Estrés moderado
2022-02-21,793.91,793.5156263078298,4.968720345040901e-4,0.012283529547605417,5.9,5.181531546575255,0.7184684534247456,1.2068262495192998,0.6095548895334526,1.0740913585444154,0.5813462754180109,1.56683644167082,Estrés moderado
2022-02-22,799.99,795.4735022755507,0.005661689888354954,0.13996669203248077,5.89,5.216439235039116,0.6735607649608835,1.1313938808675,0.6356802864499903,1.0331245712632695,0.5430279343688061,1.5232212081577328,Estrés moderado
2022-02-23,796.25,792.463082505911,0.004767285808742349,0.11785548798698585,5.916,5.340448677043107,0.5755513229568935,0.9667654037961074,0.5423104458915466,0.9870034176071252,0.4993553918182779,1.4746514433959725,Estrés moderado
2022-02-24,787.05,809.8934476056261,-0.02861091404680468,-0.7073109043632982,5.83,5.236827291970511,0.5931727080294895,0.9963644070051244,0.14452675132091308,0.9308077779217808,0.43430342828463275,1.427312127558929,Estrés moderado
2022-02-25,807.26,804.3249968714613,0.0036423848312295776,0.09004600498961977,5.83757575757576,5.2175392957163576,0.6200364618594021,1.0414880072523256,0.5657670061209726,0.89029560100521965,0.39585425395576035,1.384736948054679,Estrés moderado
2022-02-28,805.25,815.0400254990308,-0.012084434865402059,-0.29874797216838644,5.8,5.121549084694649,0.6784509153053505,1.1396079670555121,0.42042999744356285,0.8525327212633717,0.35618159864201854,1.3488838438847248,Estrés moderado
2022-03-01,798.01,820.5067246234719,-0.027800977559862345,-0.6872878841927842,5.72,5.088072117971325,0.6319278820286749,1.0614622704728398,0.1870871931400278,0.8075263680094812,0.3004950439657151,1.3145576920532474,Estrés moderado
2022-03-02,803.27,825.5047384000953,-0.02730410684574145,-0.6750043872873179,5.7949,5.151411727251417,0.6434882727485831,1.080880496713647,0.2029380547131645,0.7632197890772779,0.24742433083949128,1.2790152473150647,Estrés moderado
2022-03-03,807.31,819.2233749758736,-0.014649054491095076,-0.3621497713499607,5.8698,5.160592905369307,0.709207094630693,1.1912697545255362,0.4145599915877878,0.731499729119966,0.21285228653745086,1.250147171702481,Condiciones neutrales
2022-03-04,800.97,826.6621637701437,-0.03157261024038659,-0.7805291178640904,5.84759920634921,5.133550423388915,0.7140487829602953,1.199402438069682,0.20943666010279577,0.70695842332955106,0.1724087446862825,1.2415081019728196,Condiciones neutrales
2022-03-07,806.89,833.841406237221,-0.03285587222070884,-0.8122535566692233,5.88980099502488,5.26135152204955,0.6284494729753304,1.055619515189526,0.12168297926015137,0.6900413424576212,0.14077808772905082,1.2393045971861916,Condiciones neutrales
2022-03-08,808.6,834.4161757753897,-0.03142793240822283,-0.7769524335211273,5.88984555984556,5.3313616221801015,0.5584839376654588,0.9380969654225354,0.08057226595070405,0.6726748348681497,0.11186765452964476,1.2334820152066546,Condiciones neutrales
2022-03-09,812.03,835.6507587862291,-0.02867348786169758,-0.7088578364721067,5.96564102564103,5.314191402258471,0.6514496233825596,1.0942533412427442,0.19269775238531878,0.6578946980393298,0.08193487468249927,1.2338545213961603,Condiciones neutrales
2022-03-10,803.57,824.9209137604666,-0.026223219393140918,-0.6482829941726785,5.97696428571428,5.357514452224532,0.6194498334897482,1.0405026355051927,0.1961098206662571,0.6402529349221697,0.060284901309363516,1.2202209685349759,Condiciones neutrales
2022-03-11,806.03,825.0375325948141,-0.023307916696555894,-0.5762117075496422,6.00909090909091,5.385457068830413,0.6236338402604966,1.047530597797812,0.23565944512408488,0.625908720580961,0.04361121835540747,1.2082062228065145,Condiciones neutrales
2022-03-14,802.48,824.3839748047678,-0.026929477635897456,-0.665742910188677,6.09907834101382,5.477181140815967,0.6218972001978538,1.04461352773917,0.18943530877524645,0.6057361645746154,0.013543409411705178,1.1979289197375256,Condiciones neutrales
2022-03-15,808.41,830.6590304124742,-0.027150042707834075,-0.6711956573552734,6.16434782608696,5.377770822288983,0.7865770037979771,1.3212295834657257,0.32501696305522615,0.5901385860851079,-0.018797729252125764,1.1990749014223416,Condiciones neutrales
2022-03-16,815.03,827.9561370300086,-0.01573525600126835,-0.38900253708909793,6.18728084758658,5.383376022614904,0.8039048249716761,1.3503354813513126,0.48066647213110736,0.5814331332740488,-0.03980762612546083,1.2026738926735583,Condiciones neutrales
2022-03-17,803.55,827.4443596324323,-0.029302454880602825,-0.7244069807681884,6.2102138690862,5.339056015168965,0.8711578539172352,1.4633017783464015,0.36944739878910654,0.5668553093998524,-0.07865902638333908,1.212369645183044,Condiciones neutrales
2022-03-18,798.13,825.7662144108663,-0.034040208608546736,-0.8415323850275762,6.19,5.249995265816229,0.9400047341837716,1.5789453002117233,0.36870645759207354,0.5458572352598701,-0.1354061270517037,1.2271205975714439,Condiciones neutrales
2022-03-21,802.23,824.1998068596915,-0.027017634773477284,-0.6679223059467315,6.24459459459459,5.374129426058179,0.8704651685364108,1.4621382604546243,0.39710797725394636,0.5209873993751727,-0.19662733857474915,1.2386021373250946,Condiciones neutrales
2022-03-22,798.5,826.4282136906362,-0.03437809004512509,-0.8498853940954741,6.29571428571429,5.377444854160415,0.918269431553875,1.5424360650045679,0.34627533545454686,0.48874038978077156,-0.2652473954942753,1.2427281750558183,Condiciones neutrales
2022-03-23,793.22,827.0792049679734,-0.04179985363094261,-1.0333641290029825,6.400357142857144,5.325357890201758,1.074999252655386,1.805698371492989,0.3861671212450033,0.45599649817161103,-0.33884581257590307,1.2508388089191251,Condiciones neutrales
2022-03-24,794.44,827.6714974553331,-0.040978869527954806,-1.0130679928011737,6.505,5.343682299884723,1.1613177001152777,1.950689244391852,0.46881062579533916,0.43163272525340846,-0.4013454098506523,1.2646108603574693,Condiciones neutrales
2022-03-25,789.87,823.4003623055517,-0.04157417438924855,-1.0277849507817793,6.502857142857142,5.437201241348438,1.0656559015087037,1.7900041522568575,0.3811096007375391,0.4137696723562506,-0.44556549205271034,1.2731048367652116,Condiciones neutrales
2022-03-28,785.89,825.2281308680048,-0.048843036847693755,-1.2074837073739164,6.496428571428568,5.381633628747011,1.114794942681557,1.872544011148269,0.3325301518871763,0.3963877033201772,-0.4921798434839332,1.2849552501242876,Condiciones neutrales
2022-03-29,778.62,824.5450907952537,-0.05730870718112719,-1.4167696088934132,6.49428571428571,5.302859484774927,1.1914262295107836,2.001263160944092,0.29224677602533944,0.37681017061991806,-0.5513936382487654,1.3050139794886015,Condiciones neutrales
2022-03-30,777.1,817.4324706727061,-0.05059925246255253,-1.250900371824783,6.28322222222222,5.329598518469963,0.9536237037522564,1.6018213637164007,0.17546049594580881,0.3561048169756756,-0.6022663724294576,1.3144760063808087,Condiciones neutrales
2022-03-31,787.16,817.1606326727562,-0.037404156913897056,-0.9246949611758364,6.2025641025641,5.383720083613948,0.8188440189501517,1.3754291529717513,0.22536709589795745,0.34137253550488217,-0.6371794349869158,1.3199245059966802,Condiciones neutrales
2022-04-01,787.98,813.1848692645891,-0.031485766342524826,-0.7783821876459733,6.09876796714579,5.3659105269568235,0.7328574401889665,1.2309957267569895,0.2263067695555081,0.3241222696610552,-0.6711857643674933,1.3194303036896038,Condiciones neutrales
2022-04-04,783.45,816.6382240841872,-0.04148894306173324,-1.0256778860705185,6.1,5.328812042271002,0.7711879577289973,1.2953802860295203,0.1348511999795009,0.30829881334259013,-0.7057844782214309,1.3223821049066111,Condiciones neutrales
2022-04-05,779.33,818.9564449315401,-0.04959632545235917,-1.2261062946614403,6.15951468710089,5.495094600681359,0.6644200864195313,1.1160400949781701,-0.05503309984163507,0.28527503379953595,-0.7513202444445615,1.3218703120436335,Condiciones neutrales
2022-04-06,783.28,816.912126694697,-0.04204130196437651,-1.0393331462388098,6.29035928143712,5.592155604121314,0.6982036773158068,1.172787087977379,0.06672697086928459,0.2694222512987939,-0.7898931989187548,1.3287377015163424,Condiciones neutrales
2022-04-07,794.58,818.5206268434073,-0.029684924112807893,-0.7338622766765802,6.34237288135593,5.639172196229437,0.7032006851264919,1.1811806648508547,0.22365919408713725,0.27205999939100134,-0.7907782446625308,1.3348982434445333,Condiciones neutrales
2022-04-08,807.88,817.1305402668755,-0.011385329464764364,-0.28146488668704234,6.55,5.706314479402189,0.8436855205978107,1.41715593460422,0.5678455239585888,0.2721292833189219,-0.8031619410517529,1.3474205076895966,Condiciones neutrales
2022-04-11,814.28,823.2777634759199,-0.010989357723318289,-0.27167578557386723,6.55,5.805885845804008,0.7441141541959918,1.249903860972562,0.48911403769934736,0.27441875132744803,-0.8022595348319356,1.3510970374868316,Condiciones neutrales
2022-04-12,818.53,821.989113218721,-0.004217102156553149,-0.10425400374362191,6.57727272727273,5.7648764118781735,0.8123963153945563,1.364598812595747,0.6301724044260625,0.28918825837031586,-0.7828250721502968,1.3612015888909286,Condiciones neutrales
2022-04-13,806.73,823.9461956900243,-0.021116191487493996,-0.5220284984008055,6.52034860090667,5.7111852346159395,0.8091633662907299,1.3591683614419634,0.418569931520579,0.29637598759722966,-0.7777258758540797,1.3704778510485391,Condiciones neutrales
2022-04-14,804.78,817.8436048556599,-0.01610217807315675,-0.3980734805085804,6.55222222222222,5.845097616147585,0.7071246060746339,1.1877717556338718,0.3948491375626457,0.2957189591297249,-0.7789233328260337,1.3703612510854835,Condiciones neutrales
2022-04-18,814.73,817.9282243653497,-0.003917817469072883,-0.09685517256271471,6.66287553648069,5.842139337337788,0.8207361991429013,1.3786074869884304,0.6408761572128578,0.3101002757000603,-0.7561342013159879,1.3763347527161085,Condiciones neutrales
2022-04-19,817.7,823.3870367398265,-0.006930844468311999,-0.17134237168597605,6.65142857142857,5.84821696988856,0.8032116015400097,1.3491710596844615,0.5889143439992427,0.3256746545246967,-0.7347704951498796,1.386119804199273,Condiciones neutrales
2022-04-20,818.18,818.3889740728636,-2.5538071087697077e-4,-0.0063134495204113066,6.67263157894737,5.751668548020564,0.9209630309268063,1.5469605593138824,0.7703235548967355,0.3486663641562311,-0.7090825290165224,1.4064152573289845,Condiciones neutrales
2022-04-21,816.29,823.3759637915667,-0.008643233513842939,-0.21367556811706187,6.700905263157896,5.7709209602033305,0.9299843029545657,1.5621137756245753,0.6742191037537567,0.3647170758685124,-0.6925764534046875,1.4220106051417123,Condiciones neutrales
2022-04-22,817.85,835.9496430796848,-0.021889430015316964,-0.5411442820317758,6.729178947368422,5.7140200236239185,1.0151589237445031,1.7051833393224274,0.5820195286453258,0.37758073280114796,-0.6890051629999908,1.4441666286022867,Condiciones neutrales
2022-04-25,834.45,838.5930992592257,-0.004952780631000408,-0.12244123838529238,6.814,5.572526675046045,1.2414733249539556,2.0853282972839216,0.9814435294493146,0.4024402022786556,-0.6738794806945125,1.4787598852518238,Condiciones neutrales
2022-04-26,850.85,856.0448318171176,-0.006086898570974918,-0.150478580515143,6.82111394755163,5.522811059863379,1.29830288768825,2.1807860835367925,1.0151537515108247,0.4299641503698416,-0.656704003038728,1.5166323037784113,Condiciones neutrales
2022-04-27,847.57,858.4818839540998,-0.012792146425496332,-0.31624381668351637,6.7315406162465,5.588471280255845,1.1430693359906547,1.9200370915639784,0.801896637440231,0.4458601395160084,-0.6448722750163361,1.536592554048353,Condiciones neutrales
2022-04-28,847.44,857.750164035518,-0.01209283268960955,-0.29895558079721835,6.73875269848885,5.459164391499433,1.2795883069894165,2.149350817133039,0.9251976181679104,0.46067784438390186,-0.6418707098066068,1.5632263985744106,Condiciones neutrales
2022-04-29,856.58,859.7152343254559,-0.0036534947486690874,-0.09032066121831202,6.72778365667255,5.602370222102039,1.1254134345705114,1.8903801105355331,0.9000297246586105,0.4783639219128853,-0.6207344991549443,1.5774623429807149,Condiciones neutrales
2022-05-02,850.78,858.0986068377987,-0.00856544350628981,-0.21175246560789973,6.72071428571429,5.615822339560378,1.104891946153912,1.8559097440465018,0.822078639219301,0.4934763279671262,-0.5997418351742884,1.5866944911085408,Condiciones neutrales
2022-05-03,860.64,848.2405042725935,0.014512089414742389,0.35876375956918644,6.70234073013601,5.607309550069505,1.0950311800665042,1.8393464122844347,1.0990550859268107,0.5168745649228884,-0.5655189663237578,1.5992680961695345,Condiciones neutrales
2022-05-04,856.74,846.9539585796564,0.011488153725116532,0.2840068788953727,6.712270195863265,5.505434349767475,1.2068358460957909,2.027147011099473,1.155576944997423,0.5438512852409843,-0.5277225572240629,1.6154251277060314,Condiciones neutrales
2022-05-05,859.33,849.6703536222184,0.011304560852506449,0.2794681479569602,6.72219966159052,5.679838319069346,1.0423613425211735,1.7508758020514692,1.0151719750042147,0.5648181136996246,-0.4839614813253981,1.6135977087246474,Condiciones neutrales
2022-05-06,863.1,849.1905102657183,0.016247004369786173,0.4016538351479665,6.764864031907175,5.672101023446858,1.092763008460317,1.8355365177515388,1.1185951764497526,0.5864775987214383,-0.4368040870604268,1.6097592845033035,Condiciones neutrales
2022-05-09,857.58,847.5592449235849,0.01175372682319606,0.2905723017221269,6.89285714285714,5.623613701723608,1.2692434411335318,2.1319743330255916,1.2112733173738592,0.6141497226093158,-0.3928588453102966,1.6211582905289281,Condiciones neutrales
2022-05-10,867.87,845.3443066206551,0.026297926035633374,0.6501298706051075,6.86159600997506,5.5486231217092925,1.3129728882657683,2.2054275854608107,1.4277787280329592,0.6506580084808419,-0.3309383927109958,1.6322544096726794,Condiciones neutrales
2022-05-11,868.06,837.4025280118615,0.035955964232755565,0.8888931523515955,6.80624798711755,5.598320661095523,1.2079273260220267,2.0289803923976026,1.458936772374599,0.6895476750258172,-0.25408296733616215,1.6331783173877965,Condiciones neutrales
2022-05-12,861.76,841.1208852531139,0.02424142008318736,0.5992895135765438,6.70943396226415,5.390366534668625,1.319067427595525,2.2156647086174623,1.407477111097003,0.7306148955308569,-0.19240997115611794,1.6536397622178318,Condiciones neutrales
2022-05-13,867.93,841.6725243549791,0.030720053600253264,0.7594524543514484,6.74914205344585,5.352317874408143,1.3968241790377067,2.3462743244892073,1.5528633894203279,0.7748647719816026,-0.1362717239718751,1.6860012679350804,Estrés moderado
2022-05-16,861.04,838.7594569641335,0.02621699766470307,0.6481291823664262,6.69969696969697,5.354767738971662,1.3449292307253076,2.2591053116504125,1.4536172470084194,0.815775121230033,-0.08872134497146178,1.7202715874315277,Estrés moderado
2022-05-17,857.98,833.5341892028839,0.02890606900367763,0.714607641515128,6.74016548463357,5.498434842024512,1.2417306426090577,2.0857605190455892,1.4001840802803587,0.8579528839067283,-0.030711827385273567,1.7466175951987302,Estrés moderado
2022-05-18,850.78,831.4459395170858,0.022987294856994373,0.5682853853451896,6.72300578034682,5.506586605840199,1.2164191745066208,2.043244325085668,1.3057648552154286,0.9033128157419638,0.029101228614947426,1.77752440286898,Estrés moderado
2022-05-19,849.9,825.9733823153024,0.028556147302708574,0.7059569764450127,6.63505603985056,5.474573743634524,1.1604822962160362,1.9492859992671012,1.327621487856057,0.9453426329748561,0.0872775660377415,1.8034076999119708,Estrés moderado
2022-05-20,842.38,822.299606544221,0.024126405352820606,0.5964461520251538,6.54705029838023,5.593857433041675,0.9531928653385553,1.6010976755649207,1.0987719137950371,0.9745130569651195,0.13162118032779932,1.8174049336024396,Estrés moderado
2022-05-23,833.58,818.3905404724002,0.01839002238076996,0.45463291875697354,6.521,5.67223765555289,0.8487623444471099,1.4256835801206165,0.940158249438795,0.986923481147793,0.15615777384259985,1.8176891884529862,Estrés moderado
2022-05-24,829.59,817.3065302494321,0.014917388323129206,0.3687834442587273,6.3838283062645,5.621338975458923,0.7624893308055769,1.2807690233416191,0.8247762338001732,0.9981122210178205,0.17750641483701965,1.8187180271986214,Estrés moderado
2022-05-25,833.99,818.2279289066827,0.01908047239461634,0.47170202822032103,6.35835555555555,5.5206325298022785,0.837723025753272,1.4071406092872727,0.9394213187537969,1.0084205181620784,0.19670494923581774,1.820136087088339,Estrés moderado
2022-05-26,835.43,822.858520553988,0.015162283441576956,0.3748376719363215,6.34464705882353,5.3705645539206275,0.9740825049029024,1.6361864331145124,1.0055120525254169,1.0279852555289062,0.2266004882470553,1.8293700228107572,Estrés moderado
2022-05-27,829.61,824.6602837240754,0.005984186617622722,0.14793936472862157,6.30962006717044,5.354998203665959,0.9546218635044807,1.6034979931974254,0.8757186789630235,1.0440142402422523,0.2448009164216287,1.8432275640628757,Estrés moderado
2022-05-30,822.25,821.8055910831107,5.406251833864392e-4,0.013365182487951535,6.311300158972705,5.436871601624724,0.874428557347981,1.4687956462202125,0.741080414354082,1.0473543821469598,0.24847492825665093,1.8462338360372685,Estrés moderado
2022-05-31,826.26,819.4872088010129,0.008230704445577428,0.20347714146513154,6.31186018957346,5.519690448766201,0.7921697408072593,1.3306238189360333,0.7670504802005824,1.053292253353671,0.26096891202835454,1.8456155946789876,Estrés moderado
2022-06-01,824.35,816.5278796674365,0.009534139842880918,0.23570030176464776,6.3011274509804,5.546562421394096,0.7545650295863039,1.2674584114769911,0.7515793566208194,1.0526674467444739,0.26903603707118984,1.8362988564177578,Estrés moderado
2022-06-02,825.28,823.1096460695386,0.0026333035878879415,0.06509978461943466,6.33882094700533,5.504785584136128,0.8340353628692027,1.4009463660373997,0.7330230753284173,1.054627579130296,0.27832854882907304,1.8309266094315186,Estrés moderado
2022-06-03,815.56,815.8078777490359,-3.038894590532762e-4,-0.0075126690380396145,6.36,5.616234701062243,0.7437652989377571,1.2493178816147854,0.6209026062883729,1.0559236817183975,0.2961162692621976,1.8157310941745972,Estrés moderado
2022-06-06,813.38,817.2232409728496,-0.0047138972779421405,-0.11653563186700464,6.39997254632807,5.726257885677265,0.6737146606508051,1.1316523826255103,0.5075583753792529,1.040127509916062,0.29631312281280714,1.7839418970193168,Estrés moderado
2022-06-07,817.99,820.623666063071,-0.0032145079531988013,-0.07946815413658488,6.3931314699793,5.5914236603619525,0.8017078096173477,1.3466451094392795,0.6335884776513473,1.0274086674540794,0.2986801370254258,1.7561371978827331,Estrés moderado
2022-06-08,828.99,815.1353189982245,0.01685395729723906,0.41665875331731794,6.43514678899082,5.618785034725415,0.8163617542654048,1.3712596418881013,0.8939591976027097,1.0304774194594954,0.32311022269212025,1.7378446162268706,Estrés moderado
2022-06-09,821.66,816.2596559840626,0.006594173975321126,0.16301929922208186,6.44344757380387,5.722618778539044,0.7208287952648269,1.2107909642912158,0.6869051317566488,1.02253433657912,0.33850938535943026,1.7065592877988098,Estrés moderado
2022-06-10,827.19,814.389864659257,0.01559521415041566,0.3855404621615624,6.499,5.850532619321847,0.6484673806781519,1.0892440067883766,0.7373922344749695,1.017113086906332,0.35437142280542605,1.679854751007238,Estrés moderado
2022-06-13,838.61,828.8978706236264,0.011648807625976138,0.2879785190785772,6.58475,6.04522124822385,0.5395287517761498,0.9062575495279417,0.5971180343032594,1.0096144000757972,0.3710291222949753,1.6481996778566192,Estrés moderado
2022-06-14,863.33,830.0241812317398,0.03934217063375834,0.9726059868292326,6.61069597069597,6.1254575713307045,0.4852383993652654,0.8150649271201004,0.8938354569746665,1.0027737457773924,0.3914905298703102,1.6140569616844747,Estrés moderado
2022-06-15,866.79,829.9744642177516,0.04340179859434136,1.072966958152314,6.58047619047619,5.990062837197536,0.5904133532786543,0.9917294620340957,1.0323482100932049,0.9986661212805852,0.41778919917887486,1.5795430433822955,Estrés moderado
2022-06-16,863.95,829.0131815676391,0.04127884118614828,1.0204838070772608,6.55733333333333,6.021901032060587,0.5354323012727427,0.8993766572997541,0.9599302321885075,0.9968247298533949,0.44248972114955154,1.5511597385572382,Estrés moderado
2022-06-17,869.62,823.2731542098863,0.0547682883927723,1.3539660959502997,6.49955423476969,6.032319500068285,0.46723473470140453,0.7848238010131402,1.06939494848172,0.9951847222544605,0.474233463176296,1.516135981332625,Estrés moderado
2022-06-20,875.65,827.2671651264047,0.05683877150828235,1.4051519924408702,6.48674747474747,6.031864717819069,0.4548827569284013,0.7640759297059407,1.0846139610734054,0.990962743711112,0.5113861195335875,1.4705393678886367,Estrés moderado
2022-06-22,880.82,828.7355514052537,0.06095218463472598,1.5068426253834288,6.37402756508423,5.9157895684878525,0.4582379965963778,0.7697117948374452,1.138277210110437,0.9813126931136946,0.5399432113595315,1.4226821748678578,Estrés moderado
2022-06-23,886.64,831.158194107447,0.06461889477564127,1.5974899937815912,6.32631944444445,5.838296578758119,0.48802286568633035,0.8197420525125175,1.2086160231470544,0.9729686681394432,0.5635631060738647,1.3823742302050217,Estrés moderado
2022-06-24,898.8,836.331879578987,0.07203502086189673,1.7808293600234546,6.37248939179632,5.807394657928933,0.5650947338673863,0.9492012558735345,1.3650153079484946,0.9715532747011595,0.602947767622095,1.340158781780224,Estrés moderado
2022-06-28,911.49,834.6864533529537,0.0880244737668041,2.1761160808860995,6.41130434782609,5.919142910292498,0.49216143753359143,0.8266936968289641,1.5014048888575318,0.9698379913490663,0.6501698885065834,1.2895060941915493,Estrés moderado
2022-06-29,905.32,837.378551852935,0.07801223189057714,1.9285962762201914,6.45845519808561,5.886805010704235,0.5716501873813751,0.9602125860724796,1.4444044311463355,0.9695308974869968,0.6928521249683756,1.2462096700056182,Estrés moderado
2022-06-30,919.97,837.1798094202652,0.09430218732848766,2.3313119354954366,6.41651162790698,5.849867937457859,0.5666436904491212,0.9518030701261895,1.6415575028108131,0.977576678238012,0.7467422681010525,1.2084110883749715,Estrés moderado
2022-07-01,932.08,836.2356123535471,0.10850824157564347,2.682509980428644,6.30645756457564,5.738352635384346,0.5681049291912948,0.954257542918229,1.8183837616734366,0.9946639751199456,0.817216421270501,1.1721115289693902,Estrés moderado
2022-07-04,934.54,840.618785510034,0.10591615955681825,2.6184292637510915,6.34006337135614,5.724234356997705,0.6158290143584354,1.0344206710826758,1.8264249674168838,1.0112907577719732,0.880965497514037,1.1416160180299093,Estrés moderado
2022-07-05,927.53,850.6131258106595,0.08656772503395627,2.1401027517776656,6.29022950819672,5.6376048727034025,0.6526246354933181,1.0962270332705666,1.618164892524116,1.0286038570629426,0.9324207175057874,1.1247869966200976,Estrés moderado
2022-07-06,948.51,856.0893283286251,0.10251760606088654,2.534411187893673,6.31132879045997,5.721503181524523,0.5898256089354472,0.9907422157632154,1.7625767018284442,1.0560178054759308,1.001746659810344,1.1102889511415175,Estrés moderado
2022-07-07,972.66,866.1898376274274,0.1159304898016409,2.8660006964732596,6.51214285714286,5.728969874640935,0.7831729825019245,1.315511778829465,2.0907562376513624,1.0982171389376372,1.0849872348841618,1.1114470429911123,Estrés moderado
2022-07-08,959.7,866.057617770309,0.10266929605231709,2.538161224849713,6.4,5.793920946029529,0.606079053970471,1.0180434619346874,1.7781023433922003,1.1261731730922506,1.1538692081051416,1.0984771380793594,Estrés moderado
2022-07-11,966.74,865.9728083600037,0.11007607755096462,2.7212695768464163,6.67,5.765461344123096,0.904538655876904,1.5193721984781507,2.1203208876622837,1.1633334675968128,1.232083604935478,1.0945833302581476,Estrés moderado
2022-07-12,989.95,867.824477153941,0.13166495785105736,3.254983754040101,6.76,5.754899128349188,1.0051008716508119,1.6882886221948499,2.4716361881174755,1.216530717901961,1.3356517512458606,1.0974096845580616,Estrés moderado
2022-07-13,1008.81,868.5122086156143,0.14974505465892599,3.7019547806640394,6.75357142857143,5.725746263312926,1.0278251652585038,1.7264590859038993,2.714206933283969,1.2823016018662907,1.4586047378517302,1.1059984658808513,Estrés moderado
2022-07-14,1010.16,876.4213617349893,0.14201703129380738,3.5109047783334355,6.84653662182362,5.684941656875348,1.1615949649482715,1.951154971838799,2.7310298750861173,1.3477675816958086,1.5688523257473403,1.1266828376442768,Estrés moderado
2022-07-15,1042.97,876.3757190902203,0.17403278934919028,4.302389270824107,6.80311926605504,5.619211223191824,1.1839080428632158,1.9886347080846503,3.145511989454379,1.4275653361235938,1.704408624715989,1.1507220475311988,Estrés moderado
2022-07-18,988.22,877.2103533226822,0.11915852585738221,2.9458032885249703,6.60098591549296,5.717777782999116,0.8832081324938444,1.483542879303516,2.214673083914243,1.4769536697431214,1.8004320748461735,1.1534752646400692,Estrés moderado
2022-07-19,940.9,880.6940215062571,0.06612660656741853,1.6347632171821658,6.66924562191289,5.656863464991099,1.0123821569217912,1.7005191469358731,1.6676411820590196,1.511844955602143,1.8551746043868471,1.1685153068174388,Estrés alto
2022-07-20,929.83,880.0785597689681,0.0549905977867676,1.3594619657522236,6.67035661218425,5.5951326577874445,1.0752239543968054,1.8060758076331078,1.5827688866926657,1.5476853059792568,1.904374524307488,1.1909960876510255,Estrés alto
2022-07-21,919.93,884.399241884175,0.03938898841809113,0.973763402818199,6.68628680203045,5.426794639902162,1.2594921621282882,2.115594908969018,1.5446791558936086,1.5780549952539988,1.9394822428726475,1.21662774763535,Estrés alto
2022-07-22,927.49,876.4592678447776,0.056591780840181564,1.3990459591789524,6.7208120649652,5.413930169818195,1.3068818951470051,2.195196418947757,1.7971211890633547,1.6081603949693535,1.9722284830680352,1.244092306870672,Estrés alto
2022-07-25,932.83,878.4057826842754,0.060114322378872646,1.486129232272324,6.74952702702703,5.471275697988744,1.2782513290382866,2.1471050677493873,1.8166171500108557,1.6458174622444939,2.0163321475030433,1.2753027769859442,Estrés alto
2022-07-26,941.03,876.7076970347346,0.07080138194516931,1.75033168852576,6.69525111607143,5.506919116121979,1.1883319999494508,1.9960657198611118,1.873198704193436,1.6836776779017761,2.06182518838185,1.3055301674217021,Estrés alto
2022-07-27,922.04,883.5064833619448,0.04268997656019828,1.0553694956632855,6.699595,5.415790547472032,1.2838044525279693,2.156432763575455,1.6059011296193701,1.7173037810789797,2.0874048876013402,1.3472026745566192,Estrés alto
2022-07-28,920.49,881.9670128601553,0.04275148203100087,1.056890016472425,6.64237818181818,5.3132102656802065,1.329167916137973,2.23263070712149,1.6447603617969575,1.7423346112397227,2.0902143552561134,1.3944548672233321,Estrés alto
2022-07-29,911.42,881.2277971725352,0.033687663739331616,0.8328168707358884,6.65,5.274209233629445,1.3757907663705555,2.310944068299541,1.5718804695177147,1.7603190198872065,2.0822093523422325,1.4384286874321803,Estrés alto
2022-08-01,905.1,880.4850066009838,0.02757253532011653,0.6816403999172014,6.52510062456627,5.1875971848339555,1.3375034397323147,2.246632057673749,1.4641362287954751,1.777125886440772,2.0709145721035638,1.4833372007779801,Estrés alto
2022-08-02,893.19,885.3361917537021,0.008831873642011935,0.21833907587623919,6.52698630136986,5.301655625981453,1.225330675388407,2.05821315654304,1.1382761162096398,1.779421925365036,2.033060338101095,1.525783512628977,Estrés alto
2022-08-03,897.22,890.2781148077391,0.007767191511555479,0.19201830614058293,6.69540540540541,5.232407405853379,1.462997999552031,2.4574278528689053,1.3247230795047442,1.7874255626460807,1.9926225485577522,1.582228576734409,Estrés alto
2022-08-04,907.82,886.6681944740176,0.023575284866955863,0.5828215076453052,6.66404973357016,5.20503286144817,1.4590168721219896,2.4507406711807556,1.5167810894130302,1.8000423586228338,1.9618218446331481,1.6382628726125192,Estrés alto
2022-08-05,903.91,882.9116733928615,0.02350463244592014,0.5810748585261444,6.66981412639405,5.328588319389775,1.341225807004275,2.252884594598286,1.4169797265622153,1.8069878154033392,1.9279413401246333,1.686034290682045,Estrés alto
2022-08-08,914.49,885.1393938080847,0.03262139310124597,0.8064568303650489,6.64961038961039,5.263672754074538,1.3859376355358528,2.327987973290425,1.567222401827737,1.8137280518659804,1.8954622558026863,1.7319938479292747,Estrés alto
2022-08-09,906.03,880.1341113069095,0.028998123004482484,0.7168833744208656,6.6785,5.32298123079349,1.35551876920651,2.2768927774027254,1.4968880759117955,1.813577491434456,1.8468211655871785,1.7803338172817333,Estrés alto
2022-08-10,900.78,880.3125222126126,0.022984071348932218,0.5682056946929114,6.54416906820365,5.259126649990533,1.2850424182131168,2.1585122000179577,1.3633589473554346,1.8108759753080925,1.8014748128696025,1.8202771377465827,Estrés alto
2022-08-11,889.38,873.0984024229649,0.018476323714288142,0.45676643585323423,6.54788732394366,5.369837045670988,1.1780502782726714,1.9787953003310097,1.217780868092122,1.7967500874841362,1.738989962881529,1.8545102120867434,Estrés alto
2022-08-12,882.33,875.9391047061365,0.007269562345668623,0.17971605900561957,6.56014178482069,5.274901487229714,1.2852402975909756,2.1588445820819167,1.169280320543768,1.7751133061131472,1.655563498834095,1.8946631133921996,Estrés alto
2022-08-16,882.72,879.4594682777938,0.003700571368323053,0.09148447606069524,6.67373015873016,5.153683624039608,1.520046534690552,2.553253451576285,1.3223689638184901,1.7583114393265342,1.5713320059110818,1.9452908727419866,Estrés alto
2022-08-17,882.2,880.304693931257,0.0021506970231971846,0.053168921971542195,6.71991071428571,5.272054087600377,1.4478566266853323,2.431994577208452,1.2425817495899971,1.7457920012287302,1.5017675449175443,1.989816457539916,Estrés alto
2022-08-18,895.76,881.221857822383,0.016363100721324512,0.40452393623126387,6.76830687830688,5.245975050366339,1.5223318279405404,2.55709210568669,1.480808020958977,1.7363997118664147,1.430771303195464,2.042028120537365,Estrés alto
2022-08-19,918.2,887.9389302820406,0.03351226339277762,0.8284806731036217,6.85608228980322,5.3046034188106805,1.5514788709925393,2.60605099383738,1.7172658334705009,1.7239500317270526,1.3628539690831427,2.0850460943709623,Estrés alto
2022-08-22,945.35,890.4755987553772,0.0597995286742128,1.4783469915663268,6.97219512195122,5.337584946423303,1.6346101755279172,2.7456883571646835,2.112017674365505,1.735080542759496,1.3275268279736965,2.1426342575452955,Estrés alto
2022-08-23,945.47,893.8106190924682,0.05618824108516832,1.3890697637803002,6.89283708902845,5.362385132869771,1.5304519561586785,2.5707316521920367,1.9799007079861686,1.7303998701036256,1.2831201675381594,2.1776795726690916,Estrés alto
2022-08-24,926.94,892.0015101796644,0.038421012946907834,0.9498333876916598,6.90918300653595,5.34807561316358,1.5611073933723703,2.6222242210635374,1.7860288043775987,1.7075462906456296,1.2062818219932112,2.208810759298048,Estrés alto
2022-08-25,915.6,887.8315135331113,0.030797600100847897,0.7613695369506296,6.86634560906516,5.282958764431308,1.5833868446338513,2.659647473927426,1.7105085054390277,1.6740896763841315,1.108262313869431,2.2399170388988323,Estrés alto
2022-08-26,910.03,890.4613209770484,0.021737899388646585,0.5373981848461488,6.75071428571429,5.370960679033355,1.3797536066809346,2.3176005327363884,1.4274993587912685,1.6306386591743034,1.0091454274198548,2.252131890928752,Estrés alto
2022-08-29,900.22,894.2699873444226,0.0066314490494734256,0.16394080303582725,6.87911875987362,5.336497110976733,1.5426216488968871,2.5911733355743025,1.377557069305065,1.5717068285026596,0.8711971451602454,2.2722165118450737,Estrés alto
2022-08-30,890.9,887.0368020399974,0.004345715815494872,0.10743355415122978,6.75,5.393960612827912,1.356039387172088,2.277767270115434,1.1926004121333318,1.5376377394432958,0.7765848206811207,2.2986906582054707,Estrés alto
2022-08-31,882.11,887.2172258790083,-0.005773087068345044,-0.1427206215292248,6.68686847599165,5.490929948702449,1.1959385272892011,2.008842560399537,0.9330609694351562,1.5131517323558337,0.717335359390741,2.3089681053209263,Estrés alto
2022-09-01,898.04,891.0803797031682,0.007779974427743032,0.19233432176994128,6.67097507692308,5.534991102443056,1.1359839744800244,1.90813566399593,1.0502349928829355,1.495400602562176,0.6784311045913316,2.3123701005330206,Estrés moderado
2022-09-02,898.24,889.3985595014467,0.009891834727818832,0.24454313328473395,6.57780392156863,5.507678614901099,1.0701253066675303,1.7975115040963128,1.0210273186905234,1.4779455413220732,0.6541237622735495,2.301767320370597,Estrés moderado
2022-09-05,885.52,893.4670420129776,-0.008934404454528314,-0.22087381355038055,6.47577669902913,5.472674128795902,1.0031025702332277,1.6849320341725131,0.7320291103110663,1.4424424720303302,0.600126436515905,2.2847585075447556,Estrés moderado
2022-09-06,866.28,893.7800331475163,-0.03125151502625799,-0.7725910930278168,6.49928784860558,5.533771284148825,0.9655165644567555,1.6217980466335853,0.42460347680288424,1.3960420162567313,0.5248357590059003,2.267248273507562,Estrés moderado
2022-09-07,888.51,894.3007956419018,-0.006496276577545892,-0.16059910751335327,6.5,5.392188355795568,1.1078116442044323,1.8608140209583726,0.8501074567225096,1.361938974674367,0.46113806580459654,2.2627398835441372,Estrés moderado
2022-09-08,886.34,888.5013085510012,-0.0024354961865384944,-0.06020964613209526,6.59589147286821,5.468721609864444,1.127169863003766,1.8933304195275977,0.9165603866977512,1.338960949910313,0.4239520944114172,2.2539698054092088,Estrés moderado
2022-09-09,881.04,889.1812483826615,-0.009198065822354258,-0.2273919751238819,6.51215982721382,5.473817267904855,1.0383425593089644,1.7441253691709397,0.7583666970235289,1.3094144944178654,0.3811426946915403,2.2376862941441904,Estrés moderado
2022-09-12,885.15,888.9338986543838,-0.004265755858689807,-0.10545680677195597,6.47702247191012,5.456088758357878,1.0209337135522418,1.7148833726255117,0.8047132829267779,1.2838422548648343,0.3498669054412788,2.2178176042883897,Estrés moderado
2022-09-13,898.69,883.2143730741004,0.017370198167223266,0.42942111372357716,6.4755303030303,5.626965884581414,0.8485644184488867,1.4253511197474722,0.9273861167355246,1.2659505844628358,0.34145959590149133,2.1904415730241804,Estrés moderado
2022-09-14,910.27,889.9502305124317,0.02257571840986809,0.5581105091229447,6.51407637075718,5.542114250997276,0.9719621197599035,1.6326247785457362,1.0953676438343405,1.264520302050326,0.3527853103430482,2.1762552937576034,Estrés moderado
2022-09-15,917.11,887.6855581112596,0.032609842384303166,0.8061712768160259,6.50018633540373,5.552913017981088,0.9472733174226416,1.5911544890879654,1.1986628829519956,1.2603182954985677,0.37325707603222963,2.1473795149649053,Estrés moderado
2022-09-20,922.6,892.364416447201,0.03332118335495196,0.8237568465897556,6.54488340425532,5.617662338263678,0.9272210659916431,1.5574723096219958,1.1906145781058757,1.2494460784549957,0.38128825399704463,2.117603902912947,Estrés moderado
2022-09-21,928.25,893.3924936140235,0.038275086218319106,0.9462258284854065,6.59047826086957,5.570879506144828,1.0195987547247418,1.7126410148053806,1.3294334216453936,1.2465278682911016,0.3934599529956867,2.099595783586517,Estrés moderado
2022-09-22,938.82,889.3143071014217,0.05417304321745998,1.3392506135096025,6.64853308884814,5.7093979357370435,0.9391351531110967,1.5774846469852846,1.4583676302474435,1.242899375905092,0.41121974576717185,2.074579006043012,Estrés moderado
2022-09-23,943.07,896.3856595173146,0.05076976711784485,1.25511578678303,6.73344086021505,5.626317041348148,1.1071238188669017,1.8596586665813506,1.5573872266821902,1.2449160142641051,0.429160826179244,2.060671202348966,Estrés moderado
2022-09-26,965.18,906.9002992136933,0.06228209205845549,1.5397202196140345,6.83686346863469,5.732690226609297,1.1041732420253931,1.8547025219286761,1.6972113707713552,1.256044428377969,0.46154464367661474,2.0505442130793234,Estrés moderado
2022-09-27,987.07,910.0493802628932,0.08124209684063778,2.008444081678677,6.97445314473351,5.721753974963299,1.2526991697702115,2.104184579884375,2.056314330781526,1.2839955438009492,0.5132672318707961,2.054723855731102,Estrés moderado
2022-09-28,982.83,920.1807421467468,0.06586605560893741,1.628321950266522,6.98271258503401,5.398143829510799,1.5845687555232113,2.6616327539756632,2.1449773521210926,1.3165187781868601,0.5615540949128263,2.0714834614608937,Estrés moderado
2022-09-29,971.14,910.599514347721,0.06436744958627892,1.5912738371081365,6.94456066945607,5.715251110548161,1.2293095589079095,2.064896569088471,1.8280852030983037,1.3333759861628538,0.6115470736144076,2.0552048987113,Estrés moderado
2022-09-30,966,902.7103421688919,0.06776210504605384,1.6751955468209854,6.87155495978552,5.817745386417699,1.0538095733678212,1.7701056310445638,1.7226505889327746,1.3493782808076131,0.6656146277760557,2.0331419338391705,Estrés moderado
2022-10-03,960.24,906.1177372978814,0.05801400274983305,1.4342057259545,6.76521739130435,5.627995007366896,1.1372223839374538,1.910215845851869,1.6722107859031845,1.35575837297242,0.6999373541001637,2.0115793918446765,Estrés moderado
2022-10-04,955.42,908.9693215085307,0.049839690484759176,1.2321226959856226,6.79884742041712,5.5370052749891725,1.2618421454279476,2.1195422242873767,1.6758324601364998,1.3543772605279534,0.7133920881962303,1.9953624328596762,Estrés moderado
2022-10-05,931.12,908.2471867959238,0.02487158892677606,0.6148683690416693,6.90888157894737,5.630297145211897,1.2785844337354726,2.147664590565575,1.381266479803622,1.3300188873758905,0.6846094674454084,1.9754283073063728,Estrés moderado
2022-10-06,942.02,911.1177936087316,0.033354315435649116,0.8245759284940598,6.93820895522388,5.699142133746336,1.2390668214775442,2.0812860438613123,1.452930986177686,1.3124532299822744,0.6657930062692003,1.9591134536953485,Estrés moderado
2022-10-07,943.92,907.8345695528936,0.03897924691173453,0.9636338894813598,6.88361083249749,5.842608378083738,1.041002454413752,1.7485932497273151,1.3561135696043374,1.298122722156499,0.6662530229955237,1.9299924213174744,Estrés moderado
2022-10-11,945.06,912.5417273334933,0.03501460454592172,0.8656211250987662,6.8090243902439,5.846537700604405,0.9624866896394951,1.6167087035388432,1.2411649143188046,1.282477935785825,0.6697280759337949,1.895227795637855,Estrés moderado
2022-10-12,933.88,911.0645715271164,0.024734175736954404,0.6114712791267788,6.75121621621622,5.803860324243635,0.9473558919725853,1.5912931912591453,1.101382235192962,1.2716073649992148,0.6721971790764826,1.8710175509219469,Estrés moderado
2022-10-13,933.14,913.7841829170247,0.020960823331610264,0.5181875309061076,6.6441466992665,5.761909480588788,0.8822372186777128,1.481912015382152,1.0000497731441298,1.2590237884605169,0.6840054033388253,1.8340421735822086,Estrés moderado
2022-10-14,944.75,903.1556232533445,0.04502546340307954,1.1131067391594056,6.54451403887689,5.864587989150209,0.6799260497266806,1.1420857807058467,1.1275962599326261,1.2568569833871601,0.7175278428390978,1.7961861239352224,Estrés moderado
2022-10-17,950.72,910.5083769119061,0.04321649280633757,1.06838588100524,6.41783055198974,5.769782873548744,0.6480476784409962,1.088539024301857,1.0784624526535485,1.2617036994944397,0.7578980595902466,1.765509339398633,Estrés moderado
2022-10-18,967.73,907.1607984170682,0.06463340233131537,1.59784864545931,6.45463043478261,5.746891289167121,0.7077391456154886,1.1888040103497688,1.3933263279045394,1.2731400773284933,0.8047485370465589,1.7415316176104276,Estrés moderado
2022-10-19,972.03,912.8102082403361,0.06285868626039737,1.5539746179796012,6.60257537688442,5.8071174823617495,0.7954578945226712,1.3361469984121788,1.44506080819589,1.287274526978672,0.8483962532030545,1.72615280075429,Estrés moderado
2022-10-20,978.06,911.3358256002656,0.07065955448629366,1.7468254703029944,6.7,5.900606393386962,0.7993936066130385,1.3427578950194898,1.5447916826612422,1.314366612723678,0.9139862293315003,1.7147469961158557,Estrés moderado
2022-10-21,972.08,922.270535077507,0.052599503090618574,1.3003500006753743,6.73086614173228,5.795700965177523,0.935165176554757,1.5708161956492108,1.4355830981622926,1.3480659334356584,0.9830842657882733,1.713047601083043,Estrés moderado
2022-10-24,978.49,921.4627045189475,0.06004826334746182,1.484496139629002,6.62111111111111,5.75189473699077,0.8692163741203397,1.4600406347699002,1.472268387199451,1.368804631118223,1.0379207740263519,1.6996884882100942,Estrés moderado
2022-10-25,983.91,923.4886743972357,0.06337589367258661,1.5667608729681877,6.58378763222132,5.504850706046231,1.0789369261750892,1.812312562753528,1.6895367178608578,1.39457050882366,1.092153124663028,1.6969878929842919,Estrés moderado
2022-10-26,971.12,907.7103260539867,0.0675247410569085,1.6693275015865332,6.55918774074695,5.74622311926351,0.8129646214834397,1.3655534080307405,1.5174404548086369,1.4198729674164967,1.1553771072200418,1.6843688276129518,Estrés moderado
2022-10-27,953,906.7551209467944,0.049742477923135464,1.229719434602045,6.52612375948627,5.629358293729394,0.896765465756877,1.5063154110372596,1.3680174228196522,1.4386497720795925,1.1998829819325085,1.6774165622266768,Estrés moderado
2022-10-28,945.31,910.5697781999862,0.03744238256420995,0.925639964863886,6.63154212218649,5.583834056896903,1.0477080652895872,1.7598568023376562,1.342748383600771,1.4524951809751008,1.2164236103038522,1.6885667516463496,Estrés moderado
2022-11-02,936.35,893.0963251176888,0.047294896274119584,1.1692110150934492,6.55819089900111,5.719668412755741,0.8385224862453691,1.4084834795312164,1.288847247312333,1.458944501091034,1.2367936271695357,1.6810953750125321,Estrés moderado
2022-11-03,937.79,895.56190604911,0.04607469408306019,1.1390455225176994,6.5251724137931,5.737071612585972,0.7881008012071273,1.3237891373383364,1.2314173299280178,1.4600363159902348,1.2478894353595913,1.672183196620878,Estrés moderado
2022-11-04,948.74,888.3995718635998,0.06571317836818709,1.6245425624694463,6.45763603925067,5.98254118552447,0.4750948537261999,0.7980266047246363,1.2112845835970414,1.4607253161732736,1.2745822925555812,1.646868339790966,Estrés moderado
2022-11-07,932.37,886.070399187785,0.05093332684072805,1.259159263874348,6.38537987679671,5.909617193491651,0.47576268330505916,0.7991483718142434,1.0291538178442958,1.4507159960465703,1.2850134070685457,1.6164185850245947,Estrés moderado
2022-11-08,919.58,881.9183955185615,0.041817514427620356,1.0338007342106836,6.0921680420105,5.776319524583214,0.31584851742728554,0.5305372558614747,0.7821689950360792,1.4281760415395248,1.2748317444252486,1.581520338653801,Estrés moderado
2022-11-09,907.35,878.5232906901682,0.03228584406123053,0.798161482143622,5.9598171221865,5.815882175305987,0.14393494688051373,0.24177049290134817,0.5199659875224851,1.3935953335675346,1.2595999342706017,1.5275907328644676,Estrés moderado
2022-11-10,904.42,890.7160292320567,0.015268187773440887,0.3774558087992028,5.78873811931244,5.446197650283177,0.3425404690292633,0.5753722763701928,0.47641404258469783,1.352902089294646,1.2208577872434405,1.4849463913458516,Estrés moderado
2022-11-11,893.54,875.432792329883,0.020472717485503337,0.5061207165823807,5.70857794361525,5.677446477395548,0.031131466219702017,0.05229216459104424,0.27920644058671246,1.2936651596214856,1.1707803417402307,1.4165499775027406,Estrés moderado
2022-11-14,887.46,872.248172351231,0.01728946517340812,0.4274252555425372,5.65731601731602,5.824648048804666,-0.16733203148864517,-0.2810710575019545,0.07317709902029135,1.2246051511847922,1.1307504519160978,1.3184598504534866,Estrés moderado
2022-11-15,898.72,869.426433067133,0.03313780688769131,0.8192234655630293,5.37716320687187,5.765595407430496,-0.38843220055862515,-0.6524575624137605,0.08338295157463438,1.1664484094673366,1.105015439531261,1.2278813794034122,Estrés moderado
2022-11-16,889.14,867.2527303472015,0.024924269303656925,0.6161707183812551,5.358383600377,5.678599718790587,-0.3202161184135879,-0.5378736051368963,0.03914855662217942,1.1103316750569834,1.0697146119166032,1.1509487381973635,Estrés moderado
2022-11-17,895.68,869.9420900556482,0.029156560048311488,0.7208002100931553,5.53280028030834,5.591014111097367,-0.05821383078902706,-0.09778296979692125,0.31150862014811703,1.064974936198481,1.0459344280545584,1.084015444342404,Estrés moderado
2022-11-18,920.86,866.7080253857185,0.060605860212875305,1.4982808912276597,5.56071107110711,5.715900653241173,-0.15518958213406314,-0.2606751353919197,0.61880287791787,1.0297406167911936,1.0548063678959596,1.0046748656864273,Estrés moderado
2022-11-21,929.3,869.7342695914174,0.066243886821367,1.6376625863651477,5.37382014388489,5.655422738613361,-0.28160259472847105,-0.47301367461732313,0.5823244558739122,1.0031092159935364,1.088899508473409,0.9173189235136641,Estrés moderado
2022-11-22,947.06,870.023886130317,0.08484178255764863,2.09743449127403,5.38280301636932,5.626750734954104,-0.24394771858478434,-0.40976400410502,0.8438352435845051,0.9828060245737638,1.1313281272327413,0.8342839219147863,Estrés moderado
2022-11-23,935.29,868.6748096866147,0.07388779849437738,1.8266332032935488,5.39742424242425,5.503380759839765,-0.1059565174155154,-0.17797734321551023,0.8243279300390193,0.9650798365882531,1.1600947710264808,0.7700649021500254,Estrés moderado
2022-11-24,924.63,861.6504198539134,0.07054401449626636,1.7439691234312151,5.39196644295302,5.5391084701778555,-0.1471420272248355,-0.2471574917673328,0.7484058158319412,0.9486545333053578,1.1893730376375626,0.7079360289731529,Estrés moderado
2022-11-25,911.96,861.8012664519136,0.05657143473997091,1.398542968658736,5.47366438356164,5.489815384368367,-0.016151000806727035,-0.027129168492583112,0.6857069000830764,0.9347986888016949,1.2156087606219612,0.6539886169814286,Estrés moderado
2022-11-28,915.81,863.1433457747556,0.059228140579161086,1.464221297099093,5.50275608635737,5.475482021160155,0.027274065197215404,0.04581280869633615,0.7550170528977146,0.9266309314601477,1.2471432194950607,0.6061186434252348,Estrés moderado
2022-11-29,916.36,857.910370253246,0.06590967010818957,1.6294001755500251,5.48381944444444,5.605299159112577,-0.1214797146681369,-0.20405197715612447,0.7126740991969504,0.9128001927689585,1.2643530007080812,0.5612473848298357,Estrés moderado
2022-11-30,905.7,861.6928454772054,0.049809245969690975,1.2313700553167308,5.4814584139265,5.723072614576545,-0.24161420065004482,-0.4058443459990254,0.4127628546588527,0.8906102061691353,1.2697858065184644,0.5114346058198064,Estrés moderado
2022-12-01,894.82,858.2198571898244,0.0417622702555115,1.0324350034524423,5.36167182662539,5.513938031966494,-0.15226620534110405,-0.25576467922065493,0.3883351621158937,0.8571105006428471,1.2509386851182354,0.46328231616745885,Estrés moderado
2022-12-02,885.77,848.5524406449924,0.04292543651861298,1.0611904699899077,5.30974298375185,5.619501240490955,-0.3097582567391048,-0.5203073196271457,0.270441575181381,0.8179565262090301,1.2345125468519123,0.40140050556614804,Estrés moderado
2022-12-05,881.87,846.5084216727457,0.04092450251352785,1.0117239468864243,5.321728,5.880724163968252,-0.5589961639682519,-0.9389573624865377,0.036383292199943296,0.7676762465269868,1.2100091627380265,0.32534333031594714,Estrés moderado
2022-12-06,886.26,846.9655691305828,0.045350317831873446,1.1211376982346997,5.30335038363171,5.824948154103399,-0.521597770471689,-0.8761385111558141,0.12249959353944279,0.7239067963728919,1.2040354193233374,0.24377817342244631,Condiciones neutrales
2022-12-07,884.74,848.2241252359099,0.04214891703541003,1.041993575510357,5.42272941176471,5.7810426478902555,-0.3583132361255457,-0.601866117914123,0.22006372879811703,0.6821666410928474,1.189285333852716,0.17504794833297888,Condiciones neutrales
2022-12-09,878.58,845.6594587686711,0.03819022023264918,0.9441277956516537,5.36666666666667,5.92722085370038,-0.5605541870337103,-0.9415744058985192,0.0012766948765672859,0.625891306993371,1.168530897942165,0.08325171604457729,Condiciones neutrales
2022-12-12,861.51,857.2399978000595,0.004968740061503649,0.12283578290085426,5.37771391076116,5.883196661725867,-0.5054827509647073,-0.8490697811930196,-0.36311699914608264,0.5632060585282137,1.1169811739859756,0.009430943070451957,Condiciones neutrales
2022-12-13,860.03,855.1867361026038,0.005647422471789595,0.13961397700571643,5.29345062555854,5.768285745718191,-0.4748351201596512,-0.7975903249067845,-0.32898817395053404,0.5066392053025409,1.0806443253994313,-0.06736591479434952,Condiciones neutrales
2022-12-14,858.07,846.2583715541068,0.0138609645334096,0.3426668348810926,5.25827061649319,5.838128818452311,-0.5798582019591201,-0.9739997571050311,-0.3156664611119692,0.45135871047878284,1.061211887733338,-0.15849446677577242,Condiciones neutrales
2022-12-15,862.85,844.0179437387997,0.022067108969601394,0.5455368107582493,5.26282177931831,5.865041261894256,-0.6022194825759465,-1.0115604604213944,-0.2330118248315725,0.4006300747406527,1.0404227475888315,-0.2391625981075261,Condiciones neutrales
2022-12-16,875.56,841.3895456002762,0.039808935571338064,0.9841452172636223,5.33989022662889,5.913644776863283,-0.573754550234392,-0.9637473276709848,0.01019894479631872,0.3599227952362627,1.0352594040803622,-0.3154138136078368,Condiciones neutrales
2022-12-19,885.99,842.2014139189752,0.05068646929333798,1.2530565215848937,5.35309968847352,6.021606094258967,-0.6685064057854472,-1.1229039697261833,0.06507627592935517,0.32171585164733985,1.0228765360508771,-0.37944483275619745,Condiciones neutrales
2022-12-20,888.27,840.3960848979515,0.05540244048854718,1.36964342424651,5.37467355684396,6.094125937540997,-0.7194523806970369,-1.2084789724108322,0.08058222591783892,0.2900967985831246,1.0265593413966159,-0.4463657442303667,Condiciones neutrales
2022-12-21,889.65,838.4529924591734,0.05926960872897534,1.4652464609403955,5.34693571844095,6.029706549755954,-0.6827708313150045,-1.1468642188941534,0.15919112102312105,0.26933086944935936,1.0409408656209396,-0.502279126722221,Condiciones neutrales
2022-12-22,879.48,837.6402198081316,0.04874214740423787,1.204989547160274,5.36587512794268,6.09010462064755,-0.7242294927048702,-1.2165031857781226,-0.005756819308924244,0.25180677588831235,1.0545018011214946,-0.5508882493448699,Condiciones neutrales
2022-12-23,867.01,835.0571333720716,0.0375503650292195,0.9283094767451329,5.361354056902,6.127125302608687,-0.7657712457066868,-1.2862817233529673,-0.17898612330391722,0.2299601036920252,1.0728635900530257,-0.6129433826689753,Condiciones neutrales
2022-12-26,876.22,835.5933035017214,0.047475185307698425,1.1736680694601438,5.36764430577223,6.187793442273595,-0.8201491365013642,-1.3776213857858768,-0.1019766581628665,0.21725400040037257,1.0951151684822844,-0.6606071676815394,Condiciones neutrales
2022-12-27,879.19,832.1245507560051,0.05501889900327689,1.36016162040188,5.34056936936937,6.274914595819677,-0.9343452264503069,-1.5694389085816582,-0.1046386440898891,0.21132680896336653,1.1262063806442626,-0.7035527627175294,Condiciones neutrales
2022-12-28,876.75,830.7366660181827,0.0539090324492335,1.3327238141584727,5.32191581108829,6.316775360259939,-0.9948595491716499,-1.671086062028526,-0.1691811239350266,0.20290800644637785,1.1433230589307772,-0.7375070460380216,Condiciones neutrales
2022-12-29,856.76,835.108049294374,0.025596715871046602,0.6327947517462258,5.3316501650165,6.232845889496784,-0.9011957244802842,-1.5137570078033864,-0.4404811280285803,0.1869203502913525,1.1438771933762764,-0.7700364927935713,Condiciones neutrales
2022-12-30,859.51,834.0871480500091,0.030024568462160887,0.7422588679742145,5.32,6.415982271925601,-1.0959822719256007,-1.8409439808565697,-0.5493425564411776,0.15822531107170937,1.1445924819723117,-0.8281418598288929,Condiciones neutrales
2023-01-03,855.86,836.8140784098197,0.022504894091236027,0.5563596104001494,5.33,6.319449286651382,-0.9894492866513827,-1.6619983327133059,-0.5528193611565783,0.11917123643589442,1.113195105944728,-0.8748526330729391,Condiciones neutrales
2023-01-04,852.14,830.9777603963819,0.025147800541112632,0.6216967942507502,5.33655172413793,6.3121867618013825,-0.9756350376634524,-1.6387942543483316,-0.5085487300487908,0.08280879690513766,1.0793295795409148,-0.9137119857306394,Condiciones neutrales
2023-01-05,855.1,828.0699284863856,0.032120815649044544,0.7940816965318114,5.3684022556391,6.403821993054686,-1.035419737415586,-1.7392158450759223,-0.47256707427205547,0.038928719643252306,1.0358844863828407,-0.9580270470963361,Condiciones neutrales
2023-01-06,856.31,834.3031459123175,0.02603563949247375,0.6436456970571717,5.34491935483872,6.259614265798767,-0.9146949109600468,-1.536431869188431,-0.4463930860656297,-0.003428647560235996,0.9964515695082948,-1.003308864628767,Condiciones neutrales
2023-01-09,846.38,827.2720738682159,0.022834801458621164,0.5645154867905213,5.3090625,6.385198359009355,-1.0761358590093548,-1.8076075525806228,-0.6215460328950507,-0.04909370918446906,0.9571364482869384,-1.0553238666558764,Condiciones neutrales
2023-01-10,837.19,822.2680811988423,0.017984571191615006,0.4446094694254625,5.31267428571428,6.423756465463322,-1.1110821797490424,-1.8663076068303857,-0.7108490687024616,-0.09564557481065367,0.9253386649791626,-1.1166298146004698,Condiciones neutrales
2023-01-11,833.73,825.4042810590181,0.01003630498338104,0.24811468597781244,5.26957911518533,6.340349569973174,-1.0707704547878443,-1.7985951726731468,-0.7752402433476672,-0.1466541513521664,0.8848017779417866,-1.1781100806461193,Condiciones neutrales
2023-01-12,825.67,816.1670107125227,0.01157617394190571,0.286182889736465,5.22328083491461,6.312968226208714,-1.0896873912941039,-1.8303703402917417,-0.7720937252776383,-0.196146412167986,0.8400278684146679,-1.23232069275064,Condiciones neutrales
2023-01-13,822.32,810.3497901813115,0.014663619524109437,0.36250984396618763,5.3066511627907,6.388726653893645,-1.0820754911029458,-1.8175844748642171,-0.7275373154490148,-0.23415641783824825,0.8110658613696498,-1.2793786970461463,Condiciones neutrales
2023-01-16,824.33,811.2693916278373,0.015970764047531612,0.3948247002298773,5.32012300123001,6.369918669327431,-1.0497956680974214,-1.7633633917432947,-0.6842693457567087,-0.2699099014340017,0.7898121845955643,-1.3296319874635676,Condiciones neutrales
2023-01-17,821.59,810.4561206442437,0.01364428608240224,0.33731017165504756,5.32614376489278,6.308181622696305,-0.9820378578035247,-1.6495492031274426,-0.6561195157361975,-0.3007952711312543,0.7656828413177357,-1.3672733835802442,Condiciones neutrales
2023-01-18,820.89,809.1956858147628,0.014348343669122233,0.35471568367651257,5.30626250378903,6.261712773798439,-0.9554502700094083,-1.6048894846549189,-0.6250869004892031,-0.32284427755422584,0.7437825658774052,-1.389471120985857,Condiciones neutrales
2023-01-19,812.45,808.150248534008,0.0053063814585127414,0.1311828577785847,5.31660899653979,6.228241050997616,-0.9116320544578262,-1.5312871260785963,-0.7000521341500058,-0.35026266847720744,0.7107840711955348,-1.4113094081499498,Condiciones neutrales
2023-01-20,828.74,810.8222055760904,0.021857673617103456,0.5403592093597541,5.35384615384615,6.240810249443846,-0.886964095597696,-1.4898518478383866,-0.47474631923931626,-0.3734230034117886,0.6940629256571813,-1.4409089324807585,Condiciones neutrales
2023-01-23,821.02,813.5565875170967,0.009131984889889205,0.22575834104890766,5.35263157894737,6.21325999615446,-0.8606284172070906,-1.4456152667760147,-0.6099284628635535,-0.3937965086697926,0.6701172771704231,-1.4577102945100082,Condiciones neutrales
2023-01-24,814.11,810.7120929647461,0.004182503430201259,0.10339866384131291,5.36789473684211,6.181650535096987,-0.8137557982548765,-1.3668823639385865,-0.6317418500486368,-0.4027506703665444,0.6694693732017717,-1.4749707139348605,Condiciones neutrales
2023-01-25,805.45,807.9733080013334,-0.0031278958796493676,-0.07732695501338271,5.39816132858837,6.1786282777827175,-0.7804669491943473,-1.310966398984197,-0.6941466769987898,-0.4149226204681529,0.6622380088011351,-1.492083249737441,Condiciones neutrales
2023-01-26,803.68,811.4990462658686,-0.009682031679108019,-0.23935644180472504,5.42437800320342,6.1769455458691285,-0.752567542665709,-1.2641031915820122,-0.7517298166933686,-0.4294580656541996,0.6428372329116079,-1.501753364220007,Condiciones neutrales
2023-01-27,802.58,812.4551306458699,-0.012229150349407818,-0.3023255873295112,5.4232979951561875,6.15792723009232,-0.7346292349361327,-1.2339718468628176,-0.7681487170961644,-0.4472959620630193,0.6145751529753491,-1.5091670771013879,Condiciones neutrales
2023-01-30,803.14,810.6271235969328,-0.00927912981853671,-0.2293960162515898,5.42005797101449,6.300643898686986,-0.8805859276724962,-1.4791383078920162,-0.854267162071803,-0.47611149895862337,0.5741237785248421,-1.5263467764420888,Condiciones neutrales
2023-01-31,810.37,818.239092340828,-0.009663649326785989,-0.23890199850298535,5.53564161592158,6.231421163911882,-0.6957795479903015,-1.1687152280532525,-0.7038086132781189,-0.5017409952655392,0.5243918278552461,-1.5278738183863245,Condiciones neutrales
2023-02-01,804.28,813.0778496700048,-0.010879393757713008,-0.26895728759675236,5.50422222222222,6.148576516836313,-0.6443542946140927,-1.0823351714665506,-0.6756462295316514,-0.5269486104471889,0.46977180412713737,-1.523669025021515,Condiciones neutrales
2023-02-02,791.8,820.2941985432194,-0.035354219951820136,-0.8740170008645225,5.46917882960413,6.0852134436051415,-0.6160346140010116,-1.0347660210341874,-0.9543915109493549,-0.564068031512938,0.3917963554003068,-1.5199324184261829,Condiciones neutrales
2023-02-03,781.49,819.2384790191265,-0.04717287076666106,-1.1661943350987207,5.5354617737003,6.194537219452037,-0.6590754457517369,-1.1070625920392492,-1.136628463568985,-0.6017637529882734,0.3127568926583403,-1.516284398634887,Condiciones neutrales
2023-02-06,788.88,832.1121449895103,-0.05335300336467981,-1.3189778207936818,5.65125,6.216788843213082,-0.5655388432130815,-0.9499472354826419,-1.1344625281381617,-0.6336129664827482,0.23784731607371312,-1.5050732490392096,Condiciones neutrales
2023-02-07,804.79,839.1637757316225,-0.04182451709070716,-1.0339738520618913,5.61025641025641,6.192095498001937,-0.581839087745527,-0.9773270917332116,-1.0056504718975514,-0.6637354269405711,0.1642592520229786,-1.4917301059041208,Condiciones neutrales
2023-02-08,799.46,838.4347168764293,-0.047600221444717816,-1.176759177385203,5.68622950819672,6.188650128838336,-0.502420620641616,-0.8439262578612151,-1.0103427176232092,-0.693925562725015,0.07969522543007584,-1.4675463508801059,Condiciones neutrales
2023-02-09,793.19,835.7610258270175,-0.05227992854137591,-1.2924495692852218,5.65898483080513,6.265270079527686,-0.6062852487225563,-1.0183898115038905,-1.1554196903945562,-0.7268001816069993,-0.0078105540180473014,-1.4457898091959513,Condiciones neutrales
2023-02-10,796.27,837.7957489192429,-0.05083601008999595,-1.2567534267571758,5.73036914963744,6.261406584621933,-0.5310374349844933,-0.8919945099354478,-1.0743739683463118,-0.7479299429509237,-0.07079549330149403,-1.4250643926003534,Condiciones neutrales
2023-02-13,800.78,839.4530598265643,-0.047164307848912713,-1.1659826450741846,5.7701169020945,6.176093240769616,-0.40597633867511557,-0.6819268123206257,-0.9239547286974051,-0.7604170153594647,-0.13440354373644064,-1.3864304869824886,Condiciones benignas
2023-02-14,793.79,834.8173093413927,-0.05039396706668572,-1.2458253644773911,5.75603614457831,6.215898491420777,-0.45986234684246696,-0.7724402493799504,-1.0091328069286707,-0.7756274635518677,-0.19447637623235867,-1.3567785508713768,Condiciones benignas
2023-02-15,789.49,837.9824300312002,-0.05960996634138148,-1.473660685324981,5.77179464285714,6.181108410206341,-0.40931376734920133,-0.6875327599590866,-1.0805967226420337,-0.7946957299716425,-0.2643216255515497,-1.3250698343917353,Condiciones benignas
2023-02-16,792.62,840.9065688537621,-0.05913664465565965,-1.461959360822206,5.75635897435897,6.240349664567992,-0.48399069020902147,-0.8129691243686458,-1.1374642425954258,-0.8168589689157548,-0.33952299413001696,-1.2941949437014928,Condiciones benignas
2023-02-17,794.35,844.4705313663494,-0.06118567070252951,-1.5126148017460634,5.73342524161455,6.181450137270174,-0.4480248956556235,-0.7525566389700711,-1.1325857203580671,-0.8397320567255028,-0.41139834409012477,-1.2680657693608808,Condiciones benignas
2023-02-20,792.25,836.0957423605612,-0.053866132310995865,-1.3316632491054115,5.71394088669951,6.271060348226496,-0.5571194615269854,-0.9358050267676048,-1.133734137936508,-0.856804993560218,-0.47460430195332254,-1.2390056851671136,Condiciones benignas
2023-02-21,791.7,840.3725654275181,-0.059662791600348854,-1.4749666163984279,5.77018214936248,6.333376671601604,-0.5631945222391245,-0.9460094312893138,-1.2104880238438709,-0.8734596253982649,-0.5385901714807856,-1.2083290793157444,Condiciones benignas
2023-02-22,797.75,838.0947054732219,-0.04933584262935913,-1.2196667121718399,5.76477220204688,6.282166772359963,-0.5173945703130829,-0.869078309334551,-1.0443725107531954,-0.8824307009784492,-0.5875162180857739,-1.1773451838711246,Condiciones benignas
2023-02-23,799.42,836.387699222482,-0.04520579590604613,-1.117564868163978,5.7852186277995,6.229642110564665,-0.44442348276516513,-0.746507271609758,-0.932036069886868,-0.8877621124654236,-0.6343078100157887,-1.1412164149150585,Condiciones benignas
2023-02-24,802.93,839.7812711893109,-0.04487392944223076,-1.109360559547165,5.80261843003413,6.227034564324265,-0.42441613429013536,-0.7129005165631707,-0.9111305380551677,-0.8938818865522954,-0.6833701567995671,-1.1043936163050236,Condiciones benignas
2023-02-27,818.67,843.3839770912009,-0.029741270885341675,-0.7352552656098812,5.80513024823782,6.174382018378295,-0.3692517701404753,-0.6202397986478443,-0.6777475321288627,-0.8936644927647005,-0.7210394889942258,-1.0662894965351752,Condiciones benignas
2023-02-28,831.24,843.4868064041194,-0.014625698552287814,-0.36157237245340695,5.82036880192978,6.215528722933496,-0.39515992100371605,-0.6637582529226638,-0.5126653126880354,-0.8888826859964284,-0.7443355737978409,-1.033429798195016,Condiciones benignas
2023-03-01,829.97,835.9903979937482,-0.00722757180623019,-0.17867798079615296,5.8995650248051,6.434329399816879,-0.5347643750117788,-0.898254727811226,-0.5384663543036895,-0.8859953344569113,-0.7621153626135965,-1.0098753063002261,Condiciones benignas
2023-03-02,815.24,834.9452797370524,-0.023883641036240272,-0.5904446014271308,5.99655855855856,6.37138655674235,-0.3748279981837908,-0.6296063036682121,-0.6100254525476715,-0.8829944450701668,-0.7861696112537869,-0.9798192788865467,Condiciones benignas
2023-03-03,814.56,833.0353405586692,-0.022427976753534105,-0.5544580817876006,5.90052545155993,6.255058381056951,-0.35453292949702186,-0.5955162590597951,-0.5749871704236978,-0.8863358067763129,-0.8226635209586988,-0.950008092593927,Condiciones benignas
2023-03-06,808.91,834.456913597834,-0.03109344795526136,-0.76868340371898225,5.89,6.209544017630749,-0.319544017630749,-0.5367446636180501,-0.6527140336685162,-0.8877619924698116,-0.8558115791176284,-0.9197124058219949,Condiciones benignas
2023-03-07,803,835.2468401681672,-0.03937258418587274,-0.9733578620407599,5.89272321428571,6.238580952438489,-0.34585773815277865,-0.5809443615966146,-0.7771511118186872,-0.8926089678621466,-0.8917034633136975,-0.8935144724105958,Condiciones benignas
2023-03-08,798.18,839.3977289428127,-0.05035050939990111,-1.2447510163616806,5.76255608613389,6.22156020230833,-0.45900411617444,-0.7709986616618253,-1.007874839011753,-0.9030665732625788,-0.9306175986919741,-0.8755155478331834,Condiciones benignas
2023-03-09,802.88,846.7359948872881,-0.053183688539269885,-1.3147920676895728,5.74216176470588,6.180048091474983,-0.43788632676910294,-0.7355266761282938,-1.0251593719089334,-0.9121808917697642,-0.9664654528881357,-0.8578963306513928,Condiciones benignas
2023-03-10,800.88,851.3583955928254,-0.061122063212438765,-1.5110423154121153,5.6032794262134,6.111144418156076,-0.5078649919426761,-0.8530712803975973,-1.1820567979048562,-0.9259778277967207,-1.0067560104908893,-0.8451996451025521,Condiciones benignas
2023-03-13,797.19,853.0968085302719,-0.06777998852482511,-1.67563765711226,5.42,6.209066994108206,-0.7890669941082065,-1.3254120714415156,-1.5005248642768878,-0.9475197512035568,-1.0549640651862449,-0.8400754372208687,Condiciones benignas
2023-03-14,803.14,847.7269750406778,-0.05402957560316105,-1.335703847829533,5.53,6.215607661245171,-0.6856076612451708,-1.1516293005185831,-1.2436665741740582,-0.9655150165667548,-1.0915241268304632,-0.8395059063030464,Condiciones benignas
2023-03-15,800.71,856.6885277326234,-0.06757557357693086,-1.670584168732828,5.41,5.97297949766552,-0.5629794976655199,-0.9456482500871598,-1.3081162094099938,-0.9865973492293661,-1.1382450228683323,-0.8349496755904001,Condiciones benignas
2023-03-16,817.42,857.3627319247911,-0.04770804818236884,-1.1794248394188496,5.39,6.031601133169026,-0.6416011331690264,-1.0777106295186996,-1.1285677344687746,-0.9924032233466802,-1.1484252841534766,-0.8363811625398838,Condiciones benignas
2023-03-17,824.65,862.9136154608017,-0.04535553421945746,-1.1212666562894305,5.38,5.964291010722177,-0.5842910107221772,-0.9814456372252455,-1.051356146757338,-0.9895608127862919,-1.1469276948598335,-0.8321939307127504,Condiciones benignas
2023-03-20,830.65,859.2437456734392,-0.0338441100504111,-0.8366844920776219,5.33,6.0008884673899905,-0.6708884673899901,-1.1269051676335256,-0.9817948298555736,-0.9844718895102057,-1.1308512505692982,-0.8380925284511132,Condiciones benignas
2023-03-21,826.35,851.01459319524065,-0.029410864130037937,-0.7270870434929882,5.37,6.068681978601507,-0.6986819786015074,-1.1735905004918892,-0.9503387719924388,-0.9826281661800352,-1.120621690283668,-0.8446346420764024,Condiciones benignas
2023-03-22,821.55,846.7942186445063,-0.030264912042098135,-0.7482005738073527,5.38,5.961187039876954,-0.5811870398769543,-0.9762318335072094,-0.8622162036572811,-0.9776906157145043,-1.1063364034977399,-0.8490448279312689,Condiciones benignas
2023-03-23,818.76,844.3970817233748,-0.03083185931706552,-0.7622164835796682,5.29,6.039876695429443,-0.7498766954294429,-1.2595833200933018,-1.010899901836485,-0.9728732894292352,-1.0886619673075546,-0.8570846115509159,Condiciones benignas
2023-03-24,805.23,844.5261752616282,-0.0476477798530018,-1.177934902869485,5.23,5.918482991288977,-0.6884829912889766,-1.1564590515763447,-1.1671969772229147,-0.975967389725122,-1.086034683177965,-0.8659000962722792,Condiciones benignas
2023-03-27,811.48,837.7564128720418,-0.031867640530601794,-0.7878227730421566,5.3,6.018372973527156,-0.7183729735271562,-1.2066658699700474,-0.997244321506102,-0.9784103761520786,-1.0734293541102307,-0.8833913981939265,Condiciones benignas
2023-03-28,806.58,833.805363713013,-0.03319691158500686,-0.8206846351307677,5.31,6.064905726206881,-0.7549057262068815,-1.2680306866031648,-1.0443576608669662,-0.9795845379500218,-1.0592579964653432,-0.8999110794347004,Condiciones benignas
2023-03-29,799.76,834.2086634084475,-0.042171884339429054,-1.0425613666878741,5.33,6.003265855908932,-0.6732658559089324,-1.1308985160627978,-1.086729941375336,-0.9797889785744652,-1.0448880191774397,-0.9146899379714907,Condiciones benignas
2023-03-30,792.18,833.3786643641656,-0.05069947922653994,-1.2533781494645106,5.34,5.9835449266415015,-0.643544926641502,-1.080975659423695,-1.1671769044441027,-0.9807794006360877,-1.0379353121321833,-0.9236234891399924,Condiciones benignas
2023-03-31,789.32,836.4660641088725,-0.05801413539520842,-1.4342090051758576,5.32,5.895903975420358,-0.57590397542035765,-0.967357761397666,-1.2007833832867618,-0.9830526560670443,-1.035321785579843,-0.9307835265542456,Condiciones benignas
2023-04-03,790.41,835.8057184111605,-0.055844393656464514,-1.3805692651467498,5.29,5.844605813709927,-0.5546058137099263,-0.9315828007906481,-1.156076032968699,-0.9837973859014506,-1.0369519861145542,-0.930642785688347,Condiciones benignas
2023-04-04,801.28,835.1370658408537,-0.04138541305558663,-1.0231184466147745,5.34,5.807712909361949,-0.46771290936194904,-0.7856270008327693,-0.9043727237237719,-0.973593542564114,-1.0218903804550992,-0.9252967046731289,Condiciones benignas
2023-04-05,810.64,833.3043488530069,-0.02757488106684195,-0.6816983908026041,5.4,5.8235040878096624,-0.4235040878096625,-0.7113685333171844,-0.6965334620598942,-0.9619989076076706,-1.0039581030761247,-0.9200397121392166,Condiciones benignas
2023-04-06,810.22,836.8764443894937,-0.03237062664931551,-0.8002574532459272,5.47,5.821688666174618,-0.3516886661746175,-0.590738691413421,-0.6954980723296741,-0.9541143076890974,-0.9933811892455229,-0.914847426132672,Condiciones benignas
2023-04-10,814.64,837.5584896583688,-0.027744801795276237,-0.6858991228694759,5.49,5.881517254595972,-0.3915172545959726,-0.6576395911802418,-0.6717693570248588,-0.9461356016547539,-0.9792658080229333,-0.9130053952865744,Condiciones benignas
2023-04-11,821.49,838.5849194117654,-0.02059608697328043,-0.5091706220774548,5.57,5.896119390361458,-0.3261193903614583,-0.5477894525353196,-0.5284800373063872,-0.9411600184940047,-0.9717296532385191,-0.9105903837494902,Condiciones benignas
2023-04-12,811.75,836.9131689408979,-0.030527913313717025,-0.7547024166695954,5.61,5.8973112358588144,-0.2873112358588142,-0.4826025966254419,-0.6186525066475186,-0.9446929249593208,-0.9848339880457253,-0.9045518618729161,Condiciones benignas
2023-04-13,802.89,833.146080929361,-0.03699127579202892,-0.9144878311545674,5.5,5.897822894690904,-0.3978228946909038,-0.6682313046372635,-0.79135956789591555,-0.9531226987457283,-1.0093609830576724,-0.8968844144337841,Condiciones benignas
2023-04-14,795.81,826.4283742463286,-0.03775278809158277,-0.9333137222952723,5.56,6.011463265728804,-0.4514632657288048,-0.7583321399542788,-0.8458229311247756,-0.9609826146982985,-1.0207899537532772,-0.9011752756433197,Condiciones benignas
2023-04-17,797.28,824.7186500327906,-0.03383636337425734,-0.8364929809463395,5.62,6.0331305801685575,-0.41313058016855747,-0.6939439390135658,-0.7652184599799526,-0.9673236576835069,-1.0301911170585685,-0.9044561983084454,Condiciones benignas
2023-04-18,801.26,824.3035511070558,-0.02835336068116822,-0.7009437430879849,5.64,6.006711474296086,-0.3667114742960861,-0.6159728114308824,-0.6584582772594336,-0.9675151324698709,-1.0279331283708686,-0.9070971365688731,Condiciones benignas
2023-04-19,795.23,827.2611685699809,-0.039489066561804016,-0.9762375063096411,5.69,5.977190591213028,-0.28719059121302754,-0.4823999473306743,-0.7293187268201577,-0.9659207196365865,-1.0280291165131648,-0.9038123227600084,Condiciones benignas
2023-04-20,796.93,826.5970968616541,-0.036550544354434174,-0.9035921935249374,5.63,5.992541948927689,-0.3625419489276894,-0.6089691738478653,-0.7562806836864013,-0.9575342477924081,-1.01665715575194,-0.8984113398328765,Condiciones benignas
2023-04-21,791.64,827.5549414977866,-0.04436875658367613,-1.0968718193811033,5.64,6.001611267306603,-0.36161126730660376,-0.607405888772623,-0.8521388540768632,-0.9517668971980058,-1.0093931474749909,-0.8941406469210207,Condiciones benignas
2023-04-24,795.96,830.513989548081,-0.0424958403157916,-1.0505701144769186,5.64,5.943171218367849,-0.3031712183678494,-0.5092429356933359,-0.7799065250851273,-0.9383618881040149,-0.9940440741104843,-0.8826797020975453,Condiciones benignas
2023-04-25,814.75,833.0296161798566,-0.02218787745443985,-0.5485224149961958,5.5,5.866699854363778,-0.3666998543637779,-0.6159532931914102,-0.582237854093803,-0.907752321097912,-0.9564735660399488,-0.8590310761558752,Condiciones benignas
2023-04-26,813.9,834.285505197483,-0.024738167814477293,-0.6115699701353349,5.545,5.887645831729573,-0.34264583172957375,-0.5755492562665941,-0.5935596132009645,-0.8860820890654756,-0.9323357701168089,-0.8398284080141422,Condiciones benignas
2023-04-27,805.21,835.6579863827732,-0.03711630921664931,-0.9175788720244681,5.59,5.881935179762906,-0.2919351797629061,-0.49036953037620457,-0.7039742012003363,-0.8659440221251536,-0.9072355935598636,-0.8246524506904437,Condiciones benignas
2023-04-28,801.61,832.9520662100877,-0.038353891643139744,-0.9481740338523313,5.53,5.811119190635064,-0.2811191906350638,-0.4722016908116764,-0.7101878623320039,-0.8519980263872613,-0.899527233374313,-0.8044688194002096,Condiciones benignas
2023-05-02,803.3,834.581471927277,-0.03820212478790893,-0.9444220966912161,5.46,5.856164270697961,-0.3961642706979609,-0.6654452797767082,-0.8049336882339622,-0.8437839444364821,-0.8936324147210392,-0.793935474151925,Condiciones benignas
2023-05-03,808.75,831.2700017067465,-0.027464808069068244,-0.6789771973631378,5.45,5.8041343100735245,-0.3541343100735247,-0.594846689809327,-0.6369119435862324,-0.832287848227504,-0.8883755048972231,-0.7762001915577851,Condiciones benignas
2023-05-04,806.03,835.0018665321751,-0.03531299755860908,-0.8729979125482796,5.43,5.843427285977518,-0.4134272859775189,-0.6944423218680009,-0.7837201172081403,-0.8267338930680275,-0.8932392005323995,-0.7602285856036555,Condiciones benignas
2023-05-05,800.54,832.1054370408186,-0.03867266004662516,-0.9560545359356577,5.43,5.837470425485758,-0.4074704254857583,-0.6844364606893875,-0.8202454983125226,-0.8253348695565355,-0.9001676659366763,-0.7505020731763947,Condiciones benignas
2023-05-08,795.46,828.345056553812,-0.040509238871095636,-1.00145791686734,5.45,5.868256556036069,-0.4182565560360696,-0.702554146186655,-0.8520060315269975,-0.8200384072128859,-0.9081423803795986,-0.7319344340461732,Condiciones benignas
2023-05-09,793.43,831.3604762857751,-0.04669816762762061,-1.1544588586987174,5.51,5.886693685176722,-0.376693685176722,-0.6327401365118444,-0.8935994976052809,-0.8109184912256314,-0.9073598455739064,-0.7144771368773565,Condiciones benignas
2023-05-10,792.46,830.5845340563606,-0.04698767952514767,-1.1616160897375025,5.53,5.803103930001285,-0.27310393000128497,-0.45873829254627685,-0.8101771911418897,-0.804682920213491,-0.9198196227970846,-0.6895462176298974,Condiciones benignas
2023-05-11,788.15,829.2442737178001,-0.0508263453557912,-1.2565144979386274,5.48,5.732438679842611,-0.25243867984261,-0.42402644650002025,-0.8402704722193238,-0.7978800139252362,-0.9343472848906799,-0.6614127429597927,Condiciones benignas
2023-05-12,796.38,833.5829328312101,-0.04565673787248858,-1.128712927592558,5.49,5.769798388443853,-0.27979838844385235,-0.46998311218490646,-0.7993480198887323,-0.7883006165423495,-0.9372190035875028,-0.6393822294971963,Condiciones benignas
2023-05-15,787,837.6251999215846,-0.062342496552619794,-1.541213522390907,5.57,5.780941630002753,-0.2109416300027533,-0.35432299774644854,-0.9477682600686778,-0.7809869950631686,-0.9468135160183826,-0.6151604741079547,Condiciones benignas
2023-05-16,783.35,838.6804934319828,-0.06825022078093575,-1.6872626056122033,5.56,5.781632908936266,-0.2216329089362659,-0.3722813590306398,-1.0297719823214215,-0.7752866150309906,-0.9552486360329274,-0.5953245940290538,Condiciones benignas
2023-05-17,794.44,841.6861612780037,-0.05776975075698649,-1.428167397445658,5.53,5.713390233990303,-0.18339023399030244,-0.308044350771436,-0.868105874108547,-0.7656876097356522,-0.956835240442891,-0.5745399790284135,Condiciones benignas
2023-05-18,797.24,844.7932498811473,-0.057936160028032105,-1.4322813202586502,5.6,5.674435067110156,-0.07443506711015722,-0.12503011432871136,-0.7786557172936808,-0.7614970428546493,-0.9704740028976869,-0.5525200828116115,Condiciones benignas
2023-05-19,796.04,844.3150064897,-0.05887621956272321,-1.4555212055188684,5.64,5.734592693513584,-0.0945926935135836,-0.15888929430481077,-0.8072052499118396,-0.7651861024497141,-0.9962680967215624,-0.5341041081778657,Condiciones benignas
2023-05-22,797,848.6192313047687,-0.06275591611194549,-1.5514339635103265,5.63,5.716052235142333,-0.08605223514233257,-0.14454371058958623,-0.8479888370499563,-0.7702691279403902,-1.0213073137303756,-0.5192309421504046,Condiciones benignas
2023-05-23,800.24,853.0625893074407,-0.06392123762986715,-1.5802427116463278,5.65,5.680774380780474,-0.030774380780474068,-0.051692360828850745,-0.8159675362375892,-0.7750757339141479,-1.051118766689604,-0.4990327011386915,Condiciones benignas
2023-05-24,801.71,860.6379618477906,-0.07092698387512936,-1.7534367838234663,5.61,5.745416698717374,-0.1354166987173739,-0.2274622161298427,-0.9904494999766545,-0.7904747160031567,-1.0925943054144711,-0.4883551265918423,Condiciones benignas
2023-05-25,809.03,862.2433700530553,-0.06370156347441397,-1.5748119894644133,5.67,5.7145637497080966,-0.044563749708096886,-0.07485464764441804,-0.8248333185544157,-0.7973474097333866,-1.1199312911742985,-0.4747635282924748,Condiciones benignas
2023-05-26,809.24,865.700672851306,-0.06744366984601942,-1.6673232820988937,5.64,5.673893474368953,-0.03389347436895333,-0.05693156653000738,-0.8621274243144506,-0.7997063382806712,-1.1450258062057759,-0.4543868703555663,Condiciones benignas
2023-05-29,804.11,861.6254070806589,-0.06908453792166357,-1.707888357392402,5.63,5.6314351237426665,-0.0014351237426668724,-0.002410606889840466,-0.8551494821411212,-0.8000172233145493,-1.1708449607090137,-0.42918948592008505,Condiciones benignas
2023-05-30,802.14,856.6720059967503,-0.06577196565967783,-1.6259958852203855,5.6,5.556653575151013,0.043346424848986986,0.0728098820222626,-0.7765930015990614,-0.800396374701853,-1.1971617241848151,-0.4036310252188907,Condiciones benignas
2023-05-31,803.94,860.6765400639164,-0.0681941149457127,-1.68587557306278,5.51,5.477532789941468,0.03246721005853151,0.054535841010863506,-0.8156698660259583,-0.8056367609940704,-1.229992785183975,-0.38128073680416585,Condiciones benignas
2023-06-01,811.61,853.4036503296004,-0.05021271892426617,-1.2413445992938943,5.45,5.407256519926993,0.042743480073007295,0.07179710327158215,-0.5847737480111561,-0.8008185950337704,-1.23882968828345,-0.36280750178409066,Condiciones benignas
2023-06-02,804.6,846.6857930671761,-0.05098440181045096,-1.2604219247933923,5.44,5.538349910677958,-0.09834991067795786,-0.16520036931095405,-0.7128111470521732,-0.7993696104792961,-1.2507240126590653,-0.348015208299527,Condiciones benignas
2023-06-05,797.97,847.9323938312843,-0.06072990560002026,-1.5013475061152532,5.39,5.439220186611958,-0.04922018661195779,-0.082676160555699,-0.7920118333354761,-0.7973653764545832,-1.2642065355502035,-0.3305242173589628,Condiciones benignas
2023-06-06,797.74,844.8817505929253,-0.057413947613545104,-1.4193713330224405,5.4,5.410441999693317,-0.010441999693316422,-0.017539641813496303,-0.7184554874179684,-0.7953170085323445,-1.2764999095017209,-0.31413410756296817,Condiciones benignas
2023-06-07,797.79,839.899621004279,-0.05143698096942148,-1.2716104584314207,5.42,5.5496630429993745,-0.12966304299937428,-0.2177976821922979,-0.7447040703118593,-0.8007325490729464,-1.3006028442828952,-0.30086225386299775,Condiciones benignas
2023-06-08,793.47,839.0117173121544,-0.055808940108392865,-1.3796927925842717,5.37,5.439267698619851,-0.06926769861985094,-0.1163503791151266,-0.7480215858496991,-0.805881281494571,-1.3262069383645263,-0.2855556246246155,Condiciones benignas
2023-06-09,790.75,837.826680539404,-0.05782939177308152,-1.4296418257341885,5.33,5.452373436077437,-0.12237343607743689,-0.205553179402875,-0.8175975025685318,-0.8096687248735108,-1.3432757034881837,-0.27606174625883784,Condiciones benignas
2023-06-12,787.2,844.1391275347991,-0.06983497832350041,-1.7264405322172136,5.3,5.379898368460038,-0.07989836846003835,-0.13420693405773704,-0.9303237331374753,-0.8170065872336931,-1.3692179201003465,-0.2647952543670399,Condiciones benignas
2023-06-13,806.84,844.1544609783106,-0.04521010505623013,-1.1176713977529558,5.28,5.400537507250575,-0.12053750725057491,-0.20246933196330433,-0.6600703648581301,-0.812177809787832,-1.3749928968024043,-0.24936272277325974,Condiciones benignas
2023-06-14,804.38,840.8584981891344,-0.044351597245243214,-1.0964476110819414,5.27,5.358108075854176,-0.0881080758541762,-0.147996948548827,-0.6222222798153842,-0.8116881543288038,-1.3889085772596979,-0.23446773139790975,Condiciones benignas
2023-06-15,800.12,844.1305942615535,-0.053545498744446265,-1.3237366369896844,5.23,5.2698368709329815,-0.039836870932980786,-0.06691481207207825,-0.6953257245308813,-0.8087416745728951,-1.4039332014077448,-0.21355014773804565,Condiciones benignas
2023-06-16,796.97,831.881477406903,-0.042872938706305194,-1.0598926339599304,5.24,5.401931788551649,-0.16193178855164914,-0.272000158286989,-0.6659463961234597,-0.803598371166593,-1.407394471341887,-0.19980227099129905,Condiciones benignas
2023-06-19,793.35,835.8765006148598,-0.05221638945471388,-1.2908787740014425,5.25,5.332698084904493,-0.08269808490449337,-0.13890967539630725,-0.7148942246988749,-0.7990279776056557,-1.4170418332463572,-0.18101412196495412,Condiciones benignas
2023-06-20,795.63,834.6126469097885,-0.0478334676418761,-1.1825254237337621,5.2,5.269246654953987,-0.06924665495398698,-0.11631503163643121,-0.6494202276850967,-0.7908886686083162,-1.417977385414192,-0.16379995180244034,Condiciones benignas
2023-06-22,801.9,828.6282455134854,-0.03278770548669791,-0.8105683579998663,5.24,5.326194998535544,-0.08619499853554381,-0.1447835131996751,-0.4776759355997707,-0.7798052934235788,-1.406275794356271,-0.15333479249088694,Condiciones benignas
2023-06-23,805.02,831.8381935891318,-0.0327708212180907,-0.8101509498989385,5.26,5.314771465961107,-0.05477146596110777,-0.09200075874095576,-0.4510758543199471,-0.7668321394935996,-1.3913970094216146,-0.1422672695655848,Condiciones benignas
2023-06-27,808.21,833.0469577997009,-0.030268086743628006,-0.748279057878379,5.24,5.256776963188386,-0.016776963188385913,-0.028180610389296368,-0.3882298341338377,-0.7531281999684365,-1.378715880431142,-0.12754051950573114,Condiciones benignas
2023-06-28,800.33,837.3632010454812,-0.04523376570901995,-1.1182563297021837,5.24,5.144330473276059,0.09566952672394083,0.16069807321280422,-0.4787791282446897,-0.737495228907637,-1.3646173073415178,-0.11037315047375604,Condiciones neutrales
2023-06-29,800.89,839.1110239069183,-0.046619417266240186,-1.152512014594548,5.27,5.261808096853323,0.008191903146676205,0.013760108330162264,-0.5693759531321929,-0.7221486946013292,-1.3467922876409293,-0.0975051015617293,Condiciones neutrales
2023-06-30,802.68,846.1227607909011,-0.052708327478708517,-1.303040326340285,5.29,5.160831072845993,0.1291689271540071,0.2169677056364032,-0.5430363103519409,-0.711313042476109,-1.3426213852707503,-0.08000469968146799,Condiciones neutrales
2023-07-03,801.66,844.0730371695156,-0.05155444995370137,-1.274514493352141,5.28,5.20835058033965,0.07164941966034975,0.12035100497003418,-0.5770817441910534,-0.7045939100393549,-1.3373624910405333,-0.07182532903817648,Condiciones neutrales
2023-07-04,799.29,841.3469410879754,-0.05128027529039927,-1.2677364250689513,5.29,5.272578795778769,0.01742120422123031,0.029262755312637213,-0.6192368348781571,-0.6983282962048988,-1.3311029983588694,-0.06555359405092821,Condiciones neutrales
2023-07-05,796.47,845.0000084526268,-0.05914717350294288,-1.462219651999259,5.3,5.282180401026011,0.017819598973988465,0.029931947179040644,-0.7161438524101091,-0.6939334633835705,-1.328129187975167,-0.059737738791973985,Condiciones neutrales
2023-07-06,797.87,849.9162431258492,-0.06319213021941472,-1.5622179249854946,5.33,5.394701209493421,-0.0647012094934213,-0.10867995333700026,-0.8354489391612474,-0.6945828434810258,-1.3275283617531393,-0.061637325208912304,Condiciones neutrales
2023-07-07,804.49,851.166928388686,-0.05639972863137102,-1.3942980989296594,5.3,5.4239952137338925,-0.12399521373389277,-0.2082773127136215,-0.8012877058216404,-0.6882774503425253,-1.315557072256679,-0.06099782842837159,Condiciones neutrales
2023-07-10,806.52,848.6660303479755,-0.05093704489272629,-1.2592511805015845,5.3,5.361164073461111,-0.06116407346111066,-0.10273855313833427,-0.6809948668199594,-0.6834828352847101,-1.3050383786245847,-0.06192729194483547,Condiciones neutrales
2023-07-11,811.98,844.7198517976495,-0.03952932673624125,-0.9772328069261975,5.31,5.400070956943197,-0.09007095694319776,-0.15129404031621715,-0.5642634236212073,-0.673554035261602,-1.2820353627854948,-0.06507270773770912,Condiciones neutrales
2023-07-12,816.78,840.377636980084,-0.02848157789301452,-0.7041134926429131,5.29,5.313057060335931,-0.023057060335930513,-0.038729418831839835,-0.3714214557373765,-0.6574297677148105,-1.2485762006271786,-0.06628333480244245,Condiciones neutrales
2023-07-13,811.24,837.7895720063739,-0.03220302027245048,-0.79611393592231,5.26,5.259607884824011,3.921151759884618e-4,6.586439320503416e-4,-0.3977276459951298,-0.6448009225280128,-1.2209134689839094,-0.06868837607211618,Condiciones neutrales
2023-07-14,808.61,831.2259469559639,-0.027584931374217497,-0.6819468516517506,5.27,5.368453238101817,-0.09845323810181737,-0.16537393051160867,-0.42366039108167963,-0.6317339400298702,-1.1874491782702083,-0.07601870178953192,Condiciones neutrales
2023-07-17,813.44,831.2009647945846,-0.02159943194826686,-0.5339750320478968,5.28,5.271043914715935,0.008956085284065234,0.015043720795565301,-0.25946565562616575,-0.6208903369503705,-1.1638701926953419,-0.07791048120539915,Condiciones neutrales
2023-07-18,820.76,832.1953099231063,-0.013836420490511382,-0.34206006401209216,5.27,5.216748311923234,0.05325168807676567,0.08944795654689956,-0.1263060537325963,-0.6013401671730513,-1.1332581306692986,-0.06942220367680403,Condiciones neutrales
2023-07-19,815.58,838.7433377699846,-0.0280052286329152,-0.6923373213048545,5.32,5.10037085181948,0.21962914818052054,0.3689156008456239,-0.16171086022961528,-0.5803301347361892,-1.106291124508952,-0.0543691449634266,Condiciones neutrales
2023-07-20,811.43,836.212112473039,-0.030084180734611422,-0.7437325856705157,5.33,5.336955258168233,-0.006955258168233228,-0.011682890305895003,-0.37770773798820534,-0.5689718764218638,-1.0837698329305543,-0.054173919913173225,Condiciones neutrales
2023-07-21,807.62,839.0215109327561,-0.03814469404711244,-0.9430023102018866,5.36,5.313453427052943,0.04654657294705754,0.0781852366515321,-0.43240853677517727,-0.5585620253039744,-1.0728162279895699,-0.044307822618378886,Condiciones neutrales
2023-07-24,821.95,840.6638643161323,-0.02251232840971539,-0.5565433995135748,5.4,5.318977520281554,0.08102247971844626,0.13609512687616956,-0.21022413631870263,-0.5406354436529411,-1.0453779148872133,-0.03589297241866902,Condiciones neutrales
2023-07-25,827.1,839.2019484717159,-0.014525772201974077,-0.35910202155533677,5.4,5.40983182403001,-0.009831824030009612,-0.016514717192538483,-0.18780836937393763,-0.5196424725464547,-1.0096932547479183,-0.029591690344991133,Condiciones neutrales
2023-07-26,828.9,834.3171703025405,-0.006514109588453257,-0.16103997015240684,5.41,5.378861952074427,0.031138047925573314,0.052303220017868114,-0.05436837506726937,-0.49044396061078116,-0.9575132360124248,-0.023374685209137627,Condiciones neutrales
2023-07-27,825.8,834.9295041450806,-0.010994681661219188,-0.27180740245703633,5.43,5.4956331942552925,-0.06563319425529249,-0.11024542732464271,-0.19102641489083952,-0.47480916227853814,-0.9293177695025607,-0.020300555054515574,Condiciones neutrales
2023-07-28,826.01,834.3438598631011,-0.010038739394536356,-0.24817486880011008,5.42,5.399458537911358,0.020541462088641767,0.03450391667708072,-0.10683547606151468,-0.4576296021534092,-0.9010420114264998,-0.01421719288031865,Condiciones neutrales
2023-07-31,827.84,837.00503913874,-0.011010191950079217,-0.27219084342024974,5.35,5.418470267157472,-0.06847026715747283,-0.11501091707416553,-0.19360088024720762,-0.4409054406772867,-0.8659904849741852,-0.015820396380388225,Condiciones neutrales
2023-08-01,840.69,839.2567424197701,0.001706313529808834,0.04218299925413291,5.41,5.444782950390062,-0.03478295039006149,-0.058425637710828884,-0.008121319228347988,-0.4189779381141163,-0.8292546305337164,-0.008701245694516222,Condiciones neutrales
2023-08-02,843.02,842.2294846893626,9.381582677218172e-4,0.023192882677313023,5.46,5.520443441506409,-0.060443441506409595,-0.10152809281118959,-0.03916760506693828,-0.39645371745971847,-0.785452241977758,-0.007455192941678967,Condiciones neutrales
2023-08-03,847.77,848.5028162980141,-8.640312296035693e-4,-0.021360335059874898,5.5,5.609491091516742,-0.10949109151674177,-0.18391444008580152,-0.1026373875728382,-0.3782276227893098,-0.7467467390219616,-0.009708506556657977,Condiciones neutrales
2023-08-04,853.99,855.0708036558681,-0.001264792683369023,-0.03126784608287387,5.49,5.4886905514086894,0.0013094485913107898,0.0021995077513246725,-0.014534169165774598,-0.3627895639081766,-0.7207700552913953,-0.004809072524957984,Condiciones neutrales
2023-08-07,848.5,843.8988220807452,0.005437476315642003,0.13442374766423418,5.5,5.550309193379465,-0.05030919337946446,-0.08450538763820566,0.02495918001301426,-0.3469217294304113,-0.6892842320392896,-0.004559226821532981,Condiciones neutrales
2023-08-08,856.1,849.109756148047,0.008198736822030678,0.20268684694031464,5.49,5.457142502079038,0.03285749792096195,0.05519141556671862,0.12893913125351664,-0.32968276391749946,-0.6575853685453331,-0.0017801592896658147,Condiciones neutrales
2023-08-09,863.22,849.3822099269714,0.01616030989903974,0.39951059902462405,5.49,5.477638188095795,0.012361811904205633,0.020764389899797005,0.21013749446221053,-0.3067188764939361,-0.6069931375877728,-0.006444615400099388,Condiciones neutrales
2023-08-10,858.68,847.8832177919766,0.0126534149454999,0.31281413637273,5.49,5.534560824377467,-0.044560824377466834,-0.07484973390634639,0.1189822012331918,-0.2837736046817566,-0.5581489325555302,-0.00939827680798301,Condiciones neutrales
2023-08-11,851.7,845.4520383839182,0.007362911160809278,0.18202380194421866,5.6,5.539986640589863,0.06001335941013673,0.10080567506166116,0.1414147385029399,-0.26095856971992726,-0.5086467949460468,-0.013270344493807745,Condiciones neutrales
2023-08-14,853.3,851.6948899337597,0.001882833256452751,0.04654686988357948,5.59,5.488802851640193,0.10119714835980731,0.1699829330501098,0.10826490146684464,-0.23811368153133064,-0.46461141617152274,-0.011615946891138557,Condiciones neutrales
2023-08-16,859.03,856.8308921342012,0.0025632719761355693,0.06336848297134483,5.59,5.51461693188023,0.07538306811976955,0.12662249113734864,0.09499548705434674,-0.21430593746691384,-0.4202412525701795,-0.008370622363648175,Condiciones neutrales
2023-08-17,859.87,860.2290862283153,-4.175180795187688e-4,-0.010321763573485871,5.654999999999999,5.591814662874991,0.06318533712500858,0.10613371131843823,0.04790597387247618,-0.18883760992416102,-0.37184465628932045,-0.005830563559001589,Condiciones neutrales
2023-08-18,864.72,860.6665765076367,0.004698577124351458,0.11615689137400693,5.72,5.575997749021733,0.14400225097826708,0.24188354497967085,0.17902021817683889,-0.1550219713462248,-0.315898829077337,0.0058548863848874476,Condiciones neutrales
2023-08-21,867.95,863.3616982793062,0.005300388679027591,0.1310347059834216,5.8,5.604943781211063,0.19505621878893636,0.3276399455597314,0.2293373257715765,-0.1206678036264509,-0.265054402246901,0.02371879499399921,Condiciones neutrales
2023-08-22,869.51,860.6689330495803,0.010219918568095617,0.2526539289549993,5.86,5.579023544790133,0.28097645520986675,0.4719619351800368,0.36230793206751805,-0.08589104366353499,-0.2146575652650149,0.04287547793794491,Condiciones neutrales
2023-08-23,866.97,863.519093132253,0.003988365434862382,0.09859923936889713,5.8,5.449922352926683,0.35007764707331634,0.5880326294692124,0.3433159344190548,-0.05563839839552625,-0.1787964970551784,0.0675197002641259,Condiciones neutrales
2023-08-24,860.97,859.7610782138081,0.0014051259960420532,0.034737126446887694,5.73,5.547381918267337,0.18261808173266275,0.30674735073099835,0.17074223858894302,-0.037566275251315596,-0.15416814308551838,0.07903559258288717,Condiciones neutrales
2023-08-25,854.77,855.8184335255559,-0.0012258163755718338,-0.030304284853348903,5.75,5.5128520306465205,0.23714796935347976,0.39834232536133873,0.1840190202539949,-0.018174719709678107,-0.128641154716553,0.09229171529719679,Condiciones neutrales
2023-08-28,843.08,855.66151057207,-0.01481301369452946,-0.3662031242861914,5.75,5.464906941854246,0.2850930581457537,0.47887667786386007,0.056336776788834336,-0.002174814113994309,-0.1181163638043677,0.11376673557637908,Condiciones neutrales
2023-08-29,848.86,857.2541908043896,-0.00984020716013354,-0.24326681119555393,5.75,5.364621642145554,0.3853783578544456,0.6473279599660272,0.20203057438523664,0.013208393553052438,-0.10842608977595626,0.13484287688206115,Condiciones neutrales
2023-08-30,857.59,853.5832049617065,0.0046831055437093596,0.11577440734438138,5.76,5.356403925533421,0.40359607446657925,0.677928633536352,0.3968515204403667,0.03064697935881787,-0.09316494073074048,0.15445889944837624,Condiciones neutrales
2023-08-31,854.22,852.717077861296,0.001760958323038069,0.043533912337667624,5.77,5.354875506168913,0.4151244938310868,0.6972931568334233,0.3704135345855455,0.048384459185989895,-0.06863589960932308,0.16540481798130288,Condiciones neutrales
2023-09-01,853.86,852.1046694336718,0.002057875191957756,0.05087420697952152,5.77,5.476026881916165,0.29397311808383453,0.49379269732093867,0.2723334521502301,0.07005249885727108,-0.042149006520988505,0.18225400423553065,Condiciones neutrales
2023-09-04,850.57,856.6290827067304,-0.0070983029561298,-0.17548223293850207,5.77,5.449935330135229,0.32006466986477006,0.5376192138921678,0.18106849047683288,0.09050173309900475,-0.016565003945542355,0.19756847014355186,Condiciones neutrales
2023-09-05,854.99,861.7735222173834,-0.00790272793415731,-0.19536899914842712,5.789999999999999,5.448675089231951,0.3413249107680476,0.5733304781388822,0.18898073949522753,0.10380856229280241,-0.004525857266704098,0.21214298185230893,Condiciones neutrales
2023-09-06,869.67,864.1333685412391,0.006386710718382647,0.15789045141081456,5.81,5.493822806460775,0.31617719353922397,0.5310893398918681,0.34448989565134136,0.12155183779364505,0.012707225165500947,0.23039645042178916,Condiciones neutrales
2023-09-07,872.92,863.3013768756649,0.011080063472337802,0.2739181873812682,5.82,5.444747577143241,0.3752524228567595,0.6303192185273696,0.4521187029543189,0.13843474039436465,0.027205830416623448,0.24966365037210586,Condiciones neutrales
2023-09-08,879.77,863.6312994198099,0.018514568731085115,0.4577119183140114,5.82,5.437429297174543,0.38257070282545796,0.642611884023617,0.5501619011688142,0.16314101759635313,0.051523141108991706,0.2747588940837145,Condiciones neutrales
2023-09-11,892.68,865.3527169392323,0.031090984925359277,0.768622513392142,5.8,5.517684816400275,0.282315183599724,0.4742106248116487,0.6214165691018954,0.1874160857684668,0.08541638718206677,0.2894157843548668,Condiciones neutrales
2023-09-12,890.81,867.7595739325561,0.026216473449623617,0.6481162228698746,5.824999999999999,5.52536216482371,0.29963783517628945,0.5033078392185242,0.5757120310441994,0.21305984947818035,0.11609328939173759,0.31002640956462313,Condiciones neutrales
2023-09-13,897.17,860.2462060629742,0.04202673033109511,1.038972910452653,5.85,5.537081214353383,0.312918785646617,0.5256161250865491,0.782294517769601,0.23940704404477867,0.1493196197650216,0.3294944683245357,Condiciones neutrales
2023-09-14,888.34,855.7503913031558,0.037375817920515635,0.9239943726170592,5.851428571428571,5.582276100737915,0.269152470690656,0.4521009450089659,0.6880476588130126,0.263647552840777,0.17934633609634645,0.3479487695852076,Condiciones neutrales
2023-09-15,885.84,861.1617355703826,0.028254014412087657,0.6984877327936779,5.852857142857142,5.622697804063032,0.2301593387941101,0.3866033787631448,0.5425455557784113,0.28515365095248535,0.2033412716914649,0.36696603021350577,Condiciones neutrales
2023-09-20,887.89,862.6414564084635,0.028848718557425376,0.7131898400447534,5.86,5.6891819461774364,0.17081805382256365,0.28692660096935335,0.5000582205070534,0.30230673060824625,0.22815652789571914,0.3764569333207734,Condiciones neutrales
2023-09-21,882.31,875.0190663257771,0.008297791970387922,0.20513566023064805,5.93,5.776229485496881,0.15377051450311935,0.25829149828342496,0.2317135792570365,0.30919854391638035,0.23051359164793292,0.38788349618482776,Condiciones neutrales
2023-09-22,891.73,869.4837080882323,0.025263799662029227,0.6245644916261868,5.94,5.739593588056671,0.20040641194332948,0.3366267751246796,0.4805956333754332,0.32092042732044423,0.24457617980412866,0.3972646748367598,Condiciones neutrales
2023-09-25,889.21,873.9021088835353,0.017365062273763766,0.4292941456217678,5.95,5.791424725516008,0.1585752744839923,0.2663621525201105,0.3478281490709392,0.32551011580740186,0.24556896469070014,0.40545126692410355,Condiciones neutrales
2023-09-26,900.14,881.8462373830772,0.020532600006299806,0.5076011152816607,6.12,5.836525453001173,0.28347454699882657,0.4761580313764039,0.4918795733290323,0.33794002821059654,0.2520618639876645,0.4238181924335286,Condiciones neutrales
2023-09-27,904.31,885.0929035388212,0.021479606713970617,0.5310127465823936,6.18,5.886181663861011,0.29381833613898817,0.49353270690228934,0.5122727267423415,0.3503019611519099,0.26369482880893697,0.4369090934948828,Condiciones neutrales
2023-09-28,904.62,883.7025808128205,0.023394407036564344,0.5783498972107624,6.36,5.857807061422877,0.5021929385771235,0.8435438156110865,0.7109468564109245,0.37039135965004594,0.28142159638650976,0.45936112291358205,Condiciones neutrales
2023-09-29,906.84,880.8913948008664,0.029031685397311744,0.7177130943796836,6.31,5.85561672596995,0.4543832740300491,0.7632369380006764,0.74047501619018,0.3919073439545737,0.3032330834334544,0.480581604475693,Condiciones neutrales
2023-10-02,895.6,884.6617010072557,0.012288571545033544,0.3037945812787305,6.445,5.92170241913239,0.5232975808676106,0.8789937176651962,0.5913941494719633,0.4100236164745566,0.3137036282618616,0.5063436046872516,Condiciones neutrales
2023-10-03,902.26,892.1901600871602,0.011223433050327265,0.2774625294354934,6.49,6.056993363790839,0.4330066362091613,0.7273301594556438,0.5023963444455686,0.42080282068351427,0.3190804828639111,0.5225251585031173,Condiciones neutrales
2023-10-04,914.3,892.8891705457881,0.023696281127313486,0.5858127428850505,6.48,5.981996472934034,0.49800352706596707,0.8365067748647576,0.711159758874904,0.4368635684536252,0.3342397507606321,0.5394873861466183,Condiciones neutrales
2023-10-05,913.26,892.3197836249942,0.023196045364302472,0.5734460561950913,6.49,5.977321463873883,0.512678536126117,0.8611566896401422,0.7173013729176168,0.4486966831486285,0.34493282166863515,0.5524605446286217,Condiciones neutrales
2023-10-06,917.34,893.9941593423072,0.02577893582255818,0.6372995417185365,6.482,5.993022516751536,0.4889774832484642,0.8213455432806142,0.7293225424995753,0.4615635700846458,0.36288949841362317,0.5602376417556685,Condiciones neutrales
2023-10-10,919.42,897.0446193918633,0.024637432719473405,0.6090796256803569,6.45,5.87501749700358,0.5749825029964201,0.9658099452004271,0.787444785440392,0.48212032164636076,0.3820342483880721,0.5822063949046494,Condiciones neutrales
2023-10-11,927.07,886.7333311829835,0.04448477929448434,1.0997400999391518,6.38,5.781951519913873,0.5980484800861267,1.004554341687119,1.0521472208131355,0.5110579283316654,0.41970239454782216,0.6024134621155087,Condiciones neutrales
2023-10-12,924.81,886.5535073847918,0.04224682929557987,1.0444141346429907,6.42,5.902221954636063,0.5177780453639371,0.8697224402705728,0.9570682874567817,0.5410823120205971,0.4667229698454615,0.6154416541957325,Condiciones neutrales
2023-10-13,933.45,902.1976953713804,0.034053729166548384,0.8418666364287026,6.35,5.860250097895207,0.48974990210479263,0.822642991132357,0.8322548137805298,0.5620897866671068,0.5028940847662701,0.6212854885679435,Condiciones neutrales
2023-10-16,942.04,898.5544044999396,0.047260481767691216,1.168360229423853,6.41,5.891252689544701,0.5187473104552993,0.8713505347950057,1.0198553821094294,0.5828565820560756,0.5379802788355859,0.6277328852765653,Condiciones neutrales
2023-10-17,942.8,900.2185161156655,0.04621664152369485,1.14255470689549,6.45,5.988459615521133,0.46154038447886725,0.7752588837370139,0.958906795316252,0.6024730240804325,0.5746143053208466,0.6303317428400184,Condiciones neutrales
2023-10-18,945.61,903.170697382396,0.04591865269358318,1.1351879115330055,6.5,6.083841655395446,0.4161583446045538,0.6990297372574606,0.917108824395233,0.6239655364885992,0.6107580954726294,0.637172977504569,Condiciones neutrales
2023-10-19,937.21,915.8687788998049,0.02303427672177636,0.5694468576844954,6.56,6.163777935506985,0.39622206449301445,0.6655423572038348,0.6174946074441652,0.6385130737208436,0.6355890651600626,0.6414370822816247,Condiciones neutrales
2023-10-20,940.46,912.6064216248916,0.030064412173238696,0.7432438729016884,6.6,6.147306322272617,0.4526936777273824,0.7603988883139723,0.7518213806078303,0.657274428424597,0.6668761608950664,0.6476726959541277,Condiciones neutrales
2023-10-23,942.42,908.8947509643364,0.03622173312695974,0.8954634155946247,6.6375,6.09933867430385,0.5381613256961504,0.9039606557955109,0.8997120356950679,0.6757818330927212,0.6914619263678601,0.6601017398175824,Condiciones neutrales
2023-10-24,938.26,901.6834061340835,0.039763628629784574,0.9830251519014422,6.65,6.093834861558571,0.5561651384414286,0.9342020306378757,0.958613591269659,0.692664996036566,0.7150988251851993,0.6702311668879326,Condiciones neutrales
2023-10-25,929.05,903.7809600423878,0.027575528484244882,0.6817143960720627,6.82,6.216410527497071,0.6035894725029296,1.0138616607003756,0.8477880283862191,0.7025858669438128,0.722565574443801,0.6826061594438245,Condiciones neutrales
2023-10-26,922.89,900.4321874039712,0.02463519451483348,0.6090242934198976,6.69,6.182360686943057,0.5076393130569429,0.852692202928062,0.7308582481739798,0.7062339229128822,0.7172456337780595,0.695222212047705,Condiciones neutrales
2023-10-30,928.41,895.2058280135077,0.03641977829292909,0.9003594320314783,6.68,6.1802254328982125,0.4997745671017872,0.8394816272664033,0.8699205296489407,0.7160408728663736,0.7256537407501129,0.70642800498263425,Condiciones neutrales
2023-10-31,910.28,889.7208472765166,0.022844485710257243,0.5647548981134728,6.6,6.201716458963034,0.3982835410369658,0.6690050617862697,0.6168799799498712,0.7105270549390493,0.7098464736721403,0.7112076362059583,Condiciones neutrales
2023-11-02,899.44,883.206137836197,0.018213722400026677,0.4502744806233729,6.44,5.918304100963251,0.5216958990367495,0.8763033397263355,0.6632889101748541,0.7097017633177773,0.6940558106056841,0.7253477160298706,Condiciones neutrales
2023-11-03,889.74,877.1588314905911,0.014241201497899503,0.3520669452999957,6.3,5.841062345557365,0.4589376544426351,0.7708870245229249,0.5614769849114603,0.7103328109555457,0.6825084510225613,0.73815717088853,Condiciones neutrales
2023-11-06,881.3,873.4230722514749,0.008978032811041065,0.2219523814091509,6.34,5.956402562511223,0.3835974374887767,0.6443365113709668,0.4331444463900589,0.7081023518183125,0.6661338690680413,0.7500708345685837,Condiciones neutrales
2023-11-07,879.78,875.8515518357593,0.004475261015556447,0.11063613385426134,6.25,5.857974662617335,0.3920253373826653,0.6584930282949643,0.3845645810746128,0.7131973852122317,0.662983884855495,0.7634108855689684,Condiciones neutrales
2023-11-08,886.28,873.007830491311,0.0150884023327508,0.3730112041131089,6.17,5.81307744800389,0.3569225519961097,0.5995301571573312,0.48627068063522005,0.7133865534542246,0.6545987752717257,0.7721743316367234,Condiciones neutrales
2023-11-09,896,875.1588160216172,0.023535039062472788,0.5818265622786809,6.12,5.923494802346097,0.19650519765390362,0.33007382518368117,0.45595019373118106,0.716990621609566,0.6596831891602896,0.7742980540588424,Condiciones neutrales
2023-11-10,902.89,879.2913752921863,0.026484402098248355,0.6547398789492848,6.15,5.890192143192362,0.2598078568076388,0.4364046047286214,0.545572241838953,0.7187803772265634,0.664587814615877,0.7729729398372497,Condiciones neutrales
2023-11-13,916.58,881.485427652437,0.03904088167447891,0.9651576066092232,6.2,5.885032882613284,0.3149671173867162,0.5290567500713929,0.747107178340308,0.7266081922798289,0.6790593099501047,0.7741570746095532,Condiciones neutrales
2023-11-14,921.65,883.8469504625281,0.04188162725472099,1.0353857133429005,6.02,5.691790028496753,0.32820997150324704,0.5513010447098048,0.7933433790263527,0.7293547430336765,0.6942938371545092,0.7644156489128437,Condiciones neutrales
2023-11-15,907.36,872.0986485677848,0.03963673766385509,0.979888189422009,5.91,5.837895503390657,0.07210449660934337,0.12111540708814914,0.5505017982550791,0.7230223024358399,0.7030330069892534,0.7430115978824262,Condiciones neutrales
2023-11-16,890.18,871.4325691442417,0.021285200829852084,0.5262066994395278,5.73,5.7539547727212845,-0.02395477272128409,-0.0402373248032142,0.2429846873181568,0.7114086536973796,0.71044674426128,0.7123705631334792,Condiciones neutrales
2023-11-17,881.17,867.8517694258978,0.015229642337619552,0.37650289946449006,5.78,5.827738511535156,-0.04773851153515524,-0.0801873604317404,0.14815776951637483,0.6996007011997398,0.7137480899289133,0.6854533124705664,Condiciones neutrales
2023-11-20,884.36,867.3704937714391,0.01939800559917773,0.47955199406609156,5.87,5.871655321487617,-0.001655321487616615,-0.0027804775743828316,0.23838575824585437,0.6838415678454381,0.7102060649682813,0.6574770707225951,Condiciones neutrales
2023-11-21,878.99,862.8467653871911,0.018536406124111227,0.4582517761523513,5.8,5.941565324343957,-0.14156532434395688,-0.23779018915253658,0.11023079349990736,0.6636058818648478,0.7063662556335233,0.6208455080961724,Condiciones neutrales
2023-11-22,873.7,861.1216046299907,0.014501336345200129,0.35849792523302454,5.75,5.915722939547133,-0.16572293954713296,-0.27836823264771016,0.04006484629265719,0.6406306253246172,0.6970728684173395,0.584188382231895,Condiciones neutrales
2023-11-23,874.86,859.4724892718357,0.01774505707360429,0.43868826931487537,5.7,5.935751814841697,-0.2357518148416967,-0.39599717589072086,0.02134554671207725,0.6150939840336734,0.6913931565384902,0.5387948115288567,Condiciones neutrales
2023-11-24,871.37,858.326800663456,0.01508177220919596,0.37284729607857553,5.8,5.959991283672154,-0.15999128367215382,-0.26874065229931166,0.05205332188963194,0.5817575207362233,0.6671633964098043,0.49635164506264234,Condiciones neutrales
2023-11-27,873.89,855.9249392823403,0.020771825068497146,0.5135151694363921,5.81,5.904811356112658,-0.09481135611265852,-0.15925658637322915,0.17712929153158147,0.5557595542053833,0.6494667642362509,0.4620523441745156,Condiciones neutrales
2023-11-28,872.03,857.0389062091916,0.01734051127584894,0.42868720281281913,5.77,5.852113064405434,-0.08211306440543452,-0.13792700442250777,0.14538009919515568,0.5328637303858708,0.6356941164490548,0.43003334432268675,Condiciones neutrales
2023-11-29,869.47,858.6415914490809,0.012532234986635062,0.3098183597905775,5.69,5.8613127473053765,-0.17131274730537577,-0.2877575477947539,0.011030405997911802,0.49923623118215354,0.6070760541279457,0.39139640823636146,Condiciones neutrales
2023-11-30,867.86,857.4919978854498,0.012018564244546455,0.2971195373573866,5.71,5.9057567774922015,-0.19575677749220127,-0.3288166884332691,-0.01584857553794125,0.4667443854870138,0.5788948818100089,0.3545938891640187,Condiciones neutrales
2023-12-01,869.56,857.5103674561075,0.013954067294149034,0.34496849493255416,5.7,5.788034436631308,-0.0880344366313073,-0.14787325523045128,0.09854761985105144,0.4394590120022077,0.5525542345899939,0.3263637894144216,Condiciones neutrales
2023-12-04,862.86,856.7822530211704,0.007068647301195288,0.17474909424615226,5.67,5.86055576860825,-0.19055576860825016,-0.32008044675805586,-0.0726656762559518,0.41645366921220384,0.5393976424753825,0.29350969594902526,Condiciones neutrales
2023-12-05,862.08,859.7630850116689,0.0026912050312484295,0.0665312076840823,5.62,5.786300808982809,-0.16630080898280927,-0.27933889183315497,-0.10640384207453633,0.3878461617894583,0.5168405536347955,0.258851769944121,Condiciones neutrales
2023-12-06,874.25,859.1412737451661,0.017433004449002545,0.430973792812834,5.59,5.728980029766365,-0.1389800297663659,-0.23344761663720273,0.09876308808781563,0.3611478635358832,0.5013575662087358,0.22093816086303056,Condiciones neutrales
2023-12-07,874.42,864.7635430443027,0.011104700508207457,0.2745272571961399,5.6,5.73523563421888,-0.13523563421888055,-0.22715807836485627,0.02368458941564182,0.32998356347408264,0.4777409697185591,0.18222615722960617,Condiciones neutrales
2023-12-11,868.01,867.320651294153,7.944869084098509e-4,0.019641080070803833,5.62,5.736706361462332,-0.11670636146233168,-0.19603407752596874,-0.08819649872758245,0.29878407923695594,0.4556718591851838,0.14189629928872802,Condiciones neutrales
2023-12-12,880,859.5978163298064,0.023457283040061616,0.5799042999405617,5.59,5.714801748950342,-0.12480174895034232,-0.20963206651767977,0.18513611671144098,0.280593341521538,0.4547011927358726,0.10648549030720329,Condiciones neutrales
2023-12-13,880.62,869.6372678296609,0.01255001367260847,0.3102578794240177,5.56,5.5327410993161195,0.0272589006838804,0.045787336551154786,0.17802260798758626,0.25753007746615947,0.4350311409822906,0.08002901395002834,Condiciones neutrales
2023-12-14,876.77,867.0016521044099,0.011203817959782019,0.2769776107289456,5.45,5.548446775884815,-0.09844677588481474,-0.16536307579269693,0.05580726746812434,0.2388276537167679,0.4254385647361397,0.05221674269739612,Condiciones neutrales
2023-12-15,866.37,866.7052763818601,-3.8691497202876545e-4,-0.009565202227711636,5.43,5.580248929809178,-0.15024892980917853,-0.25237621998791326,-0.13097071110781244,0.21235233300734568,0.41011057530777023,0.014594090706921163,Condiciones neutrales
2023-12-18,872.59,869.2685319448391,0.003813710493673866,0.09428146943671403,5.4,5.529147030494363,-0.12914703049436205,-0.21693092536649636,-0.06132472796489116,0.1915922759114673,0.4015177261123275,-0.01833317428939288,Condiciones neutrales
2023-12-19,875.48,869.7784101266928,0.006533829172865457,0.1615274721267042,5.4,5.507084525873826,-0.10708452587382564,-0.17987208224083498,-0.009172305057065386,0.17684838419656318,0.3995035624695793,-0.04580679407645294,Condiciones neutrales
2023-12-20,863.23,874.3467163305962,-0.012795829855513545,-0.3163348773959554,5.3,5.48128004165194,-0.18128004165193953,-0.30449981726640635,-0.31041734733118087,0.15368231991637005,0.3852711954279054,-0.0779065555951653,Condiciones neutrales
2023-12-21,868.77,873.4038256206928,-0.005319602992472125,-0.1315097167921267,5.305,5.4739115106481915,-0.1689115106481914,-0.283724141156808,-0.20761692897446735,0.13055273292938047,0.36845383139773086,-0.10734836553896993,Condiciones neutrales
2023-12-22,872.95,867.7364636837265,0.005990225137869144,0.14808864731391494,5.31,5.487110864169663,-0.17711086416966404,-0.2974967640348675,-0.07470405836047629,0.11286425785965855,0.3539959008989053,-0.12826738517958822,Condiciones neutrales
2023-12-26,883.99,870.7322931329707,0.015111176507505038,0.3735742208037045,5.29,5.454463682024266,-0.16446368202426634,-0.27625303186713857,0.04866059446828297,0.09630053628063621,0.34462371229405264,-0.1520226397327802,Condiciones neutrales
2023-12-27,895.77,866.2659230528869,0.033491751668382926,0.8279735880692908,5.3,5.373769265726536,-0.07376926572653661,-0.12391175404039316,0.35203091701444883,0.08313132756977425,0.3400509116760549,-0.17378825653650642,Condiciones neutrales
2023-12-28,886.34,859.6863649467996,0.03053299336233797,0.7548280041911413,5.3,5.500400880480941,-0.20040088048094087,-0.33661748381345075,0.20910526018884526,0.063656723608524,0.33069898803766296,-0.20338554082061494,Condiciones neutrales
2023-12-29,884.59,858.16227355717206,0.030331049200754315,0.7498355978902815,5.338333333333333,5.540066978481847,-0.2017336451485143,-0.33885615605799063,0.20548972091614545,0.052156321030559546,0.3230305683199387,-0.2187179262588196,Condiciones neutrales
2024-01-02,877.12,864.0931110191781,0.014963282733545172,0.369918032859547,5.491666666666667,5.543922818001503,-0.05225615133483626,-0.08777573299025695,0.14107114993464503,0.04875920311777582,0.317820946100606,-0.22030253986505435,Condiciones neutrales
2024-01-03,880.92,869.9743496098823,0.012503087903731263,0.30909779387176367,5.53,5.556901191294539,-0.02690119129453913,-0.04518648472711312,0.13195565457232528,0.048219132619640837,0.3155741092475151,-0.21913584400823344,Condiciones neutrales
2024-01-04,884.39,868.8465754167888,0.017731585170597898,0.4383552207487458,5.57,5.624590903353582,-0.05459090335358141,-0.0916974640125571,0.17332887836809435,0.046050569957048836,0.31420088347027025,-0.2220997435561726,Condiciones neutrales
2024-01-05,884.45,868.9036272561913,0.017733764514928245,0.43840909788132165,5.61,5.655717749460296,-0.04571774946029525,-0.07679304478106785,0.1808080265501269,0.048403144392056154,0.3135394608612359,-0.21673317207712364,Condiciones neutrales
2024-01-08,893.07,872.619190267162,0.02316571275971776,0.5726961821454398,5.5920000000000005,5.572860496003338,0.01913950399666245,0.032149018813351686,0.30242260047939573,0.057148402864947434,0.3206794027583164,-0.20638259702842157,Condiciones neutrales
2024-01-09,901.31,871.3242443388312,0.03383508625774346,0.8364614084340135,5.586,5.555547849544762,0.03045215045523831,0.051151103919056175,0.44380625617653485,0.07123042651376268,0.33393850739562103,-0.19147765436809566,Condiciones neutrales
2024-01-10,914.71,874.8491206510803,0.04455563720112914,1.101491829015274,5.58,5.541444952150475,0.038555047849525084,0.06476170745491633,0.5831267682350951,0.08893287472527812,0.358226658493511,-0.18036090904295474,Condiciones neutrales
2024-01-11,919.07,873.0737063417521,0.05134230812969807,1.2692699833325178,5.55,5.521116755722957,0.028883244277042468,0.04851577991860155,0.6588928816255597,0.10499166106174407,0.3834184856233819,-0.1734351634998937,Condiciones neutrales
2024-01-12,911.37,875.8785659566129,0.039721503905573365,0.9819837564140719,5.53,5.4808589440155995,0.049141055984400765,0.08254324321183867,0.5322634998129553,0.11788777441567072,0.4018617040767569,-0.1660861552454155,Condiciones neutrales
2024-01-15,908.67,879.3510056574615,0.03279785014119477,0.8108191512717937,5.46,5.475290964548477,-0.015290964548476896,-0.02568454788739555,0.39256730169219906,0.13060567093881364,0.41856173045946415,-0.1573503885818369,Condiciones neutrales
2024-01-16,912.02,885.7077026686305,0.029274930179090483,0.7237265229021039,5.49,5.535952894379349,-0.04595289437934938,-0.07718802254161242,0.32326925018024577,0.1419095984627532,0.43278196331095475,-0.14896276638544834,Condiciones neutrales
2024-01-17,922.06,894.6297418817841,0.030200360903661017,0.74660475886656,5.5,5.57584283894263,-0.07584283894263011,-0.12739477765201218,0.30960499060727387,0.14894484415462728,0.4461698387754216,-0.14828015046616702,Condiciones neutrales
2024-01-18,926.77,893.2829581381527,0.03680202948812377,0.9098093376907244,5.51,5.574878708642779,-0.06487870864277925,-0.108978102311658,0.40041561768953315,0.16471422061947677,0.47067184689024066,-0.1412434056512871,Condiciones neutrales
2024-01-19,918.62,893.4572796507719,0.027774022826615646,0.686621516920547,5.56,5.525744438506636,0.034255561493363625,0.05753977172575182,0.3720806443231494,0.18066370349939964,0.49134152386478946,-0.1300141168659902,Condiciones neutrales
2024-01-22,910.73,895.7205952854339,0.0166179469992518,0.41082417365183316,5.52,5.499602738466605,0.020397261533395068,0.034261700036339646,0.2225429368440864,0.184789698457942,0.4906698698927561,-0.12109047297687213,Condiciones neutrales
2024-01-23,905.63,893.6159787722107,0.013354705165989402,0.3301512343509389,5.57,5.561979569269174,0.008020430730826238,0.013472082583826688,0.1718116584673828,0.18972726742633336,0.4925240024645828,-0.11306946761191602,Condiciones neutrales
2024-01-24,908.87,894.8406647220842,0.015556395466062883,0.38458079765413566,5.53,5.620695201776855,-0.09069520177685467,-0.15234259721219903,0.11611910022096832,0.19653778739128505,0.5046886597173604,-0.11161308493479037,Condiciones neutrales
2024-01-25,908.51,895.9235662420705,0.013950791127495652,0.3448875024695151,5.53,5.543000883061073,-0.013000883061072641,-0.021837850876046346,0.16152482579673438,0.19575074436079484,0.4968547664683256,-0.10535327774673592,Condiciones neutrales
2024-01-26,910.97,891.61648884045,0.02147387099158261,0.5308709496798969,5.56,5.556081085884724,0.003918914115275878,0.006582680702795888,0.2687268151913464,0.1987742179342535,0.5042085354768548,-0.10666009960834788,Condiciones neutrales
2024-01-29,916.16,897.9522193958544,0.020074162822851994,0.49626776122356314,5.53,5.475320995549843,0.054679004450157026,0.09184544923786822,0.2940566052307157,0.2067158625263399,0.5115182071600088,-0.09808648210732905,Condiciones neutrales
2024-01-30,927.63,897.4113313232194,0.03311862608609485,0.8187492832247297,5.52,5.467246991752349,0.05275300824765102,0.08861031377356325,0.45367979849914647,0.22620421284657186,0.5391286900084236,-0.08672026431527984,Condiciones neutrales
2024-01-31,932.66,896.7137194165666,0.03930406083217606,0.9716638471206525,5.46,5.4412807488022965,0.018719251197703502,0.031443111536838625,0.5015534793287455,0.24496681975635973,0.5683747692645548,-0.07844112975183533,Condiciones neutrales
2024-02-01,932.26,896.6554472762176,0.03894007421965052,0.9626654732951813,5.41,5.381263576976086,0.028736423023914,0.04826916123768641,0.5054673172664338,0.2621214738338097,0.595079369303504,-0.07083642163588462,Condiciones neutrales
2024-02-02,936.01,897.9172824660736,0.04154820918840787,1.0271430464490992,5.4,5.44421897526584,-0.044218975265839816,-0.07427552291723502,0.47643376176593205,0.2883498441370468,0.6398619667650058,-0.06316227849091224,Condiciones neutrales
2024-02-05,943.84,903.5167438242245,0.04366201821464923,1.0794000338195904,5.45,5.515454014025211,-0.06545401402521131,-0.10994445460409231,0.48472778960774904,0.31142800142312066,0.6802256251187297,-0.05736962227248839,Condiciones neutrales
2024-02-06,955.73,895.5942114318559,0.06498802502043093,1.6066155270254052,5.47,5.4928944459494655,-0.022894445949465787,-0.038456272099788275,0.7840796274628085,0.34005412428389686,0.7288431877757794,-0.048734939207985745,Condiciones neutrales
2024-02-07,949.81,896.2729199371913,0.058016999853398143,1.4342798194989994,5.43,5.473161203007105,-0.043161203007104854,-0.07249876108201496,0.6808905292084922,0.3611284554419038,0.7642000410656226,-0.041943130181814954,Condiciones neutrales
2024-02-08,947.9,897.7775572291189,0.05432668294073904,1.3430488511835499,5.46,5.490640421560745,-0.03064042156074526,-0.05146734677017742,0.6457907522066862,0.37092044994831175,0.7813692165027646,-0.039528316606141096,Condiciones neutrales
2024-02-09,957.86,903.4869114815034,0.05844000603937134,1.4447372584840843,5.45,5.48172295552726,-0.03172295552726066,-0.053285701355628774,0.6957257785642278,0.38714113389415783,0.8043661916458626,-0.030083923857547032,Condiciones neutrales
2024-02-12,968.73,908.4222369191593,0.06427664614608138,1.589029020207133,5.465,5.490614131412802,-0.025614131412802197,-0.04302458375208857,0.7730022182275222,0.4060582171378704,0.832339305723091,-0.0202228714473503,Condiciones neutrales
2024-02-13,972.22,913.2135792017518,0.06261233184352344,1.5478843139401028,5.47,5.630329674570051,-0.16032967457005143,-0.269309054455641,0.639287629742231,0.4226654331314566,0.8716048484257762,-0.0262739821628631,Condiciones neutrales
2024-02-14,971.56,911.5003026663841,0.06381110090336331,1.5775199427232656,5.475,5.566157813995758,-0.09115781399575862,-0.15311965647828152,0.712200143122492,0.4420069160831288,0.9138855867208263,-0.029871754554568714,Condiciones neutrales
2024-02-15,959.86,909.2256087971159,0.05419418261523687,1.3397732157073097,5.48,5.5406947461440526,-0.06069474614405179,-0.10195021438366349,0.6189115006618231,0.45685967015958645,0.9439328532194451,-0.030213512900272257,Condiciones neutrales
2024-02-16,961.94,908.3054667703495,0.05737133948454917,1.4183179869390532,5.485,5.597849104511564,-0.11284910451156319,-0.189554963631491,0.6143815116537811,0.47131211966304154,0.9765964828547028,-0.033972243528619696,Condiciones neutrales
2024-02-19,969.04,905.622069783784,0.06768381321229533,1.6732600383066678,5.5,5.606277065920295,-0.10627706592029534,-0.17851577513686823,0.7473721315848998,0.4861437706998917,1.0132819447267438,-0.04099440332696036,Condiciones neutrales
2024-02-20,966.23,904.7900982644146,0.06569891993117158,1.6241900694325673,5.46,5.616043585768685,-0.15604358576868488,-0.2621096228750286,0.6810402232787693,0.4940515696032995,1.039539566760029,-0.05143642755342985,Condiciones neutrales
2024-02-21,963.68,902.5793589184356,0.0655026706345987,1.6193384499697097,5.46,5.66494723656402,-0.2049472365640193,-0.3442540917042598,0.6375421791327249,0.49586541663322053,1.0568011207918435,-0.06507028752540239,Condiciones neutrales
2024-02-22,967.52,903.6922641529908,0.06824720984729032,1.6871881701643794,5.484999999999999,5.59398565236519,-0.10898565236519117,-0.18306544353944176,0.7520613633124689,0.4989710326894508,1.0707317270195722,-0.0727896616406705,Condiciones neutrales
2024-02-23,972.77,897.372426920871,0.080676704367934865,1.9944666092870753,5.51,5.54210233200744,-0.03210233200744034,-0.053922947838127296,0.970271830724474,0.5135713103865014,1.1044811554486722,-0.07733853467566937,Condiciones neutrales
2024-02-26,983.76,898.3873940455439,0.09078059309946124,2.2442520815229825,5.585,5.57008197073168,0.014918029268319637,0.02505812082115462,1.1346551011720685,0.5383075703691638,1.1522622531237119,-0.07564711238538437,Condiciones neutrales
2024-02-27,986.85,896.4093514059998,0.09612087814792915,2.3762730942389845,5.61,5.577525460123379,0.03247453987662094,0.05454815305717863,1.2154106236480815,0.5680456161514249,1.2073471388349413,-0.07125590653209132,Condiciones neutrales
2024-02-28,984.53,902.2996414395265,0.08721770832049444,2.156171454282949,5.631666666666667,5.565147158276793,0.06651950838987408,0.11173418741958428,1.1339528208512666,0.595523877159558,1.254332695348821,-0.06328494102970478,Condiciones neutrales
2024-02-29,980.19,898.8572138049651,0.08662223636981871,2.1414503655660204,5.653333333333333,5.5437315358499415,0.1096017974833918,0.18410039517665472,1.1627753803713377,0.6209358692489515,1.2953873962779974,-0.05351565778009435,Condiciones neutrales
2024-03-01,969.91,900.2698136141299,0.07450877238763197,1.8419847438037675,5.675000000000001,5.460141784542957,0.21485821545704398,0.36090176694945664,1.101443255376612,0.645247956284067,1.3338995038407715,-0.04340359127263753,Condiciones neutrales
2024-03-04,966.41,899.1716769610591,0.0721141942073074,1.7827866610188818,5.74,5.491489276249934,0.2485107237500662,0.41742857780189585,1.100107619410389,0.6745001123696104,1.3796315867530065,-0.030631362013785652,Condiciones neutrales
2024-03-05,971.92,898.175212247671,0.07890833341497183,1.950749444014274,5.73,5.490541543903826,0.23945845609617408,0.4022232975000019,1.176486370757138,0.7079892694459355,1.4336515270751176,-0.017672988183246478,Condiciones neutrales
2024-03-06,976.36,898.814350305954,0.08275486460655558,2.045842297438319,5.69,5.44136482871537,0.24863517128462995,0.4176376148872175,1.2317399561627682,0.7451766313106621,1.489026910401257,0.0013263522200674062,Condiciones neutrales
2024-03-07,981.26,901.9476065883035,0.08428102757419526,2.083571665576683,5.65,5.392774125676968,0.2572258743230323,0.43206759560404673,1.2578196305903648,0.7817197914704499,1.546983049171496,0.01645653376940384,Estrés moderado
2024-03-08,983.8,896.245274429373,0.09320850506451958,2.304274232682172,5.66,5.43072312301035,0.2292768769896504,0.385121089506402,1.3446976610942871,0.8175854863338813,1.6060964919382383,0.029074480729524045,Estrés moderado
2024-03-11,964.95,894.91553522129,0.07534694675819988,1.862705852926345,5.68,5.473079619502778,0.20692038049722114,0.3475684221822607,1.1051371375543029,0.8446215040780009,1.6516444283283311,0.03759857982767046,Estrés moderado
2024-03-12,966.29,893.5948378129544,0.07821152530359103,1.9335231514665363,5.74,5.488059558384205,0.25194044161579526,0.42318954549515686,1.1783563484808466,0.8687773890773908,1.6888035572697246,0.048751220885056915,Estrés moderado
2024-03-13,965.18,892.0156615744563,0.07883092219734812,1.94883570584234,5.69,5.49958543747104,0.19041456252896125,0.31984326000021673,1.1343394829212783,0.8898702558638085,1.7213759525604477,0.05836455916716952,Estrés moderado
2024-03-14,948.88,895.4413288286025,0.05796564014597534,1.4330101193752762,5.74,5.581039857336233,0.1589601426637671,0.26700862352345506,0.8500093714493656,0.9013549910032397,1.737054107429784,0.06565587457669514,Estrés moderado
2024-03-15,945.56,890.710504734355,0.059757880408112675,1.4773173749412776,5.76,5.6115970825287,0.1484029174712997,0.24927543506733782,0.8632964050043077,0.9142504124445188,1.7520599183795234,0.07644090650951424,Estrés moderado
2024-03-18,941.42,894.0257444759279,0.05165480198386506,1.2769953677867594,5.82,5.602838178795811,0.21716182120418895,0.3647711809382634,0.8208832743625114,0.9254555952696776,1.7586464295117623,0.09226476102759276,Estrés moderado
2024-03-19,945.11,894.5596195758287,0.0549697708217072,1.3589470874275424,5.84,5.575972068294498,0.26402793170550154,0.4434931513967483,0.9012201194121454,0.9293602783346555,1.7503908148585003,0.10832974181081065,Estrés moderado
2024-03-20,962.06,892.927485240728,0.07457144474164995,1.843534111968885,5.82,5.536302916186977,0.2836970838130231,0.4765318310437054,1.1600329715062951,0.9453316930779155,1.7640326246074964,0.12663076154833466,Estrés moderado
2024-03-21,975.91,891.1667307696794,0.09083883139420892,2.2456918321321093,5.83,5.523731591100036,0.30626840889996376,0.514445350379884,1.3800685912559967,0.9698076210462259,1.7941207239724484,0.14549451812000336,Estrés moderado
2024-03-22,971.54,897.2746740550407,0.07952041212001267,1.9658810802037265,5.82,5.41416385004527,0.40583614995473,0.681691334441477,1.3237862073226019,0.990742968671505,1.8114921846964365,0.16999375264657357,Estrés moderado
2024-03-25,980.24,898.1383140252193,0.08747335867258027,2.1624915697968685,5.86,5.492483655734595,0.36751634426540586,0.6173247680850611,1.389908168940965,1.011306500361953,1.8306076030160943,0.1920053977078119,Estrés moderado
2024-03-26,977.76,897.2522873138063,0.0859271618729808,2.124266930945441,5.85,5.4801535032196576,0.3698464967803419,0.6212387732261412,1.3727528520857912,1.0357553411067384,1.8498203569162723,0.22169032529720462,Estrés moderado
2024-03-27,981.71,898.2948237441967,0.08879762311900545,2.195229659942638,5.84,5.421420512129791,0.4185794878702088,0.7030965814353942,1.449163120689016,1.0603207736922893,1.8704106808235847,0.2502308665609938,Estrés moderado
2024-03-28,982.38,899.411049714107,0.08823803896776496,2.181395779227265,5.85,5.433092858766097,0.41690714123390277,0.7002875063683275,1.4408416427977964,1.0877184450968218,1.89846476627425,0.2769721239193935,Estrés moderado
2024-04-01,981.71,901.1169666968706,0.0856608811218456,2.1176840137205013,5.85,5.496299346414338,0.35370065358566155,0.5941182680806724,1.3559011409005868,1.1124357660717152,1.9217769671669649,0.30309456497646564,Estrés moderado
2024-04-02,982.59,906.4733161981306,0.08063034891476098,1.9933206229179241,5.93,5.547724128096834,0.3822758719031658,0.6421166504549111,1.3177186366864175,1.1314473162417658,1.9324456533206733,0.33044897916285826,Estrés moderado
2024-04-03,979.96,905.5923535930846,0.07892249056233935,1.9510994329971965,5.98,5.542526749959122,0.43747325004087856,0.7348328226454995,1.342966127821348,1.153511513059852,1.943342632106161,0.3636803940135425,Estrés moderado
2024-04-04,962.83,908.3862115103005,0.05820723330112775,1.4389827168525637,5.97,5.550614438932761,0.4193855610672392,0.7044505591759244,1.071716638014244,1.167983995022569,1.9373307743355894,0.3986372157095487,Estrés moderado
2024-04-05,942.72,907.1232046569853,0.03849103539511229,0.9515644628011164,5.99,5.588563672821262,0.4014363271787374,0.6743008615626884,0.8129326621819024,1.1700130383182168,1.9128099840901474,0.42721609254628634,Estrés moderado
2024-04-08,948.92,903.2519394352195,0.0493229785943824,1.2193486911467772,6.04,5.606406225530905,0.4335937744690952,0.7283163876759752,0.9738325394113763,1.1701317286077804,1.8869727201521376,0.4532907370634231,Estrés moderado
2024-04-09,946.71,900.4031825611034,0.0501501724530052,1.2397983431666018,6.05,5.55463418710451,0.4953658128954903,0.8320761520802962,1.035937247623449,1.166841133489493,1.8534909288735915,0.4801913381053945,Estrés moderado
2024-04-10,940.61,902.8788635757758,0.040940205412048604,1.0121121494910552,6.1,5.706755255439536,0.39324474456046343,0.660541291630681,0.8363267205608681,1.1542050033865858,1.8080188973819937,0.5003911093911779,Estrés moderado
2024-04-11,953.51,908.2973751957242,0.048578081957293955,1.2009335677021262,6.12,5.697943056994029,0.4220569430059714,0.7089377344037111,0.9549356510529187,1.1482377643933075,1.7761776344959663,0.5202978942906488,Estrés moderado
2024-04-12,957.03,919.93608821277,0.039530540627965356,0.9772628164131989,6.1,5.692968291594102,0.40703170840589775,0.6836995385801922,0.8304811774966956,1.1371612909641529,1.737371382857539,0.5369511990707667,Estrés moderado
2024-04-15,964.59,921.3363373550203,0.045877983859921,1.1341825081589665,6.2,5.793685000469685,0.4063149995303153,0.6824956679297922,0.9083390880443794,1.1307244853864118,1.7137779750027122,0.5476709957701112,Estrés moderado
2024-04-16,978.07,921.332775815362,0.05975995101714196,1.477368563950573,6.22,5.851476766504293,0.3685232334957071,0.6190160606500911,1.048192312300332,1.1289939751494098,1.703597371767102,0.5543905785317177,Estrés moderado
2024-04-17,985.05,912.9422662807515,0.07601975788945096,1.8793388989357243,6.3,5.827079731030139,0.47292026896986095,0.7943739099497372,1.3368564044427307,1.1343396429389296,1.7012170202644836,0.5674622656133755,Estrés moderado
2024-04-18,974.97,910.3054265238646,0.06862652455242939,1.6965654807491202,6.31,5.874492434254682,0.43550756574531774,0.7315310222743867,1.2140482515117534,1.1337499194505625,1.689574459708177,0.5779253791929478,Estrés moderado
2024-04-19,968.44,910.8799954914595,0.06127536920351353,1.5148323026531387,6.21,5.918138991971353,0.29186100802864673,0.4902449425874857,1.0025386226203121,1.1252405525182274,1.670616480944059,0.5798646240923958,Estrés moderado
2024-04-22,956.32,903.7977365747056,0.05648699244500095,1.3964554101863291,6.17,5.880087759379617,0.28991224062038307,0.48697155786016777,0.9417134840232484,1.1118077466158593,1.6403558535275309,0.583259639704188,Estrés moderado
2024-04-23,953.75,900.6578906666826,0.05727609668749894,1.4159634215167292,6.12,5.829449193302429,0.2905508066975718,0.4880441704436855,0.9520037959802073,1.106703301896723,1.6254644391472102,0.5879421646462355,Estrés moderado
2024-04-24,950.77,900.6087425369925,0.0542012673325999,1.339948362081068,6.12,5.857595736826274,0.2624042631737268,0.44076584194380863,0.8903571020124383,1.0971033270144426,1.6056786128343614,0.588528041194524,Estrés moderado
2024-04-25,954.58,897.9657010756627,0.061139580389063676,1.5114753700855939,6.18,5.920417196744531,0.25958280325546873,0.43602657764474356,0.9737509738651687,1.0917503767125722,1.591099934975803,0.5924008184493414,Estrés moderado
2024-04-26,948.61,901.1578367036223,0.05131733350158047,1.2686525676578178,6.14,5.846069565242789,0.2939304347572101,0.4937210012586528,0.8811867844582353,1.092789623812868,1.5856213499185545,0.5999578977071814,Estrés moderado
2024-04-29,947.68,895.7502162919365,0.056355294878997673,1.393199620302796,6.1,5.8126231308324146,0.2873768691675847,0.48271284224512034,0.9379562312739582,1.095278284688523,1.5828174247639384,0.6077391446131075,Estrés moderado
2024-04-30,943.62,893.7357946565634,0.05431334293934202,1.3427190634516062,6.1,5.9123360099786275,0.18766399002137246,0.3152230667439349,0.8289710650977705,1.0955478777130316,1.5850082146194333,0.6060875408066299,Estrés moderado
2024-05-02,954.25,886.680942564,0.07344047801122806,1.8155746731480604,6.1,5.815036828193442,0.2849631718065578,0.4786585051064503,1.1471165891272554,1.1037444267035352,1.6002291341434507,0.60725971926362,Estrés moderado
2024-05-03,954.36,885.7416941013959,0.07461559230477137,1.8446255155062123,6.02,5.714801560771184,0.305198439228816,0.5126481002999738,1.178636807903093,1.1043645545834286,1.6002655142613615,0.6084635949054955,Estrés moderado
2024-05-06,938.29,888.9638233216729,0.054002528657520664,1.3350352009086461,5.97,5.739331289383027,0.23066871061697308,0.3874589810984545,0.8612470910035503,1.0870705045750138,1.5699102932205795,0.6042307159294479,Estrés moderado
2024-05-07,930.17,885.5497808940333,0.04915869166211558,1.2152872361912797,5.92,5.701427258450798,0.21857274154920184,0.36714113288288375,0.7912141845370817,1.0693181038154964,1.5448904984201646,0.5937457092108281,Estrés moderado
2024-05-08,934.29,887.0825388193286,0.051848850649734296,1.2817925838813564,6,5.716681021534086,0.2833189784659138,0.475896719709589,0.8788446517954727,1.05228265324398,1.5155338655563142,0.5890314409316457,Estrés moderado
2024-05-09,936.76,883.8253935999439,0.058167588247462945,1.4380026230773242,5.97,5.687138985392772,0.2828610146072283,0.47512746838984304,0.9565650457335836,1.038409726365573,1.492658388627377,0.5841610641037691,Estrés moderado
2024-05-10,930.99,881.1315169061473,0.05504163989423149,1.3607238142598188,6.03,5.720479111761427,0.3095208882385732,0.5199086068710255,0.9403162105654221,1.0214481626947864,1.4648415271046162,0.5780547982849569,Estrés moderado
2024-05-13,922,887.243124389787,0.038426181409367266,0.9499611609550505,6.01,5.685326304054645,0.3246736959453543,0.5453610898677297,0.7476611254113901,0.998342145448573,1.4237937064955424,0.5728905844016036,Estrés moderado
2024-05-14,922.1,886.9229086966487,0.03889561141774925,0.9615662765141254,6.05,5.635717737395322,0.4142822626046778,0.6958784437067019,0.8287223601104137,0.9807695194222339,1.3852564485886631,0.5762825902558045,Estrés moderado
2024-05-15,916.87,882.9331591816782,0.03771619525353683,0.9324090845290989,6,5.560836832146984,0.4391631678530157,0.7376714123782788,0.8350402484536888,0.9646802398144763,1.3498927306423691,0.5794677489865835,Estrés moderado
2024-05-16,909.06,879.9742708401632,0.03251842923660953,0.8039113868991883,5.94,5.596131255106199,0.3438687448938009,0.57760340867988,0.6907573977895342,0.9429399488134158,1.3116531291057687,0.5742267685210628,Estrés moderado
2024-05-17,901.53,875.7129894186528,0.02905492035838143,0.7182875024989125,5.95,5.616387328778464,0.3336126712215362,0.5603760706308765,0.6393317865648944,0.9285271204317708,1.2876299552939805,0.5694242855695613,Estrés moderado
2024-05-20,897.11,874.0742546083666,0.026013153979605786,0.6430898165838776,5.91,5.6037756199301585,0.30622438006984165,0.5143713942476785,0.5787306054157781,0.9207203852062333,1.277347467086739,0.5640933033257276,Estrés moderado
2024-05-22,886.79,872.8749506649506,0.015815896532780198,0.3909961094432941,5.93,5.577154753539633,0.35284524646036697,0.5926814231253921,0.4918387662843431,0.9046539261019989,1.2497357143632897,0.5595721378407081,Estrés moderado
2024-05-23,904.67,872.7058194150108,0.03597171388317963,0.8892825107435234,6.01,5.626981631452375,0.3830183685476253,0.6433638373514858,0.7663231740475046,0.895666790316134,1.2380518532825204,0.5532817273497478,Estrés moderado
2024-05-24,908.95,878.9737711572432,0.03353502933565284,0.8290434862880384,6.03,5.587717252695005,0.44228274730499556,0.742911434194358,0.7859774602411982,0.8939884816388117,1.2319495645090865,0.556027398768537,Estrés moderado
2024-05-27,903.17,881.2991039183504,0.024513723716546837,0.6060213267880276,6.06,5.6216398069383375,0.438360193061662,0.7363226390935386,0.6711719829407831,0.8845296927017405,1.2121191564786165,0.5569402289248646,Estrés moderado
2024-05-28,900.28,885.6391144047863,0.016396278507565306,0.40534414805505803,6.11,5.628617704581157,0.48138229541884286,0.8085877499507549,0.6069659490029065,0.8770791850852809,1.1930552008666786,0.5611031693038834,Estrés moderado
2024-05-29,898.13,893.7876140731387,0.004846645172705796,0.11981738768032861,6.17,5.682726502602767,0.48727349739723297,0.8184833231730048,0.46915035542666667,0.8624395606646905,1.1592430301840573,0.5656360911453238,Estrés moderado
2024-05-30,907.67,892.2702002784619,0.017111874598158588,0.42303491169750457,6.2,5.694244258675822,0.5057557413241774,0.849528328718807,0.6362816202081558,0.848709204261618,1.124098575108955,0.5733198334142809,Estrés moderado
2024-05-31,917.98,883.7652715184406,0.03798410646897897,0.939032309630312,6.1,5.656522355124491,0.4434776448755079,0.7449185282382333,0.8419754189342727,0.832213171411336,1.0927550221321078,0.5716713206905641,Estrés moderado
2024-06-03,916.77,892.1904741661789,0.027176977066824596,0.6718615209409273,6.08,5.558656272882215,0.5213437271177855,0.8757117893052649,0.7737866551230961,0.8175377848650475,1.0585982234718347,0.5764773462582601,Estrés moderado
2024-06-04,907.94,894.5679227922383,0.014837463247760274,0.3668075592084271,6.03,5.533029581661895,0.4969704183381052,0.8347714408699967,0.6007895000392118,0.8041461474456775,1.0203307320236776,0.5879615628676772,Estrés moderado
2024-06-05,905.37,894.9870680674983,0.011534430842849362,0.2851509286779622,5.99,5.42654651089983,0.56345348910017,0.9464444232561505,0.6157976759670564,0.7932822871771377,0.9832872493067322,0.6032773250475433,Estrés moderado
2024-06-06,906.25,897.551932566772,0.009644223896336119,0.23842176851953711,5.95,5.4442971142488465,0.5057028857511534,0.8494395461248675,0.5439306573222022,0.7796798492218708,0.9440358608734924,0.6153238375702493,Estrés moderado
2024-06-07,910.45,896.6379450282783,0.015286830930074864,0.3779166996311907,5.98,5.564930556385625,0.4150694436143753,0.6972006878513094,0.53755869374125,0.7679199022794979,0.9119681387918299,0.623871665767166,Estrés moderado
2024-06-10,916.84,908.0875537408043,0.009592176248772398,0.23713506133471757,5.98,5.577453732624672,0.40254626737532856,0.676165250956903,0.4566501561458103,0.7506832083555193,0.869490128500134,0.6318762882109047,Estrés moderado
2024-06-11,923.24,917.2549257477383,0.006503789024942622,0.16078482810772082,6.01,5.499448792040383,0.5105512079596172,0.8575833727318827,0.5091841004198018,0.7382831188875716,0.8325612038484641,0.644005033926679,Condiciones neutrales
2024-06-12,924.18,917.9136290188069,0.006803557706457228,0.16819562445190714,5.95,5.406682248234501,0.5433177517654987,0.9126220107993837,0.5404088176256454,0.7250315384326278,0.7917277373201012,0.6583353395451544,Condiciones neutrales
2024-06-13,914.86,919.5823589527334,-0.005148561208530656,-0.12728127030888464,5.97,5.349964017952214,0.620035982047786,1.041487201302878,0.4571029654969967,0.712635935112602,0.7427277261947515,0.6825441440304525,Condiciones neutrales
2024-06-14,919.49,922.7544624627287,-0.003544009436369146,-0.08761399637248832,5.97,5.327035674178645,0.6429643258213551,1.0800004122755347,0.49619320795152316,0.6909384890734109,0.6792881038773998,0.7025888742694221,Condiciones neutrales
2024-06-17,928.47,929.6232634386927,-0.0012413409051916305,-0.030688077872587288,6.02,5.344891130254604,0.675108869745396,1.1339942643388277,0.5516530932331202,0.6700390319177452,0.6167776507647732,0.7233004130707171,Condiciones neutrales
2024-06-18,938.68,927.0209930236663,0.012498421548988928,0.30898243357298116,6.07,5.304955741377124,0.7650442586228768,1.2850605881846504,0.7970215108788158,0.6678981792469206,0.5825758918535843,0.753220466640257,Condiciones neutrales
2024-06-19,934.91,927.9569777518894,0.007464896440842287,0.1845450531189936,6.1,5.311522262258795,0.7884777377412046,1.324422285393145,0.7544836692560694,0.6666738287375535,0.5482178190845082,0.785129838390599,Condiciones neutrales
2024-06-21,927.92,932.5252795237886,-0.004950738385785523,-0.12239075057817414,6.14,5.344977434250028,0.7950225657499721,1.3354157677122642,0.6065125085670451,0.6575960906299393,0.5014117079358571,0.8137804733240216,Condiciones neutrales
2024-06-24,937.34,927.6618734861066,0.010378770689447014,0.2565810260561013,6.18,5.357937423890042,0.8220625761099577,1.3808354296809333,0.8187082278685173,0.6530008633677704,0.4620309880351497,0.8439707387003912,Condiciones neutrales
2024-06-25,941.72,931.4736745148341,0.010940062224875232,0.2704571162392297,6.18,5.333897748211397,0.8461022517886028,1.421215367729192,0.8458362419842109,0.6498515310817301,0.4256887647677967,0.8740142973956635,Condiciones neutrales
2024-06-26,942.31,933.7525983960649,0.009122788291291256,0.2255309853460895,6.3,5.376736246029044,0.9232637539709551,1.5508251311671315,0.8881780582566106,0.6545354288432375,0.401541092247498,0.9075297654389769,Condiciones neutrales
2024-06-27,947.78,936.6781365350241,0.011782688816876306,0.29128829191763855,6.3,5.338590445819175,0.9614095541808244,1.6148994169381365,0.9530938544278875,0.6586811453204866,0.37919849276094847,0.9381637978800247,Condiciones neutrales
2024-06-28,951.02,934.5560027075343,0.01746353972752092,0.43172867731000464,6.25,5.446259385917851,0.8037406140821493,1.3500596529402067,0.8908941651251057,0.6605429425428672,0.3625091458536453,0.958576739232089,Condiciones neutrales
2024-07-01,944.34,937.1251330694731,0.007669450970778146,0.1896019922060795,6.27,5.463128860403547,0.8068711395964528,1.3553180610824749,0.7724600266442772,0.6632663635046919,0.34203216603054165,0.9845005609788421,Condiciones neutrales
2024-07-02,943.89,938.4075847589636,0.0058252539753390516,0.14401027701186384,6.28,5.4191529420820705,0.8608470579179295,1.4459825220783125,0.7949963995450882,0.668455183937365,0.32288959184764005,1.01402077602709,Condiciones neutrales
2024-07-03,946.99,940.5173302713332,0.0068584582394658885,0.1695528598617531,6.24,5.34091762570033,0.8990823742996702,1.5102071700057293,0.8398800149337412,0.6771601642546304,0.30710502662356925,1.0472153018856916,Condiciones neutrales
2024-07-04,939.57,939.3795097657336,2.0276248396067998e-4,0.005012636634627143,6.23,5.333799133791954,0.8962008662080464,1.505367041553885,0.755189839094256,0.6859385333482942,0.29423891086328036,1.0776381558333081,Condiciones neutrales
2024-07-05,936.55,938.5329466596238,-0.002115050326037861,-0.05228767443208619,6.22,5.271074282516965,0.9489257174830344,1.5939300594809085,0.7708211925244112,0.6860884672975244,0.2628532380240933,1.1093236965709554,Condiciones neutrales
2024-07-08,933.51,938.5018053457117,-0.005333104377721692,-0.13184349420991232,6.19,5.257014937053662,0.9329850629463384,1.5671542139476728,0.7176553598688803,0.6838110639517805,0.23082367200749498,1.136798455896066,Condiciones neutrales
2024-07-09,939.17,937.7864260952856,0.0014742741345256162,0.03644658711933726,6.21,5.266601452199606,0.94339854780039345,1.5846459587987383,0.8105462729590378,0.6884568736190556,0.211837847351872,1.1650758998862394,Condiciones neutrales
2024-07-10,932.31,942.6284589610009,-0.011006828608323936,-0.2721076958390603,6.23,5.218843681549338,1.0111563184506618,1.698460080824372,0.7131761924926558,0.6919972150687139,0.18925611922206803,1.19473831091536,Condiciones neutrales
2024-07-11,918.86,936.1885683530093,-0.018683146851082636,-0.4618794587958094,6.13,5.239916422913396,0.8900835770866037,1.4950917051038772,0.516606123154034,0.6935790739929596,0.1698662243395301,1.217291923646389,Condiciones neutrales
2024-07-12,908.92,931.2759657945674,-0.024298570533877857,-0.6007023708133497,6.11,5.228641698393107,0.8813583016068927,1.480435680287465,0.43986665473705766,0.6870319084772563,0.13574164825583496,1.2383221686986776,Condiciones neutrales
2024-07-15,910.14,937.9288364295674,-0.030075644950639056,-0.7435215664394954,6.12,5.23347748174991,0.8865225182500901,1.4891101212785862,0.3727942774195454,0.671392537093432,0.07965651905350805,1.263128555133356,Condiciones neutrales
2024-07-17,910.79,934.8250590535247,-0.02604705439575246,-0.643927893059301,6.07,5.2522762147928,0.8177237852072009,1.3735474732958435,0.36480979011827125,0.6577599749266045,0.03579687192016711,1.279723077933042,Condiciones neutrales
2024-07-18,921.91,942.2911406592966,-0.021866688433260523,-0.5405820710886133,6.08,5.303408762146825,0.776591237853175,1.3044562868703096,0.3819371078908481,0.6504648951883257,0.0055505509102657625,1.2953792394663857,Condiciones neutrales
2024-07-19,940.15,944.3589182563148,-0.00446686689978701,-0.11042861690438317,6.1,5.331734746390846,0.7682652536091533,1.2904709597611328,0.5900211714283748,0.6496056783703696,-0.007635433942479084,1.3068467906832184,Condiciones neutrales
2024-07-22,943.77,946.0520706549761,-0.0024151181210647797,-0.05970586537570948,6.1,5.305469755300915,0.794530244699085,1.3345888059095998,0.6374414702669452,0.6527227054685278,-0.017573021738987303,1.3230184326760428,Condiciones neutrales
2024-07-23,949.1,940.9651065807177,0.00860810944930601,0.21280724095310335,6.1,5.344406917779331,0.7555930822206682,1.269185252647434,0.7409962468002688,0.6595039572371617,-0.023076670361590213,1.3420845848359138,Condiciones neutrales
2024-07-24,946.69,956.0934688914909,-0.009883989008434665,-0.24434917363479322,6.09,5.411537199341244,0.6784628006587557,1.1396279311282642,0.4476393787467355,0.659203597990526,-0.039126144860573905,1.3575333408416257,Condiciones neutrales
2024-07-25,948.79,958.752368027598,-0.010445334030947518,-0.25822658611046156,6.08,5.5250405909336635,0.554959409066337,0.9321767421888967,0.33697507803921756,0.6534632972445065,-0.053093192001179984,1.3600197864901928,Condiciones neutrales
2024-07-26,947.39,951.5743148637174,-0.004406951308147372,-0.10894740063709557,6.08,5.403866228228028,0.676133771771972,1.1357158133685195,0.5133842063657119,0.6525624768691753,-0.062331292837480075,1.3674562465758306,Condiciones neutrales
2024-07-29,950.29,953.9840027576994,-0.003879701540729427,-0.09591288139008204,6.15,5.376291347037306,0.7737086529626942,1.2996143496972612,0.6018507341535896,0.6573874024910618,-0.06128567987351999,1.3760604848556435,Condiciones neutrales
2024-07-30,956.63,957.1582171231323,-5.520121106600226e-4,-0.013646686875214852,6.15,5.401212831930727,0.7487871680692731,1.2577532185605835,0.6220532658426844,0.6615827377541005,-0.05882010289027754,1.3819855783984785,Condiciones neutrales
2024-07-31,956.58,957.2228413661292,-6.717947914087634e-4,-0.016607920343983184,6.1,5.321538068620629,0.7784619313793709,1.3075985292909165,0.6454953044734666,0.664710811462112,-0.05835076430599074,1.3877723872302148,Condiciones neutrales
2024-08-01,943.78,959.9206189480948,-0.016957504309783312,-0.41921861320040205,6.05,5.2835224173504365,0.7664775826495638,1.2874681720545158,0.43412477942705685,0.6526142537470534,-0.08262413253177017,1.3878526400258768,Condiciones neutrales
2024-08-02,938.94,968.2004112037506,-0.030687522811881165,-0.7586482374255057,5.99,5.297432653617342,0.6925673463826584,1.1633196268958554,0.20233569473517488,0.6342093212630235,-0.11406390888325349,1.3824825514093007,Condiciones neutrales
2024-08-05,951.11,1001.447586325179,-0.05157209498968966,-1.2749507089285461,5.88,5.553431117369323,0.3265688826306768,0.5485444739518665,-0.36320311748833983,0.6018854670611774,-0.15248257416159922,1.356253508283954,Condiciones neutrales
2024-08-06,957.57,977.5838500938951,-0.020685242895602834,-0.5113747095087071,5.93,5.540045027231763,0.38995497276823654,0.6550153942376044,0.07182034236444862,0.5769892042110418,-0.17808109868042618,1.3320595071025096,Condiciones neutrales
2024-08-07,947.18,977.9741105160678,-0.03199404877751502,-0.7909478018789463,5.96,5.547042168770563,0.4129578312294368,0.6936537690648178,-0.04864701640706426,0.5471730955979993,-0.2134612626176987,1.3078074538136972,Condiciones neutrales
2024-08-08,943.96,972.3420862003841,-0.029623890712881216,-0.732353426269778,5.96,5.529886270748756,0.4301137292512434,0.7224708840934612,-0.004941271088158394,0.517402451286507,-0.24539074300489427,1.2801956455779082,Condiciones neutrales
2024-08-09,937.18,961.7996145262216,-0.025930761816014405,-0.6410529408780913,5.91,5.488975176354292,0.4210248236457083,0.7072040622700703,0.03307556069598949,0.48673517482877704,-0.2764687840980853,1.2499391337556394,Condiciones neutrales
2024-08-12,932.62,965.2042254689858,-0.03434188199263813,-0.8489902688887824,5.91,5.440676780560984,0.4693232194390168,0.7883318718143795,-0.03032919853720145,0.45602772937336683,-0.31915941563804484,1.2312148743847784,Condiciones neutrales
2024-08-13,931.96,959.6878632932153,-0.029318193879097947,-0.7247960758261494,5.85,5.377018812513154,0.47298118748684514,0.794476236036607,0.03484008010522882,0.4314403978220652,-0.34963935123911916,1.2125201468832496,Condiciones neutrales
2024-08-14,932.28,945.9200936903679,-0.014524899176213444,-0.3590804388600312,5.79,5.430015896071486,0.3599841039285132,0.6046727089543922,0.12279613504718048,0.4090337223388016,-0.3664090417681823,1.1844764864457855,Condiciones neutrales
2024-08-16,931.39,944.0240703655454,-0.013473570124031801,-0.33308978013918356,5.8,5.344658364001312,0.4553416359986882,0.7648467183254515,0.21587846909313396,0.38823367081078136,-0.3831637964348802,1.159631138056443,Condiciones neutrales
2024-08-19,933.84,939.0130309734805,-0.005524239268608197,-0.13656867678559492,5.78,5.345210199026172,0.4347898009738283,0.7303253780138981,0.2968783506141516,0.3729566211947779,-0.38788317354888757,1.1337964159384433,Condiciones neutrales
2024-08-20,929.36,944.4307390519016,-0.016086176239571287,-0.3976778877160436,5.77,5.299653254285834,0.47034674571416507,0.7900511099660807,0.19618661112501856,0.35380213514813147,-0.39939618065835286,1.1070004509546159,Condiciones neutrales
2024-08-21,922.58,945.5453724124608,-0.0245877816698216,-0.6078521665095536,5.75,5.304159105542942,0.4458408944570583,0.7488881272033454,0.07051798034689588,0.33223088916406535,-0.4152631364016742,1.079724914729805,Condiciones neutrales
2024-08-22,918.97,950.6604497562129,-0.03390347567316917,-0.8381521121701644,5.78,5.3769110293002225,0.40308897069977756,0.677076840901492,-0.08053763563433619,0.30252809221095284,-0.44441642637799095,1.0494726107998966,Condiciones neutrales
2024-08-23,919.94,946.3299616132389,-0.028282854342769965,-0.6992007053823656,5.73,5.311726063578781,0.41827393642121974,0.7025833403773339,0.0016913174974841905,0.2788119297111138,-0.45865286002943445,1.016276719451662,Condiciones neutrales
2024-08-26,911.01,944.2831177410566,-0.03587215989379726,-0.8868213652468142,5.71,5.369999787584317,0.3400002124156829,0.5711053550500281,-0.15785800509839304,0.25632979210269957,-0.47281759024446796,0.985477174449867,Condiciones neutrales
2024-08-27,907.35,940.2404886202047,-0.035607418279475576,-0.8802764981257519,5.73,5.367764202155303,0.36223579784469717,0.6084549255722278,-0.13591078627676206,0.23713721073557223,-0.48213672782154804,0.9564111492926926,Condiciones neutrales
2024-08-28,907.32,947.537115655593,-0.043370909027067805,-1.072203315028997,5.71,5.402554174760871,0.3074458252391294,0.5164230808396485,-0.2778901170946742,0.21544773091843158,-0.4930927861078647,0.9239882479447279,Condiciones neutrales
2024-08-29,912.08,939.2936490429754,-0.029400450079822525,-0.7268295902964949,5.71,5.505308243182657,0.20469175681734295,0.34382495711520467,-0.1915023165906451,0.19690399402813438,-0.4958561760157712,0.88966416407204,Condiciones neutrales
2024-08-30,917.38,938.631079803404,-0.022900734565672938,-0.5661454663675447,5.64,5.521371482697435,0.11862851730256488,0.19926276225471767,-0.18344135205641351,0.17805804536322564,-0.4967082891917356,0.8528243799181869,Condiciones neutrales
2024-09-02,913.99,937.769140464844,-0.025684169331319458,-0.6349567513934266,5.64,5.536283879736485,0.10371612026351487,0.174214102004996,-0.23037132469421528,0.150711628825806,-0.5141925603413704,0.8156158179929823,Condiciones neutrales
2024-09-03,915.14,958.8642807313313,-0.04667248417585518,-1.1538239196867845,5.61,5.4789852666435825,0.13101473335641772,0.22006814430698984,-0.46687788768989735,0.1139009835605779,-0.5506631621517395,0.7784651292728954,Condiciones neutrales
2024-09-04,926.22,961.2537791298327,-0.03712666486478847,-0.9178348814213925,5.56,5.447062114655586,0.11293788534441342,0.18970409062381366,-0.3640653953987894,0.07706559548727596,-0.5883512328975561,0.7424824238721079,Condiciones neutrales
2024-09-05,937.86,958.5584938540588,-0.021829902940034677,-0.5396726705557098,5.53,5.468578803604485,0.06142119639551548,0.103170447823639,-0.2182511113660354,0.054869245816850265,-0.5981953494615866,0.7079338410952871,Condiciones neutrales
2024-09-06,941.54,959.1162716999092,-0.018495477592267093,-0.4572399525934958,5.5,5.54273557183312,-0.042735571833119976,-0.07178381963826726,-0.26451188611588156,0.03481968034501363,-0.6048291283443544,0.6744684890343817,Condiciones neutrales
2024-09-09,943.18,955.6925737203396,-0.013179141140712456,-0.3258109902996946,5.49,5.448398353143766,0.04160164685623477,0.06987914251491202,-0.1279659238923913,0.013441342669743518,-0.6120579146664411,0.6389406000059281,Condiciones neutrales
2024-09-10,946.22,956.1225513140827,-0.010410996432712243,-0.2573777017434076,5.41,5.383985446887532,0.026014553112467798,0.0436971803229334,-0.10684026071023711,-0.010181690492384038,-0.6174400753448852,0.5970766943601171,Condiciones neutrales
2024-09-11,948.85,956.0943118226512,-0.007605835719726239,-0.1880293140078499,5.37,5.355141947982822,0.0148580520171788,0.024957375797896125,-0.08153596910497689,-0.03363466499063941,-0.6232528295826397,0.555983499601361,Condiciones neutrales
2024-09-12,943.44,959.1816524626568,-0.016547705790617533,-0.4090876904090605,5.37,5.329131364573207,0.04086863542679397,0.06864788812923915,-0.17021990113991067,-0.06082517184441866,-0.636335488584809,0.5146851448959717,Condiciones neutrales
2024-09-13,933.57,951.7442483521961,-0.019280405230553663,-0.4766447110988686,5.31,5.363605452850695,-0.05360545285069568,-0.09004218251924229,-0.28334344680905543,-0.0847407793856224,-0.6382496918480912,0.4687681330768464,Condiciones neutrales
2024-09-16,925.61,950.313869587364,-0.026339339443431607,-0.6511536811298116,5.32,5.329930379613275,-0.009930379613274812,-0.016680263034327607,-0.3339169720820696,-0.10261586827953055,-0.6346665399715681,0.42943480341250695,Condiciones neutrales
2024-09-17,923.37,952.6662449333497,-0.031234606218286623,-0.7721730782716868,5.3,5.3460047166062195,-0.04600471660621941,-0.07727506940274763,-0.4247240738372172,-0.10466656682449313,-0.6179072856163395,0.4085741519673532,Condiciones neutrales
2024-09-23,927.15,951.4674587429198,-0.025890121423088143,-0.6400482406078613,5.29,5.465221671236568,-0.17522167123656776,-0.29432344777971514,-0.46718584419378817,-0.12263343970976769,-0.6221964033196445,0.3769295239001092,Condiciones neutrales
2024-09-24,924.81,942.8306509117837,-0.01929837003821526,-0.4770888319799089,5.28,5.483609312691265,-0.20360931269126467,-0.34200675343658465,-0.4095477927082468,-0.13466346558647377,-0.6117344376563433,0.3424075064833958,Condiciones neutrales
2024-09-25,911.51,937.8059500604048,-0.02844048635057222,-0.7030976391822722,5.3,5.527608161417326,-0.22760816141732612,-0.3823181136122439,-0.542707876397258,-0.1525890190967771,-0.6107592447534265,0.30558120655987225,Condiciones neutrales
2024-09-26,912.24,930.1198846091038,-0.01941037267208458,-0.47985772933577747,5.28,5.562120567374355,-0.2821205673743548,-0.4738837239320923,-0.4768707266339349,-0.16958722867444123,-0.6053860710353494,0.26621161368646684,Condiciones neutrales
2024-09-27,900.91,929.5727397351436,-0.031319697335244985,-0.7742766767373158,5.16,5.538326230407011,-0.3783262304070108,-0.6354823563379879,-0.7048795165376518,-0.19207223927445624,-0.6028956179636338,0.21875113941472127,Condiciones neutrales
2024-09-30,896.25,915.6878839876783,-0.02145617669119815,-0.5304335162030586,5.18,5.5493644225321725,-0.3693644225321731,-0.6204290231889136,-0.575431269695986,-0.21241461760116342,-0.5964168659761975,0.1715876307738706,Condiciones neutrales
2024-10-01,897.68,927.3097635084546,-0.03247400935828908,-0.802813251262726,5.22,5.542954790179513,-0.32295479017951334,-0.5424738084724522,-0.672643529867589,-0.2389292730983224,-0.6112079597229539,0.1333494135263091,Condiciones neutrales
2024-10-02,901.13,927.006467391009,-0.028311010901717917,-0.6998967838488086,5.24,5.579364101495029,-0.3393641014950292,-0.5700368664434767,-0.6349668251461427,-0.26729078290629826,-0.6234348598466081,0.0888532940340115,Condiciones neutrales
2024-10-03,908.23,935.1073509893439,-0.029163686100404297,-0.720976378332382,5.3,5.629073244588699,-0.3290732445886988,-0.5527511022802666,-0.6368637403063243,-0.2984155192703141,-0.6429151165648344,0.04608407802420601,Condiciones neutrales
2024-10-04,919.49,930.870765247014,-0.01230128629336991,-0.3041089116818007,5.41,5.687116704022042,-0.2771167040220418,-0.46547863166423603,-0.38479377167301837,-0.3177815320302487,-0.6397961506970262,0.004233086636528785,Condiciones neutrales
2024-10-07,923.74,943.8635581453995,-0.021550973072229817,-0.5327770454551539,5.47,5.759212293736602,-0.28921229373660223,-0.4857958426724103,-0.5092864440637821,-0.3371083461772713,-0.6372936466618796,-0.036923045692663074,Condiciones neutrales
2024-10-08,925.86,939.4798269737049,-0.014603311224228943,-0.3610189192771228,5.48,5.645438769097888,-0.16543876909788777,-0.2778909056950067,-0.3194549124860647,-0.3450722554056623,-0.6213892068987782,-0.06875530391254636,Condiciones neutrales
2024-10-09,933.62,951.0993327159982,-0.018549004702633848,-0.4585632346382263,5.53,5.6474840167886295,-0.11748401678862913,-0.1973403211841011,-0.3279517779111637,-0.35606035858595053,-0.6133679578739736,-0.09875275929792753,Condiciones neutrales
2024-10-10,934.84,955.8045076255233,-0.02217801055819871,-0.5482784883851075,5.57,5.6232056953450495,-0.053205695345049486,-0.08937070160876315,-0.31882459499693533,-0.3614259115825686,-0.6020831953119167,-0.12076862785322057,Condiciones neutrales
2024-10-11,931.26,958.8185007418938,-0.02916329020871786,-0.7209665912103661,5.57,5.669369563523419,-0.09936956352341879,-0.16691310118308236,-0.4439398461967242,-0.37169354691323403,-0.5967728650814038,-0.14661422874506425,Condiciones neutrales
2024-10-14,926.07,952.862267978129,-0.02852054278599792,-0.7050767716786482,5.6,5.610226863963499,-0.010226863963499488,-0.017178273899964437,-0.3611275227893063,-0.3744681271030551,-0.5845353136363921,-0.16440094056971802,Condiciones neutrales
2024-10-15,928.37,957.0189984937796,-0.030392883171235712,-0.7513642397753333,5.58,5.562646445476113,0.017353554523887205,0.029149122723570103,-0.3611075585258816,-0.380121635167563,-0.5853531352856868,-0.17489013504943915,Condiciones neutrales
2024-10-16,937.29,957.759234666094,-0.021603692823840066,-0.5340803682056349,5.5,5.516695447209156,-0.016695447209156295,-0.028043686321133538,-0.2810620272633842,-0.38337565767446197,-0.5842842986802897,-0.1824670166686342,Condiciones neutrales
2024-10-17,941.3,962.5810577084235,-0.02235637986377233,-0.552688083780401,5.46,5.559524079242557,-0.09952407924255689,-0.16717264441692978,-0.3599303640986654,-0.387694292321277,-0.5815420097598556,-0.1938465748826984,Condiciones neutrales
2024-10-18,945.01,952.0910300634816,-0.007465140586328215,-0.1845510888144683,5.49,5.575379625816375,-0.08537962581637445,-0.14341391486039526,-0.1639825018374318,-0.37759777945952816,-0.549232915397445,-0.20596264352161123,Condiciones neutrales
2024-10-21,946.99,956.9516731243176,-0.01046435840693952,-0.25869690133932277,5.62,5.6350556678822095,-0.01505566788220963,-0.025289315233933667,-0.14199310828662823,-0.37019536988912277,-0.5272616493947094,-0.21312909038353614,Condiciones neutrales
2024-10-22,954.39,955.1344313464721,-7.797034402548352e-4,-0.019275607362967493,5.7,5.633921846663334,0.06607815333666651,0.11099283425226018,0.04585861344464635,-0.3613917123954334,-0.5099150806216179,-0.21286834416924877,Condiciones neutrales
2024-10-23,949,963.4633931565327,-0.015125694912476347,-0.3739331406946721,5.76,5.642123049509568,0.11787695049043168,0.19800034001080924,-0.08796640034193143,-0.355506862869635,-0.5071381868916572,-0.2038755388476129,Condiciones neutrales
2024-10-24,948.2,958.668310573597,-0.01097969448803777,-0.27143689381129865,5.75,5.647196733314623,0.10280326668537665,0.17268076306044872,-0.04937806537542497,-0.35288726758573613,-0.5053257170087107,-0.20044881816276167,Condiciones neutrales
2024-10-25,945.29,965.7335078025957,-0.021396165589815247,-0.52894993877098,5.74,5.655078117316023,0.0849218826839774,0.14264503429913938,-0.19315245223592029,-0.3557643406365923,-0.5143781249096298,-0.1971505563635548,Condiciones neutrales
2024-10-28,949.34,962.8633251110674,-0.014144469257913898,-0.3496755582917587,5.755,5.675213993357313,0.07978600664268641,0.1340181976003776,-0.10782868034569057,-0.35664076434461606,-0.5197663330524267,-0.19351519563680541,Condiciones neutrales
2024-10-29,945.88,965.0283654934323,-0.02004178408923604,-0.49546730335218636,5.76,5.619444761084965,0.14055523891503402,0.23609352786689436,-0.129686887742646,-0.35528966389804056,-0.5226456534838643,-0.18793367431221691,Condiciones neutrales
2024-10-30,950.89,970.6561456602841,-0.020573893503669293,-0.5086219614147464,5.76,5.692444357456183,0.06755564254381642,0.11347460328480509,-0.19757367906497064,-0.3524306716399044,-0.5237115618277268,-0.181149781452082,Condiciones neutrales
2024-11-04,961.29,965.6472245076529,-0.004522443054786498,-0.11180255484951195,5.73,5.798527188550187,-0.0685271885501868,-0.1151065291091254,-0.11345454197931867,-0.3450819239698127,-0.5057331909517169,-0.1844306569879086,Condiciones neutrales
2024-11-05,956.54,960.216992444484,-0.00383668557826498,-0.0948494529633281,5.74,5.740505576492086,-5.05576492085321e-4,-8.492272400827317e-4,-0.04784934010170541,-0.33251943284529567,-0.4831557367747715,-0.18188312891581976,Condiciones neutrales
2024-11-06,954.9,959.0870603212279,-0.004375230206420627,-0.10816320055481088,5.81,5.645378308628624,0.1646216913713758,0.2765184434197992,0.08417762143249416,-0.31414065065775293,-0.4654262354396699,-0.16285506587583595,Condiciones neutrales
2024-11-07,968.6,944.8060563881028,0.024872054873559424,0.6148798880459272,5.78,5.576795446260745,0.20320455373925514,0.3413268714937039,0.47810337976981554,-0.2845522782418175,-0.4290272781054753,-0.14007727837815967,Condiciones neutrales
2024-11-08,950.99,949.9012081123785,0.0011455595165503298,0.0283201975416683,5.8,5.529848716488303,0.270151283511697,0.4537786714631239,0.2410494345023961,-0.25842703454516236,-0.40464668354801064,-0.11220738554231408,Condiciones neutrales
2024-11-11,963.09,950.2143260258106,0.013459299882868314,0.3327369952835054,5.83,5.47130405727909,0.3586959427209105,0.6025089580596422,0.4676229766715738,-0.22694391110164538,-0.3775601927273679,-0.07632762947592292,Condiciones neutrales
2024-11-12,980.47,953.4001666600766,0.02799733095719632,0.6921420772051399,5.9,5.5063110267724324,0.3936889732275675,0.6612874716664149,0.6767147744357773,-0.18089076806919777,-0.3286795675959527,-0.03310196854244283,Condiciones neutrales
2024-11-13,983.76,950.3664175860881,0.034534351911581815,0.8537484556495442,5.9,5.580229284163895,0.3197707158361049,0.5371254532597364,0.6954369544546403,-0.13852849393084354,-0.2825401685341993,0.005483180672512172,Condiciones neutrales
2024-11-14,981.61,959.1935192036218,0.02310123356333731,0.5711021457357723,5.96,5.527918562213421,0.43208143778657837,0.7257760846217877,0.6484391151787801,-0.09449240576263125,-0.23674298863424934,0.04775817710898683,Condiciones neutrales
2024-11-15,975.44,961.4049093046998,0.014492989392975003,0.3582915742469158,5.92,5.608535050219017,0.31146494978098277,0.5231740870586069,0.44073283065276136,-0.05863575056933444,-0.20147004336439184,0.08419854222572296,Condiciones neutrales
2024-11-18,974.51,963.2243124318487,0.011648465019482515,0.28797004925798886,5.93,5.546372809303352,0.3836271906966472,0.6443864884466398,0.46617826885231434,-0.02186768359737982,-0.16783849577804616,0.1241031285832865,Condiciones neutrales
2024-11-19,976.86,966.1935305822636,0.010979189607118576,0.27142441228837494,5.91,5.514844515481087,0.3951554845189126,0.663750800867823,0.46758760657809895,0.006545029010990755,-0.14865405164570697,0.16174410966768846,Condiciones neutrales
2024-11-20,973.21,967.6308364171224,0.005749239036888739,0.14213105725773595,5.91,5.5162402230623355,0.3937597769376645,0.6614064021156241,0.40176872968668,0.03691353480267282,-0.12615711488861064,0.19998418449395627,Condiciones neutrales
2024-11-21,972.68,968.1420963331085,0.004676278103876671,0.11560562131277662,5.86,5.539945205346302,0.32005479465369846,0.5376026262968685,0.32660412380482257,0.05844883601236907,-0.11026963020228064,0.22716730222701878,Condiciones neutrales
2024-11-22,971.29,968.7224270960457,0.002646966964974273,0.06543756675347555,5.87,5.513481865936709,0.35651813406329147,0.5988508480314052,0.3321442073924404,0.08045203552248921,-0.09280293682255726,0.25370700786753564,Condiciones neutrales
2024-11-25,982.08,962.5047637953841,0.020133755883878574,0.49774100398048915,5.83,5.42466544697589,0.40533455302411014,0.6808487917526994,0.5892948978665943,0.11072268528460685,-0.0579356204103707,0.2793809909795844,Condiciones neutrales
2024-11-26,976.89,962.6764377445301,0.014656694839498045,0.3623386538767378,5.76,5.425408497346551,0.3345915026534489,0.5620202339344369,0.46217944390558735,0.14092666162135056,-0.021825445574133902,0.30367876881683503,Condiciones neutrales
2024-11-27,975.06,957.5174011219087,0.01815511318084121,0.44882556012547187,5.69,5.4096515931847335,0.2803484068152672,0.47090698936445047,0.45986627474496117,0.16829312153915948,0.016637965486003433,0.31994827759231553,Condiciones neutrales
2024-11-28,975.41,956.2317038711645,0.0198576436765442,0.4909150362831295,5.73,5.402953128699202,0.32704687130079907,0.5493473613595553,0.5201311988213424,0.19766774678406696,0.05804727468795219,0.33728821888018173,Condiciones neutrales
2024-11-29,977.32,952.0590636543038,0.026187057160028053,0.6473890016995614,5.68,5.340058438306587,0.3399415616934124,0.5710068382246172,0.6091979199620893,0.2273430783582494,0.0974295870181254,0.35725656969837344,Condiciones neutrales
2024-12-02,977.66,955.066034007739,0.02338147768126382,0.5780302613551764,5.69,5.271728505096155,0.4182714949038459,0.7025792393103472,0.6403047503327618,0.260684248839297,0.13512019852264465,0.3862482991559493,Condiciones neutrales
2024-12-03,979.1,955.8306483032799,0.02405303112712862,0.594632215223056,5.64,5.260315994257076,0.3796840057429239,0.6377630395169349,0.6161976273699954,0.2866902531462112,0.16109297532389547,0.412287530968527,Condiciones neutrales
2024-12-04,972.75,961.6363787994624,0.011490717269091856,0.2840702541026308,5.64,5.229031205042702,0.4109687949572976,0.6903127438979904,0.48719149900031056,0.3076630733891092,0.17918521383862723,0.4361409329395911,Condiciones neutrales
2024-12-05,974.37,957.9579387445841,0.01698723657438363,0.4199536458151877,5.63,5.240779060337997,0.38922093966200355,0.6537824237203944,0.536868034767791,0.32403005409988067,0.19382618894456574,0.4542339192551956,Condiciones neutrales
2024-12-06,971.65,953.0081339759389,0.01937221856603055,0.4789144943446097,5.58,5.210107725467603,0.3698922745323967,0.6213156670585153,0.5501150807015625,0.34529943680133046,0.22225444344587514,0.4683444301567858,Condiciones neutrales
2024-12-09,971.62,961.3907824989205,0.010583813686709704,0.2616500408939349,5.6,5.25720322861335,0.3427967713866496,0.5758027927153895,0.41872641680466216,0.3609029195406667,0.24002400793604958,0.48178183114528383,Condiciones neutrales
2024-12-10,969.92,960.5438987761713,0.009713908617593883,0.24014449443918098,5.63,5.307740969553956,0.3222590304460441,0.541305126527258,0.3907248104832195,0.380365494964638,0.26566048904305495,0.4950705008862211,Condiciones neutrales
2024-12-11,972.43,963.5879140446342,0.009134365307906784,0.2258171890681643,5.62,5.278945551382314,0.3410544486176859,0.5728761772979726,0.39934668318306843,0.39727134041559664,0.28484358062171905,0.5096991002094743,Condiciones neutrales
2024-12-12,975.81,962.2454311674394,0.013998351250572472,0.34606327034641915,5.69,5.3236959537703274,0.3663040462296729,0.6152884461215994,0.48067585823400927,0.41761676528148517,0.3128945997450059,0.5223389308179645,Condiciones neutrales
2024-12-13,975.67,968.1457980858949,0.0077417206931368705,0.19138862378995733,5.69,5.36535560691785,0.32464439308215054,0.5453118692452629,0.3683502465176101,0.43648089613423785,0.336228285918496,0.5367335063499797,Condiciones neutrales
2024-12-16,983.25,980.1602987550008,0.0031472828652773332,0.07780623457484552,5.75,5.316480051059702,0.433519948940298,0.728192381415697,0.4029993079952712,0.4536960244667242,0.34254857889930795,0.5648434700341405,Condiciones neutrales
2024-12-17,989.93,985.7229309999751,0.004258921486804272,0.10528784936810665,5.77,5.323920329494357,0.44607967050564246,0.7492892042469014,0.427288526807504,0.46953395336369785,0.34921982231035575,0.58984808441704,Condiciones neutrales
2024-12-18,990.87,1019.8924337344379,-0.028869098494796207,-0.7136936670776486,5.78,5.48255079250734,0.29744920749266074,0.49963155624960964,-0.10703105541401947,0.4631603308021474,0.32903547342626116,0.5972851881780336,Condiciones neutrales
2024-12-19,988.44,1015.1829728522124,-0.02669620130817183,-0.6599759189607757,5.88,5.5071004911182335,0.37289950888176654,0.6263669804933308,-0.01680446923372242,0.44666340250202946,0.2865402798593711,0.6067865251446878,Condiciones neutrales
2024-12-20,996.35,995.4731942690312,8.804052389058951e-4,0.021765128674952807,5.86,5.459624645626491,0.4003753543735094,0.672518723703647,0.3471419261892999,0.45019981889159294,0.2863217775638139,0.6140778602193719,Condiciones neutrales
2024-12-23,991.18,994.1821307388418,-0.0030242674427329204,-0.07476508218005697,5.92,5.484506053821576,0.43549394617842335,0.7315081452075414,0.3283715315137422,0.4455581040529985,0.2727383749816952,0.618377833124302,Condiciones neutrales
2024-12-24,992.78,983.0798008248794,0.009818790890806377,0.24273736425788897,5.93,5.464735835936132,0.46526416406386795,0.7815137929528347,0.5121255786053619,0.440071797525318,0.2577582178834535,0.6223853771671826,Condiciones neutrales
2024-12-26,989.07,985.8993953187885,0.003210791430579373,0.07937627531821766,5.98,5.458244565364005,0.521755434635995,0.8764033428978149,0.47788980910801626,0.43282022601376385,0.23194581187240926,0.6336946401551186,Condiciones neutrales
2024-12-27,990.95,988.7278318332195,0.0022449805360724435,0.0554997722425001,5.99,5.524273896218701,0.4657261037812993,0.7822897226043515,0.4188947474234258,0.42516874708858543,0.21475906608930018,0.6355784280878707,Condiciones neutrales
2024-12-30,992.12,993.2387623406004,-0.0011270128908072376,-0.02786169311899301,5.95,5.489572094945262,0.46042790505473824,0.773390229150039,0.372764268015523,0.4229031283340108,0.20188729051043655,0.643918966157585,Condiciones neutrales
2025-01-02,996.46,1006.3932404341276,-0.009919170988380974,-0.2452189325670806,5.93,5.542150229082185,0.3878497709178149,0.6514792433578893,0.20313015539540435,0.4141348578854471,0.1841143244496009,0.6441553913212934,Condiciones neutrales
2025-01-03,999.84,1008.5810237340688,-0.008704428823297305,-0.21518842120529774,5.946,5.492317024872862,0.45368297512713796,0.7620606315191404,0.2734361051569213,0.4076631411714079,0.16789389666647847,0.6474323856763373,Condiciones neutrales
2025-01-06,1011.82,1005.074296983508,0.006689223307340731,0.1653690818567762,5.994,5.481571466002675,0.512428533997324,0.860736755918592,0.5130529188876841,0.41137261414477466,0.1686684974864465,0.6540767308031029,Condiciones neutrales
2025-01-07,1010.98,1007.0634085064961,0.003881577962580813,0.09595926975902781,6.01,5.5499370342269785,0.4600629657730214,0.7727772331269607,0.43436825144299424,0.41496475173271374,0.1680136191013215,0.661915884364106,Condiciones neutrales
2025-01-08,1005.85,1009.1467907741707,-0.0032722570388290123,-0.08089581065662604,6.05,5.552131904681669,0.49786809531833093,0.836279287370649,0.37769173835701153,0.4164830027648661,0.16313583985431815,0.6698301656754141,Condiciones neutrales
2025-01-09,1007.51,1009.377796505303,-0.0018521576088602002,-0.04578851522195872,6.05,5.5720594945667345,0.4779405054332651,0.8028065044693026,0.37850899462367193,0.40945680599010204,0.14501818921423654,0.6738954227659675,Condiciones neutrales
2025-01-10,1003.92,1016.5242824300426,-0.012476905254557812,-0.30845051384305816,6.046,5.64491096479859,0.40108903520141015,0.6737175080800294,0.18263349711848562,0.4001386077638653,0.12265855029024333,0.6776186652374873,Condiciones neutrales
2025-01-13,1009.2,1019.7139701310751,-0.010364228745847717,-0.2562215242498465,6.034,5.675659813166511,0.3583401868334893,0.6019113875729849,0.1728449316615692,0.3905712296610856,0.09915698081106607,0.681985478511105,Condiciones neutrales
2025-01-14,1012.76,1009.4745883283236,0.003249291235767986,0.080328056585367,6.03,5.692310649726106,0.33768935027389413,0.5672237523457792,0.3237759044655731,0.38402605318255995,0.08547074815447397,0.6825813582106459,Condiciones neutrales
2025-01-15,1004.67,1004.1736202890432,4.941944868641245e-4,0.01221733597407604,6.03,5.53411350232746,0.49588649767253984,0.8329507570176086,0.4225840464958423,0.377805590733685,0.0642983592969578,0.6913128221704122,Condiciones neutrales
2025-01-16,1001.93,1003.4555520173936,-0.0015214553731492369,-0.03761298832222272,6,5.530808510216756,0.4691914897832438,0.7881106028001741,0.3752488072389757,0.3689703926305588,0.043776917641044494,0.6941638676200732,Condiciones neutrales
2025-01-17,1010.68,1004.1671033507919,0.0064649266164047104,0.15982408266338727,5.93,5.511772249612616,0.41822775038738375,0.7025057607456483,0.4311649217045178,0.3628026357750429,0.029283313222388873,0.6963219583276969,Condiciones neutrales
2025-01-20,1012.36,1002.7038767435249,0.009584010988447841,0.23693320208425547,5.9,5.5361127968441854,0.3638872031558147,0.6112288250643382,0.42408101357429684,0.3606989529275091,0.027712078155109694,0.6936858276999085,Condiciones neutrales
2025-01-21,1001.93,996.5525400579634,0.005381556068025739,0.13304130315900187,5.9,5.551904911701361,0.3480950882986392,0.584702484688199,0.3588718939236004,0.35476574823270274,0.0181483333999035,0.691383163065502,Condiciones neutrales
2025-01-22,1002.14,995.5775556658796,0.006569965729989561,0.16242082984530812,5.9366666666666665,5.575036013743283,0.3616306529233833,0.6074384511921438,0.38492964051872597,0.34925956689327486,0.007598544583260114,0.6909205892032896,Condiciones neutrales
2025-01-23,995.22,995.7279680022201,-5.102775375404535e-4,-0.01261493659250358,5.973333333333334,5.5532313433451845,0.4201019899881492,0.7056539595806988,0.3465195114940976,0.3468526700495894,-0.001543621332954502,0.6952489614321333,Condiciones neutrales
2025-01-24,989.83,989.0641819414636,7.739858995548945e-4,0.01913425994300793,6.01,5.631004163110006,0.37899583688999317,0.636607108130025,0.3278706840365164,0.344757532501366,-0.008910629149493603,0.6984256941522256,Condiciones neutrales
2025-01-27,982.95,993.9301176098917,-0.011108645816100365,-0.2746247919791654,5.95,5.645186969597422,0.3048130304025787,0.5120007211616379,0.11868796459123623,0.3354022418816382,-0.025592028517737928,0.6963965122810143,Condiciones neutrales
2025-01-28,985.64,997.902681771478,-0.01236458193039077,-0.3056736884725819,5.98,5.603050383289857,0.37694961671014315,0.6331700299763942,0.16374817075190612,0.32483798563223476,-0.04731659381170463,0.6969925650761741,Condiciones neutrales
2025-01-29,992.07,998.5316340321829,-0.006492164597091463,-0.16049745229852203,5.996666666666667,5.605357934517934,0.391308732148733,0.6572893317335772,0.24839593971752758,0.3208395087388987,-0.05904612968132061,0.7007251471591179,Condiciones neutrales
2025-01-30,990.94,996.8757483942651,-0.005972149120322557,-0.1476417771336314,6.013333333333334,5.5922196927167915,0.4211136406165423,0.7073532499641079,0.2798557364152382,0.31673472301956423,-0.0665610634049365,0.700030509444065,Condiciones neutrales
2025-01-31,988.1,999.8368852690822,-0.011808243745648107,-0.29192005362056583,6.03,5.61974479801833,0.4102552019816698,0.689114107088879,0.19859702673415658,0.30911167301711934,-0.07980132683789226,0.6980246728721309,Condiciones neutrales
2025-02-03,984.22,1013.2018047942227,-0.029021250108883227,-0.7174551161381075,6.05,5.667482662942221,0.38251733705777913,0.6425222444452143,-0.0374664358464466,0.31143049366937176,-0.07992670847324089,0.7027876958119844,Condiciones neutrales
2025-02-04,987.12,1005.4839623364869,-0.018432646556377514,-0.45568666154014326,6.02,5.5987607357048175,0.42123926429518216,0.7075642626428429,0.12593880055134982,0.3161886026622075,-0.0731170665592198,0.7054942718836348,Condiciones neutrales
2025-02-05,977.58,993.9293198453196,-0.016585967389994342,-0.41003358281967434,5.98,5.484272709782009,0.49572729021799167,0.8326833329792225,0.21132487507977407,0.31166136762522334,-0.08751035694237404,0.7108330921928206,Condiciones neutrales
2025-02-06,969.47,993.7214532457601,-0.024707408843878505,-0.6108095555859807,5.98,5.45583407928513,0.5241659207148702,0.8804522859797564,0.13482136519688787,0.30520969541466153,-0.10537850605590483,0.7157978968852279,Condiciones neutrales
2025-02-07,967.59,990.0911537199612,-0.022988569521293363,-0.5683168972345544,5.984,5.5318886728225,0.4521113271774993,0.7594207021087591,0.09555190243710238,0.29132390620905285,-0.13241364810565295,0.7150614605237586,Condiciones neutrales
2025-02-10,960.6,992.0121277883559,-0.03217724357251747,-0.7954766916556189,5.996,5.479704005912715,0.5162959940872858,0.8672330082359848,0.03587815829018298,0.27659018451512507,-0.1615754136714475,0.7147557827016977,Condiciones neutrales
2025-02-11,960.81,991.9572593215056,-0.03190334229033632,-0.7887053818229833,6,5.51481121435904,0.4851887856409603,0.8149815899261812,0.013138104051598931,0.26306496306939753,-0.18971558547363027,0.7158455116124253,Condiciones neutrales
2025-02-12,961.89,987.1119431729346,-0.025883351590488612,-0.6398808787259399,6.015,5.5745703738163614,0.4404296261836386,0.7397987085038535,0.04995891488895682,0.2523047846318453,-0.21011622499386184,0.7147257942575524,Condiciones neutrales
2025-02-13,956.63,989.085201038943,-0.03336378476158227,-0.824810026484726,6.03,5.495970752492947,0.5340292475070533,0.897019919010342,0.03610494626280797,0.24673727766075876,-0.22943592812445002,0.7229104834459675,Condiciones neutrales
2025-02-14,949.52,979.5598354397783,-0.03114672950898191,-0.7700006151819335,6.045,5.5049485707634105,0.5400514292365899,0.9071355016165609,0.06856744321731367,0.23990832226277184,-0.24792966792367122,0.727746312449215,Condiciones neutrales
2025-02-17,939.54,982.6571673383881,-0.0448699039213219,-1.1092610417607034,6.09,5.511891871783004,0.5781081282169955,0.971060122218457,-0.06910045977112322,0.2205032096408116,-0.2904173387109205,0.7314237579925438,Condiciones neutrales
2025-02-18,947.13,983.7135215906748,-0.037898358697099906,-0.9369124775279294,6.105,5.531641842975799,0.5733581570242018,0.9630814978368306,0.013084510154450613,0.20646041826452682,-0.3248463969538191,0.7377672334828728,Condiciones neutrales
2025-02-19,950.43,985.7109346807513,-0.03644862815825932,-0.9010726502217148,6.12,5.509498071322547,0.6105019286774531,1.025472655616439,0.062200002697362144,0.19594402707587183,-0.35218562493932204,0.7440736790910657,Condiciones neutrales
2025-02-20,951.78,984.8414528159084,-0.03414675095974616,-0.8441662948235575,6.1,5.55479379122645,0.5452062087735503,0.915794090906091,0.03581389804126672,0.18452085718979166,-0.3787982175927087,0.747839931972292,Condiciones neutrales
2025-02-21,944.65,986.0983894588556,-0.04294164757439749,-1.0615912351143233,6.04,5.561662692370574,0.4783373076294255,0.8034730212856089,-0.12905910691435718,0.17413110372203022,-0.40390290830175085,0.7521651157458114,Condiciones neutrales
2025-02-24,942.52,985.6157514033456,-0.0447094349328653,-1.1052939729294935,5.9575,5.583425181605722,0.37407481839427825,0.6283411720729997,-0.23847640042824692,0.1604203926523697,-0.4322053232577391,0.7530461085624784,Condiciones neutrales
2025-02-25,946.96,984.7232600989227,-0.03910379383712947,-0.9667129032553566,5.93,5.522345495020282,0.4076545049797171,0.6847456628043154,-0.14098362022552063,0.14492840849599992,-0.4671066885857632,0.756963505577763,Condiciones neutrales
2025-02-26,940.99,983.6886738002576,-0.04437694604015509,-1.0970742768020336,5.945,5.495987920257491,0.4490120797425088,0.7542148324001128,-0.17142972220096042,0.12512794953943981,-0.5040830756783002,0.7543389747571798,Condiciones neutrales
2025-02-27,941.76,986.2838655082488,-0.04619374417640177,-1.1419886451683148,5.96,5.5553034899139355,0.40469651008606405,0.6797770578967673,-0.23110579363577372,0.10491612951028151,-0.54089559757317,0.750727856593733,Condiciones neutrales
2025-02-28,951.21,990.294692039961,-0.04026770920384742,-0.9954868889200179,5.94,5.459382917229745,0.4806170827702549,0.8073024065144799,-0.09409224120276899,0.08740755741337194,-0.5794059632926167,0.7542210781193607,Condiciones neutrales
2025-03-03,954.22,994.2535829940847,-0.0410980349679416,-1.0160139670188455,5.94,5.466111572426039,0.47388842757396193,0.7960001458847425,-0.11000691056705147,0.06960462660866033,-0.6211708689293868,0.7603801221467075,Condiciones neutrales
2025-03-04,953.11,994.5007370866899,-0.042510517489819606,-1.0509329594114867,5.86,5.602143284986894,0.2578567150131063,0.4331272316958156,-0.30890286385783555,0.0473454680159458,-0.6606366776817364,0.755327613713628,Condiciones neutrales
2025-03-05,948.87,986.3865559184081,-0.03877651939017225,-0.958622117177232,5.841666666666667,5.576734306133844,0.26493236053282293,0.44501233911394117,-0.25680488903164544,0.02595431703093342,-0.6980047759158211,0.749913409977688,Condiciones neutrales
2025-03-06,936.7,983.0179563023405,-0.04826432660384169,-1.1931769968202552,5.823333333333333,5.667854203298973,0.1554791300343597,0.2611614949598388,-0.4660077509302082,-0.001129925049876774,-0.7373568445900794,0.735096994490326,Condiciones neutrales
2025-03-07,926.52,975.0767364192824,-0.051080539811900416,-1.2627986212050362,5.805,5.692267548372,0.11273245162799911,0.18935901938189162,-0.5367198009115722,-0.02994960788147973,-0.7800879406283476,0.7201887248653882,Condiciones neutrales
2025-03-10,928.25,974.8059707522403,-0.04893735377998725,-1.2098153838302559,5.75,5.684874652934866,0.06512534706513398,0.10939238594626853,-0.5502114989419937,-0.052246256665920726,-0.8112609603567174,0.7067684470248758,Condiciones neutrales
2025-03-11,931.13,973.3532827126986,-0.04434819999155836,-1.096363625139645,5.75,5.791091556194351,-0.041091556194350815,-0.06902233273090275,-0.5826929789352738,-0.07712762832216007,-0.8376172915789527,0.6833620349346327,Condiciones neutrales
2025-03-12,937.45,971.3418000478911,-0.035514991550233355,-0.877991550733274,5.76,5.768441532043673,-0.008441532043673292,-0.014179415126582514,-0.4460854829299282,-0.10027700907707525,-0.8615337615267779,0.6609797433726273,Condiciones neutrales
2025-03-13,932.28,965.5423829105022,-0.03505679952453727,-0.8666642573955994,5.73,5.780715210456433,-0.05071521045643304,-0.08518738287947633,-0.47592582013753787,-0.12546972762883446,-0.88550117753551,0.6345617222778411,Condiciones neutrales
2025-03-14,940.2,956.1519914365302,-0.016824268682595133,-0.4159247998043772,5.76,5.767653585971275,-0.0076535859712754985,-0.012855885890410014,-0.2143903428473936,-0.1392359732815528,-0.8896346690749705,0.6111627225118649,Condiciones neutrales
2025-03-17,932.36,951.3294232457723,-0.020141393048692963,-0.49792980780349144,5.76,5.761816372479088,-0.0018163724790878667,-0.00305099823968435,-0.25049040302158787,-0.14633677218739083,-0.8823171587971499,0.5896436144223682,Condiciones neutrales
2025-03-18,923.32,950.9596198840612,-0.029495730978376235,-0.7291850976533841,5.76,5.809283794877541,-0.04928379487754178,-0.08278300466865517,-0.40598405116101965,-0.1640675339111365,-0.891433773334258,0.563298705511985,Condiciones neutrales
2025-03-19,917.97,947.2391449719256,-0.031386879967485654,-0.7759375467217531,5.76,5.743478080340139,0.016521919659861176,0.02775220852484927,-0.3740926690984519,-0.18358145205041068,-0.9036305721309938,0.5364676680301725,Condiciones neutrales
2025-03-20,917.76,950.475105928279,-0.035026052552813096,-0.8659041394790211,5.67,5.725072629026867,-0.05507262902686737,-0.09250662854137902,-0.4792053840102001,-0.20404901035731363,-0.9121337249274286,0.5040357042128013,Condiciones neutrales
2025-03-21,926.15,950.9258598975114,-0.026399890787777477,-0.6526506142952333,5.688,5.7138302499828075,-0.02583024998280759,-0.04338760256251488,-0.34801910842887407,-0.21883471071951283,-0.9149448488294513,0.47727542739042556,Condiciones neutrales
2025-03-24,932.14,950.2422265202747,-0.019233909381629586,-0.47549525390579084,5.742,5.713609667553186,0.02839033244681374,0.047687825771717166,-0.21390371406703684,-0.22716077313142016,-0.9042788009044569,0.4499572546416166,Condiciones neutrales
2025-03-25,926.41,949.3792130191806,-0.024491409783047164,-0.6054696880512243,5.76,5.676634161446585,0.0833658385534146,0.1400313149448347,-0.2327191865531948,-0.23535601615157994,-0.8981709444453984,0.4274589121422384,Condiciones neutrales
2025-03-26,919.92,949.4809267721519,-0.03162873265577626,-0.7819165603036917,5.8,5.743835153643288,0.05616484635671154,0.09434124847152742,-0.3437876559160822,-0.24848090184508126,-0.9029054671646567,0.40594366347449423,Condiciones neutrales
2025-03-27,920.98,948.5511168198311,-0.029497359701842956,-0.7292253624930994,5.85,5.766249222912889,0.08375077708711016,0.1406779041231081,-0.29427372918499567,-0.25949352436000805,-0.8997193116982691,0.3807322629782531,Condiciones neutrales
2025-03-28,931.75,955.1318036604816,-0.024784806902434214,-0.6127229684431668,5.85,5.755408732946529,0.09459126705346994,0.15888689825039706,-0.22691803509638486,-0.26934304030379796,-0.8944767234736436,0.3557906428660476,Condiciones neutrales
2025-03-31,946.1,960.7328526978363,-0.015348109745810159,-0.379431617138025,5.85,5.7549150661048545,0.09508493389514544,0.15971612060554904,-0.10985774826623797,-0.2707016165869685,-0.8701490759862209,0.32874584281228403,Condiciones neutrales
2025-04-01,953.07,963.3946459599446,-0.010774783525478256,-0.2663711430979582,5.85,5.676353403907612,0.17364659609238764,0.29167776164012044,0.012653309271081131,-0.27071598994974744,-0.8477976981718887,0.30636571827239367,Condiciones neutrales
2025-04-02,946.28,964.417186732036,-0.01898545896954337,-0.46935313326697947,5.82,5.629873973968516,0.19012602603148407,0.3193585993064313,-0.07499726698027409,-0.2752892322723353,-0.8334070476067308,0.2828285830620601,Condiciones neutrales
2025-04-03,949.83,959.7713698763514,-0.010412078506173173,-0.2574044524566839,5.68,5.646095217623162,0.03390478237683808,0.0569505608236053,-0.1002269458165393,-0.2798239270675955,-0.813848319527835,0.2542004653926439,Condiciones neutrales
2025-04-04,946.59,977.6037749446949,-0.032238396558735984,-0.7969884984408189,5.55,5.789178094347909,-0.2391780943479088,-0.4017523681007291,-0.599370433270774,-0.2955009712794761,-0.8050282283053848,0.21402628574643262,Condiciones neutrales
2025-04-07,975.82,999.4591836560136,-0.023936173169267983,-0.591743285924214,5.6,5.875730358015764,-0.27573035801576434,-0.4631499577422054,-0.5274466218332097,-0.30513331199297483,-0.7879098720718755,0.1776432480859258,Condiciones neutrales
2025-04-08,990.68,1006.7786138683715,-0.016119445318232287,-0.3985003564451639,5.58,5.946195219112918,-0.36619521911291814,-0.6151056469735877,-0.5068030017093759,-0.31732729137577004,-0.768969453844869,0.13431487109332904,Condiciones neutrales
2025-04-09,993.89,1006.8346684254683,-0.012940160391770168,-0.319902975987979,5.55,5.676856069901402,-0.1268560699014025,-0.2130827517034512,-0.26649286384571513,-0.3204960627639285,-0.7430637438177339,0.10207161828987689,Condiciones neutrales
2025-04-10,1000.01,1000.2337484367662,-2.2372117185633078e-4,-0.005530771373890682,5.61,5.899778990740644,-0.28977899074064334,-0.48674773529447435,-0.24613925333418252,-0.3209971780872088,-0.7051818146912532,0.0631874585168355,Condiciones neutrales
2025-04-11,988.97,991.2827857098059,-0.002335850026905724,-0.057746222028591095,5.68,5.931040166923433,-0.2510401669234327,-0.4216773355639591,-0.2397117787962751,-0.32585116267365904,-0.6739237924615389,0.02222146711422087,Condiciones neutrales
2025-04-14,978.09,968.362225896557,0.009995472753232234,0.2471052431621626,5.62,5.810847285240281,-0.1908472852402812,-0.32057011324519186,-0.03673243504151463,-0.3234086801561411,-0.6318198187888386,-0.01499754152344361,Condiciones neutrales
2025-04-15,966.07,962.9651471837054,0.0032190761293119045,0.07958108729113464,5.56,5.821203156885238,-0.2612031568852378,-0.4387483189885532,-0.1795836158487093,-0.3190980385558369,-0.5941360172320845,-0.04406005987958923,Condiciones neutrales
2025-04-16,967.15,960.0574574499943,0.007360468166844045,0.1819634069401277,5.58,5.84396257364355,-0.26396257364354936,-0.4433833681148161,-0.1307099805873442,-0.31489487494102686,-0.5561164997615059,-0.07367325012054782,Condiciones neutrales
2025-04-17,969.23,953.0464653375521,0.016838282448865535,0.4162712441604732,5.58,5.903733891179791,-0.3237338911797911,-0.5437824804589259,-0.06375561814922634,-0.30148647051499416,-0.5024682250621483,-0.10050471596783997,Condiciones neutrales
2025-04-21,968.71,952.9671758411083,0.016384829410378245,0.40506110672082185,5.58,5.992368731113735,-0.41236873111373507,-0.6926642454749719,-0.143801569377075,-0.2883891961305109,-0.44687290079795305,-0.12990549146306876,Condiciones neutrales
2025-04-22,961.14,949.0093264189503,0.012701453751833621,0.3140017381213792,5.65,5.91085277692907,-0.2608527769290691,-0.43815977856427396,-0.06207902022144737,-0.2721181135064927,-0.39607899673289854,-0.14815723028008684,Condiciones neutrales
2025-04-23,950.04,950.0753566883769,-3.721530722491847e-5,-9.200262727136022e-4,5.67,5.88995840730428,-0.21995840730428043,-0.3694686641729739,-0.18519434522284375,-0.2588681590494117,-0.35956421010400086,-0.15817210799482254,Condiciones neutrales
2025-04-24,938.02,951.8917867794553,-0.014680088240668032,-0.3629169789072,5.69,5.777797309673338,-0.08779730967333807,-0.14747494819834453,-0.25519596355277224,-0.25250517507017317,-0.3423950577097984,-0.16261529243054793,Condiciones neutrales
2025-04-25,937.81,951.7585683856074,-0.014764028138244968,-0.3649921172537127,5.71,5.696836457854511,0.013163542145488684,0.02211107268816688,-0.17144052228277293,-0.242355665141681,-0.32567265303840215,-0.15903867724495982,Condiciones neutrales
2025-04-28,936.74,950.8941334136364,-0.014996972607113785,-0.3707509043610555,5.71,5.660885574238178,0.04911442576182157,0.0824985118788401,-0.1441261962411077,-0.24001352692147146,-0.32416685652362476,-0.15586019731931816,Condiciones neutrales
2025-04-29,937.54,947.8602627497986,-0.010947665626559593,-0.27064508537970516,5.73,5.674001233250384,0.05599876674961614,0.09406228113705756,-0.0882914021213238,-0.23460689355812933,-0.31659069910949855,-0.1526230880067601,Condiciones neutrales
2025-04-30,945.42,945.9862828088067,-5.987955426324601e-4,-0.014803253614869196,5.7,5.682216991777122,0.01778300822287805,0.029870484941249706,0.007533615663190255,-0.22082297133065568,-0.2927779709748814,-0.14886797168642993,Condiciones neutrales
2025-05-02,955.67,946.5829896788023,0.00955401777964467,0.23619171848087867,5.732,5.70332177262971,0.0286782273702901,0.048171408800447894,0.14218156364066328,-0.2036138302393518,-0.25904032880146033,-0.14818733167724332,Condiciones neutrales
2025-05-05,940.95,944.6196023172045,-0.003892306012549865,-0.09622448556839495,5.78,5.744204923243227,0.03579507675677353,0.060125727201684624,-0.018049379183355165,-0.18824196341179034,-0.23338434033777278,-0.14309958648580787,Condiciones neutrales
2025-05-06,940.18,945.5350066890745,-0.005679565644843634,-0.1404086114156747,5.78,5.844118893356358,-0.06411889335635755,-0.10770182493570807,-0.12405521817569139,-0.18077650040335091,-0.21630960690845416,-0.14524339389824764,Condiciones neutrales
2025-05-07,939.67,940.2205367090265,-5.857114699120159e-4,-0.014479792879098468,5.78,5.80550271947236,-0.025502719472359655,-0.04283744282252509,-0.02865861785081178,-0.17460166386281006,-0.20094242487423108,-0.14826090285138904,Condiciones neutrales
2025-05-08,945.44,939.8670792174107,0.005911967419818216,0.14615398219844683,5.775,5.836941170050157,-0.061941170050156036,-0.10404385827400381,0.02105506196222151,-0.16614252224562953,-0.1758883025325754,-0.15639674195868367,Condiciones neutrales
2025-05-09,941.22,940.8137728420347,4.3168955853504186e-4,0.010672106859365385,5.77,5.834779082787478,-0.06477908278747851,-0.10881075871190127,-0.04906932592626794,-0.15631857791263573,-0.1494686802938068,-0.1631684755314646,Condiciones neutrales
2025-05-12,933.26,942.4425143848118,-0.009791091787157797,-0.24205259487164402,5.8,5.88241329786782,-0.08241329786781983,-0.13843131274900913,-0.19024195381032658,-0.15285085206681343,-0.13322958803975832,-0.17247211609386853,Condiciones neutrales
2025-05-13,941.2,946.9696096705932,-0.006111344657002666,-0.15108292972216741,5.81,5.8439844756502,-0.03398447565020017,-0.05708442325520538,-0.1040836764886864,-0.1487563734465568,-0.11784158674905833,-0.17967116014405526,Condiciones neutrales
2025-05-14,940.18,942.0702693734224,-0.0020085214380363013,-0.04965409746946501,5.84,5.863762444030785,-0.0237624440307849,-0.03991426634306372,-0.04478418190626436,-0.146587254567891,-0.10684900276010632,-0.1863255063756757,Condiciones neutrales
2025-05-15,939.43,937.5125520535601,0.0020431617487450507,0.050510465408453505,5.8,5.783673701495832,0.016326298504167804,0.027423619643143007,0.03896704252579826,-0.1457101301260671,-0.09628628247655927,-0.19513397777557495,Condiciones neutrales
2025-05-16,940.25,937.9678595639714,0.002430113788448334,0.06007658401270408,5.75,5.820130653042073,-0.07013065304207292,-0.1177999014204025,-0.02886165870384921,-0.14417227651685294,-0.07863862523390315,-0.20970592779980274,Condiciones neutrales
2025-05-19,944.46,938.8575109595507,0.005949613418023415,0.14708465589145145,5.78,5.781677232889487,-0.0016772328894875468,-0.0028172826071098203,0.07213368664217082,-0.1384269221015626,-0.06515565495563197,-0.21169818924749323,Condiciones neutrales
2025-05-20,936.69,937.4331020327348,-7.930130852891286e-4,-0.019604644633519568,5.79,5.8055365963878804,-0.015536596387880328,-0.026097140743904068,-0.022850892688711818,-0.11920960408216054,-0.039242859828722,-0.19917634833559908,Condiciones neutrales
2025-05-22,942.21,937.8637597331393,0.004623486697463926,0.11430052713258633,5.8,5.88999728301493,-0.08999728301492983,-0.15117028870246832,-0.018434880784940995,-0.10224254604721825,-0.015708066060161986,-0.18877702603427451,Condiciones neutrales
2025-05-23,944.84,941.4268849265919,0.003618913978378824,0.08946576522066706,5.79,5.940640911228254,-0.15064091122825352,-0.25303463924572284,-0.08178443701252788,-0.08807526055732331,5.574713286990456e-4,-0.17670799244334567,Condiciones neutrales
2025-05-26,940.81,936.4322363638059,0.004664045467652171,0.1153032095486315,5.81,5.854156316832595,-0.0441563168325958,-0.0741702742572108,0.02056646764571035,-0.0785066161742758,0.015064344179919396,-0.172077576528471,Condiciones neutrales
2025-05-27,938.28,932.6149941272485,0.006055949910578782,0.14971347650840613,5.8,5.81725284395241,-0.017252843952409964,-0.028979957103724766,0.060366759702340685,-0.06828974907305836,0.02023915244266262,-0.15681865058877933,Condiciones neutrales
2025-05-28,937.93,934.0175440220105,0.004180097553923705,0.10333918645017194,5.84,5.862036900935403,-0.022036900935403853,-0.03701583608874114,0.0331616751807154,-0.05919396727382534,0.02560866605862139,-0.14399660060627206,Condiciones neutrales
2025-05-29,940.21,934.3273374946606,0.006276409329518082,0.15516361175156096,5.81,5.822562835946596,-0.012562835946596396,-0.021102054121496856,0.06703077881503205,-0.055735193478607115,0.022543945011601337,-0.13401433196881557,Condiciones neutrales
2025-05-30,937.37,929.5333880854957,0.008395354567128921,0.20754757508314173,5.77,5.807442696985976,-0.03744269698597613,-0.06289326881379366,0.07232715313467403,-0.04733816784582767,0.02680949460466824,-0.1214858302963236,Condiciones neutrales
2025-06-02,941.97,928.0770359007684,0.014858684770543414,0.3673321916772519,5.82,5.805591628838246,0.014408371161754405,0.024202037609217675,0.1957671146432348,-0.036455598004808375,0.032988454095905714,-0.10589965010552246,Condiciones neutrales
2025-06-03,939.65,930.3120147154192,0.0099874359287468,0.24690655906609693,5.77,5.82377604090031,-0.05377604090031096,-0.09032872277741048,0.07828891814434322,-0.03172078012835605,0.02734296459275984,-0.09078452484947196,Condiciones neutrales
2025-06-04,941.53,928.2803414167682,0.014172432426775248,0.3503668558233174,5.76,5.744921383692837,0.015078616307162146,0.025327862175676064,0.18784735899949673,-0.020665815849136997,0.025519822896176356,-0.06685145459445035,Condiciones neutrales
2025-06-05,936.89,927.714541612831,0.009841799957367052,0.2433061878771191,5.75,5.8098924283360915,-0.05989242833609136,-0.10060254464745168,0.07135182161483372,-0.01621812112126096,0.02316330455470102,-0.05559954679722295,Condiciones neutrales
2025-06-06,930.79,925.4419765972696,0.005762251989975182,0.14245275979408106,5.7625,5.860611651180198,-0.0981116511801979,-0.16480015992844968,-0.011173700067184308,-0.010417432949405647,0.027942397423594174,-0.04877726332240547,Condiciones neutrales
2025-06-09,933.91,926.3153410175014,0.008165356112051485,0.20186161849339931,5.8,5.83129867313439,-0.03129867313439047,-0.052573025487281495,0.07464429650305891,5.772423857887255e-4,0.04676835067028082,-0.04561386589870337,Condiciones neutrales
2025-06-10,937.09,928.6141009736064,0.009086068185945413,0.2246232013138144,5.765000000000001,5.808162906480097,-0.04316290648009623,-0.07250162244066131,0.07606078943657654,0.008827286109767041,0.06642219462253172,-0.048767622402997646,Condiciones neutrales
2025-06-11,938.88,928.444445525867,0.011177129009556497,0.2763178140691941,5.73,5.7821414325424305,-0.05214143254243017,-0.08758303747338508,0.0943673882979045,0.01677707226106745,0.08799115190354004,-0.054437007381405146,Condiciones neutrales
2025-06-12,936.36,927.6675639533414,0.009326577808180149,0.2305690119975498,5.71,5.749117241430846,-0.039117241430846106,-0.0657060355851429,0.08243148820620345,0.022467835271985023,0.10469828848278187,-0.05976261793881183,Condiciones neutrales
2025-06-13,930.25,944.4160413971487,-0.015113423648446651,-0.37362977398487995,5.76,5.800117033195457,-0.04011703319545787,-0.06738540639096643,-0.2205075901879232,0.014866461743614574,0.09273740447044819,-0.06300448098321904,Condiciones neutrales
2025-06-16,937.78,937.9407703087452,-1.7142243310826124e-4,-0.0042378567840092645,5.73,5.800697275674262,-0.07069727567426135,-0.11875166911853476,-0.06149476295127201,0.008077250857216731,0.08472308529495191,-0.06856858358051846,Condiciones neutrales
2025-06-17,935.21,948.4851010374048,-0.014094978330592738,-0.3484520576198109,5.72625,5.776925687123626,-0.05067568712362572,-0.0851209947238475,-0.2167865261718292,0.0014526792909342638,0.07631549955990471,-0.07341014097803619,Condiciones neutrales
2025-06-18,939.29,945.3076564675101,-0.0063861661913998625,-0.15787698976914796,5.7225,5.771276343636641,-0.04877634363664066,-0.08193062837439834,-0.11990380907177314,0.0015910595943982053,0.07573322028145561,-0.0725511010926592,Condiciones neutrales
2025-06-19,943.36,956.1272108412771,-0.013442999811632857,-0.3323340295443514,5.71875,5.772979295925976,-0.05422929592597536,-0.09109006457340854,-0.21171204705887997,-0.004510721379204068,0.06513807905928051,-0.07415952181768865,Condiciones neutrales
2025-06-23,947.03,949.8415880576332,-0.0029644496067577145,-0.07328628260058656,5.70375,5.7444723815932575,-0.040722381593257084,-0.0684022225546911,-0.07084425257763882,-0.007574031863866079,0.057823403565979405,-0.07297146729371157,Condiciones neutrales
2025-06-24,950.16,930.5095429217463,0.020898059743903075,0.5166359072875949,5.7,5.69320867334529,0.006791326654710203,0.0114075311684132,0.26402171922800405,0.0028623363079429876,0.07468886358025371,-0.06896419096436775,Condiciones neutrales
2025-06-25,937.89,926.4843432950639,0.012235524522023285,0.30248316781749723,5.7,5.684582942103313,0.01541705789668658,0.025896349479774382,0.1641897586486358,0.014676726723241733,0.09284005566989176,-0.0634866022234083,Condiciones neutrales
2025-06-26,936.29,927.151004981811,0.009808808830128045,0.24249059058423944,5.64,5.629437286274522,0.010562713725477752,0.01774240765798576,0.1301164991211126,0.022483399243568365,0.10595917301343866,-0.06099237452630192,Condiciones neutrales
2025-06-27,930.67,928.0068341686385,0.002865659704686219,0.07084402665371839,5.68,5.641119455973221,0.03888054402677857,0.06530845008356653,0.06807623836864246,0.026245413252731928,0.1099757771508781,-0.05748495064541425,Condiciones neutrales
2025-06-30,935.74,925.854783238276,0.010620259320964928,0.2625510395297347,5.672499999999999,5.609616178851189,0.06288382114881073,0.10562724872708784,0.18408914412841126,0.031082816639485693,0.11704379628825415,-0.054878163009282756,Condiciones neutrales
2025-07-01,933.42,921.3966272599476,0.012964668283511775,0.3205088531383365,5.67,5.6505792076046735,0.019420792395326236,0.032621504726372035,0.17656517893235427,0.03793037789402581,0.12572487192577522,-0.0498641161377236,Condiciones neutrales
2025-07-02,926.62,927.5301799552169,-9.81775951231294e-4,-0.02427118668112228,5.69,5.634177234465297,0.055822765534703,0.09376664827371889,0.0347477307962983,0.03668417936583006,0.12001301050668943,-0.046644651775029314,Condiciones neutrales
2025-07-03,926.51,926.9717647504572,-4.98267389291542e-4,-0.012318025113003901,5.67,5.674761938068665,-0.004761938068664803,-0.007998725389342116,-0.010158375251173008,0.037107263280414686,0.12025589782403995,-0.04604137126321058,Condiciones neutrales
2025-07-04,927.87,929.3808738992506,-0.0016270006963229945,-0.04022224987406344,5.666,5.677183734719774,-0.011183734719773814,-0.018785549404636538,-0.02950389963934999,0.03673829598526772,0.11510513859048496,-0.041628546619949525,Condiciones neutrales
2025-07-07,932.34,932.9179150077838,-6.19662322970478e-4,-0.01531911624155386,5.654,5.701688186773403,-0.047688186773402974,-0.08010282889358597,-0.04771097256756991,0.037874078133432985,0.11161230920841093,-0.035864152941544956,Condiciones neutrales
2025-07-08,940.28,928.6998102091771,0.01239214882919665,0.30635518952819263,5.65,5.717334691136573,-0.0673346911365724,-0.11310346665819418,0.09662586143499922,0.04040939125974261,0.11798070854106296,-0.03716192602157774,Condiciones neutrales
2025-07-09,945.39,928.6563530612308,0.01785878098054497,0.44149971949554245,5.63,5.637136449063258,-0.0071364490632579575,-0.01198724038173677,0.21475623955690284,0.04555570725489469,0.1277069166406342,-0.0365955021308448,Condiciones neutrales
2025-07-10,948.33,926.9629653427163,0.022788929266472153,0.5633814474633972,5.62,5.660628416363594,-0.040628416363594405,-0.06824438722433179,0.24756853011953273,0.05270260241952193,0.14304165867440835,-0.03763645383536449,Condiciones neutrales
2025-07-11,950.43,933.979482488883,0.017460043135861296,0.43164223556246345,5.61,5.725973183539216,-0.11597318353921551,-0.19480254347744239,0.11841984604251053,0.05441557132710455,0.15225761280143843,-0.04342647014722934,Condiciones neutrales
2025-07-14,955.73,936.0326451566839,0.02082509320966281,0.5148320493179647,5.613,5.737623269619354,-0.12462326961935286,-0.2093322711117604,0.15274988910310214,0.057096329192718814,0.16250042860926586,-0.048307770223828234,Condiciones neutrales
2025-07-15,967.22,938.7358594992163,0.029891837485061797,0.7389775303945971,5.614,5.758362146013431,-0.14436214601343034,-0.24248806807798684,0.24824473115830514,0.05884558307655449,0.1748886065665107,-0.05719744041340172,Condiciones neutrales
2025-07-17,965.65,942.135129070301,0.02465273631087018,0.6094579567274934,5.6160000000000005,5.701754164554733,-0.08575416455473192,-0.14404303528837933,0.232707460719557,0.06399286782906162,0.18697365315522393,-0.05898791749710068,Condiciones neutrales
2025-07-18,966.78,937.5266143055056,0.030725815779376144,0.7595949053098427,5.617,5.682084535450412,-0.06508453545041151,-0.10932383383698988,0.32513553573642645,0.06856914038695928,0.2006145881381081,-0.06347630736418955,Condiciones neutrales
2025-07-21,961.55,936.4090282340228,0.02649418875767779,0.6549818219686656,5.62,5.648181205677779,-0.028181205677778782,-0.047336551233293646,0.303822635367686,0.07631816751205435,0.21433710927449298,-0.061700774250384276,Condiciones neutrales
2025-07-22,956.65,930.2038267477217,0.028033867651690098,0.6930453270063369,5.6,5.6384403558469485,-0.03844035584694924,-0.06456905693747358,0.31423813503443165,0.08716522868210821,0.23269019484823486,-0.05835973748401841,Condiciones neutrales
2025-07-23,953.4,922.5308262106297,0.032913751467861053,0.813684431005504,5.6,5.681243963271688,-0.0812439632716877,-0.13646715735936527,0.3386086368230694,0.09596404002610857,0.25308428859863835,-0.061156208546421204,Condiciones neutrales
2025-07-24,948.93,920.7866742828735,0.030106648622735262,0.7442880304298833,5.6,5.693778100727058,-0.09377810072705785,-0.1575210060344458,0.29338351219771874,0.1032081307848133,0.270406449569174,-0.06399018799954735,Condiciones neutrales
2025-07-25,951.27,920.9705522098186,0.03236987189143783,0.8002387943356891,5.6,5.664297447396856,-0.06429744739685664,-0.10800174583272851,0.3461185242514803,0.11159983531659917,0.2878704822447238,-0.06467081161152546,Condiciones neutrales
2025-07-28,957.82,925.7558303720125,0.03404935110426833,0.8417584032144265,5.6,5.665823685401916,-0.06582368540191691,-0.11056539922452441,0.3655965019949511,0.12103866910955742,0.308243461951953,-0.06616612373283819,Condiciones neutrales
2025-07-29,969.75,936.1775003961089,0.03523321064601081,0.8710254431188196,5.6,5.609451259768462,-0.009451259768461884,-0.015875475569227835,0.42757498377479586,0.1426414215749814,0.349731969188743,-0.06444912603878022,Condiciones neutrales
2025-07-30,970.09,933.7017341955718,0.03823180587328872,0.9451558640678238,5.61,5.635730295251261,-0.025730295251261085,-0.043219706542558856,0.45096807876263245,0.1597235162987782,0.3813784265504708,-0.06193139395291437,Condiciones neutrales
2025-07-31,978.07,945.3266316840135,0.03405073234862689,0.8417925499458033,5.62,5.6173820904860285,0.0026179095139716967,0.004397356495288798,0.4230949532205461,0.18105289894519072,0.42105324680265793,-0.05894744891227649,Condiciones neutrales
2025-08-01,976.8,957.3309861144733,0.020132733129781203,0.4977157197436986,5.6,5.526918018736397,0.07308198126360256,0.12275730818156415,0.31023651396263136,0.1953909097130042,0.4429063371197528,-0.052124517693744404,Condiciones neutrales
2025-08-04,967.48,944.5435594095941,0.02399294796260877,0.5931468562665396,5.59,5.531637160011491,0.05836283998850837,0.0980332636163601,0.34559005994144987,0.2139676466130152,0.47375569998011585,-0.04582040675408545,Condiciones neutrales
2025-08-05,964.28,943.0242234631166,0.022289738904522016,0.5510406048820388,5.6,5.5408396386865695,0.05916036131343025,0.09937287660128559,0.32520674074166217,0.22716934639032524,0.4945665962295367,-0.04022790344888623,Condiciones neutrales
2025-08-06,966.02,937.5990023622775,0.029862183143166715,0.7382444241628354,5.6,5.5266651804826,0.07333481951739962,0.12318200580065992,0.4307132149817477,0.23272572958211668,0.5019535467920447,-0.03650208762781133,Condiciones neutrales
2025-08-07,976.42,935.8128021839208,0.04247736290882162,1.0501133212611256,5.59,5.5463720112974295,0.04362798870257063,0.07328283062258155,0.5616980759418535,0.24597600682522394,0.5268745519068323,-0.03492253825638443,Condiciones neutrales
2025-08-08,971.88,931.4669101655375,0.04247167380994366,1.049972676971824,5.63,5.540211219347341,0.08978878065265856,0.15082006299293824,0.6003963699823811,0.26165200252059956,0.5537906214530851,-0.030486616411886016,Condiciones neutrales
2025-08-11,965.64,936.5872426397491,0.0305484182163897,0.7552093330592491,5.63,5.549502492063923,0.08049750793607643,0.13521332096778085,0.44521132701351496,0.2742231721420953,0.5766027983332694,-0.02815645404907887,Condiciones neutrales
2025-08-12,969.77,931.6589220065056,0.04009214578726956,0.9911466599168605,5.609999999999999,5.5179220603670585,0.09207793963294086,0.15466521045008666,0.5729059351834735,0.2871837318439307,0.6008893190128404,-0.02652185532497891,Condiciones neutrales
2025-08-13,962.28,925.3288532920822,0.03915627720321152,0.9680103821498376,5.59,5.4975656415752425,0.09243435842475753,0.15526389443090163,0.5616371382903697,0.30001946382253125,0.6224727033132237,-0.02243377566816126,Condiciones neutrales
2025-08-14,952.37,928.2223146780466,0.025682347420413545,0.6349117106286187,5.59,5.545267822193723,0.044732177806277015,0.07513755978770226,0.3550246352081605,0.31069536063625997,0.6444454665568817,-0.023054745284361813,Condiciones neutrales
2025-08-18,961.84,927.7850013393506,0.0360480903135326,0.8911706671979669,5.59,5.575836223277675,0.014163776722324658,0.023791187294797858,0.4574809272463824,0.3262833373861785,0.6745617563005808,-0.02199508152822381,Condiciones neutrales
2025-08-19,966.24,926.9372179685357,0.04152641331903195,1.0266042151466652,5.574999999999999,5.594297483538803,-0.0192974835388034,-0.03241438030199305,0.4970949174223361,0.34383663128823466,0.7101226384679384,-0.02244937589146903,Condiciones neutrales
2025-08-20,963.57,926.3718477595988,0.039369419509312185,0.9732796258041827,5.56,5.610005003680109,-0.0500050036801096,-0.08399443393903494,0.4446425959325739,0.36024841690490617,0.7430759298694629,-0.022579096059650663,Condiciones neutrales
2025-08-21,965.06,930.6499934069216,0.03630701591196951,0.8975717524234728,5.59,5.641952282550443,-0.05195228255044364,-0.08726531833855375,0.4051532170424595,0.3705326620918215,0.762783148632639,-0.02171782444899598,Condiciones neutrales
2025-08-22,968.63,921.2032018805348,0.05020205831536901,1.2410810507435837,5.57,5.548102706832013,0.02189729316798752,0.036781334048252644,0.6389311923959181,0.3846718271864553,0.7894358596742403,-0.020092205301329668,Condiciones neutrales
2025-08-25,964.15,917.5585362088118,0.04953050658937325,1.2244791393938186,5.630000000000001,5.61074332204694,0.01925667795306119,0.032345838319716894,0.6284124888567677,0.39736662581102983,0.8114724494052544,-0.01673919778319471,Condiciones neutrales
2025-08-26,962.51,917.6895522911981,0.047685300625082194,1.1788624807577406,5.65,5.591446290964292,0.058553709035708446,0.09835387028361708,0.6386081755206788,0.41470623679363544,0.8363797909117636,-0.0069673173244927285,Condiciones neutrales
2025-08-27,965.01,924.4302203804712,0.042960894226597865,1.0620670453925813,5.61,5.562217833892861,0.04778216610713919,0.08026068791484803,0.5711638666537147,0.42865336937865584,0.8546209574475842,0.002685781309727552,Condiciones neutrales
2025-08-28,968.64,917.1961988175152,0.05457161919147232,1.3491040957218439,5.62,5.5878744876235835,0.03212551237641667,0.05396188438102063,0.7015329900514322,0.44376297800842673,0.8749585096251591,0.012567446391694468,Condiciones neutrales
2025-08-29,967.48,920.0035247061624,0.050317251617549026,1.2439288268967066,5.63,5.63417211333463,-0.0041721133346304985,-0.007007984643168358,0.6184604211267691,0.4566214100220005,0.8961075386307995,0.0171352814132015,Condiciones neutrales
2025-09-01,965.28,919.2258915692786,0.04888632105103623,1.2085537671755968,5.64,5.6446063563979,-0.0046063563979000105,-0.0077373916546067635,0.600408187760495,0.46579716508946944,0.9110728340263247,0.020521496152614272,Condiciones neutrales
2025-09-02,968.35,927.168483420339,0.043458291860143806,1.0743635686506643,5.69,5.657255475669863,0.032744524330138,0.05500165150086589,0.5646826100757651,0.47449249757973877,0.9250522255823913,0.023932769577086257,Condiciones neutrales
2025-09-03,974.13,925.3975911003411,0.05132129158272536,1.268750418217557,5.66,5.5993717401473635,0.060628259852636535,0.10183853599148,0.6852944771045185,0.48686104231540833,0.9442423952894319,0.02947968934138471,Condiciones neutrales
2025-09-04,969.46,924.869009661696,0.047087099142876516,1.1640739133362947,5.67,5.549820721780589,0.1201792782194112,0.20186760728619793,0.6829707603112464,0.4983397797650142,0.9559220447004583,0.04075751482957015,Condiciones neutrales
2025-09-05,971.22,917.8885287105177,0.05647705834637653,1.3962098222169765,5.67,5.4954613304737725,0.17453866952622718,0.2931761957485696,0.8446930089827731,0.5167167629911827,0.9776527710933614,0.055780754889004,Condiciones neutrales
2025-09-08,964.58,918.1000977903254,0.04938634977346614,1.220915335467017,5.65,5.475332580844895,0.17466741915510578,0.29339245915026235,0.7571538973086397,0.530417942093088,0.9916753224644057,0.06916056172177036,Condiciones neutrales
2025-09-09,967.07,918.8088572292792,0.051192770899268956,1.2655731663235341,5.66,5.517273705949365,0.1427262940506355,0.2397402938651902,0.7526567300943622,0.5433199496964017,1.0058024812347093,0.08083741815809417,Condiciones neutrales
2025-09-10,966.35,922.0722808564602,0.04690247122482516,1.159509594297973,5.68,5.487783736789092,0.19221626321090776,0.3228696137202519,0.7411896040091124,0.5537737703708789,1.0154186196073476,0.09212892113441017,Condiciones neutrales
2025-09-11,962.73,917.75534257603465,0.04784215490931319,1.1827401878960442,5.65,5.452617307420371,0.197382692579629,0.3315477714719802,0.7571439796840123,0.5639796337349249,1.0233380970682884,0.10462117040156148,Condiciones neutrales
2025-09-12,955.47,916.4459162566612,0.041700311651223766,1.0309032804057703,5.62,5.4770207254086145,0.1429792745913853,0.24016523048660918,0.6355342554461897,0.571060943809113,1.0296417880836206,0.11248009953460548,Condiciones neutrales
2025-09-15,954.58,920.9507361154634,0.03586490790364343,0.886642083602553,5.6,5.432120533364148,0.16787946663585182,0.2819905955866252,0.5843163395945892,0.580196937996845,1.042606000212249,0.11778787578144086,Condiciones neutrales
2025-09-16,951.14,922.5357274343653,0.03053516107919003,0.7548815938724959,5.6,5.437959260824952,0.16204073917504716,0.27218316489165134,0.5135323793820736,0.5857950153115324,1.0479971581324476,0.12359287249061723,Condiciones neutrales
2025-09-17,948.57,914.3882710902443,0.03670030188328418,0.9072944566890165,5.6,5.513364752842345,0.08663524715765497,0.14552300787191294,0.5264087322804647,0.5925017483628259,1.0598722865260135,0.12513121019963813,Condiciones neutrales
2025-09-22,951.03,926.7708635589976,0.025839253404224688,0.638790695869283,5.6,5.485009227547533,0.11499077245246675,0.19315236735397356,0.4159715316116283,0.5920103589171551,1.0565571622495618,0.1274635555847486,Condiciones neutrales
2025-09-23,954.72,928.6350288018766,0.02770230673499724,0.6848485720388477,5.6,5.481495888112897,0.11850411188710289,0.19905379591771816,0.4419511839782829,0.5880187958517028,1.0443816706088191,0.1316559210945865,Condiciones neutrales
2025-09-24,952.87,927.3592228525804,0.027137481346069914,0.6708851189315481,5.59,5.492786394341004,0.09721360565899606,0.16329169438193414,0.41708840665674113,0.5819085304075149,1.0317454186741433,0.13207164214088635,Condiciones neutrales
2025-09-25,953.24,928.9963366324461,0.025761912794152107,0.6368787032372072,5.58,5.530760884022742,0.049239115977258247,0.08270795660021918,0.35979332991871316,0.5790612638376881,1.027801064346742,0.13032146332863428,Condiciones neutrales
2025-09-26,956.42,922.7701215243203,0.03581699940458057,0.885457703273305,5.5925,5.503562551638719,0.08893744836128077,0.14939006262006072,0.5174238829466828,0.5772118620964618,1.02427809912529,0.1301456250676334,Condiciones neutrales
2025-09-29,958.9,922.3991623349726,0.03880873334161147,0.95941850135036,5.63,5.496097027153705,0.13390297284629477,0.22491957962703338,0.5921690404886967,0.5782295921697393,1.0239917030986407,0.13246748124083782,Condiciones neutrales
2025-09-30,961.24,922.9429923274606,0.04065664850826592,1.0051021361190642,5.63,5.500410398644406,0.1295896013555937,0.2176743207515837,0.6113882284353239,0.5867750452773114,1.0363313839483224,0.13721870660630053,Condiciones neutrales
2025-10-01,962.39,919.8616790241794,0.04519646406374645,1.1173341690047147,5.63,5.453995916988316,0.17600408301168344,0.29563768094283,0.7064859249737724,0.5950752118682244,1.0438701673418807,0.14628025639456826,Condiciones neutrales
2025-10-02,959.19,923.0348000238747,0.03842224134459756,0.9498637557910298,5.63,5.434513360803923,0.1954866391960775,0.3283629315769889,0.6391133436840093,0.5998091594102802,1.0413121520300261,0.15830616679053433,Condiciones neutrales
2025-10-03,961.54,922.0305189533165,0.04195784200175543,1.037269872708189,5.625,5.470374771702413,0.15462522829758718,0.2597271786366446,0.6484985256724168,0.606604357068275,1.0434451602601595,0.1697635538763903,Condiciones neutrales
2025-10-06,963.17,923.4962469393023,0.04206319221217636,1.0398743107378792,5.61,5.481878717909291,0.12812128209070922,0.21520795465980777,0.6275411326988435,0.6140172875901544,1.0481885788706398,0.17984599630966902,Condiciones neutrales
2025-10-07,963.09,922.82238468885555,0.042710082012934615,1.0558665369648779,5.6,5.478339911304825,0.12166008869517493,0.20435495512199545,0.6301107460434366,0.6137232727117384,1.042014761744683,0.1854317836787938,Condiciones neutrales
2025-10-08,961.61,924.6571804298806,0.03918590999535958,0.9687429556348637,5.58,5.452334503430906,0.12766549656909332,0.21444236233767455,0.5915926589862691,0.6124959450493884,1.0334902222860511,0.1915016678127257,Condiciones neutrales
2025-10-09,951.45,922.3678791894263,0.031042991481219088,0.7674360330747788,5.58,5.46395535088429,0.11604464911571002,0.19492258567726284,0.4811793093760208,0.6072483161778999,1.0197760073632858,0.1947206249925139,Condiciones neutrales
2025-10-10,948.77,936.9916023570051,0.012492088924033135,0.3088258802144569,5.58,5.476718044122366,0.10328195587763363,0.1734848271495861,0.2411553536820215,0.5962480324121767,0.994667968524015,0.1978280963003385,Condiciones neutrales
2025-10-13,954.37,932.5472048803416,0.02313166483607218,0.5718544590314544,5.58,5.409169686438514,0.17083031356148534,0.28694719390516343,0.4294008264683089,0.5871769602927392,0.968759647301002,0.2055942732844766,Condiciones neutrales
2025-10-14,957.66,945.117107546627,0.013183965776876855,0.32593026358691257,5.59,5.413360587028553,0.176639412971447,0.2967048577532994,0.31131756067010596,0.5769388649441839,0.9381596951906755,0.21571803469769218,Condiciones neutrales
2025-10-15,963.69,933.5012978874902,0.03182731280389147,0.78682580241746,5.58,5.419329809735889,0.16067019026411059,0.26988102567581784,0.5283534140466389,0.574537039153722,0.9241020963654043,0.22497198194203968,Condiciones neutrales
2025-10-16,959.36,950.648224735828,0.009122301741745581,0.22551895700618374,5.57,5.3885524846701855,0.18144751532981498,0.3047811262502598,0.26515004162822176,0.5645526202054706,0.895807275977255,0.23329796443368614,Condiciones neutrales
2025-10-17,956.13,938.7564079528133,0.01833785796679678,0.4533433249060888,5.57,5.41427931190839,0.15572068809160985,0.2615672450006134,0.3574552849533511,0.5536246471337649,0.8686270395335394,0.2386222547339906,Condiciones neutrales
2025-10-20,960.34,932.6977932740286,0.029206148651044556,0.7220261254689402,5.57,5.363054215609253,0.20694578439074762,0.3476110936251078,0.534818609547024,0.5486862421082909,0.8538921132712942,0.2434803709452876,Condiciones neutrales
2025-10-21,953.21,931.3991836335815,0.023147282093323618,0.572240544436909,5.59,5.370151235936386,0.2198487640636142,0.3692844941648301,0.47076251930086954,0.5362218924522274,0.8264264706786253,0.24601731422582962,Condiciones neutrales
2025-10-22,951.78,932.0114352181743,0.020988831490699952,0.5188799406733339,5.57,5.369287177650502,0.20071282234949764,0.33714145899079356,0.42801069983206375,0.5252504525363416,0.8030252908521691,0.24747561422051398,Condiciones neutrales
2025-10-23,950.46,931.9532363867087,0.019663440052799665,0.4861139893638781,5.55,5.392213032554093,0.15778696744590712,0.26503801696244306,0.3755760031631606,0.5126810949719682,0.7770433182868473,0.24831887165708907,Condiciones neutrales
2025-10-24,945.34,928.1487427416505,0.018352648076208906,0.4537089617972,5.55,5.371162116019066,0.1788378839809339,0.300397674759264,0.37705331827823196,0.5005432187809389,0.7535166305368215,0.24756980702505615,Condiciones neutrales
2025-10-27,943.47,925.4682364683817,0.019264756777639155,0.47625785448307745,5.54,5.340892215643103,0.19910778435689766,0.3344454436379799,0.4053516490605287,0.48881680776015607,0.729967219423056,0.24766639609725613,Condiciones neutrales
2025-10-28,938.19,929.967014083628,0.008803370338399034,0.21763442528650961,5.51,5.331642698364478,0.17835730163552208,0.29959043070180547,0.2586124279941575,0.4762527468450883,0.7028582575857473,0.24964723610442935,Condiciones neutrales
2025-10-29,941.63,930.4820559033296,0.011909624564536604,0.294426361478323,5.535,5.393204995064677,0.14179500493532346,0.2381759883693917,0.26630117492385735,0.4656522413560639,0.6831177335149397,0.24818674919718822,Condiciones neutrales
2025-10-30,940.57,931.8918477923247,0.00926930965612121,0.22915324498088763,5.56,5.425941021933312,0.13405897806668776,0.22518162480679718,0.2271674348938424,0.4561067432064562,0.6655934552185526,0.24662003119435977,Condiciones neutrales
2025-11-03,943.69,936.0963619461564,0.008079300407546723,0.1997341737679596,5.55,5.395747175829282,0.1542528241707177,0.2591016437595138,0.2294179087637367,0.4462070490892319,0.6420081124545174,0.25040598572394646,Condiciones neutrales
2025-11-04,940.53,943.4757379001828,-0.0031271033218201096,-0.07730736162345972,5.54,5.421733842053239,0.11826615794676075,0.19865409978629778,0.06067336908141903,0.43436377700489165,0.6181381772047594,0.2505893768050239,Condiciones neutrales
2025-11-05,945.13,941.1879829528556,0.004179595191653086,0.10332676719256387,5.55,5.458668151302932,0.09133184869706798,0.15341198614824314,0.1283693766704035,0.423911050094629,0.5987541170432166,0.24906798314604142,Condiciones neutrales
2025-11-06,945.6,939.8398575316779,0.006110150229437375,0.15105340142258175,5.55,5.466501631990017,0.08349836800998318,0.14025392740089884,0.1456536644117403,0.414863225353129,0.581426393126251,0.24830005758000692,Condiciones neutrales
2025-11-07,940.84,937.352892475932,0.0037132624075149096,0.09179822033301793,5.52,5.48149526163572,0.03850473836427977,0.06467720157702504,0.0782377109550215,0.40547803805433924,0.5632570436961114,0.2476990324125671,Condiciones neutrales
2025-11-10,946.24,934.4901754411147,0.012495122995385691,0.3089008876661157,5.49,5.442840580578909,0.04715941942109103,0.07921464748824106,0.19405776757717835,0.3946991675420224,0.5440384831758717,0.2453598519081731,Condiciones neutrales
2025-11-11,940.85,932.0492642959838,0.009398050015355871,0.232335927637211,5.46,5.453081147214508,0.006918852785491571,0.011621739435168654,0.12197883353618982,0.3790261606436055,0.5198023973854334,0.23824992390177763,Condiciones neutrales
2025-11-12,936.89,930.0645488936722,0.007311888251205542,0.18076242804067866,5.44,5.43144211356622,0.00855788643378061,0.014374857990578936,0.0975686430156288,0.3618988411296157,0.4923244071161539,0.23147327514307747,Condiciones neutrales
2025-11-13,932.37,930.2398910898501,0.0022872313187702544,0.05654428411203205,5.41,5.564544885646709,-0.1545448856467083,-0.2595922254322631,-0.10152397066011554,0.3349651779418194,0.45696474428639783,0.21296561159724103,Condiciones neutrales
2025-11-14,925.63,931.257873542572,-0.00606163770579874,-0.14985408856904395,5.38,5.584037094566547,-0.20403709456654706,-0.34272530745756985,-0.2462896980133069,0.30545174321857554,0.42030748280772867,0.19059600362942242,Condiciones neutrales
2025-11-17,932.63,939.2648938617584,-0.0070889895252092315,-0.17525198894013222,5.29,5.575403063076419,-0.28540306307641933,-0.47939739952675875,-0.32732469423344546,0.2729243025550468,0.3798900874194513,0.1659585176906423,Condiciones neutrales
2025-11-18,919.82,946.9515303991058,-0.029069910888719894,-0.7186580941393343,5.29,5.582612839731743,-0.2926128397317433,-0.49150780977419734,-0.6050829519567659,0.2318368330665265,0.32127234059021087,0.14240132554284213,Condiciones neutrales
2025-11-19,929.26,944.4540127405875,-0.016218425741809296,-0.40094732241066877,5.32,5.587864587114371,-0.26786458711437117,-0.4499376604572549,-0.42544249143396184,0.19665172515061322,0.27271187861102597,0.12059157169020045,Condiciones neutrales
2025-11-20,931.36,950.3527930064445,-0.020187393193124372,-0.4990670103306598,5.35,5.600397225690928,-0.25039722569092854,-0.4205973739420038,-0.4598321921363318,0.16160423011319316,0.22378487974550854,0.09942358048087784,Condiciones neutrales
2025-11-21,929,946.4129746095282,-0.018570283191623727,-0.45908927540946115,5.342,5.5788072421264,-0.23680724212640045,-0.3977699988247939,-0.42842963711712756,0.13128393189675489,0.18290070279603385,0.07966716099747595,Condiciones neutrales
2025-11-24,937.36,942.3228699578402,-0.00528055191575555,-0.1305443071465776,5.318,5.531895111579515,-0.2138951115795156,-0.3592840215427171,-0.24491416434464736,0.11508161462919927,0.16825502988399937,0.06190819937439917,Condiciones neutrales
2025-11-25,939.57,933.208050864345,0.006794156526232374,0.1679632111401183,5.31,5.505661824245065,-0.19566182424506523,-0.32865719350962336,-0.08034699118475253,0.09809002070743056,0.1547919882876215,0.04138805312723961,Condiciones neutrales
2025-11-26,937.15,927.5430146354296,0.010304184433359169,0.25473712578223157,5.313333333333333,5.498901016558336,-0.18556768322500375,-0.31170185706960013,-0.028482365643684282,0.08676335649697088,0.15241888369413215,0.021107829299809627,Condiciones neutrales
2025-11-27,930.89,926.8242955766157,0.004377111081432821,0.10820969901353546,5.316666666666666,5.483159016838287,-0.16649235017162006,-0.27966062751051024,-0.0857254642484874,0.06629406055380001,0.12979834691400133,0.0027897741935986892,Condiciones neutrales
2025-11-28,929.14,921.5914481155359,0.00815741662680699,0.2016653407904474,5.32,5.5092666106503385,-0.189266610650338,-0.3179150216012949,-0.05812484040542376,0.05551823115267848,0.12900322637347678,-0.0179667640681198,Condiciones neutrales
2025-12-01,928.16,920.1852684644268,0.008629103182969057,0.21332624208389145,5.33,5.574741867665404,-0.24474186766540343,-0.4110979526617789,-0.09888585528894372,0.04030685981126866,0.1210026569460702,-0.04038893732353288,Condiciones neutrales
2025-12-02,927.95,917.8459410887377,0.010948295651976692,0.2706606606894215,5.335,5.5666893203740875,-0.2316893203740875,-0.38917332031478324,-0.059256329812680864,0.02050436183261183,0.10595714145341958,-0.06494841778819592,Condiciones neutrales
2025-12-03,925.37,913.564112509749,0.012840100807056123,0.31742933130684364,5.34,5.560797927354808,-0.22079792735480808,-0.370878823281763,-0.02672474598745969,0.00392145298966752,0.09746343434908407,-0.08962052836974901,Condiciones neutrales
2025-12-04,919.46,914.1916515719892,0.00574630728824214,0.14205857939899996,5.34,5.566632790307264,-0.2266327903072641,-0.38067976268252013,-0.11931059164176008,-0.01432259005945994,0.08490272230660627,-0.11354790242552613,Condiciones neutrales
2025-12-05,918.15,908.221658177852,0.01087231021962635,0.2687821703767306,5.32,5.590287179384568,-0.2702871793845677,-0.45400693855794183,-0.09261238409060563,-0.02992886963458548,0.07765832834036802,-0.13751606760953897,Condiciones neutrales
2025-12-09,920.02,915.4794178463244,0.00494752694723137,0.12231135830485074,5.328,5.640615548347401,-0.3126155483474004,-0.5251067711534938,-0.20139770642432153,-0.04921057045800393,0.06661174155728972,-0.16503288247329756,Condiciones neutrales
2025-12-10,926.89,909.6228399771937,0.018804844138809753,0.4648880246354055,5.33,5.611242579912423,-0.2812425799124229,-0.4724089503205892,-0.0037604628425918496,-0.06284764085477461,0.06623274722903398,-0.1919280289385832,Condiciones neutrales
2025-12-11,923.99,904.4144142815059,0.021413570846015077,0.5293802265794452,5.32,5.634269043884685,-0.3142690438846847,-0.5278841816415197,7.480224689627168e-4,-0.07144312103894777,0.0766242739387985,-0.21951051601669405,Condiciones neutrales
2025-12-12,916.9,900.953366721354,0.0175449160329699,0.43374043925884354,5.32,5.702325202229495,-0.3823252022294944,-0.6421995116194156,-0.10422953618028602,-0.08379414474241922,0.08126807653148252,-0.24885636601632094,Condiciones neutrales
2025-12-15,912.66,898.8513159278942,0.01524578004756518,0.37690185135387466,5.35,5.7247162656656805,-0.3747162656656804,-0.6294186242577414,-0.12625838645193338,-0.09557500545394508,0.08619303007724875,-0.2773430409851389,Condiciones neutrales
2025-12-16,912.03,903.4414488318221,0.009461581172523723,0.23390652689028377,5.35,5.71044817874411,-0.36044817874411,-0.6054522249742442,-0.18577284904198021,-0.10941469738080231,0.08733210851465956,-0.3061615032762642,Condiciones neutrales
2025-12-17,913.74,901.9695271524147,0.012965331244483446,0.3205252426714938,5.41,5.761428421261118,-0.3514284212611182,-0.5903015526755713,-0.13488815500203874,-0.1159334148502509,0.10059319532449133,-0.3324600250249931,Condiciones neutrales
2025-12-18,917.45,904.2507348296825,0.014491399059126381,0.35825225846445363,5.39,5.713387038395096,-0.32338703839509664,-0.543199864697172,-0.09247380311635917,-0.12329485417647633,0.109090711700221,-0.35568042005317363,Condiciones neutrales
2025-12-19,914.99,897.7603124932505,0.01901001617039202,0.46996022942309973,5.3925,5.70497798783585,-0.31247798783584957,-0.5248757079308213,-0.027457739253860775,-0.12906523429866304,0.11972093930023826,-0.37785140789756433,Condiciones neutrales
2025-12-22,909.9,893.4708103493174,0.018221038183967284,0.45045533935954235,5.4,5.714581128892801,-0.31458112889280043,-0.528408397253326,-0.038976528946891825,-0.1329723756287268,0.1316761766011224,-0.397620927858576,Condiciones neutrales
2025-12-23,908.4,891.2007033633121,0.019115151826972043,0.4725593633135722,5.39,5.718226600432691,-0.3282266004326908,-0.551328976664866,-0.03938480667564692,-0.14075379477048763,0.1371314591227043,-0.41863904866367957,Condiciones neutrales
2025-12-24,906.44,886.7499386401737,0.02196181490930332,0.542933760855975,5.41,5.7218329707046545,-0.31183297070465404,-0.5237922593791057,0.009570750738434664,-0.14450073086374615,0.14748472022999642,-0.43648618195748873,Condiciones neutrales
2025-12-26,905.04,883.8393961521215,0.02370377404706529,0.585997980722517,5.4,5.727495180863649,-0.3274951808636482,-0.5501003961598694,0.01794879228132379,-0.14715472588822298,0.1609925719860577,-0.45530202376250367,Condiciones neutrales
2025-12-29,904.54,886.962647913114,0.01962365634516313,0.4851304678244653,5.41,5.739217912766521,-0.3292179127665212,-0.5529941043962732,-0.03393181828590394,-0.14490165414241593,0.17527877810980547,-0.46508208639463733,Condiciones neutrales
2025-12-30,911.18,886.8062108989244,0.027113981376286733,0.6703041593420481,5.4071428571428575,5.784113032312776,-0.3769701751699183,-0.6332045624444349,0.01854979844880661,-0.13607367092701214,0.20261738637350854,-0.47476472822753285,Condiciones neutrales
2026-01-02,907.13,884.5434625061563,0.025214119172030976,0.623336304639487,5.398571428571429,5.854488697252764,-0.455917268681335,-0.765813620390793,-0.07123865787565303,-0.12753746971508573,0.22923699615949586,-0.48431193558966734,Condiciones neutrales
2026-01-05,901.55,887.4368188168127,0.01577817547250281,0.39006358008702485,5.39,5.836664737258737,-0.4466647372587365,-0.7502719529145556,-0.18010418641376538,-0.11337151086365238,0.2661943853003745,-0.49293740702767924,Condiciones neutrales
2026-01-06,905.14,883.1219488960401,0.024626329330274338,0.6088051308409735,5.39,5.831006312926947,-0.441006312926947,-0.7407673810965842,-0.06598112512780535,-0.10138946532011384,0.29985280040876255,-0.5026317310489903,Condiciones neutrales
2026-01-07,896.82,881.921368310903,0.016752272568165107,0.41414493227813076,5.36,5.797353404125565,-0.43735340412556517,-0.734631514994748,-0.16024329135830861,-0.09140316862751306,0.33029319849572225,-0.5130995357507484,Condiciones neutrales
2026-01-08,895.33,882.0765044060298,0.014913573465453928,0.36868913442899226,5.33,5.843979093164828,-0.5139790931648275,-0.8633412620675485,-0.2473260638192781,-0.08536638285091808,0.35788581215700405,-0.5286185778588401,Condiciones neutrales
2026-01-09,896.89,884.4582754723141,0.013957884070031588,0.34506285218366556,5.31,5.827199255000991,-0.5171992550009914,-0.8687502341846379,-0.2618436910004862,-0.08593070040611271,0.37373938413467883,-0.5456007849469042,Condiciones neutrales
2026-01-12,895.54,886.9719000167299,0.009613586279543417,0.23766435404456676,5.3175,5.845959717084467,-0.5284597170844672,-0.887664664121371,-0.3250001550384021,-0.09408580586790102,0.3760627555648271,-0.5642343673006291,Condiciones neutrales
2026-01-13,885.71,890.7189305962578,-0.005639340572029902,-0.13941417857150146,5.32,5.847155835692115,-0.5271558356921155,-0.8854745077087284,-0.5124443431401149,-0.11021787178444871,0.362924378753036,-0.5833601223219335,Condiciones neutrales
2026-01-14,883.96,889.7397316229947,-0.006517170834567072,-0.16111564941080797,5.31,5.844065801250058,-0.5340658012500584,-0.8970813190848568,-0.5290984842478323,-0.12499697245109355,0.35394686713889123,-0.6039408120410783,Condiciones neutrales
2026-01-15,882.74,884.3954199905252,-0.0018735637982720942,-0.046317712966816846,5.33,5.8814823240015945,-0.5514823240015944,-0.9263362108364892,-0.48632696190165303,-0.13927037650096785,0.3456807653469824,-0.6242215183489181,Condiciones neutrales
2026-01-16,884.57,884.4873791232877,9.340666701599412e-5,0.0023091731362573143,5.34,5.916876077997502,-0.5768760779975023,-0.968990622105372,-0.48334072448455734,-0.15208553880748832,0.33864686304872793,-0.6428179406637046,Condiciones neutrales
2026-01-19,887.01,892.1212340038069,-0.00574577970186758,-0.1420455365582463,5.34,5.97196907102141,-0.6319690710214098,-1.0615314564717333,-0.6017884965149898,-0.17016994436423194,0.324889989807139,-0.6652298785356029,Condiciones neutrales
2026-01-20,888.66,896.1042638955238,-0.008342061992827372,-0.2062300911725117,5.34,6.043998121207286,-0.7039981212072863,-1.1825201346494647,-0.6943751129109882,-0.1924249565950162,0.30743467572449384,-0.6922845889145263,Condiciones neutrales
2026-01-21,889.54,883.2027526301164,0.007149683005115997,0.1767524359405877,5.34,5.973243199045754,-0.633243199045754,-1.0636716355397178,-0.44345959979956506,-0.20322992353360972,0.3085911376092134,-0.7150509846764329,Condiciones neutrales
2026-01-22,878.21,881.5471483000769,-0.00379274186063196,-0.09376308883636418,5.34,5.932045262811232,-0.5920452628112324,-0.99447061406571,-0.544116851451037,-0.2182800724456241,0.2965062956354436,-0.7330664405266918,Condiciones neutrales
2026-01-23,872.22,884.4024072489187,-0.01387048521392992,-0.3429022024453011,5.34,5.932784756700656,-0.5927847567006563,-0.9957127571728457,-0.6693074798090735,-0.2338770648917825,0.28099917694377186,-0.7487533067273369,Condiciones neutrales
2026-01-26,870.71,881.5672622626271,-0.012392332471379868,-0.30635972947817364,5.35,5.9302013516932295,-0.5802013516932302,-0.9745761527764981,-0.6404679411273358,-0.255100647501274,0.25529091847331925,-0.7654922134758672,Condiciones neutrales
2026-01-27,862.98,878.7030629517361,-0.018055512428284324,-0.4463632585628221,5.34,5.925744894540188,-0.5857448945401875,-0.9838877557997808,-0.7151255071813014,-0.2789630984896161,0.22276613563524364,-0.7806923326144759,Condiciones neutrales
2026-01-28,862.17,875.2040346726649,-0.01500457466137009,-0.3709388401907969,5.33,5.936392520676127,-0.606392520676127,-1.0185699984122918,-0.6947544193015444,-0.2986472612603247,0.1959434929869223,-0.7932380155075718,Condiciones neutrales
2026-01-29,857.95,877.7488145487665,-0.02281464175919766,-0.5640171044177102,5.34,5.948648728370012,-0.6086487283700117,-1.0223597969154388,-0.7931884506665745,-0.32087826340081277,0.16457952779453613,-0.8063360545961616,Condiciones neutrales
2026-01-30,858.45,880.5404060241121,-0.025407379222837582,-0.6281140248161191,5.34,5.972614899997336,-0.6326148999973367,-1.0626162686957545,-0.8453651467559369,-0.3428646733246113,0.13584550940432272,-0.8215748560535453,Condiciones neutrales
2026-02-02,865.1,877.0173821979517,-0.013681705055519088,-0.33823523289819135,5.35,6.010782132067769,-0.6607821320677689,-1.1099293481731682,-0.7240822905356799,-0.36250447784239936,0.1138868268853332,-0.8388957825701319,Condiciones neutrales
2026-02-03,868.52,882.7347788637619,-0.01623417817248289,-0.4013367495351372,5.345,6.047583388290234,-0.7025833882902346,-1.180143778649116,-0.7907402640921266,-0.3857800265415916,0.08856719328534685,-0.86012724636853,Condiciones neutrales
2026-02-04,859.53,883.2066886318112,-0.027173520445553705,-0.6717760673300023,5.34,6.086370424597764,-0.7463704245977635,-1.2536937648074373,-0.9627349160687197,-0.41695593243542023,0.05050931672691011,-0.8844211815977505,Condiciones neutrales
2026-02-05,857.59,886.9834703802343,-0.03370021691263609,-0.8331272067268352,5.34,6.06535773305847,-0.7253577330584702,-1.2183983143227384,-1.0257627605247868,-0.44984880682135003,0.007723231857364189,-0.9074208455000643,Condiciones neutrales
2026-02-06,865.67,883.3554804107595,-0.02022392857691236,-0.4999702277289599,5.34,6.038400075081899,-0.6984000750818996,-1.1731169813475582,-0.836543604538259,-0.4764207667501038,-0.02469442117738688,-0.9281471123228208,Condiciones neutrales
2026-02-09,859.66,879.7572967698673,-0.023109108068139657,-0.5712968170106585,5.34,6.044261086423841,-0.7042610864238411,-1.1829618427363486,-0.8771293298735036,-0.505977436103835,-0.061835440439607994,-0.9501194317680621,Condiciones neutrales
2026-02-10,854.25,877.9713420889259,-0.02739006211718595,-0.6771293491351199,5.31,6.0346922548342805,-0.724692254834281,-1.2172804968519688,-0.9472049229935444,-0.5381492266129974,-0.10393968476819589,-0.9723587684577988,Condiciones neutrales
2026-02-11,856.06,874.5840804699886,-0.021407969600375956,-0.5292417541730028,5.308333333333333,6.066294758305499,-0.7579614249721668,-1.273163406714941,-0.901202580443972,-0.5670582520182663,-0.1377520921681115,-0.9963644118684211,Condiciones neutrales
2026-02-12,856.38,880.2989558943494,-0.027547369517077133,-0.6810182580702924,5.306666666666667,6.0854853889223195,-0.7788187222556531,-1.3081978382696668,-0.9946080481699796,-0.6008301802388925,-0.18279617274852283,-1.0188641877292621,Condiciones neutrales
2026-02-13,854.41,881.0081615411433,-0.030655717587335547,-0.7578619576827461,5.305,6.042594635571731,-0.7375946355717312,-1.2389528913475443,-0.9984074245151452,-0.6317358057935423,-0.2288361148259306,-1.0346354967611537,Condiciones neutrales
2026-02-16,863.5,885.1818249865823,-0.02479917828107247,-0.6130782535908186,5.3,6.0402747008620485,-0.7402747008620488,-1.2434546521797194,-0.928266452885269,-0.6566745480092591,-0.26227417594852537,-1.0510749200699927,Condiciones neutrales
2026-02-17,862.91,883.2847052095418,-0.023337179815151404,-0.5769351420699242,5.28,6.052231250710238,-0.7722312507102382,-1.2971327267243054,-0.9370339343971148,-0.6857096416515693,-0.301798851712222,-1.0696204315909166,Condiciones neutrales
2026-02-18,868.24,884.0032353438603,-0.01799254838443097,-0.44480667932430384,5.28,6.051457354309448,-0.7714573543094476,-1.295832797010717,-0.8703197381675105,-0.7093788565452094,-0.3304305720989698,-1.088327140991449,Condiciones neutrales
2026-02-19,863.29,892.2471480045925,-0.03299249424118007,-0.8156310875197709,5.29,6.054385863259087,-0.7643858632590876,-1.2839546679402818,-1.0497928777300263,-0.7361277503422343,-0.36990791283059526,-1.1023475878538733,Condiciones neutrales
2026-02-20,866.74,886.4773833577552,-0.022516565755623323,-0.5566481539775998,5.28,6.046257592825494,-0.7662575928254935,-1.2870986506189543,-0.9218734022982771,-0.7581287407188274,-0.3999649463693041,-1.1162925350683506,Condiciones benignas
2026-02-23,867.13,889.8450379865682,-0.02585842507445403,-0.6392646524645138,5.28,6.035925348102575,-0.7559253481025751,-1.269743366488332,-0.9545040094764229,-0.77911220253342806,-0.4291959132529401,-1.129028491813916,Condiciones benignas
2026-02-24,867.29,886.3743838830693,-0.021766008938354703,-0.5380931011634938,5.2725,6.0712532232368845,-0.7987532232368842,-1.341682229881494,-0.9398876655224939,-0.7933603132795074,-0.4424852106726732,-1.1442354158863415,Condiciones benignas
2026-02-25,865.36,881.7687164181533,-0.018784190014160745,-0.46437741922236514,5.265000000000001,6.084375346119859,-0.8193753461198577,-1.3763216341550621,-0.9203495266887136,-0.8064020146942034,-0.45259393633305844,-1.1602100930553483,Condiciones benignas
2026-02-26,857.58,877.9779722232006,-0.02350703558726016,-0.5811342683049349,5.2575,6.140176713804462,-0.8826767138044619,-1.4826502443927205,-1.0318922563488278,-0.8245875245091092,-0.470421154844329,-1.1787538941738893,Condiciones benignas
2026-02-27,861.19,881.2547934984265,-0.02303163982432987,-0.5693816690535224,5.25,6.083384996882693,-0.8333849968826934,-1.3998539329033177,-0.9846178009784201,-0.841296760392238,-0.489477516250655,-1.193116004533821,Condiciones benignas
2026-03-02,871.41,894.9668384205072,-0.02667407614069894,-0.6594289468441618,5.27,6.095625316084447,-0.8256253160844471,-1.3868198373482852,-1.0231243920962234,-0.8553412902449458,-0.5067236299268522,-1.2039589505630393,Condiciones benignas
2026-03-03,884.21,907.1123832671708,-0.025571758031732963,-0.6321777511195763,5.285,6.090572491796859,-0.8055724917968585,-1.35313669564331,-0.9926572233814431,-0.8652840272606276,-0.520921885258421,-1.2096461692628342,Condiciones benignas
2026-03-04,906.32,905.1691364934129,0.0012706271743406971,0.03141208471429024,5.3,6.1091915325402075,-0.8091915325402074,-1.359215672870959,-0.6639017940783344,-0.8726321004032532,-0.525766563632631,-1.2194976371738755,Condiciones benignas
2026-03-05,895.14,918.1281887465213,-0.025356889406469907,-0.6268658298924009,5.316666666666666,6.1358153682879895,-0.8191487016213227,-1.3759409347258285,-1.0014033823091146,-0.8878749847651891,-0.5435366550011655,-1.232213314529213,Condiciones benignas
2026-03-06,907.66,936.7999428948032,-0.03159989218735437,-0.7812035744211584,5.333333333333333,6.170509131714108,-0.8371757983807754,-1.4062214202060592,-1.0937124973136088,-0.902021818682007,-0.5581467007336941,-1.2458969366303199,Condiciones benignas
2026-03-09,921.76,935.8531820133641,-0.01517372136687206,-0.37512043708221227,5.383333333333334,6.086056613824743,-0.7027232804914099,-1.180378758458844,-0.7777495977705282,-0.9065978739034467,-0.5604387243204954,-1.252757023486398,Condiciones benignas
2026-03-10,916.36,922.0811025549625,-0.006223882848420573,-0.15386506697989336,5.4,6.209687292245606,-0.8096872922456061,-1.3600484106523845,-0.7569567388161389,-0.9079922482912747,-0.5506887846010644,-1.265295711981485,Condiciones benignas
2026-03-11,893.69,922.9993410973497,-0.032269561744330086,-0.7977589553221038,5.4,6.2896344128945465,-0.8896344128945459,-1.4943372347652901,-1.1460480950436969,-0.9230353708160131,-0.5649161217721079,-1.2811546198599182,Condiciones benignas
2026-03-12,895.86,931.8862661158514,-0.039426624407908166,-0.974693829086669,5.44,6.351928708426137,-0.9119287084261373,-1.531785421855224,-1.2532396254709466,-0.9383704099761588,-0.5786053459277399,-1.2981354740245776,Condiciones benignas
2026-03-13,909.94,936.1768422063745,-0.02842572934176875,-0.7027328205950224,5.46,6.334475873706264,-0.8744758737062641,-1.4688751244811376,-1.08580397253808,-0.9463850375022302,-0.58109263912037,-1.3116774358840906,Condiciones benignas
2026-03-16,913.98,927.0622188982774,-0.01421199248946021,-0.35134484847565234,5.53,6.267888114724689,-0.737888114724689,-1.2394458543214757,-0.795395351398564,-0.9487621395309931,-0.5815296263062854,-1.3159946527557007,Condiciones benignas
2026-03-17,909.11,926.921365315595,-0.01940263595075333,-0.47966646430479454,5.49,6.2636511663902805,-0.7736511663902802,-1.299517788318326,-0.8895921263115603,-0.9520572016049742,-0.5841406167986073,-1.319973786411341,Condiciones benignas
2026-03-18,906.15,932.7358882664432,-0.028917227563703587,-0.7148835002720496,5.54,6.3470832523622525,-0.8070832523622524,-1.3556743512611247,-1.035278925766587,-0.9544753352615698,-0.5855775312300089,-1.3233731392931307,Condiciones benignas
2026-03-19,912.41,934.3940382662049,-0.02380878131804607,-0.5885939407006087,5.66,6.322685344237031,-0.6626853442370303,-1.1131262128278663,-0.8508600767642375,-0.9486452458028848,-0.577426422362468,-1.3198640692433015,Condiciones benignas
2026-03-20,920.52,940.1925427873613,-0.021145959281992362,-0.5227644093756557,5.66,6.47614675460326,-0.8161467546032601,-1.3708985025302394,-0.9468314559529476,-0.9523215075167077,-0.5781862284173579,-1.3264567866160577,Condiciones benignas
2026-03-23,923.67,944.0560554445918,-0.021830680156266873,-0.5396918846750204,5.73,6.420727656987385,-0.6907276569873847,-1.1602294627521195,-0.8499606737135699,-0.9514158856447099,-0.5771327306728365,-1.3256990406165834,Condiciones benignas
2026-03-24,915.15,949.1233491427932,-0.03645078191945686,-0.9011258948953356,5.74,6.456475935733766,-0.7164759357337663,-1.2034793765415883,-1.052302635718462,-0.9549191427355406,-0.5845992821981771,-1.325239003272904,Condiciones benignas
2026-03-25,915.76,939.97926341647,-0.026103493215254295,-0.6453231575516459,5.75,6.404679757367778,-0.6546797573677783,-1.0996790637838585,-0.8725011106677523,-0.9539624270763332,-0.5884686623107985,-1.319456191841868,Condiciones benignas
2026-03-26,913.83,946.8397051233475,-0.03548525435455614,-0.8772563962138039,5.67,6.503348324412064,-0.8333483244120647,-1.3997923333995699,-1.138524364806687,-0.9587596376308901,-0.595009933582249,-1.3225093416795313,Condiciones benignas
2026-03-27,923.25,952.6851556115946,-0.03138442347060938,-0.7758768179025242,5.69,6.564066664109659,-0.8740666641096588,-1.4681877666989211,-1.1220322923007227,-0.962880466557076,-0.5956104289229082,-1.3301505041912438,Condiciones benignas
2026-03-30,929.9,955.390287598395,-0.027042881623926273,-0.6685464514247189,5.65,6.535290072769395,-0.8852900727693946,-1.4870399572371242,-1.0777932043309215,-0.9678646916052644,-0.5974593688507048,-1.338270014359824,Condiciones benignas
2026-03-31,931.57,950.6287790649419,-0.020252303523809627,-0.5006717051203614,5.62,6.447605068114129,-0.8276050681141285,-1.3901452675819577,-0.9454084863511596,-0.9681438433370659,-0.5949172542857195,-1.3413704323884124,Condiciones benignas
2026-04-01,927.46,943.8488499151968,-0.01751636984323703,-0.43303472845061625,5.56,6.4722900491258235,-0.9122900491258241,-1.5323923732659965,-0.9827135508583064,-0.9718903037600924,-0.5945248559232632,-1.3492557515969217,Condiciones benignas
2026-04-02,915.95,950.3901511714511,-0.03691080769856657,-0.9124985217649361,5.56,6.4148116535215856,-0.8548116535215862,-1.435844729086495,-1.1741716254257155,-0.9760362620166154,-0.5977537703981021,-1.3543187536351289,Condiciones benignas
2026-04-06,922.17,954.0784251185227,-0.03401628635359146,-0.8409409858237918,5.5680000000000005,6.491189425608345,-0.9231894256083449,-1.5507002802865477,-1.1958206330551697,-0.9851678363751786,-0.6072301981263084,-1.3631054746240487,Condiciones benignas
2026-04-07,914.47,956.8149687802743,-0.04526536522074575,-1.1190375238709422,5.57,6.4745615208162866,-0.9045615208162865,-1.5194106051874627,-1.3192240645292026,-0.9973251715436046,-0.6232226271731894,-1.3714277159140196,Condiciones benignas
2026-04-08,922.59,927.5785052853474,-0.005392500585230818,-0.13331187040999817,5.51,6.459532004523357,-0.9495320045233574,-1.5949484523018005,-0.8641301613558994,-0.9947999214047181,-0.6097299194814062,-1.3798699233280298,Condiciones benignas
2026-04-09,895.28,928.4648111733541,-0.03639596299007952,-0.8997706768673243,5.45,6.421791960417979,-0.971791960417979,-1.6323389583967003,-1.2660548176320123,-1.006323431102828,-0.6242430280695715,-1.3884038341360845,Condiciones benignas
2026-04-10,894.17,920.5377879801151,-0.02906213771573537,-0.718465927960915,5.46,6.457748030315632,-0.9977480303156321,-1.675937903259944,-1.1972019156104294,-1.0118337530782147,-0.6288207500581042,-1.3948467560983253,Condiciones benignas
2026-04-13,890.33,925.9486592847517,-0.03922660905343797,-0.9697491062083498,5.43,6.404825460281435,-0.9748254602814349,-1.6374343905561517,-1.3035917483822508,-1.0224662179916757,-0.6421663312965984,-1.402766104686753,Condiciones benignas
2026-04-14,899.39,915.358034303059,-0.017598527308810088,-0.43506580201854256,5.39,6.354689744127709,-0.9646897441277097,-1.6204092195083688,-1.0277375107634557,-1.022619988613917,-0.6346875598024111,-1.4105524174254225,Condiciones benignas
2026-04-15,886.97,918.9579665768546,-0.03542922322465759,-0.8758712105082298,5.36,6.33244749722397,-0.9724474972239693,-1.633440077062696,-1.2546556437854628,-1.0313532692940508,-0.6428106751153663,-1.4198958634727354,Condiciones benignas
2026-04-16,886.09,915.6445075167042,-0.032809671534569325,-0.8111113964068113,5.39,6.344202185165003,-0.9542021851650027,-1.6027930508523265,-1.2069522236295689,-1.049454950279092,-0.6708947911527363,-1.4280151094054476,Condiciones benignas
2026-04-17,886.32,912.8913345823784,-0.029538794126447245,-0.7302496925893238,5.34,6.260411628861485,-0.9204116288614855,-1.546034357915204,-1.138142025252264,-1.0540129050438636,-0.6743409199093003,-1.433684890178427,Condiciones benignas
2026-04-20,876.32,920.524325013564,-0.049212105158812636,-1.2166077095110828,5.34,6.279755419257708,-0.9397554192577083,-1.578526520798743,-1.3975671151549127,-1.0641413923052403,-0.6888543910789645,-1.4394283935315162,Condiciones benignas
2026-04-21,881.22,920.6984599971327,-0.04382526665507852,-1.0834358154743475,5.38,6.328052743733049,-0.9480527437330494,-1.5924637075045602,-1.3379497614894538,-1.0828147310958713,-0.7124649036920357,-1.4531645584997068,Condiciones benignas
2026-04-22,887.79,924.6484271777315,-0.04067835799907741,-1.0056388319951208,5.42,6.279874357989969,-0.8598743579899685,-1.444348657988145,-1.2249937449916328,-1.0984159646350544,-0.7408573625258766,-1.455974566744232,Condiciones benignas
2026-04-23,889.87,927.6574643350148,-0.04158716829817711,-1.0281061825138533,5.46,6.299298573974526,-0.8392985739745259,-1.4097870900641658,-1.2189466362890096,-1.1008459160098982,-0.7485356034322682,-1.453156228587528,Condiciones benignas
2026-04-24,892.18,927.9643058667388,-0.03932536259642395,-0.9721904632962157,5.482,6.241222436551739,-0.7592224365517386,-1.2752815538206643,-1.12373600855844,-1.0965291287794812,-0.7484521579059198,-1.4446060996530428,Condiciones benignas
2026-04-27,895.07,924.9256933783576,-0.03281147529588635,-0.8111559884826294,5.548,6.292827546446135,-0.7448275464461358,-1.2511021606189465,-1.031129074550788,-1.0947066321799048,-0.7520662635021734,-1.4373470008576363,Condiciones benignas
2026-04-28,894.18,927.4248402501906,-0.03650465923865538,-0.9024578347035024,5.57,6.293078677552375,-0.7230786775523748,-1.2145701378791425,-1.0585139862913224,-1.1034772533429968,-0.7704366963764351,-1.4365178103095586,Condiciones benignas
2026-04-29,896.03,932.9493324906423,-0.040376998803272696,-0.9981887154076491,5.58,6.362378269137144,-0.7823782691371437,-1.314176882432985,-1.156182798920317,-1.112363609096622,-0.7877207714131969,-1.4370064467800472,Condiciones benignas
2026-04-30,901.76,928.3498042560911,-0.02906019673178499,-0.718417943506065,5.61,6.313431204490756,-0.703431204490756,-1.1815678729718102,-0.9499929082389376,-1.1095207418457003,-0.7878385861876641,-1.4312028975037367,Condiciones benignas
2026-05-04,903.05,935.1584408650782,-0.03493804753373016,-0.8637285043513131,5.67,6.338785365600864,-0.6687853656008641,-1.1233725442699944,-0.9935505243106537,-1.1142770900972476,-0.7970097383093542,-1.431544441885141,Condiciones benignas
2026-05-05,910.01,932.4353265530598,-0.024344205748417322,-0.6018305516472062,5.67,6.306626692779921,-0.6366266927799213,-1.069354959607759,-0.8355927556274826,-1.110569133419732,-0.7996452763850725,-1.4214929904543916,Condiciones benignas
2026-05-06,905.36,929.5568491138002,-0.026375311595149553,-0.6520429744645821,5.62,6.238046352810379,-0.6180463528103792,-1.0381451801200856,-0.8450940772923339,-1.1104069135390242,-0.8033903127113913,-1.4174235143666571,Condiciones benignas
2026-05-07,892.83,924.7053970612809,-0.03507900390729665,-0.8672131878500643,5.6,6.289863622680014,-0.689863622680014,-1.158778126541532,-1.012995657195798,-1.109096680921602,-0.8022598891432156,-1.4159334726999886,Condiciones benignas
2026-05-08,887.71,929.7454786777464,-0.04626575677143019,-1.143768920123242,5.56,6.228856597941879,-0.6688565979418789,-1.1234921946993788,-1.1336305574113104,-1.117800995813054,-0.8188747478956021,-1.416727243730506,Condiciones benignas
2026-05-11,890.89,934.3345689965569,-0.04761362194444432,-1.177090460739694,5.52,6.278879895435425,-0.758879895435426,-1.274706180457039,-1.2258983205983665,-1.12071346100611,-0.8288692167131317,-1.4125577052990883,Condiciones benignas
2026-05-12,894.25,932.7829685604797,-0.04218717888612594,-1.0429394741345046,5.55,6.346480448272323,-0.796480448272323,-1.3378646029927859,-1.1904020385636453,-1.1229924525482073,-0.8377713052541977,-1.4082135998422172,Condiciones benignas
2026-05-13,899.91,930.235730838528,-0.03314326972413456,-0.8193585162565771,5.53,6.325094987184804,-0.795094987184804,-1.3355374154870083,-1.0774479658717926,-1.1229809445995698,-0.8427983740819264,-1.4031635151172133,Condiciones benignas
2026-05-14,889.19,932.1518241788999,-0.04718476693516533,-1.1664884288032926,5.53,6.328654017702805,-0.7986540177028049,-1.3415155923039443,-1.2540020105536185,-1.1332673954063184,-0.8649922648713574,-1.4015425259412795,Condiciones benignas
2026-05-15,891,938.753117089769,-0.05220809607048488,-1.2906737473081444,5.53,6.39698548797685,-0.86698548797685,-1.4562933693961475,-1.373483558352146,-1.1462930623227798,-0.8935802321666084,-1.3990058924789512,Condiciones benignas
2026-05-18,906.68,937.8280542684603,-0.03377704479211669,-0.8350265237786022,5.55,6.430337071669253,-0.8803370716692539,-1.4787202993411441,-1.156873411559873,-1.1457164551939183,-0.8909978322337305,-1.4004350781541062,Condiciones benignas
