date,country,panel,series,value
2025-01-02,CLP,Desvíos del modelo (z-score),FX,-0.23228307396937098
2025-01-03,CLP,Desvíos del modelo (z-score),FX,-0.18568600005610816
2025-01-06,CLP,Desvíos del modelo (z-score),FX,0.22968697524109694
2025-01-07,CLP,Desvíos del modelo (z-score),FX,0.1947087525030233
2025-01-08,CLP,Desvíos del modelo (z-score),FX,0.03363445913259458
2025-01-09,CLP,Desvíos del modelo (z-score),FX,0.05222084036054384
2025-01-10,CLP,Desvíos del modelo (z-score),FX,-0.19206700415018424
2025-01-13,CLP,Desvíos del modelo (z-score),FX,-0.1430018866156431
2025-01-14,CLP,Desvíos del modelo (z-score),FX,0.24018860094029648
2025-01-15,CLP,Desvíos del modelo (z-score),FX,0.03772945922423691
2025-01-16,CLP,Desvíos del modelo (z-score),FX,-0.020331555218432266
2025-01-17,CLP,Desvíos del modelo (z-score),FX,0.21310390835249166
2025-01-20,CLP,Desvíos del modelo (z-score),FX,0.3237118147535787
2025-01-21,CLP,Desvíos del modelo (z-score),FX,0.18967671947913084
2025-01-22,CLP,Desvíos del modelo (z-score),FX,0.23885617824290278
2025-01-23,CLP,Desvíos del modelo (z-score),FX,0.08847454662780148
2025-01-24,CLP,Desvíos del modelo (z-score),FX,0.11804354103869123
2025-01-27,CLP,Desvíos del modelo (z-score),FX,-0.2058822909314832
2025-01-28,CLP,Desvíos del modelo (z-score),FX,-0.2364421788161447
2025-01-29,CLP,Desvíos del modelo (z-score),FX,-0.05347731694548243
2025-01-30,CLP,Desvíos del modelo (z-score),FX,-0.03566518208496399
2025-01-31,CLP,Desvíos del modelo (z-score),FX,-0.16602660201453875
2025-02-03,CLP,Desvíos del modelo (z-score),FX,-0.5695939589578161
2025-02-04,CLP,Desvíos del modelo (z-score),FX,-0.3304824240398835
2025-02-05,CLP,Desvíos del modelo (z-score),FX,-0.3468290193661784
2025-02-06,CLP,Desvíos del modelo (z-score),FX,-0.5396800223597975
2025-02-07,CLP,Desvíos del modelo (z-score),FX,-0.46648718173291304
2025-02-10,CLP,Desvíos del modelo (z-score),FX,-0.7169151033366528
2025-02-11,CLP,Desvíos del modelo (z-score),FX,-0.7130125185815128
2025-02-12,CLP,Desvíos del modelo (z-score),FX,-0.4789438657759721
2025-02-13,CLP,Desvíos del modelo (z-score),FX,-0.7190014445801636
2025-02-14,CLP,Desvíos del modelo (z-score),FX,-0.7116085191731315
2025-02-17,CLP,Desvíos del modelo (z-score),FX,-1.0636522787638483
2025-02-18,CLP,Desvíos del modelo (z-score),FX,-0.859862581680555
2025-02-19,CLP,Desvíos del modelo (z-score),FX,-0.8199543733467772
2025-02-20,CLP,Desvíos del modelo (z-score),FX,-0.7776452599651735
2025-02-21,CLP,Desvíos del modelo (z-score),FX,-1.015687906835561
2025-02-24,CLP,Desvíos del modelo (z-score),FX,-1.0869936547243773
2025-02-25,CLP,Desvíos del modelo (z-score),FX,-0.9894051326564214
2025-02-26,CLP,Desvíos del modelo (z-score),FX,-1.1338732055904126
2025-02-27,CLP,Desvíos del modelo (z-score),FX,-1.1949882348093317
2025-02-28,CLP,Desvíos del modelo (z-score),FX,-1.0730067920412694
2025-03-03,CLP,Desvíos del modelo (z-score),FX,-1.0878041935331273
2025-03-04,CLP,Desvíos del modelo (z-score),FX,-1.0538347328481708
2025-03-05,CLP,Desvíos del modelo (z-score),FX,-0.9188450756836718
2025-03-06,CLP,Desvíos del modelo (z-score),FX,-1.1550642331191625
2025-03-07,CLP,Desvíos del modelo (z-score),FX,-1.2526379958577936
2025-03-10,CLP,Desvíos del modelo (z-score),FX,-1.2438853390530744
2025-03-11,CLP,Desvíos del modelo (z-score),FX,-1.062640074395577
2025-03-12,CLP,Desvíos del modelo (z-score),FX,-0.8308277717751404
2025-03-13,CLP,Desvíos del modelo (z-score),FX,-0.8429361270431461
2025-03-14,CLP,Desvíos del modelo (z-score),FX,-0.35951623124319954
2025-03-17,CLP,Desvíos del modelo (z-score),FX,-0.4575154173033162
2025-03-18,CLP,Desvíos del modelo (z-score),FX,-0.6925792546933933
2025-03-19,CLP,Desvíos del modelo (z-score),FX,-0.7741337082544649
2025-03-20,CLP,Desvíos del modelo (z-score),FX,-0.8865131784053621
2025-03-21,CLP,Desvíos del modelo (z-score),FX,-0.6718948977087194
2025-03-24,CLP,Desvíos del modelo (z-score),FX,-0.43582758184451786
2025-03-25,CLP,Desvíos del modelo (z-score),FX,-0.5806321761259455
2025-03-26,CLP,Desvíos del modelo (z-score),FX,-0.754674790026132
2025-03-27,CLP,Desvíos del modelo (z-score),FX,-0.695832973323419
2025-03-28,CLP,Desvíos del modelo (z-score),FX,-0.6027354251553315
2025-03-31,CLP,Desvíos del modelo (z-score),FX,-0.38626274558278795
2025-04-01,CLP,Desvíos del modelo (z-score),FX,-0.27711639204152855
2025-04-02,CLP,Desvíos del modelo (z-score),FX,-0.5124392536077913
2025-04-03,CLP,Desvíos del modelo (z-score),FX,-0.3032700871860654
2025-04-04,CLP,Desvíos del modelo (z-score),FX,-0.8713818482644119
2025-04-07,CLP,Desvíos del modelo (z-score),FX,-0.40955782427936466
2025-04-08,CLP,Desvíos del modelo (z-score),FX,-0.06628058938142117
2025-04-09,CLP,Desvíos del modelo (z-score),FX,0.010831059192228213
2025-04-10,CLP,Desvíos del modelo (z-score),FX,0.4494879907984271
2025-04-11,CLP,Desvíos del modelo (z-score),FX,0.40948334212453097
2025-04-14,CLP,Desvíos del modelo (z-score),FX,0.5857770102863419
2025-04-15,CLP,Desvíos del modelo (z-score),FX,0.4039196340265011
2025-04-16,CLP,Desvíos del modelo (z-score),FX,0.5123413905798356
2025-04-17,CLP,Desvíos del modelo (z-score),FX,0.7188950515791107
2025-04-21,CLP,Desvíos del modelo (z-score),FX,0.7346358855709357
2025-04-22,CLP,Desvíos del modelo (z-score),FX,0.5993089720369214
2025-04-23,CLP,Desvíos del modelo (z-score),FX,0.2903527080323947
2025-04-24,CLP,Desvíos del modelo (z-score),FX,-0.1476553327979524
2025-04-25,CLP,Desvíos del modelo (z-score),FX,-0.20536981648354385
2025-04-28,CLP,Desvíos del modelo (z-score),FX,-0.21851408730765476
2025-04-29,CLP,Desvíos del modelo (z-score),FX,-0.11504232568720132
2025-04-30,CLP,Desvíos del modelo (z-score),FX,0.18443584573604865
2025-05-02,CLP,Desvíos del modelo (z-score),FX,0.5298047032690554
2025-05-05,CLP,Desvíos del modelo (z-score),FX,0.2515060626105799
2025-05-06,CLP,Desvíos del modelo (z-score),FX,0.18053450422335035
2025-05-07,CLP,Desvíos del modelo (z-score),FX,0.30822424810919224
2025-05-08,CLP,Desvíos del modelo (z-score),FX,0.5075447194398538
2025-05-09,CLP,Desvíos del modelo (z-score),FX,0.37091972262141026
2025-05-12,CLP,Desvíos del modelo (z-score),FX,0.16690827823936313
2025-05-13,CLP,Desvíos del modelo (z-score),FX,0.25081946311844605
2025-05-14,CLP,Desvíos del modelo (z-score),FX,0.3998538835902385
2025-05-15,CLP,Desvíos del modelo (z-score),FX,0.4554241108087094
2025-05-16,CLP,Desvíos del modelo (z-score),FX,0.4879518723024979
2025-05-19,CLP,Desvíos del modelo (z-score),FX,0.5845872186081302
2025-05-20,CLP,Desvíos del modelo (z-score),FX,0.4541149176073391
2025-05-22,CLP,Desvíos del modelo (z-score),FX,0.663302479928275
2025-05-23,CLP,Desvíos del modelo (z-score),FX,0.6435979485980411
2025-05-26,CLP,Desvíos del modelo (z-score),FX,0.7019724527021615
2025-05-27,CLP,Desvíos del modelo (z-score),FX,0.6759876290591998
2025-05-28,CLP,Desvíos del modelo (z-score),FX,0.6484389920581967
2025-05-29,CLP,Desvíos del modelo (z-score),FX,0.6953213143332345
2025-05-30,CLP,Desvíos del modelo (z-score),FX,0.7363708689892846
2025-06-02,CLP,Desvíos del modelo (z-score),FX,0.912575112273573
2025-06-03,CLP,Desvíos del modelo (z-score),FX,0.7893855091202832
2025-06-04,CLP,Desvíos del modelo (z-score),FX,0.8338260662802018
2025-06-05,CLP,Desvíos del modelo (z-score),FX,0.7345165235558674
2025-06-06,CLP,Desvíos del modelo (z-score),FX,0.6583503732003356
2025-06-09,CLP,Desvíos del modelo (z-score),FX,0.6680956500876449
2025-06-10,CLP,Desvíos del modelo (z-score),FX,0.6881721944485607
2025-06-11,CLP,Desvíos del modelo (z-score),FX,0.6591642584024101
2025-06-12,CLP,Desvíos del modelo (z-score),FX,0.5750453968400809
2025-06-13,CLP,Desvíos del modelo (z-score),FX,-0.06474883387917027
2025-06-16,CLP,Desvíos del modelo (z-score),FX,0.3251766756477019
2025-06-17,CLP,Desvíos del modelo (z-score),FX,-0.08941369070124466
2025-06-18,CLP,Desvíos del modelo (z-score),FX,0.09010707176470761
2025-06-19,CLP,Desvíos del modelo (z-score),FX,-0.014306141895907119
2025-06-23,CLP,Desvíos del modelo (z-score),FX,0.22118722204566713
2025-06-24,CLP,Desvíos del modelo (z-score),FX,0.8064194146686798
2025-06-25,CLP,Desvíos del modelo (z-score),FX,0.5627906763297624
2025-06-26,CLP,Desvíos del modelo (z-score),FX,0.46426186679811565
2025-06-27,CLP,Desvíos del modelo (z-score),FX,0.28281529923407817
2025-06-30,CLP,Desvíos del modelo (z-score),FX,0.42372588345276263
2025-07-01,CLP,Desvíos del modelo (z-score),FX,0.48260992679110565
2025-07-02,CLP,Desvíos del modelo (z-score),FX,0.12835839994483986
2025-07-03,CLP,Desvíos del modelo (z-score),FX,0.19668170215773667
2025-07-04,CLP,Desvíos del modelo (z-score),FX,0.1817156261494257
2025-07-07,CLP,Desvíos del modelo (z-score),FX,0.22335015404041503
2025-07-08,CLP,Desvíos del modelo (z-score),FX,0.5586946579339884
2025-07-09,CLP,Desvíos del modelo (z-score),FX,0.6638379062017188
2025-07-10,CLP,Desvíos del modelo (z-score),FX,0.8376131704803697
2025-07-11,CLP,Desvíos del modelo (z-score),FX,0.7451575228236273
2025-07-14,CLP,Desvíos del modelo (z-score),FX,0.8747887701701351
2025-07-15,CLP,Desvíos del modelo (z-score),FX,1.1535427628353556
2025-07-17,CLP,Desvíos del modelo (z-score),FX,1.0005588608581042
2025-07-18,CLP,Desvíos del modelo (z-score),FX,1.1336902521243293
2025-07-21,CLP,Desvíos del modelo (z-score),FX,1.0151428542236463
2025-07-22,CLP,Desvíos del modelo (z-score),FX,1.0413640629777967
2025-07-23,CLP,Desvíos del modelo (z-score),FX,1.1914564597351551
2025-07-24,CLP,Desvíos del modelo (z-score),FX,1.1081363312523962
2025-07-25,CLP,Desvíos del modelo (z-score),FX,1.1708623135183438
2025-07-28,CLP,Desvíos del modelo (z-score),FX,1.2225164786835827
2025-07-29,CLP,Desvíos del modelo (z-score),FX,1.20540981534968
2025-07-30,CLP,Desvíos del modelo (z-score),FX,1.2874816082283487
2025-07-31,CLP,Desvíos del modelo (z-score),FX,1.2083343909482482
2025-08-01,CLP,Desvíos del modelo (z-score),FX,0.8165594452697358
2025-08-04,CLP,Desvíos del modelo (z-score),FX,0.9014223830493796
2025-08-05,CLP,Desvíos del modelo (z-score),FX,0.8904514138513757
2025-08-06,CLP,Desvíos del modelo (z-score),FX,1.0949222724249037
2025-08-07,CLP,Desvíos del modelo (z-score),FX,1.4460901080547082
2025-08-08,CLP,Desvíos del modelo (z-score),FX,1.4476400087430004
2025-08-11,CLP,Desvíos del modelo (z-score),FX,1.1477820421303502
2025-08-12,CLP,Desvíos del modelo (z-score),FX,1.3982938779298362
2025-08-13,CLP,Desvíos del modelo (z-score),FX,1.3393104089269388
2025-08-14,CLP,Desvíos del modelo (z-score),FX,0.998956534159459
2025-08-18,CLP,Desvíos del modelo (z-score),FX,1.310924940322769
2025-08-19,CLP,Desvíos del modelo (z-score),FX,1.4469788247982196
2025-08-20,CLP,Desvíos del modelo (z-score),FX,1.3852175329810439
2025-08-21,CLP,Desvíos del modelo (z-score),FX,1.3419670342126584
2025-08-22,CLP,Desvíos del modelo (z-score),FX,1.6570722078560025
2025-08-25,CLP,Desvíos del modelo (z-score),FX,1.6384413742125727
2025-08-26,CLP,Desvíos del modelo (z-score),FX,1.6037998322477542
2025-08-27,CLP,Desvíos del modelo (z-score),FX,1.4554346576311907
2025-08-28,CLP,Desvíos del modelo (z-score),FX,1.727023982881557
2025-08-29,CLP,Desvíos del modelo (z-score),FX,1.6655802432207465
2025-09-01,CLP,Desvíos del modelo (z-score),FX,1.6035651711792849
2025-09-02,CLP,Desvíos del modelo (z-score),FX,1.4881695402312496
2025-09-03,CLP,Desvíos del modelo (z-score),FX,1.6786484040956078
2025-09-04,CLP,Desvíos del modelo (z-score),FX,1.5156822656003814
2025-09-05,CLP,Desvíos del modelo (z-score),FX,1.7340399750834294
2025-09-08,CLP,Desvíos del modelo (z-score),FX,1.5210975897567482
2025-09-09,CLP,Desvíos del modelo (z-score),FX,1.5816969657605389
2025-09-10,CLP,Desvíos del modelo (z-score),FX,1.442189563790714
2025-09-11,CLP,Desvíos del modelo (z-score),FX,1.477331627968899
2025-09-12,CLP,Desvíos del modelo (z-score),FX,1.3204933331281523
2025-09-15,CLP,Desvíos del modelo (z-score),FX,1.1430677522958783
2025-09-16,CLP,Desvíos del modelo (z-score),FX,0.9728827876521824
2025-09-17,CLP,Desvíos del modelo (z-score),FX,1.152006689116862
2025-09-22,CLP,Desvíos del modelo (z-score),FX,0.9504956875252305
2025-09-23,CLP,Desvíos del modelo (z-score),FX,0.9727658846065649
2025-09-24,CLP,Desvíos del modelo (z-score),FX,0.9490958218707848
2025-09-25,CLP,Desvíos del modelo (z-score),FX,0.9351998070467191
2025-09-26,CLP,Desvíos del modelo (z-score),FX,1.1429944991064924
2025-09-29,CLP,Desvíos del modelo (z-score),FX,1.2387926816091404
2025-09-30,CLP,Desvíos del modelo (z-score),FX,1.3178626596519964
2025-10-01,CLP,Desvíos del modelo (z-score),FX,1.396654092476361
2025-10-02,CLP,Desvíos del modelo (z-score),FX,1.2439743204841875
2025-10-03,CLP,Desvíos del modelo (z-score),FX,1.343630640824284
2025-10-06,CLP,Desvíos del modelo (z-score),FX,1.330367347471416
2025-10-07,CLP,Desvíos del modelo (z-score),FX,1.3117818072121217
2025-10-08,CLP,Desvíos del modelo (z-score),FX,1.2166871953702691
2025-10-09,CLP,Desvíos del modelo (z-score),FX,1.0084697797200162
2025-10-10,CLP,Desvíos del modelo (z-score),FX,0.53272666018310455
2025-10-13,CLP,Desvíos del modelo (z-score),FX,0.776077380160381
2025-10-14,CLP,Desvíos del modelo (z-score),FX,0.55193693135848
2025-10-15,CLP,Desvíos del modelo (z-score),FX,1.002287972401529
2025-10-16,CLP,Desvíos del modelo (z-score),FX,0.4587090808317965
2025-10-17,CLP,Desvíos del modelo (z-score),FX,0.6484972792742233
2025-10-20,CLP,Desvíos del modelo (z-score),FX,0.890975440808998
2025-10-21,CLP,Desvíos del modelo (z-score),FX,0.7005372770441232
2025-10-22,CLP,Desvíos del modelo (z-score),FX,0.6174412232184379
2025-10-23,CLP,Desvíos del modelo (z-score),FX,0.5643263099526576
2025-10-24,CLP,Desvíos del modelo (z-score),FX,0.520935420345136
2025-10-27,CLP,Desvíos del modelo (z-score),FX,0.5001142189398492
2025-10-28,CLP,Desvíos del modelo (z-score),FX,0.2460691765052513
2025-10-29,CLP,Desvíos del modelo (z-score),FX,0.38350577065028824
2025-10-30,CLP,Desvíos del modelo (z-score),FX,0.32468090804664423
2025-11-03,CLP,Desvíos del modelo (z-score),FX,0.2643903723890958
2025-11-04,CLP,Desvíos del modelo (z-score),FX,-0.019588082745109706
2025-11-05,CLP,Desvíos del modelo (z-score),FX,0.23228194527382606
2025-11-06,CLP,Desvíos del modelo (z-score),FX,0.2577495974084339
2025-11-07,CLP,Desvíos del modelo (z-score),FX,0.19357948316463944
2025-11-10,CLP,Desvíos del modelo (z-score),FX,0.4226423591782624
2025-11-11,CLP,Desvíos del modelo (z-score),FX,0.34256278544980046
2025-11-12,CLP,Desvíos del modelo (z-score),FX,0.2714568613683104
2025-11-13,CLP,Desvíos del modelo (z-score),FX,0.1741762683955613
2025-11-14,CLP,Desvíos del modelo (z-score),FX,-0.06612881211511959
2025-11-17,CLP,Desvíos del modelo (z-score),FX,-0.09213496818695344
2025-11-18,CLP,Desvíos del modelo (z-score),FX,-0.6716421122261973
2025-11-19,CLP,Desvíos del modelo (z-score),FX,-0.300013821938906
2025-11-20,CLP,Desvíos del modelo (z-score),FX,-0.42816206025590176
2025-11-21,CLP,Desvíos del modelo (z-score),FX,-0.40613593286090477
2025-11-24,CLP,Desvíos del modelo (z-score),FX,-0.0918137137572437
2025-11-25,CLP,Desvíos del modelo (z-score),FX,0.20094190581906943
2025-11-26,CLP,Desvíos del modelo (z-score),FX,0.28096965718828204
2025-11-27,CLP,Desvíos del modelo (z-score),FX,0.12445153084166483
2025-11-28,CLP,Desvíos del modelo (z-score),FX,0.221374287541377
2025-12-01,CLP,Desvíos del modelo (z-score),FX,0.26010595598422315
2025-12-02,CLP,Desvíos del modelo (z-score),FX,0.3092066799433737
2025-12-03,CLP,Desvíos del modelo (z-score),FX,0.3239583242039041
2025-12-04,CLP,Desvíos del modelo (z-score),FX,0.15881462328669155
2025-12-05,CLP,Desvíos del modelo (z-score),FX,0.28490999894199187
2025-12-09,CLP,Desvíos del modelo (z-score),FX,0.230843906656225
2025-12-10,CLP,Desvíos del modelo (z-score),FX,0.5475566636033888
2025-12-11,CLP,Desvíos del modelo (z-score),FX,0.6376376576891705
2025-12-12,CLP,Desvíos del modelo (z-score),FX,0.5510217942921789
2025-12-15,CLP,Desvíos del modelo (z-score),FX,0.4803975225688999
2025-12-16,CLP,Desvíos del modelo (z-score),FX,0.36150741594751695
2025-12-17,CLP,Desvíos del modelo (z-score),FX,0.4596553899047736
2025-12-18,CLP,Desvíos del modelo (z-score),FX,0.4844337445777951
2025-12-19,CLP,Desvíos del modelo (z-score),FX,0.5948408804347365
2025-12-22,CLP,Desvíos del modelo (z-score),FX,0.5693494449356536
2025-12-23,CLP,Desvíos del modelo (z-score),FX,0.5810885263748101
2025-12-24,CLP,Desvíos del modelo (z-score),FX,0.6271164224087036
2025-12-26,CLP,Desvíos del modelo (z-score),FX,0.704240009683775
2025-12-29,CLP,Desvíos del modelo (z-score),FX,0.5630546709951343
2025-12-30,CLP,Desvíos del modelo (z-score),FX,0.7773156816339962
2026-01-02,CLP,Desvíos del modelo (z-score),FX,0.7858934375597724
2026-01-05,CLP,Desvíos del modelo (z-score),FX,0.5430776766205511
2026-01-06,CLP,Desvíos del modelo (z-score),FX,0.8147239362125845
2026-01-07,CLP,Desvíos del modelo (z-score),FX,0.5906256366129344
2026-01-08,CLP,Desvíos del modelo (z-score),FX,0.5217450401977529
2026-01-09,CLP,Desvíos del modelo (z-score),FX,0.5091384853700702
2026-01-12,CLP,Desvíos del modelo (z-score),FX,0.44420355124678707
2026-01-13,CLP,Desvíos del modelo (z-score),FX,0.029230500471341105
2026-01-14,CLP,Desvíos del modelo (z-score),FX,-0.041482402967758146
2026-01-15,CLP,Desvíos del modelo (z-score),FX,0.14445788385520705
2026-01-16,CLP,Desvíos del modelo (z-score),FX,0.22788293178457772
2026-01-19,CLP,Desvíos del modelo (z-score),FX,0.08310829237985984
2026-01-20,CLP,Desvíos del modelo (z-score),FX,0.12344322003109337
2026-01-21,CLP,Desvíos del modelo (z-score),FX,0.4566995547173442
2026-01-22,CLP,Desvíos del modelo (z-score),FX,0.20758258493354154
2026-01-23,CLP,Desvíos del modelo (z-score),FX,-0.07008613754890122
2026-01-26,CLP,Desvíos del modelo (z-score),FX,-0.017109713476707436
2026-01-27,CLP,Desvíos del modelo (z-score),FX,-0.18687818516765095
2026-01-28,CLP,Desvíos del modelo (z-score),FX,-0.11637637653169337
2026-01-29,CLP,Desvíos del modelo (z-score),FX,-0.3360743045458143
2026-01-30,CLP,Desvíos del modelo (z-score),FX,-0.422599200793187
2026-02-02,CLP,Desvíos del modelo (z-score),FX,-0.07147390264934002
2026-02-03,CLP,Desvíos del modelo (z-score),FX,-0.10267063872870098
2026-02-04,CLP,Desvíos del modelo (z-score),FX,-0.39020599381252974
2026-02-05,CLP,Desvíos del modelo (z-score),FX,-0.6138648805715186
2026-02-06,CLP,Desvíos del modelo (z-score),FX,-0.2439060933539279
2026-02-09,CLP,Desvíos del modelo (z-score),FX,-0.3010302661729653
2026-02-10,CLP,Desvíos del modelo (z-score),FX,-0.44095265535659794
2026-02-11,CLP,Desvíos del modelo (z-score),FX,-0.2840005071589414
2026-02-12,CLP,Desvíos del modelo (z-score),FX,-0.4502780064059953
2026-02-13,CLP,Desvíos del modelo (z-score),FX,-0.5538041863624245
2026-02-16,CLP,Desvíos del modelo (z-score),FX,-0.371076307081495
2026-02-17,CLP,Desvíos del modelo (z-score),FX,-0.3231285246572017
2026-02-18,CLP,Desvíos del modelo (z-score),FX,-0.19830554477735451
2026-02-19,CLP,Desvíos del modelo (z-score),FX,-0.5734996019111456
2026-02-20,CLP,Desvíos del modelo (z-score),FX,-0.3075304846532731
2026-02-23,CLP,Desvíos del modelo (z-score),FX,-0.3925180115942191
2026-02-24,CLP,Desvíos del modelo (z-score),FX,-0.27495264974619377
2026-02-25,CLP,Desvíos del modelo (z-score),FX,-0.1777340511641911
2026-02-26,CLP,Desvíos del modelo (z-score),FX,-0.3297102029730104
2026-02-27,CLP,Desvíos del modelo (z-score),FX,-0.3770388718730411
2026-03-02,CLP,Desvíos del modelo (z-score),FX,-0.43346234884213136
2026-03-03,CLP,Desvíos del modelo (z-score),FX,-0.44037300982959804
2026-03-04,CLP,Desvíos del modelo (z-score),FX,0.27595652155623623
2026-03-05,CLP,Desvíos del modelo (z-score),FX,-0.439546553241221
2026-03-06,CLP,Desvíos del modelo (z-score),FX,-0.6683745755164101
2026-03-09,CLP,Desvíos del modelo (z-score),FX,-0.3145411516756368
2026-03-10,CLP,Desvíos del modelo (z-score),FX,0.06202521799373859
2026-03-11,CLP,Desvíos del modelo (z-score),FX,-0.6045179933029355
2026-03-12,CLP,Desvíos del modelo (z-score),FX,-0.8570461389070362
2026-03-13,CLP,Desvíos del modelo (z-score),FX,-0.5958529223983131
2026-03-16,CLP,Desvíos del modelo (z-score),FX,-0.23202681938988726
2026-03-17,CLP,Desvíos del modelo (z-score),FX,-0.4034378529069881
2026-03-18,CLP,Desvíos del modelo (z-score),FX,-0.6098894882141447
2026-03-19,CLP,Desvíos del modelo (z-score),FX,-0.5065863681009818
2026-03-20,CLP,Desvíos del modelo (z-score),FX,-0.3655194186119423
2026-03-23,CLP,Desvíos del modelo (z-score),FX,-0.30733423083347766
2026-03-24,CLP,Desvíos del modelo (z-score),FX,-0.6828040585750674
2026-03-25,CLP,Desvíos del modelo (z-score),FX,-0.4336670220511467
2026-03-26,CLP,Desvíos del modelo (z-score),FX,-0.6747420867889574
2026-03-27,CLP,Desvíos del modelo (z-score),FX,-0.5881681479370108
2026-03-30,CLP,Desvíos del modelo (z-score),FX,-0.546463842005826
2026-03-31,CLP,Desvíos del modelo (z-score),FX,-0.37804557452994797
2026-04-01,CLP,Desvíos del modelo (z-score),FX,-0.2907129623865471
2026-04-02,CLP,Desvíos del modelo (z-score),FX,-0.908960025885493
2026-04-06,CLP,Desvíos del modelo (z-score),FX,-0.8034164672806557
2026-04-07,CLP,Desvíos del modelo (z-score),FX,-1.131388537680884
2026-04-08,CLP,Desvíos del modelo (z-score),FX,0.03638439144800857
2026-04-09,CLP,Desvíos del modelo (z-score),FX,-0.8168746958042158
2026-04-10,CLP,Desvíos del modelo (z-score),FX,-0.607749695933509
2026-04-13,CLP,Desvíos del modelo (z-score),FX,-0.8992267999332233
2026-04-14,CLP,Desvíos del modelo (z-score),FX,-0.31070746082218387
2026-04-15,CLP,Desvíos del modelo (z-score),FX,-0.761611113969591
2026-04-16,CLP,Desvíos del modelo (z-score),FX,-0.7244360092340314
2026-04-17,CLP,Desvíos del modelo (z-score),FX,-0.5634600378376218
2026-04-20,CLP,Desvíos del modelo (z-score),FX,-1.110910305100142
2026-04-21,CLP,Desvíos del modelo (z-score),FX,-0.9886666186592252
2026-04-22,CLP,Desvíos del modelo (z-score),FX,-0.8942694419294762
2026-04-23,CLP,Desvíos del modelo (z-score),FX,-0.950510528263654
2026-04-24,CLP,Desvíos del modelo (z-score),FX,-0.9057602056960983
2026-04-27,CLP,Desvíos del modelo (z-score),FX,-0.7359326992354336
2026-04-28,CLP,Desvíos del modelo (z-score),FX,-0.8678977209612836
2026-04-29,CLP,Desvíos del modelo (z-score),FX,-0.963473443925068
2026-04-30,CLP,Desvíos del modelo (z-score),FX,-0.6865392582001271
2026-05-04,CLP,Desvíos del modelo (z-score),FX,-0.8164422593223198
2026-05-05,CLP,Desvíos del modelo (z-score),FX,-0.5064264216468133
2026-05-06,CLP,Desvíos del modelo (z-score),FX,-0.5161151826504483
2026-05-07,CLP,Desvíos del modelo (z-score),FX,-0.7294350074561953
2026-05-08,CLP,Desvíos del modelo (z-score),FX,-1.0397816618017208
2026-05-11,CLP,Desvíos del modelo (z-score),FX,-1.0333605627881264
2026-05-12,CLP,Desvíos del modelo (z-score),FX,-0.9102065083448386
2026-05-13,CLP,Desvíos del modelo (z-score),FX,-0.6743519791556429
2026-05-14,CLP,Desvíos del modelo (z-score),FX,-1.0480461405108814
2026-05-15,CLP,Desvíos del modelo (z-score),FX,-1.1686826980780634
2026-05-18,CLP,Desvíos del modelo (z-score),FX,-0.7205834187199883
2026-05-19,CLP,Desvíos del modelo (z-score),FX,-0.8846554577882523
2026-05-20,CLP,Desvíos del modelo (z-score),FX,-0.6020771515504736
2026-05-22,CLP,Desvíos del modelo (z-score),FX,-0.7857619324095259
2026-05-25,CLP,Desvíos del modelo (z-score),FX,-0.6491475638836871
2026-05-26,CLP,Desvíos del modelo (z-score),FX,-0.8792691810155764
2026-05-27,CLP,Desvíos del modelo (z-score),FX,-0.6898139970214361
2026-05-28,CLP,Desvíos del modelo (z-score),FX,-0.7407550017281819
2026-05-29,CLP,Desvíos del modelo (z-score),FX,-0.7157088328824526
2026-06-01,CLP,Desvíos del modelo (z-score),FX,-1.0112984714430029
2026-06-02,CLP,Desvíos del modelo (z-score),FX,-0.859867347809898
2025-01-02,CLP,Desvíos del modelo (z-score),Tasa 10Y,0.17571535525570714
2025-01-03,CLP,Desvíos del modelo (z-score),Tasa 10Y,0.2662921597613358
2025-01-06,CLP,Desvíos del modelo (z-score),Tasa 10Y,0.207506210461093
2025-01-07,CLP,Desvíos del modelo (z-score),Tasa 10Y,0.09612792827619601
2025-01-08,CLP,Desvíos del modelo (z-score),Tasa 10Y,0.15907060039654472
2025-01-09,CLP,Desvíos del modelo (z-score),Tasa 10Y,0.16303343298846437
2025-01-10,CLP,Desvíos del modelo (z-score),Tasa 10Y,-0.011246807483949179
2025-01-13,CLP,Desvíos del modelo (z-score),Tasa 10Y,2.5853237525678583e-4
2025-01-14,CLP,Desvíos del modelo (z-score),Tasa 10Y,-0.03658931532522318
2025-01-15,CLP,Desvíos del modelo (z-score),Tasa 10Y,0.26639444882577584
2025-01-16,CLP,Desvíos del modelo (z-score),Tasa 10Y,0.254365408798419
2025-01-17,CLP,Desvíos del modelo (z-score),Tasa 10Y,0.1799911065721944
2025-01-20,CLP,Desvíos del modelo (z-score),Tasa 10Y,0.12615290924157552
2025-01-21,CLP,Desvíos del modelo (z-score),Tasa 10Y,0.18116319329791442
2025-01-22,CLP,Desvíos del modelo (z-score),Tasa 10Y,0.1527880693647968
2025-01-23,CLP,Desvíos del modelo (z-score),Tasa 10Y,0.2150854528986769
2025-01-24,CLP,Desvíos del modelo (z-score),Tasa 10Y,0.22231343184554916
2025-01-27,CLP,Desvíos del modelo (z-score),Tasa 10Y,0.08487690993770713
2025-01-28,CLP,Desvíos del modelo (z-score),Tasa 10Y,0.25529059746168287
2025-01-29,CLP,Desvíos del modelo (z-score),Tasa 10Y,0.28986234807715405
2025-01-30,CLP,Desvíos del modelo (z-score),Tasa 10Y,0.37569341924258526
2025-01-31,CLP,Desvíos del modelo (z-score),Tasa 10Y,0.3279514176370734
2025-02-03,CLP,Desvíos del modelo (z-score),Tasa 10Y,0.2735493102263031
2025-02-04,CLP,Desvíos del modelo (z-score),Tasa 10Y,0.300266807753518
2025-02-05,CLP,Desvíos del modelo (z-score),Tasa 10Y,0.4247121943245034
2025-02-06,CLP,Desvíos del modelo (z-score),Tasa 10Y,0.44279132434386786
2025-02-07,CLP,Desvíos del modelo (z-score),Tasa 10Y,0.31456980207374713
2025-02-10,CLP,Desvíos del modelo (z-score),Tasa 10Y,0.40122773854944566
2025-02-11,CLP,Desvíos del modelo (z-score),Tasa 10Y,0.3485076421047567
2025-02-12,CLP,Desvíos del modelo (z-score),Tasa 10Y,0.24885185008715974
2025-02-13,CLP,Desvíos del modelo (z-score),Tasa 10Y,0.4343684718443849
2025-02-14,CLP,Desvíos del modelo (z-score),Tasa 10Y,0.5114763659784352
2025-02-17,CLP,Desvíos del modelo (z-score),Tasa 10Y,0.5097536400869304
2025-02-18,CLP,Desvíos del modelo (z-score),Tasa 10Y,0.46946986960819936
2025-02-19,CLP,Desvíos del modelo (z-score),Tasa 10Y,0.531625726884241
2025-02-20,CLP,Desvíos del modelo (z-score),Tasa 10Y,0.4769666584575459
2025-02-21,CLP,Desvíos del modelo (z-score),Tasa 10Y,0.34850048591623783
2025-02-24,CLP,Desvíos del modelo (z-score),Tasa 10Y,0.26701248101504244
2025-02-25,CLP,Desvíos del modelo (z-score),Tasa 10Y,0.32641548161188677
2025-02-26,CLP,Desvíos del modelo (z-score),Tasa 10Y,0.4339481038049768
2025-02-27,CLP,Desvíos del modelo (z-score),Tasa 10Y,0.3906259968401857
2025-02-28,CLP,Desvíos del modelo (z-score),Tasa 10Y,0.5042944836446696
2025-03-03,CLP,Desvíos del modelo (z-score),Tasa 10Y,0.458830378826629
2025-03-04,CLP,Desvíos del modelo (z-score),Tasa 10Y,0.1862606532314148
2025-03-05,CLP,Desvíos del modelo (z-score),Tasa 10Y,0.1530693445691834
2025-03-06,CLP,Desvíos del modelo (z-score),Tasa 10Y,-0.06233991248512049
2025-03-07,CLP,Desvíos del modelo (z-score),Tasa 10Y,-0.1251613046473925
2025-03-10,CLP,Desvíos del modelo (z-score),Tasa 10Y,-0.1526056030777386
2025-03-11,CLP,Desvíos del modelo (z-score),Tasa 10Y,-0.22783380204868178
2025-03-12,CLP,Desvíos del modelo (z-score),Tasa 10Y,-0.1637910787760412
2025-03-13,CLP,Desvíos del modelo (z-score),Tasa 10Y,-0.21268350373740003
2025-03-14,CLP,Desvíos del modelo (z-score),Tasa 10Y,-0.13630563180565794
2025-03-17,CLP,Desvíos del modelo (z-score),Tasa 10Y,-0.08517944644236648
2025-03-18,CLP,Desvíos del modelo (z-score),Tasa 10Y,-0.09881596916169441
2025-03-19,CLP,Desvíos del modelo (z-score),Tasa 10Y,0.03184130550191672
2025-03-20,CLP,Desvíos del modelo (z-score),Tasa 10Y,-0.061487997822287595
2025-03-21,CLP,Desvíos del modelo (z-score),Tasa 10Y,0.005972826420552273
2025-03-24,CLP,Desvíos del modelo (z-score),Tasa 10Y,0.012834512363358393
2025-03-25,CLP,Desvíos del modelo (z-score),Tasa 10Y,0.1011918643273519
2025-03-26,CLP,Desvíos del modelo (z-score),Tasa 10Y,0.08822337700241137
2025-03-27,CLP,Desvíos del modelo (z-score),Tasa 10Y,0.1500426144105327
2025-03-28,CLP,Desvíos del modelo (z-score),Tasa 10Y,0.1581717651899425
2025-03-31,CLP,Desvíos del modelo (z-score),Tasa 10Y,0.19594859318707475
2025-04-01,CLP,Desvíos del modelo (z-score),Tasa 10Y,0.3038741644249253
2025-04-02,CLP,Desvíos del modelo (z-score),Tasa 10Y,0.300256715403011
2025-04-03,CLP,Desvíos del modelo (z-score),Tasa 10Y,-0.15487516822055028
2025-04-04,CLP,Desvíos del modelo (z-score),Tasa 10Y,-0.6397534724153299
2025-04-07,CLP,Desvíos del modelo (z-score),Tasa 10Y,-0.757501802584837
2025-04-08,CLP,Desvíos del modelo (z-score),Tasa 10Y,-0.9921925014594786
2025-04-09,CLP,Desvíos del modelo (z-score),Tasa 10Y,-0.8053416194569003
2025-04-10,CLP,Desvíos del modelo (z-score),Tasa 10Y,-1.0241315748753812
2025-04-11,CLP,Desvíos del modelo (z-score),Tasa 10Y,-1.0832693131262872
2025-04-14,CLP,Desvíos del modelo (z-score),Tasa 10Y,-0.8443719072526467
2025-04-15,CLP,Desvíos del modelo (z-score),Tasa 10Y,-0.9726802150439025
2025-04-16,CLP,Desvíos del modelo (z-score),Tasa 10Y,-1.0616937961184343
2025-04-17,CLP,Desvíos del modelo (z-score),Tasa 10Y,-0.9741364712671299
2025-04-21,CLP,Desvíos del modelo (z-score),Tasa 10Y,-1.0492087782729431
2025-04-22,CLP,Desvíos del modelo (z-score),Tasa 10Y,-0.8678883073105528
2025-04-23,CLP,Desvíos del modelo (z-score),Tasa 10Y,-0.7356196717220392
2025-04-24,CLP,Desvíos del modelo (z-score),Tasa 10Y,-0.5643891208109997
2025-04-25,CLP,Desvíos del modelo (z-score),Tasa 10Y,-0.34271851522950864
2025-04-28,CLP,Desvíos del modelo (z-score),Tasa 10Y,-0.32714439648084886
2025-04-29,CLP,Desvíos del modelo (z-score),Tasa 10Y,-0.22860856917584343
2025-04-30,CLP,Desvíos del modelo (z-score),Tasa 10Y,-0.27683538296624016
2025-05-02,CLP,Desvíos del modelo (z-score),Tasa 10Y,-0.3239587927111973
2025-05-05,CLP,Desvíos del modelo (z-score),Tasa 10Y,-0.3680774435704363
2025-05-06,CLP,Desvíos del modelo (z-score),Tasa 10Y,-0.3697054602019838
2025-05-07,CLP,Desvíos del modelo (z-score),Tasa 10Y,-0.2850384384155067
2025-05-08,CLP,Desvíos del modelo (z-score),Tasa 10Y,-0.3483500942864006
2025-05-09,CLP,Desvíos del modelo (z-score),Tasa 10Y,-0.3530303686636266
2025-05-12,CLP,Desvíos del modelo (z-score),Tasa 10Y,-0.2686730311274268
2025-05-13,CLP,Desvíos del modelo (z-score),Tasa 10Y,-0.22490666836260587
2025-05-14,CLP,Desvíos del modelo (z-score),Tasa 10Y,-0.35892436520409865
2025-05-15,CLP,Desvíos del modelo (z-score),Tasa 10Y,-0.24991512031441637
2025-05-16,CLP,Desvíos del modelo (z-score),Tasa 10Y,-0.36070950496176213
2025-05-19,CLP,Desvíos del modelo (z-score),Tasa 10Y,-0.35549950613403175
2025-05-20,CLP,Desvíos del modelo (z-score),Tasa 10Y,-0.354314644518512
2025-05-22,CLP,Desvíos del modelo (z-score),Tasa 10Y,-0.5262734078569796
2025-05-23,CLP,Desvíos del modelo (z-score),Tasa 10Y,-0.6262140375201267
2025-05-26,CLP,Desvíos del modelo (z-score),Tasa 10Y,-0.5097183144886756
2025-05-27,CLP,Desvíos del modelo (z-score),Tasa 10Y,-0.37905840125920054
2025-05-28,CLP,Desvíos del modelo (z-score),Tasa 10Y,-0.3717921297863627
2025-05-29,CLP,Desvíos del modelo (z-score),Tasa 10Y,-0.3138842190834042
2025-05-30,CLP,Desvíos del modelo (z-score),Tasa 10Y,-0.3532367185156409
2025-06-02,CLP,Desvíos del modelo (z-score),Tasa 10Y,-0.3287591363321102
2025-06-03,CLP,Desvíos del modelo (z-score),Tasa 10Y,-0.3796950954997616
2025-06-04,CLP,Desvíos del modelo (z-score),Tasa 10Y,-0.28236183115295466
2025-06-05,CLP,Desvíos del modelo (z-score),Tasa 10Y,-0.38879462293022965
2025-06-06,CLP,Desvíos del modelo (z-score),Tasa 10Y,-0.39771906075845925
2025-06-09,CLP,Desvíos del modelo (z-score),Tasa 10Y,-0.3492947619436284
2025-06-10,CLP,Desvíos del modelo (z-score),Tasa 10Y,-0.3918131508344876
2025-06-11,CLP,Desvíos del modelo (z-score),Tasa 10Y,-0.3784999396617462
2025-06-12,CLP,Desvíos del modelo (z-score),Tasa 10Y,-0.42452433985356725
2025-06-13,CLP,Desvíos del modelo (z-score),Tasa 10Y,-0.44837051036857306
2025-06-16,CLP,Desvíos del modelo (z-score),Tasa 10Y,-0.49929446307439307
2025-06-17,CLP,Desvíos del modelo (z-score),Tasa 10Y,-0.5587100842870374
2025-06-18,CLP,Desvíos del modelo (z-score),Tasa 10Y,-0.4801110686802162
2025-06-19,CLP,Desvíos del modelo (z-score),Tasa 10Y,-0.5494466676593197
2025-06-23,CLP,Desvíos del modelo (z-score),Tasa 10Y,-0.3909498001071488
2025-06-24,CLP,Desvíos del modelo (z-score),Tasa 10Y,-0.30727045109959766
2025-06-25,CLP,Desvíos del modelo (z-score),Tasa 10Y,-0.28468045417353305
2025-06-26,CLP,Desvíos del modelo (z-score),Tasa 10Y,-0.35410319389270645
2025-06-27,CLP,Desvíos del modelo (z-score),Tasa 10Y,-0.31315028734324263
2025-06-30,CLP,Desvíos del modelo (z-score),Tasa 10Y,-0.2757537336031487
2025-07-01,CLP,Desvíos del modelo (z-score),Tasa 10Y,-0.34063654114950404
2025-07-02,CLP,Desvíos del modelo (z-score),Tasa 10Y,-0.28955105556067373
2025-07-03,CLP,Desvíos del modelo (z-score),Tasa 10Y,-0.3914324848392767
2025-07-04,CLP,Desvíos del modelo (z-score),Tasa 10Y,-0.45592339635777596
2025-07-07,CLP,Desvíos del modelo (z-score),Tasa 10Y,-0.48962704051991257
2025-07-08,CLP,Desvíos del modelo (z-score),Tasa 10Y,-0.5191449533104994
2025-07-09,CLP,Desvíos del modelo (z-score),Tasa 10Y,-0.4135633886212653
2025-07-10,CLP,Desvíos del modelo (z-score),Tasa 10Y,-0.4285509712254505
2025-07-11,CLP,Desvíos del modelo (z-score),Tasa 10Y,-0.5442888974065463
2025-07-14,CLP,Desvíos del modelo (z-score),Tasa 10Y,-0.6285872240755821
2025-07-15,CLP,Desvíos del modelo (z-score),Tasa 10Y,-0.6601845336760473
2025-07-17,CLP,Desvíos del modelo (z-score),Tasa 10Y,-0.5706776906533831
2025-07-18,CLP,Desvíos del modelo (z-score),Tasa 10Y,-0.5163864346170526
2025-07-21,CLP,Desvíos del modelo (z-score),Tasa 10Y,-0.49424350379286913
2025-07-22,CLP,Desvíos del modelo (z-score),Tasa 10Y,-0.49253718796520524
2025-07-23,CLP,Desvíos del modelo (z-score),Tasa 10Y,-0.48925434116190153
2025-07-24,CLP,Desvíos del modelo (z-score),Tasa 10Y,-0.508551113430685
2025-07-25,CLP,Desvíos del modelo (z-score),Tasa 10Y,-0.4798001625918332
2025-07-28,CLP,Desvíos del modelo (z-score),Tasa 10Y,-0.45939665397916024
2025-07-29,CLP,Desvíos del modelo (z-score),Tasa 10Y,-0.35702258932573294
2025-07-30,CLP,Desvíos del modelo (z-score),Tasa 10Y,-0.387122924929665
2025-07-31,CLP,Desvíos del modelo (z-score),Tasa 10Y,-0.3860457802546603
2025-08-01,CLP,Desvíos del modelo (z-score),Tasa 10Y,-0.3539641195479813
2025-08-04,CLP,Desvíos del modelo (z-score),Tasa 10Y,-0.28701842512083375
2025-08-05,CLP,Desvíos del modelo (z-score),Tasa 10Y,-0.30121714004828914
2025-08-06,CLP,Desvíos del modelo (z-score),Tasa 10Y,-0.2960021808927996
2025-08-07,CLP,Desvíos del modelo (z-score),Tasa 10Y,-0.34577603956589953
2025-08-08,CLP,Desvíos del modelo (z-score),Tasa 10Y,-0.24351939767942918
2025-08-11,CLP,Desvíos del modelo (z-score),Tasa 10Y,-0.28429882111697424
2025-08-12,CLP,Desvíos del modelo (z-score),Tasa 10Y,-0.2141419142526538
2025-08-13,CLP,Desvíos del modelo (z-score),Tasa 10Y,-0.18688525899629185
2025-08-14,CLP,Desvíos del modelo (z-score),Tasa 10Y,-0.257572797404665
2025-08-18,CLP,Desvíos del modelo (z-score),Tasa 10Y,-0.29185843247081594
2025-08-19,CLP,Desvíos del modelo (z-score),Tasa 10Y,-0.3055850976424169
2025-08-20,CLP,Desvíos del modelo (z-score),Tasa 10Y,-0.31898217692769265
2025-08-21,CLP,Desvíos del modelo (z-score),Tasa 10Y,-0.3723872939439078
2025-08-22,CLP,Desvíos del modelo (z-score),Tasa 10Y,-0.18356765434583613
2025-08-25,CLP,Desvíos del modelo (z-score),Tasa 10Y,-0.21507354039502216
2025-08-26,CLP,Desvíos del modelo (z-score),Tasa 10Y,-0.11759802762039755
2025-08-27,CLP,Desvíos del modelo (z-score),Tasa 10Y,-0.15674466377605115
2025-08-28,CLP,Desvíos del modelo (z-score),Tasa 10Y,-0.13160671563340864
2025-08-29,CLP,Desvíos del modelo (z-score),Tasa 10Y,-0.15768108340516065
2025-09-01,CLP,Desvíos del modelo (z-score),Tasa 10Y,-0.1926613375764631
2025-09-02,CLP,Desvíos del modelo (z-score),Tasa 10Y,-0.17036142125006853
2025-09-03,CLP,Desvíos del modelo (z-score),Tasa 10Y,-0.13173683212978118
2025-09-04,CLP,Desvíos del modelo (z-score),Tasa 10Y,0.014645272574553784
2025-09-05,CLP,Desvíos del modelo (z-score),Tasa 10Y,0.10918487706224296
2025-09-08,CLP,Desvíos del modelo (z-score),Tasa 10Y,0.09647443005256387
2025-09-09,CLP,Desvíos del modelo (z-score),Tasa 10Y,0.051392601429647744
2025-09-10,CLP,Desvíos del modelo (z-score),Tasa 10Y,0.16250271578427736
2025-09-11,CLP,Desvíos del modelo (z-score),Tasa 10Y,0.22094665743510902
2025-09-12,CLP,Desvíos del modelo (z-score),Tasa 10Y,0.07676528939101683
2025-09-15,CLP,Desvíos del modelo (z-score),Tasa 10Y,0.007216953617934262
2025-09-16,CLP,Desvíos del modelo (z-score),Tasa 10Y,-0.026586996098869786
2025-09-17,CLP,Desvíos del modelo (z-score),Tasa 10Y,-0.0724482151732763
2025-09-22,CLP,Desvíos del modelo (z-score),Tasa 10Y,-0.12157587746980954
2025-09-23,CLP,Desvíos del modelo (z-score),Tasa 10Y,-0.09050167479348108
2025-09-24,CLP,Desvíos del modelo (z-score),Tasa 10Y,-0.09993070863543765
2025-09-25,CLP,Desvíos del modelo (z-score),Tasa 10Y,-0.17655620398006258
2025-09-26,CLP,Desvíos del modelo (z-score),Tasa 10Y,-0.03959461363927392
2025-09-29,CLP,Desvíos del modelo (z-score),Tasa 10Y,-0.05080142431969591
2025-09-30,CLP,Desvíos del modelo (z-score),Tasa 10Y,-0.06638721832524547
2025-10-01,CLP,Desvíos del modelo (z-score),Tasa 10Y,-0.009619505232454924
2025-10-02,CLP,Desvíos del modelo (z-score),Tasa 10Y,-0.024067458798411805
2025-10-03,CLP,Desvíos del modelo (z-score),Tasa 10Y,-0.061027323434319866
2025-10-06,CLP,Desvíos del modelo (z-score),Tasa 10Y,-0.08379494027276126
2025-10-07,CLP,Desvíos del modelo (z-score),Tasa 10Y,-0.10630434542317248
2025-10-08,CLP,Desvíos del modelo (z-score),Tasa 10Y,-0.07631499372949081
2025-10-09,CLP,Desvíos del modelo (z-score),Tasa 10Y,-0.1233797556700468
2025-10-10,CLP,Desvíos del modelo (z-score),Tasa 10Y,-0.21782765531223292
2025-10-13,CLP,Desvíos del modelo (z-score),Tasa 10Y,-0.10758385590954334
2025-10-14,CLP,Desvíos del modelo (z-score),Tasa 10Y,-0.13488149566783705
2025-10-15,CLP,Desvíos del modelo (z-score),Tasa 10Y,-0.14891430411900514
2025-10-16,CLP,Desvíos del modelo (z-score),Tasa 10Y,-0.26966205743160854
2025-10-17,CLP,Desvíos del modelo (z-score),Tasa 10Y,-0.1700610487113614
2025-10-20,CLP,Desvíos del modelo (z-score),Tasa 10Y,-0.013057543332291881
2025-10-21,CLP,Desvíos del modelo (z-score),Tasa 10Y,0.09366771142308404
2025-10-22,CLP,Desvíos del modelo (z-score),Tasa 10Y,0.053725994700091956
2025-10-23,CLP,Desvíos del modelo (z-score),Tasa 10Y,0.005228817468386743
2025-10-24,CLP,Desvíos del modelo (z-score),Tasa 10Y,0.05660286672382473
2025-10-27,CLP,Desvíos del modelo (z-score),Tasa 10Y,0.07196539601274167
2025-10-28,CLP,Desvíos del modelo (z-score),Tasa 10Y,-0.006659000325221055
2025-10-29,CLP,Desvíos del modelo (z-score),Tasa 10Y,-0.09980890795381785
2025-10-30,CLP,Desvíos del modelo (z-score),Tasa 10Y,-0.05634467651134863
2025-11-03,CLP,Desvíos del modelo (z-score),Tasa 10Y,-0.11080341712712714
2025-11-04,CLP,Desvíos del modelo (z-score),Tasa 10Y,-0.1682100129301497
2025-11-05,CLP,Desvíos del modelo (z-score),Tasa 10Y,-0.19337408366888323
2025-11-06,CLP,Desvíos del modelo (z-score),Tasa 10Y,-0.19485270305025135
2025-11-07,CLP,Desvíos del modelo (z-score),Tasa 10Y,-0.2562957991912841
2025-11-10,CLP,Desvíos del modelo (z-score),Tasa 10Y,-0.2815602780079802
2025-11-11,CLP,Desvíos del modelo (z-score),Tasa 10Y,-0.31618632551981873
2025-11-12,CLP,Desvíos del modelo (z-score),Tasa 10Y,-0.2992557460343616
2025-11-13,CLP,Desvíos del modelo (z-score),Tasa 10Y,-0.5327082104308718
2025-11-14,CLP,Desvíos del modelo (z-score),Tasa 10Y,-0.6126316044242853
2025-11-17,CLP,Desvíos del modelo (z-score),Tasa 10Y,-0.7992392470751414
2025-11-18,CLP,Desvíos del modelo (z-score),Tasa 10Y,-0.8185253686660768
2025-11-19,CLP,Desvíos del modelo (z-score),Tasa 10Y,-0.778271612884403
2025-11-20,CLP,Desvíos del modelo (z-score),Tasa 10Y,-0.717795478921512
2025-11-21,CLP,Desvíos del modelo (z-score),Tasa 10Y,-0.6194686944025967
2025-11-24,CLP,Desvíos del modelo (z-score),Tasa 10Y,-0.52835878771902
2025-11-25,CLP,Desvíos del modelo (z-score),Tasa 10Y,-0.4495188674167126
2025-11-26,CLP,Desvíos del modelo (z-score),Tasa 10Y,-0.394722324034895
2025-11-27,CLP,Desvíos del modelo (z-score),Tasa 10Y,-0.3941918633318858
2025-11-28,CLP,Desvíos del modelo (z-score),Tasa 10Y,-0.3638971662201611
2025-12-01,CLP,Desvíos del modelo (z-score),Tasa 10Y,-0.4936270382612045
2025-12-02,CLP,Desvíos del modelo (z-score),Tasa 10Y,-0.4335575672481937
2025-12-03,CLP,Desvíos del modelo (z-score),Tasa 10Y,-0.3913801108207172
2025-12-04,CLP,Desvíos del modelo (z-score),Tasa 10Y,-0.40631333290261007
2025-12-05,CLP,Desvíos del modelo (z-score),Tasa 10Y,-0.46520280606776326
2025-12-09,CLP,Desvíos del modelo (z-score),Tasa 10Y,-0.6225153596767594
2025-12-10,CLP,Desvíos del modelo (z-score),Tasa 10Y,-0.5091483376131978
2025-12-11,CLP,Desvíos del modelo (z-score),Tasa 10Y,-0.5045467139292957
2025-12-12,CLP,Desvíos del modelo (z-score),Tasa 10Y,-0.5646892262018643
2025-12-15,CLP,Desvíos del modelo (z-score),Tasa 10Y,-0.5414666325587125
2025-12-16,CLP,Desvíos del modelo (z-score),Tasa 10Y,-0.538862515212202
2025-12-17,CLP,Desvíos del modelo (z-score),Tasa 10Y,-0.49065162334648765
2025-12-18,CLP,Desvíos del modelo (z-score),Tasa 10Y,-0.4561556203563182
2025-12-19,CLP,Desvíos del modelo (z-score),Tasa 10Y,-0.37125352100830855
2025-12-22,CLP,Desvíos del modelo (z-score),Tasa 10Y,-0.34997185849557955
2025-12-23,CLP,Desvíos del modelo (z-score),Tasa 10Y,-0.4079848976103913
2025-12-24,CLP,Desvíos del modelo (z-score),Tasa 10Y,-0.33349499213200123
2025-12-26,CLP,Desvíos del modelo (z-score),Tasa 10Y,-0.3397289128812225
2025-12-29,CLP,Desvíos del modelo (z-score),Tasa 10Y,-0.3418436314079836
2025-12-30,CLP,Desvíos del modelo (z-score),Tasa 10Y,-0.3871758908771831
2026-01-02,CLP,Desvíos del modelo (z-score),Tasa 10Y,-0.46792517597420086
2026-01-05,CLP,Desvíos del modelo (z-score),Tasa 10Y,-0.4814583815354363
2026-01-06,CLP,Desvíos del modelo (z-score),Tasa 10Y,-0.5022838316953167
2026-01-07,CLP,Desvíos del modelo (z-score),Tasa 10Y,-0.5521848013867459
2026-01-08,CLP,Desvíos del modelo (z-score),Tasa 10Y,-0.6314833382398
2026-01-09,CLP,Desvíos del modelo (z-score),Tasa 10Y,-0.5877681627545425
2026-01-12,CLP,Desvíos del modelo (z-score),Tasa 10Y,-0.6567402910405209
2026-01-13,CLP,Desvíos del modelo (z-score),Tasa 10Y,-0.6926177003522164
2026-01-14,CLP,Desvíos del modelo (z-score),Tasa 10Y,-0.6921708859064467
2026-01-15,CLP,Desvíos del modelo (z-score),Tasa 10Y,-0.6525560538280837
2026-01-16,CLP,Desvíos del modelo (z-score),Tasa 10Y,-0.6964460185512663
2026-01-19,CLP,Desvíos del modelo (z-score),Tasa 10Y,-0.841180461272905
2026-01-20,CLP,Desvíos del modelo (z-score),Tasa 10Y,-0.9923289523104225
2026-01-21,CLP,Desvíos del modelo (z-score),Tasa 10Y,-0.8251200352624917
2026-01-22,CLP,Desvíos del modelo (z-score),Tasa 10Y,-0.7172232021882629
2026-01-23,CLP,Desvíos del modelo (z-score),Tasa 10Y,-0.7545605583896795
2026-01-26,CLP,Desvíos del modelo (z-score),Tasa 10Y,-0.7800566891833062
2026-01-27,CLP,Desvíos del modelo (z-score),Tasa 10Y,-0.8914876633729435
2026-01-28,CLP,Desvíos del modelo (z-score),Tasa 10Y,-0.9332250559235684
2026-01-29,CLP,Desvíos del modelo (z-score),Tasa 10Y,-0.9031923433042331
2026-01-30,CLP,Desvíos del modelo (z-score),Tasa 10Y,-0.9128790378022282
2026-02-02,CLP,Desvíos del modelo (z-score),Tasa 10Y,-0.8659568831715465
2026-02-03,CLP,Desvíos del modelo (z-score),Tasa 10Y,-0.9520393990859312
2026-02-04,CLP,Desvíos del modelo (z-score),Tasa 10Y,-0.9786663589660198
2026-02-05,CLP,Desvíos del modelo (z-score),Tasa 10Y,-0.9801684904972209
2026-02-06,CLP,Desvíos del modelo (z-score),Tasa 10Y,-0.8515246454229327
2026-02-09,CLP,Desvíos del modelo (z-score),Tasa 10Y,-0.8703600880343697
2026-02-10,CLP,Desvíos del modelo (z-score),Tasa 10Y,-0.8839999076038145
2026-02-11,CLP,Desvíos del modelo (z-score),Tasa 10Y,-0.9141998564257433
2026-02-12,CLP,Desvíos del modelo (z-score),Tasa 10Y,-0.9795463797953713
2026-02-13,CLP,Desvíos del modelo (z-score),Tasa 10Y,-0.8874941688558282
2026-02-16,CLP,Desvíos del modelo (z-score),Tasa 10Y,-0.9192006410290318
2026-02-17,CLP,Desvíos del modelo (z-score),Tasa 10Y,-0.8955256806306718
2026-02-18,CLP,Desvíos del modelo (z-score),Tasa 10Y,-0.908621943184853
2026-02-19,CLP,Desvíos del modelo (z-score),Tasa 10Y,-0.8548732486535247
2026-02-20,CLP,Desvíos del modelo (z-score),Tasa 10Y,-0.8540963400143342
2026-02-23,CLP,Desvíos del modelo (z-score),Tasa 10Y,-0.8618018774013251
2026-02-24,CLP,Desvíos del modelo (z-score),Tasa 10Y,-0.821686557207995
2026-02-25,CLP,Desvíos del modelo (z-score),Tasa 10Y,-0.8216906148494335
2026-02-26,CLP,Desvíos del modelo (z-score),Tasa 10Y,-0.8482002693338409
2026-02-27,CLP,Desvíos del modelo (z-score),Tasa 10Y,-0.800181141945794
2026-03-02,CLP,Desvíos del modelo (z-score),Tasa 10Y,-0.898304970232333
2026-03-03,CLP,Desvíos del modelo (z-score),Tasa 10Y,-0.9516832900408566
2026-03-04,CLP,Desvíos del modelo (z-score),Tasa 10Y,-0.8838796043650028
2026-03-05,CLP,Desvíos del modelo (z-score),Tasa 10Y,-0.9618980318171003
2026-03-06,CLP,Desvíos del modelo (z-score),Tasa 10Y,-1.0881521340139606
2026-03-09,CLP,Desvíos del modelo (z-score),Tasa 10Y,-0.8908430092224745
2026-03-10,CLP,Desvíos del modelo (z-score),Tasa 10Y,-0.9467425048430096
2026-03-11,CLP,Desvíos del modelo (z-score),Tasa 10Y,-0.991978618429408
2026-03-12,CLP,Desvíos del modelo (z-score),Tasa 10Y,-1.0638558511000589
2026-03-13,CLP,Desvíos del modelo (z-score),Tasa 10Y,-1.0066303887272012
2026-03-16,CLP,Desvíos del modelo (z-score),Tasa 10Y,-0.7254350959441938
2026-03-17,CLP,Desvíos del modelo (z-score),Tasa 10Y,-0.760505328381709
2026-03-18,CLP,Desvíos del modelo (z-score),Tasa 10Y,-0.8484852706781519
2026-03-19,CLP,Desvíos del modelo (z-score),Tasa 10Y,-0.6071807851435477
2026-03-20,CLP,Desvíos del modelo (z-score),Tasa 10Y,-0.8963988224325461
2026-03-23,CLP,Desvíos del modelo (z-score),Tasa 10Y,-0.7479880520729977
2026-03-24,CLP,Desvíos del modelo (z-score),Tasa 10Y,-0.7495923188977347
2026-03-25,CLP,Desvíos del modelo (z-score),Tasa 10Y,-0.6632472414734472
2026-03-26,CLP,Desvíos del modelo (z-score),Tasa 10Y,-0.926003158962512
2026-03-27,CLP,Desvíos del modelo (z-score),Tasa 10Y,-1.0012241891537557
2026-03-30,CLP,Desvíos del modelo (z-score),Tasa 10Y,-0.9600980822320915
2026-03-31,CLP,Desvíos del modelo (z-score),Tasa 10Y,-0.8046358060472453
2026-04-01,CLP,Desvíos del modelo (z-score),Tasa 10Y,-0.9249949740217784
2026-04-02,CLP,Desvíos del modelo (z-score),Tasa 10Y,-0.8517842252083977
2026-04-06,CLP,Desvíos del modelo (z-score),Tasa 10Y,-0.9003538875023198
2026-04-07,CLP,Desvíos del modelo (z-score),Tasa 10Y,-0.9636393073488758
2026-04-08,CLP,Desvíos del modelo (z-score),Tasa 10Y,-0.9270796228702746
2026-04-09,CLP,Desvíos del modelo (z-score),Tasa 10Y,-0.9237324133261048
2026-04-10,CLP,Desvíos del modelo (z-score),Tasa 10Y,-0.9551513099169847
2026-04-13,CLP,Desvíos del modelo (z-score),Tasa 10Y,-0.958085819567138
2026-04-14,CLP,Desvíos del modelo (z-score),Tasa 10Y,-0.9732455468507375
2026-04-15,CLP,Desvíos del modelo (z-score),Tasa 10Y,-1.035124995949451
2026-04-16,CLP,Desvíos del modelo (z-score),Tasa 10Y,-1.0109307243061987
2026-04-17,CLP,Desvíos del modelo (z-score),Tasa 10Y,-1.0122890468115606
2026-04-20,CLP,Desvíos del modelo (z-score),Tasa 10Y,-1.0512940154929775
2026-04-21,CLP,Desvíos del modelo (z-score),Tasa 10Y,-1.0640079329649736
2026-04-22,CLP,Desvíos del modelo (z-score),Tasa 10Y,-0.9693571577694721
2026-04-23,CLP,Desvíos del modelo (z-score),Tasa 10Y,-0.9404810661746034
2026-04-24,CLP,Desvíos del modelo (z-score),Tasa 10Y,-0.8402691467063537
2026-04-27,CLP,Desvíos del modelo (z-score),Tasa 10Y,-0.8225936138509383
2026-04-28,CLP,Desvíos del modelo (z-score),Tasa 10Y,-0.7332685039072702
2026-04-29,CLP,Desvíos del modelo (z-score),Tasa 10Y,-0.8685559142983167
2026-04-30,CLP,Desvíos del modelo (z-score),Tasa 10Y,-0.6487513056706578
2026-05-04,CLP,Desvíos del modelo (z-score),Tasa 10Y,-0.7258861554496705
2026-05-05,CLP,Desvíos del modelo (z-score),Tasa 10Y,-0.6566124760514703
2026-05-06,CLP,Desvíos del modelo (z-score),Tasa 10Y,-0.7068443636694166
2026-05-07,CLP,Desvíos del modelo (z-score),Tasa 10Y,-0.7900091315632458
2026-05-08,CLP,Desvíos del modelo (z-score),Tasa 10Y,-0.8157636268474115
2026-05-11,CLP,Desvíos del modelo (z-score),Tasa 10Y,-1.0183281823442392
2026-05-12,CLP,Desvíos del modelo (z-score),Tasa 10Y,-1.0031286584633539
2026-05-13,CLP,Desvíos del modelo (z-score),Tasa 10Y,-1.0626346809487277
2026-05-14,CLP,Desvíos del modelo (z-score),Tasa 10Y,-1.053948223229859
2026-05-15,CLP,Desvíos del modelo (z-score),Tasa 10Y,-1.1904303215928584
2026-05-18,CLP,Desvíos del modelo (z-score),Tasa 10Y,-1.160574028687226
2026-05-19,CLP,Desvíos del modelo (z-score),Tasa 10Y,-1.2251106004002472
2026-05-20,CLP,Desvíos del modelo (z-score),Tasa 10Y,-1.029064533661189
2026-05-22,CLP,Desvíos del modelo (z-score),Tasa 10Y,-0.9708381703418886
2026-05-25,CLP,Desvíos del modelo (z-score),Tasa 10Y,-1.0366909247215552
2026-05-26,CLP,Desvíos del modelo (z-score),Tasa 10Y,-0.9885560926197712
2026-05-27,CLP,Desvíos del modelo (z-score),Tasa 10Y,-0.9437010246733751
2026-05-28,CLP,Desvíos del modelo (z-score),Tasa 10Y,-0.9442382578264777
2026-05-29,CLP,Desvíos del modelo (z-score),Tasa 10Y,-0.9074738101232633
2026-06-01,CLP,Desvíos del modelo (z-score),Tasa 10Y,-0.9254471494999611
2026-06-02,CLP,Desvíos del modelo (z-score),Tasa 10Y,-0.8899090706674558
2025-01-02,CLP,Tasas (%),TPM,5
2025-01-03,CLP,Tasas (%),TPM,5
2025-01-06,CLP,Tasas (%),TPM,5
2025-01-07,CLP,Tasas (%),TPM,5
2025-01-08,CLP,Tasas (%),TPM,5
2025-01-09,CLP,Tasas (%),TPM,5
2025-01-10,CLP,Tasas (%),TPM,5
2025-01-13,CLP,Tasas (%),TPM,5
2025-01-14,CLP,Tasas (%),TPM,5
2025-01-15,CLP,Tasas (%),TPM,5
2025-01-16,CLP,Tasas (%),TPM,5
2025-01-17,CLP,Tasas (%),TPM,5
2025-01-20,CLP,Tasas (%),TPM,5
2025-01-21,CLP,Tasas (%),TPM,5
2025-01-22,CLP,Tasas (%),TPM,5
2025-01-23,CLP,Tasas (%),TPM,5
2025-01-24,CLP,Tasas (%),TPM,5
2025-01-27,CLP,Tasas (%),TPM,5
2025-01-28,CLP,Tasas (%),TPM,5
2025-01-29,CLP,Tasas (%),TPM,5
2025-01-30,CLP,Tasas (%),TPM,5
2025-01-31,CLP,Tasas (%),TPM,5
2025-02-03,CLP,Tasas (%),TPM,5
2025-02-04,CLP,Tasas (%),TPM,5
2025-02-05,CLP,Tasas (%),TPM,5
2025-02-06,CLP,Tasas (%),TPM,5
2025-02-07,CLP,Tasas (%),TPM,5
2025-02-10,CLP,Tasas (%),TPM,5
2025-02-11,CLP,Tasas (%),TPM,5
2025-02-12,CLP,Tasas (%),TPM,5
2025-02-13,CLP,Tasas (%),TPM,5
2025-02-14,CLP,Tasas (%),TPM,5
2025-02-17,CLP,Tasas (%),TPM,5
2025-02-18,CLP,Tasas (%),TPM,5
2025-02-19,CLP,Tasas (%),TPM,5
2025-02-20,CLP,Tasas (%),TPM,5
2025-02-21,CLP,Tasas (%),TPM,5
2025-02-24,CLP,Tasas (%),TPM,5
2025-02-25,CLP,Tasas (%),TPM,5
2025-02-26,CLP,Tasas (%),TPM,5
2025-02-27,CLP,Tasas (%),TPM,5
2025-02-28,CLP,Tasas (%),TPM,5
2025-03-03,CLP,Tasas (%),TPM,5
2025-03-04,CLP,Tasas (%),TPM,5
2025-03-05,CLP,Tasas (%),TPM,5
2025-03-06,CLP,Tasas (%),TPM,5
2025-03-07,CLP,Tasas (%),TPM,5
2025-03-10,CLP,Tasas (%),TPM,5
2025-03-11,CLP,Tasas (%),TPM,5
2025-03-12,CLP,Tasas (%),TPM,5
2025-03-13,CLP,Tasas (%),TPM,5
2025-03-14,CLP,Tasas (%),TPM,5
2025-03-17,CLP,Tasas (%),TPM,5
2025-03-18,CLP,Tasas (%),TPM,5
2025-03-19,CLP,Tasas (%),TPM,5
2025-03-20,CLP,Tasas (%),TPM,5
2025-03-21,CLP,Tasas (%),TPM,5
2025-03-24,CLP,Tasas (%),TPM,5
2025-03-25,CLP,Tasas (%),TPM,5
2025-03-26,CLP,Tasas (%),TPM,5
2025-03-27,CLP,Tasas (%),TPM,5
2025-03-28,CLP,Tasas (%),TPM,5
2025-03-31,CLP,Tasas (%),TPM,5
2025-04-01,CLP,Tasas (%),TPM,5
2025-04-02,CLP,Tasas (%),TPM,5
2025-04-03,CLP,Tasas (%),TPM,5
2025-04-04,CLP,Tasas (%),TPM,5
2025-04-07,CLP,Tasas (%),TPM,5
2025-04-08,CLP,Tasas (%),TPM,5
2025-04-09,CLP,Tasas (%),TPM,5
2025-04-10,CLP,Tasas (%),TPM,5
2025-04-11,CLP,Tasas (%),TPM,5
2025-04-14,CLP,Tasas (%),TPM,5
2025-04-15,CLP,Tasas (%),TPM,5
2025-04-16,CLP,Tasas (%),TPM,5
2025-04-17,CLP,Tasas (%),TPM,5
2025-04-21,CLP,Tasas (%),TPM,5
2025-04-22,CLP,Tasas (%),TPM,5
2025-04-23,CLP,Tasas (%),TPM,5
2025-04-24,CLP,Tasas (%),TPM,5
2025-04-25,CLP,Tasas (%),TPM,5
2025-04-28,CLP,Tasas (%),TPM,5
2025-04-29,CLP,Tasas (%),TPM,5
2025-04-30,CLP,Tasas (%),TPM,5
2025-05-02,CLP,Tasas (%),TPM,5
2025-05-05,CLP,Tasas (%),TPM,5
2025-05-06,CLP,Tasas (%),TPM,5
2025-05-07,CLP,Tasas (%),TPM,5
2025-05-08,CLP,Tasas (%),TPM,5
2025-05-09,CLP,Tasas (%),TPM,5
2025-05-12,CLP,Tasas (%),TPM,5
2025-05-13,CLP,Tasas (%),TPM,5
2025-05-14,CLP,Tasas (%),TPM,5
2025-05-15,CLP,Tasas (%),TPM,5
2025-05-16,CLP,Tasas (%),TPM,5
2025-05-19,CLP,Tasas (%),TPM,5
2025-05-20,CLP,Tasas (%),TPM,5
2025-05-22,CLP,Tasas (%),TPM,5
2025-05-23,CLP,Tasas (%),TPM,5
2025-05-26,CLP,Tasas (%),TPM,5
2025-05-27,CLP,Tasas (%),TPM,5
2025-05-28,CLP,Tasas (%),TPM,5
2025-05-29,CLP,Tasas (%),TPM,5
2025-05-30,CLP,Tasas (%),TPM,5
2025-06-02,CLP,Tasas (%),TPM,5
2025-06-03,CLP,Tasas (%),TPM,5
2025-06-04,CLP,Tasas (%),TPM,5
2025-06-05,CLP,Tasas (%),TPM,5
2025-06-06,CLP,Tasas (%),TPM,5
2025-06-09,CLP,Tasas (%),TPM,5
2025-06-10,CLP,Tasas (%),TPM,5
2025-06-11,CLP,Tasas (%),TPM,5
2025-06-12,CLP,Tasas (%),TPM,5
2025-06-13,CLP,Tasas (%),TPM,5
2025-06-16,CLP,Tasas (%),TPM,5
2025-06-17,CLP,Tasas (%),TPM,5
2025-06-18,CLP,Tasas (%),TPM,5
2025-06-19,CLP,Tasas (%),TPM,5
2025-06-23,CLP,Tasas (%),TPM,5
2025-06-24,CLP,Tasas (%),TPM,5
2025-06-25,CLP,Tasas (%),TPM,5
2025-06-26,CLP,Tasas (%),TPM,5
2025-06-27,CLP,Tasas (%),TPM,5
2025-06-30,CLP,Tasas (%),TPM,5
2025-07-01,CLP,Tasas (%),TPM,5
2025-07-02,CLP,Tasas (%),TPM,5
2025-07-03,CLP,Tasas (%),TPM,5
2025-07-04,CLP,Tasas (%),TPM,5
2025-07-07,CLP,Tasas (%),TPM,5
2025-07-08,CLP,Tasas (%),TPM,5
2025-07-09,CLP,Tasas (%),TPM,5
2025-07-10,CLP,Tasas (%),TPM,5
2025-07-11,CLP,Tasas (%),TPM,5
2025-07-14,CLP,Tasas (%),TPM,5
2025-07-15,CLP,Tasas (%),TPM,5
2025-07-17,CLP,Tasas (%),TPM,5
2025-07-18,CLP,Tasas (%),TPM,5
2025-07-21,CLP,Tasas (%),TPM,5
2025-07-22,CLP,Tasas (%),TPM,5
2025-07-23,CLP,Tasas (%),TPM,5
2025-07-24,CLP,Tasas (%),TPM,5
2025-07-25,CLP,Tasas (%),TPM,5
2025-07-28,CLP,Tasas (%),TPM,5
2025-07-29,CLP,Tasas (%),TPM,5
2025-07-30,CLP,Tasas (%),TPM,4.75
2025-07-31,CLP,Tasas (%),TPM,4.75
2025-08-01,CLP,Tasas (%),TPM,4.75
2025-08-04,CLP,Tasas (%),TPM,4.75
2025-08-05,CLP,Tasas (%),TPM,4.75
2025-08-06,CLP,Tasas (%),TPM,4.75
2025-08-07,CLP,Tasas (%),TPM,4.75
2025-08-08,CLP,Tasas (%),TPM,4.75
2025-08-11,CLP,Tasas (%),TPM,4.75
2025-08-12,CLP,Tasas (%),TPM,4.75
2025-08-13,CLP,Tasas (%),TPM,4.75
2025-08-14,CLP,Tasas (%),TPM,4.75
2025-08-18,CLP,Tasas (%),TPM,4.75
2025-08-19,CLP,Tasas (%),TPM,4.75
2025-08-20,CLP,Tasas (%),TPM,4.75
2025-08-21,CLP,Tasas (%),TPM,4.75
2025-08-22,CLP,Tasas (%),TPM,4.75
2025-08-25,CLP,Tasas (%),TPM,4.75
2025-08-26,CLP,Tasas (%),TPM,4.75
2025-08-27,CLP,Tasas (%),TPM,4.75
2025-08-28,CLP,Tasas (%),TPM,4.75
2025-08-29,CLP,Tasas (%),TPM,4.75
2025-09-01,CLP,Tasas (%),TPM,4.75
2025-09-02,CLP,Tasas (%),TPM,4.75
2025-09-03,CLP,Tasas (%),TPM,4.75
2025-09-04,CLP,Tasas (%),TPM,4.75
2025-09-05,CLP,Tasas (%),TPM,4.75
2025-09-08,CLP,Tasas (%),TPM,4.75
2025-09-09,CLP,Tasas (%),TPM,4.75
2025-09-10,CLP,Tasas (%),TPM,4.75
2025-09-11,CLP,Tasas (%),TPM,4.75
2025-09-12,CLP,Tasas (%),TPM,4.75
2025-09-15,CLP,Tasas (%),TPM,4.75
2025-09-16,CLP,Tasas (%),TPM,4.75
2025-09-17,CLP,Tasas (%),TPM,4.75
2025-09-22,CLP,Tasas (%),TPM,4.75
2025-09-23,CLP,Tasas (%),TPM,4.75
2025-09-24,CLP,Tasas (%),TPM,4.75
2025-09-25,CLP,Tasas (%),TPM,4.75
2025-09-26,CLP,Tasas (%),TPM,4.75
2025-09-29,CLP,Tasas (%),TPM,4.75
2025-09-30,CLP,Tasas (%),TPM,4.75
2025-10-01,CLP,Tasas (%),TPM,4.75
2025-10-02,CLP,Tasas (%),TPM,4.75
2025-10-03,CLP,Tasas (%),TPM,4.75
2025-10-06,CLP,Tasas (%),TPM,4.75
2025-10-07,CLP,Tasas (%),TPM,4.75
2025-10-08,CLP,Tasas (%),TPM,4.75
2025-10-09,CLP,Tasas (%),TPM,4.75
2025-10-10,CLP,Tasas (%),TPM,4.75
2025-10-13,CLP,Tasas (%),TPM,4.75
2025-10-14,CLP,Tasas (%),TPM,4.75
2025-10-15,CLP,Tasas (%),TPM,4.75
2025-10-16,CLP,Tasas (%),TPM,4.75
2025-10-17,CLP,Tasas (%),TPM,4.75
2025-10-20,CLP,Tasas (%),TPM,4.75
2025-10-21,CLP,Tasas (%),TPM,4.75
2025-10-22,CLP,Tasas (%),TPM,4.75
2025-10-23,CLP,Tasas (%),TPM,4.75
2025-10-24,CLP,Tasas (%),TPM,4.75
2025-10-27,CLP,Tasas (%),TPM,4.75
2025-10-28,CLP,Tasas (%),TPM,4.75
2025-10-29,CLP,Tasas (%),TPM,4.75
2025-10-30,CLP,Tasas (%),TPM,4.75
2025-11-03,CLP,Tasas (%),TPM,4.75
2025-11-04,CLP,Tasas (%),TPM,4.75
2025-11-05,CLP,Tasas (%),TPM,4.75
2025-11-06,CLP,Tasas (%),TPM,4.75
2025-11-07,CLP,Tasas (%),TPM,4.75
2025-11-10,CLP,Tasas (%),TPM,4.75
2025-11-11,CLP,Tasas (%),TPM,4.75
2025-11-12,CLP,Tasas (%),TPM,4.75
2025-11-13,CLP,Tasas (%),TPM,4.75
2025-11-14,CLP,Tasas (%),TPM,4.75
2025-11-17,CLP,Tasas (%),TPM,4.75
2025-11-18,CLP,Tasas (%),TPM,4.75
2025-11-19,CLP,Tasas (%),TPM,4.75
2025-11-20,CLP,Tasas (%),TPM,4.75
2025-11-21,CLP,Tasas (%),TPM,4.75
2025-11-24,CLP,Tasas (%),TPM,4.75
2025-11-25,CLP,Tasas (%),TPM,4.75
2025-11-26,CLP,Tasas (%),TPM,4.75
2025-11-27,CLP,Tasas (%),TPM,4.75
2025-11-28,CLP,Tasas (%),TPM,4.75
2025-12-01,CLP,Tasas (%),TPM,4.75
2025-12-02,CLP,Tasas (%),TPM,4.75
2025-12-03,CLP,Tasas (%),TPM,4.75
2025-12-04,CLP,Tasas (%),TPM,4.75
2025-12-05,CLP,Tasas (%),TPM,4.75
2025-12-09,CLP,Tasas (%),TPM,4.75
2025-12-10,CLP,Tasas (%),TPM,4.75
2025-12-11,CLP,Tasas (%),TPM,4.75
2025-12-12,CLP,Tasas (%),TPM,4.75
2025-12-15,CLP,Tasas (%),TPM,4.75
2025-12-16,CLP,Tasas (%),TPM,4.75
2025-12-17,CLP,Tasas (%),TPM,4.5
2025-12-18,CLP,Tasas (%),TPM,4.5
2025-12-19,CLP,Tasas (%),TPM,4.5
2025-12-22,CLP,Tasas (%),TPM,4.5
2025-12-23,CLP,Tasas (%),TPM,4.5
2025-12-24,CLP,Tasas (%),TPM,4.5
2025-12-26,CLP,Tasas (%),TPM,4.5
2025-12-29,CLP,Tasas (%),TPM,4.5
2025-12-30,CLP,Tasas (%),TPM,4.5
2026-01-02,CLP,Tasas (%),TPM,4.5
2026-01-05,CLP,Tasas (%),TPM,4.5
2026-01-06,CLP,Tasas (%),TPM,4.5
2026-01-07,CLP,Tasas (%),TPM,4.5
2026-01-08,CLP,Tasas (%),TPM,4.5
2026-01-09,CLP,Tasas (%),TPM,4.5
2026-01-12,CLP,Tasas (%),TPM,4.5
2026-01-13,CLP,Tasas (%),TPM,4.5
2026-01-14,CLP,Tasas (%),TPM,4.5
2026-01-15,CLP,Tasas (%),TPM,4.5
2026-01-16,CLP,Tasas (%),TPM,4.5
2026-01-19,CLP,Tasas (%),TPM,4.5
2026-01-20,CLP,Tasas (%),TPM,4.5
2026-01-21,CLP,Tasas (%),TPM,4.5
2026-01-22,CLP,Tasas (%),TPM,4.5
2026-01-23,CLP,Tasas (%),TPM,4.5
2026-01-26,CLP,Tasas (%),TPM,4.5
2026-01-27,CLP,Tasas (%),TPM,4.5
2026-01-28,CLP,Tasas (%),TPM,4.5
2026-01-29,CLP,Tasas (%),TPM,4.5
2026-01-30,CLP,Tasas (%),TPM,4.5
2026-02-02,CLP,Tasas (%),TPM,4.5
2026-02-03,CLP,Tasas (%),TPM,4.5
2026-02-04,CLP,Tasas (%),TPM,4.5
2026-02-05,CLP,Tasas (%),TPM,4.5
2026-02-06,CLP,Tasas (%),TPM,4.5
2026-02-09,CLP,Tasas (%),TPM,4.5
2026-02-10,CLP,Tasas (%),TPM,4.5
2026-02-11,CLP,Tasas (%),TPM,4.5
2026-02-12,CLP,Tasas (%),TPM,4.5
2026-02-13,CLP,Tasas (%),TPM,4.5
2026-02-16,CLP,Tasas (%),TPM,4.5
2026-02-17,CLP,Tasas (%),TPM,4.5
2026-02-18,CLP,Tasas (%),TPM,4.5
2026-02-19,CLP,Tasas (%),TPM,4.5
2026-02-20,CLP,Tasas (%),TPM,4.5
2026-02-23,CLP,Tasas (%),TPM,4.5
2026-02-24,CLP,Tasas (%),TPM,4.5
2026-02-25,CLP,Tasas (%),TPM,4.5
2026-02-26,CLP,Tasas (%),TPM,4.5
2026-02-27,CLP,Tasas (%),TPM,4.5
2026-03-02,CLP,Tasas (%),TPM,4.5
2026-03-03,CLP,Tasas (%),TPM,4.5
2026-03-04,CLP,Tasas (%),TPM,4.5
2026-03-05,CLP,Tasas (%),TPM,4.5
2026-03-06,CLP,Tasas (%),TPM,4.5
2026-03-09,CLP,Tasas (%),TPM,4.5
2026-03-10,CLP,Tasas (%),TPM,4.5
2026-03-11,CLP,Tasas (%),TPM,4.5
2026-03-12,CLP,Tasas (%),TPM,4.5
2026-03-13,CLP,Tasas (%),TPM,4.5
2026-03-16,CLP,Tasas (%),TPM,4.5
2026-03-17,CLP,Tasas (%),TPM,4.5
2026-03-18,CLP,Tasas (%),TPM,4.5
2026-03-19,CLP,Tasas (%),TPM,4.5
2026-03-20,CLP,Tasas (%),TPM,4.5
2026-03-23,CLP,Tasas (%),TPM,4.5
2026-03-24,CLP,Tasas (%),TPM,4.5
2026-03-25,CLP,Tasas (%),TPM,4.5
2026-03-26,CLP,Tasas (%),TPM,4.5
2026-03-27,CLP,Tasas (%),TPM,4.5
2026-03-30,CLP,Tasas (%),TPM,4.5
2026-03-31,CLP,Tasas (%),TPM,4.5
2026-04-01,CLP,Tasas (%),TPM,4.5
2026-04-02,CLP,Tasas (%),TPM,4.5
2026-04-06,CLP,Tasas (%),TPM,4.5
2026-04-07,CLP,Tasas (%),TPM,4.5
2026-04-08,CLP,Tasas (%),TPM,4.5
2026-04-09,CLP,Tasas (%),TPM,4.5
2026-04-10,CLP,Tasas (%),TPM,4.5
2026-04-13,CLP,Tasas (%),TPM,4.5
2026-04-14,CLP,Tasas (%),TPM,4.5
2026-04-15,CLP,Tasas (%),TPM,4.5
2026-04-16,CLP,Tasas (%),TPM,4.5
2026-04-17,CLP,Tasas (%),TPM,4.5
2026-04-20,CLP,Tasas (%),TPM,4.5
2026-04-21,CLP,Tasas (%),TPM,4.5
2026-04-22,CLP,Tasas (%),TPM,4.5
2026-04-23,CLP,Tasas (%),TPM,4.5
2026-04-24,CLP,Tasas (%),TPM,4.5
2026-04-27,CLP,Tasas (%),TPM,4.5
2026-04-28,CLP,Tasas (%),TPM,4.5
2026-04-29,CLP,Tasas (%),TPM,4.5
2026-04-30,CLP,Tasas (%),TPM,4.5
2026-05-04,CLP,Tasas (%),TPM,4.5
2026-05-05,CLP,Tasas (%),TPM,4.5
2026-05-06,CLP,Tasas (%),TPM,4.5
2026-05-07,CLP,Tasas (%),TPM,4.5
2026-05-08,CLP,Tasas (%),TPM,4.5
2026-05-11,CLP,Tasas (%),TPM,4.5
2026-05-12,CLP,Tasas (%),TPM,4.5
2026-05-13,CLP,Tasas (%),TPM,4.5
2026-05-14,CLP,Tasas (%),TPM,4.5
2026-05-15,CLP,Tasas (%),TPM,4.5
2026-05-18,CLP,Tasas (%),TPM,4.5
2026-05-19,CLP,Tasas (%),TPM,4.5
2026-05-20,CLP,Tasas (%),TPM,4.5
2026-05-22,CLP,Tasas (%),TPM,4.5
2026-05-25,CLP,Tasas (%),TPM,4.5
2026-05-26,CLP,Tasas (%),TPM,4.5
2026-05-27,CLP,Tasas (%),TPM,4.5
2026-05-28,CLP,Tasas (%),TPM,4.5
2026-05-29,CLP,Tasas (%),TPM,4.5
2026-06-01,CLP,Tasas (%),TPM,4.5
2026-06-02,CLP,Tasas (%),TPM,4.5
2025-01-02,CLP,Tasas (%),Tasa 10Y,5.93
2025-01-03,CLP,Tasas (%),Tasa 10Y,5.956666666666666
2025-01-06,CLP,Tasas (%),Tasa 10Y,5.983333333333333
2025-01-07,CLP,Tasas (%),Tasa 10Y,6.01
2025-01-08,CLP,Tasas (%),Tasa 10Y,6.05
2025-01-09,CLP,Tasas (%),Tasa 10Y,6.05
2025-01-10,CLP,Tasas (%),Tasa 10Y,6.043333333333333
2025-01-13,CLP,Tasas (%),Tasa 10Y,6.036666666666667
2025-01-14,CLP,Tasas (%),Tasa 10Y,6.03
2025-01-15,CLP,Tasas (%),Tasa 10Y,6.03
2025-01-16,CLP,Tasas (%),Tasa 10Y,6
2025-01-17,CLP,Tasas (%),Tasa 10Y,5.93
2025-01-20,CLP,Tasas (%),Tasa 10Y,5.9
2025-01-21,CLP,Tasas (%),Tasa 10Y,5.9
2025-01-22,CLP,Tasas (%),Tasa 10Y,5.9366666666666665
2025-01-23,CLP,Tasas (%),Tasa 10Y,5.973333333333334
2025-01-24,CLP,Tasas (%),Tasa 10Y,6.01
2025-01-27,CLP,Tasas (%),Tasa 10Y,5.95
2025-01-28,CLP,Tasas (%),Tasa 10Y,5.98
2025-01-29,CLP,Tasas (%),Tasa 10Y,5.996666666666667
2025-01-30,CLP,Tasas (%),Tasa 10Y,6.013333333333334
2025-01-31,CLP,Tasas (%),Tasa 10Y,6.03
2025-02-03,CLP,Tasas (%),Tasa 10Y,6.05
2025-02-04,CLP,Tasas (%),Tasa 10Y,6.02
2025-02-05,CLP,Tasas (%),Tasa 10Y,5.98
2025-02-06,CLP,Tasas (%),Tasa 10Y,5.98
2025-02-07,CLP,Tasas (%),Tasa 10Y,5.986666666666667
2025-02-10,CLP,Tasas (%),Tasa 10Y,5.993333333333333
2025-02-11,CLP,Tasas (%),Tasa 10Y,6
2025-02-12,CLP,Tasas (%),Tasa 10Y,6.02
2025-02-13,CLP,Tasas (%),Tasa 10Y,6.04
2025-02-14,CLP,Tasas (%),Tasa 10Y,6.0600000000000005
2025-02-17,CLP,Tasas (%),Tasa 10Y,6.08
2025-02-18,CLP,Tasas (%),Tasa 10Y,6.1
2025-02-19,CLP,Tasas (%),Tasa 10Y,6.12
2025-02-20,CLP,Tasas (%),Tasa 10Y,6.1
2025-02-21,CLP,Tasas (%),Tasa 10Y,6.04
2025-02-24,CLP,Tasas (%),Tasa 10Y,5.984999999999999
2025-02-25,CLP,Tasas (%),Tasa 10Y,5.93
2025-02-26,CLP,Tasas (%),Tasa 10Y,5.945
2025-02-27,CLP,Tasas (%),Tasa 10Y,5.96
2025-02-28,CLP,Tasas (%),Tasa 10Y,5.94
2025-03-03,CLP,Tasas (%),Tasa 10Y,5.94
2025-03-04,CLP,Tasas (%),Tasa 10Y,5.86
2025-03-05,CLP,Tasas (%),Tasa 10Y,5.8325000000000005
2025-03-06,CLP,Tasas (%),Tasa 10Y,5.805
2025-03-07,CLP,Tasas (%),Tasa 10Y,5.7775
2025-03-10,CLP,Tasas (%),Tasa 10Y,5.75
2025-03-11,CLP,Tasas (%),Tasa 10Y,5.75
2025-03-12,CLP,Tasas (%),Tasa 10Y,5.76
2025-03-13,CLP,Tasas (%),Tasa 10Y,5.73
2025-03-14,CLP,Tasas (%),Tasa 10Y,5.76
2025-03-17,CLP,Tasas (%),Tasa 10Y,5.76
2025-03-18,CLP,Tasas (%),Tasa 10Y,5.76
2025-03-19,CLP,Tasas (%),Tasa 10Y,5.76
2025-03-20,CLP,Tasas (%),Tasa 10Y,5.67
2025-03-21,CLP,Tasas (%),Tasa 10Y,5.7
2025-03-24,CLP,Tasas (%),Tasa 10Y,5.7299999999999995
2025-03-25,CLP,Tasas (%),Tasa 10Y,5.76
2025-03-26,CLP,Tasas (%),Tasa 10Y,5.8
2025-03-27,CLP,Tasas (%),Tasa 10Y,5.85
2025-03-28,CLP,Tasas (%),Tasa 10Y,5.85
2025-03-31,CLP,Tasas (%),Tasa 10Y,5.85
2025-04-01,CLP,Tasas (%),Tasa 10Y,5.85
2025-04-02,CLP,Tasas (%),Tasa 10Y,5.82
2025-04-03,CLP,Tasas (%),Tasa 10Y,5.68
2025-04-04,CLP,Tasas (%),Tasa 10Y,5.55
2025-04-07,CLP,Tasas (%),Tasa 10Y,5.6
2025-04-08,CLP,Tasas (%),Tasa 10Y,5.58
2025-04-09,CLP,Tasas (%),Tasa 10Y,5.55
2025-04-10,CLP,Tasas (%),Tasa 10Y,5.61
2025-04-11,CLP,Tasas (%),Tasa 10Y,5.68
2025-04-14,CLP,Tasas (%),Tasa 10Y,5.62
2025-04-15,CLP,Tasas (%),Tasa 10Y,5.56
2025-04-16,CLP,Tasas (%),Tasa 10Y,5.58
2025-04-17,CLP,Tasas (%),Tasa 10Y,5.58
2025-04-21,CLP,Tasas (%),Tasa 10Y,5.58
2025-04-22,CLP,Tasas (%),Tasa 10Y,5.65
2025-04-23,CLP,Tasas (%),Tasa 10Y,5.67
2025-04-24,CLP,Tasas (%),Tasa 10Y,5.69
2025-04-25,CLP,Tasas (%),Tasa 10Y,5.71
2025-04-28,CLP,Tasas (%),Tasa 10Y,5.71
2025-04-29,CLP,Tasas (%),Tasa 10Y,5.73
2025-04-30,CLP,Tasas (%),Tasa 10Y,5.7
2025-05-02,CLP,Tasas (%),Tasa 10Y,5.74
2025-05-05,CLP,Tasas (%),Tasa 10Y,5.78
2025-05-06,CLP,Tasas (%),Tasa 10Y,5.78
2025-05-07,CLP,Tasas (%),Tasa 10Y,5.78
2025-05-08,CLP,Tasas (%),Tasa 10Y,5.775
2025-05-09,CLP,Tasas (%),Tasa 10Y,5.77
2025-05-12,CLP,Tasas (%),Tasa 10Y,5.789999999999999
2025-05-13,CLP,Tasas (%),Tasa 10Y,5.81
2025-05-14,CLP,Tasas (%),Tasa 10Y,5.84
2025-05-15,CLP,Tasas (%),Tasa 10Y,5.8
2025-05-16,CLP,Tasas (%),Tasa 10Y,5.75
2025-05-19,CLP,Tasas (%),Tasa 10Y,5.77
2025-05-20,CLP,Tasas (%),Tasa 10Y,5.79
2025-05-22,CLP,Tasas (%),Tasa 10Y,5.8
2025-05-23,CLP,Tasas (%),Tasa 10Y,5.79
2025-05-26,CLP,Tasas (%),Tasa 10Y,5.81
2025-05-27,CLP,Tasas (%),Tasa 10Y,5.8
2025-05-28,CLP,Tasas (%),Tasa 10Y,5.84
2025-05-29,CLP,Tasas (%),Tasa 10Y,5.81
2025-05-30,CLP,Tasas (%),Tasa 10Y,5.77
2025-06-02,CLP,Tasas (%),Tasa 10Y,5.82
2025-06-03,CLP,Tasas (%),Tasa 10Y,5.77
2025-06-04,CLP,Tasas (%),Tasa 10Y,5.76
2025-06-05,CLP,Tasas (%),Tasa 10Y,5.75
2025-06-06,CLP,Tasas (%),Tasa 10Y,5.775
2025-06-09,CLP,Tasas (%),Tasa 10Y,5.8
2025-06-10,CLP,Tasas (%),Tasa 10Y,5.765000000000001
2025-06-11,CLP,Tasas (%),Tasa 10Y,5.73
2025-06-12,CLP,Tasas (%),Tasa 10Y,5.71
2025-06-13,CLP,Tasas (%),Tasa 10Y,5.76
2025-06-16,CLP,Tasas (%),Tasa 10Y,5.73
2025-06-17,CLP,Tasas (%),Tasa 10Y,5.724
2025-06-18,CLP,Tasas (%),Tasa 10Y,5.718
2025-06-19,CLP,Tasas (%),Tasa 10Y,5.712000000000001
2025-06-23,CLP,Tasas (%),Tasa 10Y,5.706
2025-06-24,CLP,Tasas (%),Tasa 10Y,5.7
2025-06-25,CLP,Tasas (%),Tasa 10Y,5.7
2025-06-26,CLP,Tasas (%),Tasa 10Y,5.64
2025-06-27,CLP,Tasas (%),Tasa 10Y,5.68
2025-06-30,CLP,Tasas (%),Tasa 10Y,5.675
2025-07-01,CLP,Tasas (%),Tasa 10Y,5.67
2025-07-02,CLP,Tasas (%),Tasa 10Y,5.69
2025-07-03,CLP,Tasas (%),Tasa 10Y,5.67
2025-07-04,CLP,Tasas (%),Tasa 10Y,5.663333333333333
2025-07-07,CLP,Tasas (%),Tasa 10Y,5.656666666666667
2025-07-08,CLP,Tasas (%),Tasa 10Y,5.65
2025-07-09,CLP,Tasas (%),Tasa 10Y,5.63
2025-07-10,CLP,Tasas (%),Tasa 10Y,5.62
2025-07-11,CLP,Tasas (%),Tasa 10Y,5.61
2025-07-14,CLP,Tasas (%),Tasa 10Y,5.612
2025-07-15,CLP,Tasas (%),Tasa 10Y,5.614
2025-07-17,CLP,Tasas (%),Tasa 10Y,5.6160000000000005
2025-07-18,CLP,Tasas (%),Tasa 10Y,5.618
2025-07-21,CLP,Tasas (%),Tasa 10Y,5.62
2025-07-22,CLP,Tasas (%),Tasa 10Y,5.6
2025-07-23,CLP,Tasas (%),Tasa 10Y,5.6
2025-07-24,CLP,Tasas (%),Tasa 10Y,5.6
2025-07-25,CLP,Tasas (%),Tasa 10Y,5.6
2025-07-28,CLP,Tasas (%),Tasa 10Y,5.6
2025-07-29,CLP,Tasas (%),Tasa 10Y,5.6
2025-07-30,CLP,Tasas (%),Tasa 10Y,5.61
2025-07-31,CLP,Tasas (%),Tasa 10Y,5.62
2025-08-01,CLP,Tasas (%),Tasa 10Y,5.6
2025-08-04,CLP,Tasas (%),Tasa 10Y,5.59
2025-08-05,CLP,Tasas (%),Tasa 10Y,5.6
2025-08-06,CLP,Tasas (%),Tasa 10Y,5.6
2025-08-07,CLP,Tasas (%),Tasa 10Y,5.59
2025-08-08,CLP,Tasas (%),Tasa 10Y,5.63
2025-08-11,CLP,Tasas (%),Tasa 10Y,5.63
2025-08-12,CLP,Tasas (%),Tasa 10Y,5.609999999999999
2025-08-13,CLP,Tasas (%),Tasa 10Y,5.59
2025-08-14,CLP,Tasas (%),Tasa 10Y,5.59
2025-08-18,CLP,Tasas (%),Tasa 10Y,5.59
2025-08-19,CLP,Tasas (%),Tasa 10Y,5.574999999999999
2025-08-20,CLP,Tasas (%),Tasa 10Y,5.56
2025-08-21,CLP,Tasas (%),Tasa 10Y,5.59
2025-08-22,CLP,Tasas (%),Tasa 10Y,5.57
2025-08-25,CLP,Tasas (%),Tasa 10Y,5.61
2025-08-26,CLP,Tasas (%),Tasa 10Y,5.65
2025-08-27,CLP,Tasas (%),Tasa 10Y,5.61
2025-08-28,CLP,Tasas (%),Tasa 10Y,5.62
2025-08-29,CLP,Tasas (%),Tasa 10Y,5.63
2025-09-01,CLP,Tasas (%),Tasa 10Y,5.64
2025-09-02,CLP,Tasas (%),Tasa 10Y,5.69
2025-09-03,CLP,Tasas (%),Tasa 10Y,5.66
2025-09-04,CLP,Tasas (%),Tasa 10Y,5.67
2025-09-05,CLP,Tasas (%),Tasa 10Y,5.67
2025-09-08,CLP,Tasas (%),Tasa 10Y,5.65
2025-09-09,CLP,Tasas (%),Tasa 10Y,5.66
2025-09-10,CLP,Tasas (%),Tasa 10Y,5.68
2025-09-11,CLP,Tasas (%),Tasa 10Y,5.65
2025-09-12,CLP,Tasas (%),Tasa 10Y,5.62
2025-09-15,CLP,Tasas (%),Tasa 10Y,5.6
2025-09-16,CLP,Tasas (%),Tasa 10Y,5.6
2025-09-17,CLP,Tasas (%),Tasa 10Y,5.6
2025-09-22,CLP,Tasas (%),Tasa 10Y,5.6
2025-09-23,CLP,Tasas (%),Tasa 10Y,5.6
2025-09-24,CLP,Tasas (%),Tasa 10Y,5.59
2025-09-25,CLP,Tasas (%),Tasa 10Y,5.58
2025-09-26,CLP,Tasas (%),Tasa 10Y,5.605
2025-09-29,CLP,Tasas (%),Tasa 10Y,5.63
2025-09-30,CLP,Tasas (%),Tasa 10Y,5.63
2025-10-01,CLP,Tasas (%),Tasa 10Y,5.63
2025-10-02,CLP,Tasas (%),Tasa 10Y,5.63
2025-10-03,CLP,Tasas (%),Tasa 10Y,5.62
2025-10-06,CLP,Tasas (%),Tasa 10Y,5.61
2025-10-07,CLP,Tasas (%),Tasa 10Y,5.6
2025-10-08,CLP,Tasas (%),Tasa 10Y,5.58
2025-10-09,CLP,Tasas (%),Tasa 10Y,5.58
2025-10-10,CLP,Tasas (%),Tasa 10Y,5.58
2025-10-13,CLP,Tasas (%),Tasa 10Y,5.58
2025-10-14,CLP,Tasas (%),Tasa 10Y,5.59
2025-10-15,CLP,Tasas (%),Tasa 10Y,5.58
2025-10-16,CLP,Tasas (%),Tasa 10Y,5.57
2025-10-17,CLP,Tasas (%),Tasa 10Y,5.57
2025-10-20,CLP,Tasas (%),Tasa 10Y,5.57
2025-10-21,CLP,Tasas (%),Tasa 10Y,5.59
2025-10-22,CLP,Tasas (%),Tasa 10Y,5.57
2025-10-23,CLP,Tasas (%),Tasa 10Y,5.55
2025-10-24,CLP,Tasas (%),Tasa 10Y,5.55
2025-10-27,CLP,Tasas (%),Tasa 10Y,5.54
2025-10-28,CLP,Tasas (%),Tasa 10Y,5.51
2025-10-29,CLP,Tasas (%),Tasa 10Y,5.535
2025-10-30,CLP,Tasas (%),Tasa 10Y,5.56
2025-11-03,CLP,Tasas (%),Tasa 10Y,5.55
2025-11-04,CLP,Tasas (%),Tasa 10Y,5.54
2025-11-05,CLP,Tasas (%),Tasa 10Y,5.55
2025-11-06,CLP,Tasas (%),Tasa 10Y,5.55
2025-11-07,CLP,Tasas (%),Tasa 10Y,5.52
2025-11-10,CLP,Tasas (%),Tasa 10Y,5.49
2025-11-11,CLP,Tasas (%),Tasa 10Y,5.46
2025-11-12,CLP,Tasas (%),Tasa 10Y,5.44
2025-11-13,CLP,Tasas (%),Tasa 10Y,5.41
2025-11-14,CLP,Tasas (%),Tasa 10Y,5.38
2025-11-17,CLP,Tasas (%),Tasa 10Y,5.29
2025-11-18,CLP,Tasas (%),Tasa 10Y,5.29
2025-11-19,CLP,Tasas (%),Tasa 10Y,5.32
2025-11-20,CLP,Tasas (%),Tasa 10Y,5.35
2025-11-21,CLP,Tasas (%),Tasa 10Y,5.336666666666666
2025-11-24,CLP,Tasas (%),Tasa 10Y,5.323333333333333
2025-11-25,CLP,Tasas (%),Tasa 10Y,5.31
2025-11-26,CLP,Tasas (%),Tasa 10Y,5.3149999999999995
2025-11-27,CLP,Tasas (%),Tasa 10Y,5.32
2025-11-28,CLP,Tasas (%),Tasa 10Y,5.325
2025-12-01,CLP,Tasas (%),Tasa 10Y,5.33
2025-12-02,CLP,Tasas (%),Tasa 10Y,5.335
2025-12-03,CLP,Tasas (%),Tasa 10Y,5.34
2025-12-04,CLP,Tasas (%),Tasa 10Y,5.34
2025-12-05,CLP,Tasas (%),Tasa 10Y,5.32
2025-12-09,CLP,Tasas (%),Tasa 10Y,5.325
2025-12-10,CLP,Tasas (%),Tasa 10Y,5.33
2025-12-11,CLP,Tasas (%),Tasa 10Y,5.32
2025-12-12,CLP,Tasas (%),Tasa 10Y,5.32
2025-12-15,CLP,Tasas (%),Tasa 10Y,5.35
2025-12-16,CLP,Tasas (%),Tasa 10Y,5.35
2025-12-17,CLP,Tasas (%),Tasa 10Y,5.41
2025-12-18,CLP,Tasas (%),Tasa 10Y,5.39
2025-12-19,CLP,Tasas (%),Tasa 10Y,5.395
2025-12-22,CLP,Tasas (%),Tasa 10Y,5.4
2025-12-23,CLP,Tasas (%),Tasa 10Y,5.39
2025-12-24,CLP,Tasas (%),Tasa 10Y,5.41
2025-12-26,CLP,Tasas (%),Tasa 10Y,5.4
2025-12-29,CLP,Tasas (%),Tasa 10Y,5.41
2025-12-30,CLP,Tasas (%),Tasa 10Y,5.403333333333333
2026-01-02,CLP,Tasas (%),Tasa 10Y,5.3966666666666665
2026-01-05,CLP,Tasas (%),Tasa 10Y,5.39
2026-01-06,CLP,Tasas (%),Tasa 10Y,5.39
2026-01-07,CLP,Tasas (%),Tasa 10Y,5.36
2026-01-08,CLP,Tasas (%),Tasa 10Y,5.33
2026-01-09,CLP,Tasas (%),Tasa 10Y,5.31
2026-01-12,CLP,Tasas (%),Tasa 10Y,5.3149999999999995
2026-01-13,CLP,Tasas (%),Tasa 10Y,5.32
2026-01-14,CLP,Tasas (%),Tasa 10Y,5.31
2026-01-15,CLP,Tasas (%),Tasa 10Y,5.33
2026-01-16,CLP,Tasas (%),Tasa 10Y,5.34
2026-01-19,CLP,Tasas (%),Tasa 10Y,5.34
2026-01-20,CLP,Tasas (%),Tasa 10Y,5.34
2026-01-21,CLP,Tasas (%),Tasa 10Y,5.34
2026-01-22,CLP,Tasas (%),Tasa 10Y,5.34
2026-01-23,CLP,Tasas (%),Tasa 10Y,5.34
2026-01-26,CLP,Tasas (%),Tasa 10Y,5.35
2026-01-27,CLP,Tasas (%),Tasa 10Y,5.34
2026-01-28,CLP,Tasas (%),Tasa 10Y,5.33
2026-01-29,CLP,Tasas (%),Tasa 10Y,5.34
2026-01-30,CLP,Tasas (%),Tasa 10Y,5.34
2026-02-02,CLP,Tasas (%),Tasa 10Y,5.35
2026-02-03,CLP,Tasas (%),Tasa 10Y,5.345
2026-02-04,CLP,Tasas (%),Tasa 10Y,5.34
2026-02-05,CLP,Tasas (%),Tasa 10Y,5.34
2026-02-06,CLP,Tasas (%),Tasa 10Y,5.34
2026-02-09,CLP,Tasas (%),Tasa 10Y,5.34
2026-02-10,CLP,Tasas (%),Tasa 10Y,5.31
2026-02-11,CLP,Tasas (%),Tasa 10Y,5.307499999999999
2026-02-12,CLP,Tasas (%),Tasa 10Y,5.305
2026-02-13,CLP,Tasas (%),Tasa 10Y,5.3025
2026-02-16,CLP,Tasas (%),Tasa 10Y,5.3
2026-02-17,CLP,Tasas (%),Tasa 10Y,5.28
2026-02-18,CLP,Tasas (%),Tasa 10Y,5.28
2026-02-19,CLP,Tasas (%),Tasa 10Y,5.29
2026-02-20,CLP,Tasas (%),Tasa 10Y,5.28
2026-02-23,CLP,Tasas (%),Tasa 10Y,5.28
2026-02-24,CLP,Tasas (%),Tasa 10Y,5.2725
2026-02-25,CLP,Tasas (%),Tasa 10Y,5.265000000000001
2026-02-26,CLP,Tasas (%),Tasa 10Y,5.2575
2026-02-27,CLP,Tasas (%),Tasa 10Y,5.25
2026-03-02,CLP,Tasas (%),Tasa 10Y,5.27
2026-03-03,CLP,Tasas (%),Tasa 10Y,5.285
2026-03-04,CLP,Tasas (%),Tasa 10Y,5.3
2026-03-05,CLP,Tasas (%),Tasa 10Y,5.325
2026-03-06,CLP,Tasas (%),Tasa 10Y,5.35
2026-03-09,CLP,Tasas (%),Tasa 10Y,5.375
2026-03-10,CLP,Tasas (%),Tasa 10Y,5.4
2026-03-11,CLP,Tasas (%),Tasa 10Y,5.4
2026-03-12,CLP,Tasas (%),Tasa 10Y,5.44
2026-03-13,CLP,Tasas (%),Tasa 10Y,5.46
2026-03-16,CLP,Tasas (%),Tasa 10Y,5.53
2026-03-17,CLP,Tasas (%),Tasa 10Y,5.49
2026-03-18,CLP,Tasas (%),Tasa 10Y,5.54
2026-03-19,CLP,Tasas (%),Tasa 10Y,5.66
2026-03-20,CLP,Tasas (%),Tasa 10Y,5.66
2026-03-23,CLP,Tasas (%),Tasa 10Y,5.73
2026-03-24,CLP,Tasas (%),Tasa 10Y,5.74
2026-03-25,CLP,Tasas (%),Tasa 10Y,5.75
2026-03-26,CLP,Tasas (%),Tasa 10Y,5.67
2026-03-27,CLP,Tasas (%),Tasa 10Y,5.69
2026-03-30,CLP,Tasas (%),Tasa 10Y,5.65
2026-03-31,CLP,Tasas (%),Tasa 10Y,5.62
2026-04-01,CLP,Tasas (%),Tasa 10Y,5.56
2026-04-02,CLP,Tasas (%),Tasa 10Y,5.56
2026-04-06,CLP,Tasas (%),Tasa 10Y,5.5649999999999995
2026-04-07,CLP,Tasas (%),Tasa 10Y,5.57
2026-04-08,CLP,Tasas (%),Tasa 10Y,5.51
2026-04-09,CLP,Tasas (%),Tasa 10Y,5.45
2026-04-10,CLP,Tasas (%),Tasa 10Y,5.46
2026-04-13,CLP,Tasas (%),Tasa 10Y,5.43
2026-04-14,CLP,Tasas (%),Tasa 10Y,5.39
2026-04-15,CLP,Tasas (%),Tasa 10Y,5.36
2026-04-16,CLP,Tasas (%),Tasa 10Y,5.39
2026-04-17,CLP,Tasas (%),Tasa 10Y,5.34
2026-04-20,CLP,Tasas (%),Tasa 10Y,5.34
2026-04-21,CLP,Tasas (%),Tasa 10Y,5.38
2026-04-22,CLP,Tasas (%),Tasa 10Y,5.42
2026-04-23,CLP,Tasas (%),Tasa 10Y,5.46
2026-04-24,CLP,Tasas (%),Tasa 10Y,5.496666666666667
2026-04-27,CLP,Tasas (%),Tasa 10Y,5.533333333333333
2026-04-28,CLP,Tasas (%),Tasa 10Y,5.57
2026-04-29,CLP,Tasas (%),Tasa 10Y,5.58
2026-04-30,CLP,Tasas (%),Tasa 10Y,5.61
2026-05-04,CLP,Tasas (%),Tasa 10Y,5.67
2026-05-05,CLP,Tasas (%),Tasa 10Y,5.67
2026-05-06,CLP,Tasas (%),Tasa 10Y,5.62
2026-05-07,CLP,Tasas (%),Tasa 10Y,5.6
2026-05-08,CLP,Tasas (%),Tasa 10Y,5.56
2026-05-11,CLP,Tasas (%),Tasa 10Y,5.52
2026-05-12,CLP,Tasas (%),Tasa 10Y,5.55
2026-05-13,CLP,Tasas (%),Tasa 10Y,5.53
2026-05-14,CLP,Tasas (%),Tasa 10Y,5.53
2026-05-15,CLP,Tasas (%),Tasa 10Y,5.53
2026-05-18,CLP,Tasas (%),Tasa 10Y,5.55
2026-05-19,CLP,Tasas (%),Tasa 10Y,5.58
2026-05-20,CLP,Tasas (%),Tasa 10Y,5.63
2026-05-22,CLP,Tasas (%),Tasa 10Y,5.62
2026-05-25,CLP,Tasas (%),Tasa 10Y,5.56
2026-05-26,CLP,Tasas (%),Tasa 10Y,5.57
2026-05-27,CLP,Tasas (%),Tasa 10Y,5.58
2026-05-28,CLP,Tasas (%),Tasa 10Y,5.52
2026-05-29,CLP,Tasas (%),Tasa 10Y,5.53
2026-06-01,CLP,Tasas (%),Tasa 10Y,5.57
2026-06-02,CLP,Tasas (%),Tasa 10Y,5.57
2025-01-02,BRL,Desvíos del modelo (z-score),FX,0.8668699356584239
2025-01-03,BRL,Desvíos del modelo (z-score),FX,0.8359547359781428
2025-01-06,BRL,Desvíos del modelo (z-score),FX,0.862020959713033
2025-01-07,BRL,Desvíos del modelo (z-score),FX,0.8050893309180598
2025-01-08,BRL,Desvíos del modelo (z-score),FX,0.8578199309765413
2025-01-09,BRL,Desvíos del modelo (z-score),FX,0.8394837613081914
2025-01-10,BRL,Desvíos del modelo (z-score),FX,0.6647288156862041
2025-01-13,BRL,Desvíos del modelo (z-score),FX,0.6586005433385006
2025-01-14,BRL,Desvíos del modelo (z-score),FX,0.8368771024630824
2025-01-15,BRL,Desvíos del modelo (z-score),FX,0.8275930780672616
2025-01-16,BRL,Desvíos del modelo (z-score),FX,0.6288818864776672
2025-01-17,BRL,Desvíos del modelo (z-score),FX,0.724910273471973
2025-01-20,BRL,Desvíos del modelo (z-score),FX,0.7241973505254047
2025-01-21,BRL,Desvíos del modelo (z-score),FX,0.7047560101041969
2025-01-22,BRL,Desvíos del modelo (z-score),FX,0.6667655508988873
2025-01-23,BRL,Desvíos del modelo (z-score),FX,0.5172492930471552
2025-01-24,BRL,Desvíos del modelo (z-score),FX,0.49725631078425286
2025-01-27,BRL,Desvíos del modelo (z-score),FX,0.2769117207025477
2025-01-28,BRL,Desvíos del modelo (z-score),FX,0.08187614577420069
2025-01-29,BRL,Desvíos del modelo (z-score),FX,-0.05862778408465208
2025-01-30,BRL,Desvíos del modelo (z-score),FX,0.28552533274345826
2025-01-31,BRL,Desvíos del modelo (z-score),FX,-0.06492569662135075
2025-02-03,BRL,Desvíos del modelo (z-score),FX,-0.31516169128403804
2025-02-04,BRL,Desvíos del modelo (z-score),FX,-0.17504994597918175
2025-02-05,BRL,Desvíos del modelo (z-score),FX,-0.08904879185108058
2025-02-06,BRL,Desvíos del modelo (z-score),FX,-0.07875381679868029
2025-02-07,BRL,Desvíos del modelo (z-score),FX,-0.0653669671748109
2025-02-10,BRL,Desvíos del modelo (z-score),FX,0.020434842986546513
2025-02-11,BRL,Desvíos del modelo (z-score),FX,0.10007288157318801
2025-02-12,BRL,Desvíos del modelo (z-score),FX,0.18340783550840814
2025-02-13,BRL,Desvíos del modelo (z-score),FX,0.12058254576214976
2025-02-14,BRL,Desvíos del modelo (z-score),FX,0.004401715625899087
2025-02-17,BRL,Desvíos del modelo (z-score),FX,-0.1446851626600236
2025-02-18,BRL,Desvíos del modelo (z-score),FX,-0.027423959627330637
2025-02-19,BRL,Desvíos del modelo (z-score),FX,0.035531164896395746
2025-02-20,BRL,Desvíos del modelo (z-score),FX,-0.079456342974299
2025-02-21,BRL,Desvíos del modelo (z-score),FX,-0.3348288318013691
2025-02-24,BRL,Desvíos del modelo (z-score),FX,-0.34178434531369384
2025-02-25,BRL,Desvíos del modelo (z-score),FX,-0.2736071430670454
2025-02-26,BRL,Desvíos del modelo (z-score),FX,-0.42680528183414873
2025-02-27,BRL,Desvíos del modelo (z-score),FX,-0.30957200418221603
2025-02-28,BRL,Desvíos del modelo (z-score),FX,-0.39783715101858785
2025-03-03,BRL,Desvíos del modelo (z-score),FX,-0.3808074080625801
2025-03-04,BRL,Desvíos del modelo (z-score),FX,-0.27337674988543154
2025-03-05,BRL,Desvíos del modelo (z-score),FX,0.021085958330047828
2025-03-06,BRL,Desvíos del modelo (z-score),FX,-0.33284256949637364
2025-03-07,BRL,Desvíos del modelo (z-score),FX,-0.12001505032495692
2025-03-10,BRL,Desvíos del modelo (z-score),FX,-0.2502458568447661
2025-03-11,BRL,Desvíos del modelo (z-score),FX,0.03585026785035966
2025-03-12,BRL,Desvíos del modelo (z-score),FX,0.22034822174832142
2025-03-13,BRL,Desvíos del modelo (z-score),FX,0.189925369232875
2025-03-14,BRL,Desvíos del modelo (z-score),FX,0.22325409710843708
2025-03-17,BRL,Desvíos del modelo (z-score),FX,0.2321784208384434
2025-03-18,BRL,Desvíos del modelo (z-score),FX,0.11451154405871283
2025-03-19,BRL,Desvíos del modelo (z-score),FX,0.11691502976387648
2025-03-20,BRL,Desvíos del modelo (z-score),FX,-0.05459829121894274
2025-03-21,BRL,Desvíos del modelo (z-score),FX,0.12146623427511864
2025-03-24,BRL,Desvíos del modelo (z-score),FX,0.43032356286095236
2025-03-25,BRL,Desvíos del modelo (z-score),FX,0.4304602841403828
2025-03-26,BRL,Desvíos del modelo (z-score),FX,0.39595338347933756
2025-03-27,BRL,Desvíos del modelo (z-score),FX,0.4978752859275937
2025-03-28,BRL,Desvíos del modelo (z-score),FX,0.24036870625610687
2025-03-31,BRL,Desvíos del modelo (z-score),FX,0.1888139603543982
2025-04-01,BRL,Desvíos del modelo (z-score),FX,-0.09885602543562794
2025-04-02,BRL,Desvíos del modelo (z-score),FX,-0.24359358886665666
2025-04-03,BRL,Desvíos del modelo (z-score),FX,-0.3566972153857232
2025-04-04,BRL,Desvíos del modelo (z-score),FX,-0.8362689747180596
2025-04-07,BRL,Desvíos del modelo (z-score),FX,-0.4524188190027065
2025-04-08,BRL,Desvíos del modelo (z-score),FX,-0.3304198559934281
2025-04-09,BRL,Desvíos del modelo (z-score),FX,0.6300431325658398
2025-04-10,BRL,Desvíos del modelo (z-score),FX,0.3046055873595445
2025-04-11,BRL,Desvíos del modelo (z-score),FX,0.7939227580076044
2025-04-14,BRL,Desvíos del modelo (z-score),FX,1.053690837206585
2025-04-15,BRL,Desvíos del modelo (z-score),FX,1.1367838014105582
2025-04-16,BRL,Desvíos del modelo (z-score),FX,1.3519550617269993
2025-04-17,BRL,Desvíos del modelo (z-score),FX,1.5439432463432474
2025-04-21,BRL,Desvíos del modelo (z-score),FX,1.3740252840657203
2025-04-22,BRL,Desvíos del modelo (z-score),FX,1.4230604652536396
2025-04-23,BRL,Desvíos del modelo (z-score),FX,0.9326755733792695
2025-04-24,BRL,Desvíos del modelo (z-score),FX,0.7433079178726918
2025-04-25,BRL,Desvíos del modelo (z-score),FX,0.58146729639792
2025-04-28,BRL,Desvíos del modelo (z-score),FX,0.6276152308789821
2025-04-29,BRL,Desvíos del modelo (z-score),FX,0.42008203452587817
2025-04-30,BRL,Desvíos del modelo (z-score),FX,0.25962028603239695
2025-05-02,BRL,Desvíos del modelo (z-score),FX,0.5303738503110255
2025-05-05,BRL,Desvíos del modelo (z-score),FX,0.6357741293507845
2025-05-06,BRL,Desvíos del modelo (z-score),FX,0.6998240695896468
2025-05-07,BRL,Desvíos del modelo (z-score),FX,0.7108690357984491
2025-05-08,BRL,Desvíos del modelo (z-score),FX,0.9339597510105392
2025-05-09,BRL,Desvíos del modelo (z-score),FX,0.7415007253532033
2025-05-12,BRL,Desvíos del modelo (z-score),FX,0.5495495369749963
2025-05-13,BRL,Desvíos del modelo (z-score),FX,0.4659085343530009
2025-05-14,BRL,Desvíos del modelo (z-score),FX,0.48547799692364746
2025-05-15,BRL,Desvíos del modelo (z-score),FX,0.4715011238982306
2025-05-16,BRL,Desvíos del modelo (z-score),FX,0.7018825846934718
2025-05-19,BRL,Desvíos del modelo (z-score),FX,0.6864364004865369
2025-05-20,BRL,Desvíos del modelo (z-score),FX,0.7813396975294508
2025-05-22,BRL,Desvíos del modelo (z-score),FX,0.8161958607904106
2025-05-23,BRL,Desvíos del modelo (z-score),FX,0.992713394598111
2025-05-26,BRL,Desvíos del modelo (z-score),FX,0.8643451649254632
2025-05-27,BRL,Desvíos del modelo (z-score),FX,0.8293089612384018
2025-05-28,BRL,Desvíos del modelo (z-score),FX,0.8155674126944459
2025-05-29,BRL,Desvíos del modelo (z-score),FX,0.743566201645516
2025-05-30,BRL,Desvíos del modelo (z-score),FX,0.8391706097565168
2025-06-02,BRL,Desvíos del modelo (z-score),FX,1.1946745025462486
2025-06-03,BRL,Desvíos del modelo (z-score),FX,1.109792517109654
2025-06-04,BRL,Desvíos del modelo (z-score),FX,0.8147476892412362
2025-06-05,BRL,Desvíos del modelo (z-score),FX,0.9566101031691628
2025-06-06,BRL,Desvíos del modelo (z-score),FX,0.9799581358682887
2025-06-09,BRL,Desvíos del modelo (z-score),FX,0.8630077056792592
2025-06-10,BRL,Desvíos del modelo (z-score),FX,0.8233927730330691
2025-06-11,BRL,Desvíos del modelo (z-score),FX,0.8734278369614267
2025-06-12,BRL,Desvíos del modelo (z-score),FX,0.8244740215197266
2025-06-13,BRL,Desvíos del modelo (z-score),FX,0.7934220402687391
2025-06-16,BRL,Desvíos del modelo (z-score),FX,0.8846977604035764
2025-06-17,BRL,Desvíos del modelo (z-score),FX,0.5437205011486633
2025-06-18,BRL,Desvíos del modelo (z-score),FX,0.5054653975762053
2025-06-19,BRL,Desvíos del modelo (z-score),FX,0.2533189128345461
2025-06-23,BRL,Desvíos del modelo (z-score),FX,0.33244993596117217
2025-06-24,BRL,Desvíos del modelo (z-score),FX,0.35472779692971174
2025-06-25,BRL,Desvíos del modelo (z-score),FX,0.5838145137579952
2025-06-26,BRL,Desvíos del modelo (z-score),FX,0.7599719875922706
2025-06-27,BRL,Desvíos del modelo (z-score),FX,0.49183203814619014
2025-06-30,BRL,Desvíos del modelo (z-score),FX,0.46679912228999665
2025-07-01,BRL,Desvíos del modelo (z-score),FX,0.47168920163691064
2025-07-02,BRL,Desvíos del modelo (z-score),FX,0.6054291500597945
2025-07-03,BRL,Desvíos del modelo (z-score),FX,0.546582024398511
2025-07-04,BRL,Desvíos del modelo (z-score),FX,0.4661351647182242
2025-07-07,BRL,Desvíos del modelo (z-score),FX,0.509489941762412
2025-07-08,BRL,Desvíos del modelo (z-score),FX,0.5923460820384503
2025-07-09,BRL,Desvíos del modelo (z-score),FX,0.5343519203466194
2025-07-10,BRL,Desvíos del modelo (z-score),FX,1.0448710673673731
2025-07-11,BRL,Desvíos del modelo (z-score),FX,0.9158266865173206
2025-07-14,BRL,Desvíos del modelo (z-score),FX,0.822227250386478
2025-07-15,BRL,Desvíos del modelo (z-score),FX,0.9124639890544451
2025-07-17,BRL,Desvíos del modelo (z-score),FX,0.7031101689785302
2025-07-18,BRL,Desvíos del modelo (z-score),FX,0.6636739054429273
2025-07-21,BRL,Desvíos del modelo (z-score),FX,0.8007721854247204
2025-07-22,BRL,Desvíos del modelo (z-score),FX,0.8182309584513687
2025-07-23,BRL,Desvíos del modelo (z-score),FX,0.918711547810334
2025-07-24,BRL,Desvíos del modelo (z-score),FX,0.8070240500472066
2025-07-25,BRL,Desvíos del modelo (z-score),FX,0.7511172009073914
2025-07-28,BRL,Desvíos del modelo (z-score),FX,0.8146550419694363
2025-07-29,BRL,Desvíos del modelo (z-score),FX,0.5545136610575061
2025-07-30,BRL,Desvíos del modelo (z-score),FX,0.594593158890174
2025-07-31,BRL,Desvíos del modelo (z-score),FX,0.3137035133351326
2025-08-01,BRL,Desvíos del modelo (z-score),FX,-0.013547457636773726
2025-08-04,BRL,Desvíos del modelo (z-score),FX,0.0640348045356946
2025-08-05,BRL,Desvíos del modelo (z-score),FX,0.06714204354448146
2025-08-06,BRL,Desvíos del modelo (z-score),FX,0.1765438435928295
2025-08-07,BRL,Desvíos del modelo (z-score),FX,0.16389354033931594
2025-08-08,BRL,Desvíos del modelo (z-score),FX,0.1875916852618664
2025-08-11,BRL,Desvíos del modelo (z-score),FX,0.12206696784716997
2025-08-12,BRL,Desvíos del modelo (z-score),FX,0.1544478331807933
2025-08-13,BRL,Desvíos del modelo (z-score),FX,0.08486814386885548
2025-08-14,BRL,Desvíos del modelo (z-score),FX,0.07100623550576458
2025-08-18,BRL,Desvíos del modelo (z-score),FX,0.14303948646473605
2025-08-19,BRL,Desvíos del modelo (z-score),FX,0.15170442950654892
2025-08-20,BRL,Desvíos del modelo (z-score),FX,0.3096843301500551
2025-08-21,BRL,Desvíos del modelo (z-score),FX,0.32760385821369
2025-08-22,BRL,Desvíos del modelo (z-score),FX,0.3178870907492371
2025-08-25,BRL,Desvíos del modelo (z-score),FX,0.3198588885120081
2025-08-26,BRL,Desvíos del modelo (z-score),FX,0.1717974655991146
2025-08-27,BRL,Desvíos del modelo (z-score),FX,0.1283026874527957
2025-08-28,BRL,Desvíos del modelo (z-score),FX,0.11551976330851049
2025-08-29,BRL,Desvíos del modelo (z-score),FX,0.16493412461588516
2025-09-01,BRL,Desvíos del modelo (z-score),FX,0.24273735124146767
2025-09-02,BRL,Desvíos del modelo (z-score),FX,0.2692498900436341
2025-09-03,BRL,Desvíos del modelo (z-score),FX,0.18724901289930396
2025-09-04,BRL,Desvíos del modelo (z-score),FX,0.08990954839869379
2025-09-05,BRL,Desvíos del modelo (z-score),FX,-4.89997154564829e-4
2025-09-08,BRL,Desvíos del modelo (z-score),FX,-0.033694623202105395
2025-09-09,BRL,Desvíos del modelo (z-score),FX,0.06664215399930339
2025-09-10,BRL,Desvíos del modelo (z-score),FX,0.03125340419834416
2025-09-11,BRL,Desvíos del modelo (z-score),FX,-0.029239247211472637
2025-09-12,BRL,Desvíos del modelo (z-score),FX,0.010524794514091442
2025-09-15,BRL,Desvíos del modelo (z-score),FX,-0.24032859610925142
2025-09-16,BRL,Desvíos del modelo (z-score),FX,-0.35148889449831355
2025-09-17,BRL,Desvíos del modelo (z-score),FX,-0.22628050080448994
2025-09-22,BRL,Desvíos del modelo (z-score),FX,-0.1400330948307844
2025-09-23,BRL,Desvíos del modelo (z-score),FX,-0.18108635293129172
2025-09-24,BRL,Desvíos del modelo (z-score),FX,-0.31934758237075594
2025-09-25,BRL,Desvíos del modelo (z-score),FX,-0.26478164875344995
2025-09-26,BRL,Desvíos del modelo (z-score),FX,-0.04678843743736495
2025-09-29,BRL,Desvíos del modelo (z-score),FX,-0.19538868814390978
2025-09-30,BRL,Desvíos del modelo (z-score),FX,-0.23517436301392056
2025-10-01,BRL,Desvíos del modelo (z-score),FX,-0.3097733920301434
2025-10-02,BRL,Desvíos del modelo (z-score),FX,-0.3923822708074782
2025-10-03,BRL,Desvíos del modelo (z-score),FX,-0.2681251780789711
2025-10-06,BRL,Desvíos del modelo (z-score),FX,-0.2664794494176885
2025-10-07,BRL,Desvíos del modelo (z-score),FX,-0.4439407986994984
2025-10-08,BRL,Desvíos del modelo (z-score),FX,-0.31624568149816706
2025-10-09,BRL,Desvíos del modelo (z-score),FX,-0.4824953192898267
2025-10-10,BRL,Desvíos del modelo (z-score),FX,-0.8513308088074593
2025-10-13,BRL,Desvíos del modelo (z-score),FX,-0.3344507723712944
2025-10-14,BRL,Desvíos del modelo (z-score),FX,-0.436835109701962
2025-10-15,BRL,Desvíos del modelo (z-score),FX,-0.38395486191762324
2025-10-16,BRL,Desvíos del modelo (z-score),FX,-0.6645002186111865
2025-10-17,BRL,Desvíos del modelo (z-score),FX,-0.5735263762189738
2025-10-20,BRL,Desvíos del modelo (z-score),FX,-0.5295999138705215
2025-10-21,BRL,Desvíos del modelo (z-score),FX,-0.8673736600554808
2025-10-22,BRL,Desvíos del modelo (z-score),FX,-0.878868686829158
2025-10-23,BRL,Desvíos del modelo (z-score),FX,-0.7002051974195858
2025-10-24,BRL,Desvíos del modelo (z-score),FX,-0.6698863980728493
2025-10-27,BRL,Desvíos del modelo (z-score),FX,-0.8571634202848553
2025-10-28,BRL,Desvíos del modelo (z-score),FX,-0.9525556870983306
2025-10-29,BRL,Desvíos del modelo (z-score),FX,-0.9381686096502271
2025-10-30,BRL,Desvíos del modelo (z-score),FX,-0.8167933684863019
2025-11-03,BRL,Desvíos del modelo (z-score),FX,-1.0335865768984334
2025-11-04,BRL,Desvíos del modelo (z-score),FX,-1.1932158972082558
2025-11-05,BRL,Desvíos del modelo (z-score),FX,-0.9854019639878362
2025-11-06,BRL,Desvíos del modelo (z-score),FX,-1.2527000901984469
2025-11-07,BRL,Desvíos del modelo (z-score),FX,-1.0470594256457155
2025-11-10,BRL,Desvíos del modelo (z-score),FX,-0.9976635841263738
2025-11-11,BRL,Desvíos del modelo (z-score),FX,-1.0515277432115222
2025-11-12,BRL,Desvíos del modelo (z-score),FX,-1.1119317141185399
2025-11-13,BRL,Desvíos del modelo (z-score),FX,-1.1081942111453311
2025-11-14,BRL,Desvíos del modelo (z-score),FX,-1.0096120884688495
2025-11-17,BRL,Desvíos del modelo (z-score),FX,-1.2263473775767497
2025-11-18,BRL,Desvíos del modelo (z-score),FX,-1.230546836776733
2025-11-19,BRL,Desvíos del modelo (z-score),FX,-1.1609914170288982
2025-11-20,BRL,Desvíos del modelo (z-score),FX,-1.5142179783463534
2025-11-21,BRL,Desvíos del modelo (z-score),FX,-1.3502793664263262
2025-11-24,BRL,Desvíos del modelo (z-score),FX,-1.1833070485026145
2025-11-25,BRL,Desvíos del modelo (z-score),FX,-1.1592941751594679
2025-11-26,BRL,Desvíos del modelo (z-score),FX,-0.90589917873047765
2025-11-27,BRL,Desvíos del modelo (z-score),FX,-0.9533935385840955
2025-11-28,BRL,Desvíos del modelo (z-score),FX,-0.9058047940163476
2025-12-01,BRL,Desvíos del modelo (z-score),FX,-0.7062551160746436
2025-12-02,BRL,Desvíos del modelo (z-score),FX,-0.7734137012370611
2025-12-03,BRL,Desvíos del modelo (z-score),FX,-0.8353024147022612
2025-12-04,BRL,Desvíos del modelo (z-score),FX,-0.7915958757320154
2025-12-05,BRL,Desvíos del modelo (z-score),FX,-0.6939315716142388
2025-12-09,BRL,Desvíos del modelo (z-score),FX,-0.28383545881046285
2025-12-10,BRL,Desvíos del modelo (z-score),FX,-0.2381170482893181
2025-12-11,BRL,Desvíos del modelo (z-score),FX,-0.020046159096639045
2025-12-12,BRL,Desvíos del modelo (z-score),FX,-0.11646823262608706
2025-12-15,BRL,Desvíos del modelo (z-score),FX,-0.21748166665671204
2025-12-16,BRL,Desvíos del modelo (z-score),FX,-0.15654044586484045
2025-12-17,BRL,Desvíos del modelo (z-score),FX,0.05505458149519709
2025-12-18,BRL,Desvíos del modelo (z-score),FX,0.14947724732682297
2025-12-19,BRL,Desvíos del modelo (z-score),FX,0.275931394231511
2025-12-22,BRL,Desvíos del modelo (z-score),FX,0.4841556097768011
2025-12-23,BRL,Desvíos del modelo (z-score),FX,0.7434340812727224
2025-12-24,BRL,Desvíos del modelo (z-score),FX,0.5537091257872967
2025-12-26,BRL,Desvíos del modelo (z-score),FX,0.5982293434679384
2025-12-29,BRL,Desvíos del modelo (z-score),FX,0.48280807484290433
2025-12-30,BRL,Desvíos del modelo (z-score),FX,0.31553940703761496
2026-01-02,BRL,Desvíos del modelo (z-score),FX,0.0645386530477903
2026-01-05,BRL,Desvíos del modelo (z-score),FX,-0.03614667494779996
2026-01-06,BRL,Desvíos del modelo (z-score),FX,-0.024035937947203736
2026-01-07,BRL,Desvíos del modelo (z-score),FX,-0.21514802157213936
2026-01-08,BRL,Desvíos del modelo (z-score),FX,-0.24848034104596775
2026-01-09,BRL,Desvíos del modelo (z-score),FX,-0.17670925345425187
2026-01-12,BRL,Desvíos del modelo (z-score),FX,-0.12137694751804619
2026-01-13,BRL,Desvíos del modelo (z-score),FX,-0.18133255070557835
2026-01-14,BRL,Desvíos del modelo (z-score),FX,-0.28272432603508335
2026-01-15,BRL,Desvíos del modelo (z-score),FX,-0.17900268495337993
2026-01-16,BRL,Desvíos del modelo (z-score),FX,-0.11562317170995905
2026-01-19,BRL,Desvíos del modelo (z-score),FX,-0.23826675571176245
2026-01-20,BRL,Desvíos del modelo (z-score),FX,0.029709818630158254
2026-01-21,BRL,Desvíos del modelo (z-score),FX,0.05435474627224365
2026-01-22,BRL,Desvíos del modelo (z-score),FX,0.054926831347000216
2026-01-23,BRL,Desvíos del modelo (z-score),FX,-0.019561310988010477
2026-01-26,BRL,Desvíos del modelo (z-score),FX,0.13043382401861947
2026-01-27,BRL,Desvíos del modelo (z-score),FX,0.19331000263594145
2026-01-28,BRL,Desvíos del modelo (z-score),FX,0.06998778724938633
2026-01-29,BRL,Desvíos del modelo (z-score),FX,0.03688877669365934
2026-01-30,BRL,Desvíos del modelo (z-score),FX,-0.22630767694285228
2026-02-02,BRL,Desvíos del modelo (z-score),FX,-0.24512534192837884
2026-02-03,BRL,Desvíos del modelo (z-score),FX,-0.2910922663029061
2026-02-04,BRL,Desvíos del modelo (z-score),FX,-0.23063095757865107
2026-02-05,BRL,Desvíos del modelo (z-score),FX,-0.6421601709870565
2026-02-06,BRL,Desvíos del modelo (z-score),FX,-0.38814513384269306
2026-02-09,BRL,Desvíos del modelo (z-score),FX,-0.2800854977281142
2026-02-10,BRL,Desvíos del modelo (z-score),FX,-0.29459476922708366
2026-02-11,BRL,Desvíos del modelo (z-score),FX,-0.19456532320295317
2026-02-12,BRL,Desvíos del modelo (z-score),FX,-0.6787883934240532
2026-02-13,BRL,Desvíos del modelo (z-score),FX,-0.49845346084211034
2026-02-16,BRL,Desvíos del modelo (z-score),FX,-0.5447830135457048
2026-02-17,BRL,Desvíos del modelo (z-score),FX,-0.5702947873754367
2026-02-18,BRL,Desvíos del modelo (z-score),FX,-0.40586398122612716
2026-02-19,BRL,Desvíos del modelo (z-score),FX,-0.5291119641617679
2026-02-20,BRL,Desvíos del modelo (z-score),FX,-0.46280239822782243
2026-02-23,BRL,Desvíos del modelo (z-score),FX,-0.6397359099284432
2026-02-24,BRL,Desvíos del modelo (z-score),FX,-0.69338133145474
2026-02-25,BRL,Desvíos del modelo (z-score),FX,-0.7291489399267946
2026-02-26,BRL,Desvíos del modelo (z-score),FX,-0.7804029134793938
2026-02-27,BRL,Desvíos del modelo (z-score),FX,-0.7629599284857457
2026-03-02,BRL,Desvíos del modelo (z-score),FX,-0.6801326019642416
2026-03-03,BRL,Desvíos del modelo (z-score),FX,-0.882696525276501
2026-03-04,BRL,Desvíos del modelo (z-score),FX,-0.7791876671153123
2026-03-05,BRL,Desvíos del modelo (z-score),FX,-0.8332324755350135
2026-03-06,BRL,Desvíos del modelo (z-score),FX,-0.9759348599330501
2026-03-09,BRL,Desvíos del modelo (z-score),FX,-0.9968734772223801
2026-03-10,BRL,Desvíos del modelo (z-score),FX,-1.0131550780372223
2026-03-11,BRL,Desvíos del modelo (z-score),FX,-1.0393716249855538
2026-03-12,BRL,Desvíos del modelo (z-score),FX,-1.1339514760480003
2026-03-13,BRL,Desvíos del modelo (z-score),FX,-0.9832462508653206
2026-03-16,BRL,Desvíos del modelo (z-score),FX,-0.8441499662569862
2026-03-17,BRL,Desvíos del modelo (z-score),FX,-0.9539283064361094
2026-03-18,BRL,Desvíos del modelo (z-score),FX,-1.1302937518536764
2026-03-19,BRL,Desvíos del modelo (z-score),FX,-1.030940092535287
2026-03-20,BRL,Desvíos del modelo (z-score),FX,-1.0503330297812976
2026-03-23,BRL,Desvíos del modelo (z-score),FX,-1.0993647749778435
2026-03-24,BRL,Desvíos del modelo (z-score),FX,-1.074421473376637
2026-03-25,BRL,Desvíos del modelo (z-score),FX,-1.07604152223513
2026-03-26,BRL,Desvíos del modelo (z-score),FX,-1.0805197544870544
2026-03-27,BRL,Desvíos del modelo (z-score),FX,-1.0629851316594132
2026-03-30,BRL,Desvíos del modelo (z-score),FX,-1.2233910627923852
2026-03-31,BRL,Desvíos del modelo (z-score),FX,-1.0987499608393332
2026-04-01,BRL,Desvíos del modelo (z-score),FX,-1.1048549531659282
2026-04-02,BRL,Desvíos del modelo (z-score),FX,-1.0192829619598143
2026-04-06,BRL,Desvíos del modelo (z-score),FX,-1.1618871035758294
2026-04-07,BRL,Desvíos del modelo (z-score),FX,-1.2671015327548725
2026-04-08,BRL,Desvíos del modelo (z-score),FX,-1.1430264763081264
2026-04-09,BRL,Desvíos del modelo (z-score),FX,-1.0547211481771013
2026-04-10,BRL,Desvíos del modelo (z-score),FX,-1.0996988687364606
2026-04-13,BRL,Desvíos del modelo (z-score),FX,-1.3193789527287998
2026-04-14,BRL,Desvíos del modelo (z-score),FX,-1.4302677992055353
2026-04-15,BRL,Desvíos del modelo (z-score),FX,-1.4816581024649371
2026-04-16,BRL,Desvíos del modelo (z-score),FX,-1.4140119439776262
2026-04-17,BRL,Desvíos del modelo (z-score),FX,-1.5935305097255608
2026-04-20,BRL,Desvíos del modelo (z-score),FX,-1.6851964608729966
2026-04-21,BRL,Desvíos del modelo (z-score),FX,-1.802010294585988
2026-04-22,BRL,Desvíos del modelo (z-score),FX,-1.7806549292472635
2026-04-23,BRL,Desvíos del modelo (z-score),FX,-1.8242383328812979
2026-04-24,BRL,Desvíos del modelo (z-score),FX,-1.7331692732086732
2026-04-27,BRL,Desvíos del modelo (z-score),FX,-1.7318981809077594
2026-04-28,BRL,Desvíos del modelo (z-score),FX,-1.7204794098623846
2026-04-29,BRL,Desvíos del modelo (z-score),FX,-1.7051621833619068
2026-04-30,BRL,Desvíos del modelo (z-score),FX,-1.6665933316095696
2026-05-04,BRL,Desvíos del modelo (z-score),FX,-1.806105899229468
2026-05-05,BRL,Desvíos del modelo (z-score),FX,-1.8946417728905043
2026-05-06,BRL,Desvíos del modelo (z-score),FX,-1.9888922436253125
2026-05-07,BRL,Desvíos del modelo (z-score),FX,-1.8830362107107192
2026-05-08,BRL,Desvíos del modelo (z-score),FX,-2.017723783605442
2026-05-11,BRL,Desvíos del modelo (z-score),FX,-1.9889888194644012
2026-05-12,BRL,Desvíos del modelo (z-score),FX,-1.9096432549838558
2026-05-13,BRL,Desvíos del modelo (z-score),FX,-1.9721036517969843
2026-05-14,BRL,Desvíos del modelo (z-score),FX,-1.6964815025867483
2026-05-15,BRL,Desvíos del modelo (z-score),FX,-1.6841794924549098
2026-05-18,BRL,Desvíos del modelo (z-score),FX,-1.5814766787261862
2026-05-19,BRL,Desvíos del modelo (z-score),FX,-1.6385378420097907
2026-05-20,BRL,Desvíos del modelo (z-score),FX,-1.8000994030218014
2026-05-22,BRL,Desvíos del modelo (z-score),FX,-1.8730983615285637
2026-05-25,BRL,Desvíos del modelo (z-score),FX,-1.8861026372041314
2026-05-26,BRL,Desvíos del modelo (z-score),FX,-1.9284793461124405
2026-05-27,BRL,Desvíos del modelo (z-score),FX,-1.928462609973065
2026-05-28,BRL,Desvíos del modelo (z-score),FX,-1.8729253100734298
2026-05-29,BRL,Desvíos del modelo (z-score),FX,-1.8939742366960926
2026-06-01,BRL,Desvíos del modelo (z-score),FX,-2.048984394019243
2026-06-02,BRL,Desvíos del modelo (z-score),FX,-2.065535187732131
2025-01-02,BRL,Desvíos del modelo (z-score),Tasa 10Y,1.3514582472333294
2025-01-03,BRL,Desvíos del modelo (z-score),Tasa 10Y,1.6773105276196083
2025-01-06,BRL,Desvíos del modelo (z-score),Tasa 10Y,1.1524339738156468
2025-01-07,BRL,Desvíos del modelo (z-score),Tasa 10Y,1.3246181644168278
2025-01-08,BRL,Desvíos del modelo (z-score),Tasa 10Y,1.3586139160898876
2025-01-09,BRL,Desvíos del modelo (z-score),Tasa 10Y,1.528095371460615
2025-01-10,BRL,Desvíos del modelo (z-score),Tasa 10Y,1.689150763978281
2025-01-13,BRL,Desvíos del modelo (z-score),Tasa 10Y,1.6050089366838667
2025-01-14,BRL,Desvíos del modelo (z-score),Tasa 10Y,1.3633565712445714
2025-01-15,BRL,Desvíos del modelo (z-score),Tasa 10Y,1.5310394556218883
2025-01-16,BRL,Desvíos del modelo (z-score),Tasa 10Y,2.089454666464628
2025-01-17,BRL,Desvíos del modelo (z-score),Tasa 10Y,2.322484143148949
2025-01-20,BRL,Desvíos del modelo (z-score),Tasa 10Y,2.1909346069065823
2025-01-21,BRL,Desvíos del modelo (z-score),Tasa 10Y,2.204843312391504
2025-01-22,BRL,Desvíos del modelo (z-score),Tasa 10Y,2.067574948216515
2025-01-23,BRL,Desvíos del modelo (z-score),Tasa 10Y,2.365923083486419
2025-01-24,BRL,Desvíos del modelo (z-score),Tasa 10Y,2.132220870869693
2025-01-27,BRL,Desvíos del modelo (z-score),Tasa 10Y,2.0496513428669187
2025-01-28,BRL,Desvíos del modelo (z-score),Tasa 10Y,2.145316651555279
2025-01-29,BRL,Desvíos del modelo (z-score),Tasa 10Y,2.0916225184666724
2025-01-30,BRL,Desvíos del modelo (z-score),Tasa 10Y,2.109830052104193
2025-01-31,BRL,Desvíos del modelo (z-score),Tasa 10Y,1.8815951576709122
2025-02-03,BRL,Desvíos del modelo (z-score),Tasa 10Y,1.6960417432023867
2025-02-04,BRL,Desvíos del modelo (z-score),Tasa 10Y,1.7855735048335004
2025-02-05,BRL,Desvíos del modelo (z-score),Tasa 10Y,2.2364541266072266
2025-02-06,BRL,Desvíos del modelo (z-score),Tasa 10Y,2.217443501704712
2025-02-07,BRL,Desvíos del modelo (z-score),Tasa 10Y,2.266217453066007
2025-02-10,BRL,Desvíos del modelo (z-score),Tasa 10Y,2.2871975487379737
2025-02-11,BRL,Desvíos del modelo (z-score),Tasa 10Y,2.1105462441332112
2025-02-12,BRL,Desvíos del modelo (z-score),Tasa 10Y,2.0658839724872697
2025-02-13,BRL,Desvíos del modelo (z-score),Tasa 10Y,2.313058022010052
2025-02-14,BRL,Desvíos del modelo (z-score),Tasa 10Y,1.9716843463988714
2025-02-17,BRL,Desvíos del modelo (z-score),Tasa 10Y,1.8233054865129958
2025-02-18,BRL,Desvíos del modelo (z-score),Tasa 10Y,1.719529486936122
2025-02-19,BRL,Desvíos del modelo (z-score),Tasa 10Y,1.916754107687909
2025-02-20,BRL,Desvíos del modelo (z-score),Tasa 10Y,1.8818354492284532
2025-02-21,BRL,Desvíos del modelo (z-score),Tasa 10Y,1.9456929482965535
2025-02-24,BRL,Desvíos del modelo (z-score),Tasa 10Y,2.077285980113221
2025-02-25,BRL,Desvíos del modelo (z-score),Tasa 10Y,2.2666654054778275
2025-02-26,BRL,Desvíos del modelo (z-score),Tasa 10Y,2.6949837625210966
2025-02-27,BRL,Desvíos del modelo (z-score),Tasa 10Y,2.640098974710408
2025-02-28,BRL,Desvíos del modelo (z-score),Tasa 10Y,2.8281831356132683
2025-03-03,BRL,Desvíos del modelo (z-score),Tasa 10Y,2.7284618611511466
2025-03-04,BRL,Desvíos del modelo (z-score),Tasa 10Y,2.495776503299262
2025-03-05,BRL,Desvíos del modelo (z-score),Tasa 10Y,2.4781453338814665
2025-03-06,BRL,Desvíos del modelo (z-score),Tasa 10Y,2.427625579460249
2025-03-07,BRL,Desvíos del modelo (z-score),Tasa 10Y,2.136847188988195
2025-03-10,BRL,Desvíos del modelo (z-score),Tasa 10Y,2.3851915651654663
2025-03-11,BRL,Desvíos del modelo (z-score),Tasa 10Y,2.0674824919178163
2025-03-12,BRL,Desvíos del modelo (z-score),Tasa 10Y,2.2282476410440224
2025-03-13,BRL,Desvíos del modelo (z-score),Tasa 10Y,2.04538680631581
2025-03-14,BRL,Desvíos del modelo (z-score),Tasa 10Y,2.05880085813236
2025-03-17,BRL,Desvíos del modelo (z-score),Tasa 10Y,1.9988312527974699
2025-03-18,BRL,Desvíos del modelo (z-score),Tasa 10Y,1.9138239431786097
2025-03-19,BRL,Desvíos del modelo (z-score),Tasa 10Y,2.0107317616371008
2025-03-20,BRL,Desvíos del modelo (z-score),Tasa 10Y,2.49675371172187
2025-03-21,BRL,Desvíos del modelo (z-score),Tasa 10Y,2.445414268256513
2025-03-24,BRL,Desvíos del modelo (z-score),Tasa 10Y,2.559639707632601
2025-03-25,BRL,Desvíos del modelo (z-score),Tasa 10Y,2.5299844414471138
2025-03-26,BRL,Desvíos del modelo (z-score),Tasa 10Y,2.644490081515998
2025-03-27,BRL,Desvíos del modelo (z-score),Tasa 10Y,2.520980415606096
2025-03-28,BRL,Desvíos del modelo (z-score),Tasa 10Y,2.6706806042204687
2025-03-31,BRL,Desvíos del modelo (z-score),Tasa 10Y,2.6336838807960787
2025-04-01,BRL,Desvíos del modelo (z-score),Tasa 10Y,2.604645685061063
2025-04-02,BRL,Desvíos del modelo (z-score),Tasa 10Y,2.747967685794308
2025-04-03,BRL,Desvíos del modelo (z-score),Tasa 10Y,2.2836767724343585
2025-04-04,BRL,Desvíos del modelo (z-score),Tasa 10Y,2.019005057839339
2025-04-07,BRL,Desvíos del modelo (z-score),Tasa 10Y,2.057509046705527
2025-04-08,BRL,Desvíos del modelo (z-score),Tasa 10Y,1.9181851212502956
2025-04-09,BRL,Desvíos del modelo (z-score),Tasa 10Y,2.1273804913088625
2025-04-10,BRL,Desvíos del modelo (z-score),Tasa 10Y,2.1107923948560123
2025-04-11,BRL,Desvíos del modelo (z-score),Tasa 10Y,1.4370672330248313
2025-04-14,BRL,Desvíos del modelo (z-score),Tasa 10Y,1.4360061571225249
2025-04-15,BRL,Desvíos del modelo (z-score),Tasa 10Y,1.414349402739293
2025-04-16,BRL,Desvíos del modelo (z-score),Tasa 10Y,1.2353338973085666
2025-04-17,BRL,Desvíos del modelo (z-score),Tasa 10Y,1.1867742184662042
2025-04-21,BRL,Desvíos del modelo (z-score),Tasa 10Y,1.1949452942238599
2025-04-22,BRL,Desvíos del modelo (z-score),Tasa 10Y,1.3127244348682252
2025-04-23,BRL,Desvíos del modelo (z-score),Tasa 10Y,1.3455891266609326
2025-04-24,BRL,Desvíos del modelo (z-score),Tasa 10Y,1.2876129987276215
2025-04-25,BRL,Desvíos del modelo (z-score),Tasa 10Y,1.6303506156451133
2025-04-28,BRL,Desvíos del modelo (z-score),Tasa 10Y,1.6199426482787989
2025-04-29,BRL,Desvíos del modelo (z-score),Tasa 10Y,1.6399600652191246
2025-04-30,BRL,Desvíos del modelo (z-score),Tasa 10Y,1.303568244353616
2025-05-02,BRL,Desvíos del modelo (z-score),Tasa 10Y,1.0902419422572343
2025-05-05,BRL,Desvíos del modelo (z-score),Tasa 10Y,0.8670091814222752
2025-05-06,BRL,Desvíos del modelo (z-score),Tasa 10Y,0.839376452873042
2025-05-07,BRL,Desvíos del modelo (z-score),Tasa 10Y,0.7430544548309379
2025-05-08,BRL,Desvíos del modelo (z-score),Tasa 10Y,0.7046848798657513
2025-05-09,BRL,Desvíos del modelo (z-score),Tasa 10Y,0.6808809541770456
2025-05-12,BRL,Desvíos del modelo (z-score),Tasa 10Y,0.7413718115369508
2025-05-13,BRL,Desvíos del modelo (z-score),Tasa 10Y,0.9222790723454647
2025-05-14,BRL,Desvíos del modelo (z-score),Tasa 10Y,0.8572002503375912
2025-05-15,BRL,Desvíos del modelo (z-score),Tasa 10Y,0.8089253136079649
2025-05-16,BRL,Desvíos del modelo (z-score),Tasa 10Y,0.7985333636404328
2025-05-19,BRL,Desvíos del modelo (z-score),Tasa 10Y,0.7590946341097484
2025-05-20,BRL,Desvíos del modelo (z-score),Tasa 10Y,0.8217186514249173
2025-05-22,BRL,Desvíos del modelo (z-score),Tasa 10Y,0.7950048959280552
2025-05-23,BRL,Desvíos del modelo (z-score),Tasa 10Y,0.6534575493296639
2025-05-26,BRL,Desvíos del modelo (z-score),Tasa 10Y,0.6335237691552714
2025-05-27,BRL,Desvíos del modelo (z-score),Tasa 10Y,0.6681073181928082
2025-05-28,BRL,Desvíos del modelo (z-score),Tasa 10Y,0.6503117864196019
2025-05-29,BRL,Desvíos del modelo (z-score),Tasa 10Y,0.7210128725393219
2025-05-30,BRL,Desvíos del modelo (z-score),Tasa 10Y,0.7363718207931579
2025-06-02,BRL,Desvíos del modelo (z-score),Tasa 10Y,0.6357930230602269
2025-06-03,BRL,Desvíos del modelo (z-score),Tasa 10Y,0.6759917958273367
2025-06-04,BRL,Desvíos del modelo (z-score),Tasa 10Y,0.7856332475859247
2025-06-05,BRL,Desvíos del modelo (z-score),Tasa 10Y,0.8605345247709213
2025-06-06,BRL,Desvíos del modelo (z-score),Tasa 10Y,0.7593740228159617
2025-06-09,BRL,Desvíos del modelo (z-score),Tasa 10Y,0.7312174308616071
2025-06-10,BRL,Desvíos del modelo (z-score),Tasa 10Y,0.7739766816634681
2025-06-11,BRL,Desvíos del modelo (z-score),Tasa 10Y,0.7824243885927237
2025-06-12,BRL,Desvíos del modelo (z-score),Tasa 10Y,0.6769771634515142
2025-06-13,BRL,Desvíos del modelo (z-score),Tasa 10Y,0.605938507857359
2025-06-16,BRL,Desvíos del modelo (z-score),Tasa 10Y,0.5372788868673197
2025-06-17,BRL,Desvíos del modelo (z-score),Tasa 10Y,0.5769280791164212
2025-06-18,BRL,Desvíos del modelo (z-score),Tasa 10Y,0.6775679285058002
2025-06-19,BRL,Desvíos del modelo (z-score),Tasa 10Y,0.6212047672955827
2025-06-23,BRL,Desvíos del modelo (z-score),Tasa 10Y,0.7381570415378347
2025-06-24,BRL,Desvíos del modelo (z-score),Tasa 10Y,0.8057165925460992
2025-06-25,BRL,Desvíos del modelo (z-score),Tasa 10Y,0.8474743007043395
2025-06-26,BRL,Desvíos del modelo (z-score),Tasa 10Y,0.690309573549366
2025-06-27,BRL,Desvíos del modelo (z-score),Tasa 10Y,0.6496175378464222
2025-06-30,BRL,Desvíos del modelo (z-score),Tasa 10Y,0.49716738549799694
2025-07-01,BRL,Desvíos del modelo (z-score),Tasa 10Y,0.5616776376916477
2025-07-02,BRL,Desvíos del modelo (z-score),Tasa 10Y,0.5790344357063638
2025-07-03,BRL,Desvíos del modelo (z-score),Tasa 10Y,0.6338928457802117
2025-07-04,BRL,Desvíos del modelo (z-score),Tasa 10Y,0.6153248738186647
2025-07-07,BRL,Desvíos del modelo (z-score),Tasa 10Y,0.7184075485811238
2025-07-08,BRL,Desvíos del modelo (z-score),Tasa 10Y,0.6355154662827647
2025-07-09,BRL,Desvíos del modelo (z-score),Tasa 10Y,0.9767817863540762
2025-07-10,BRL,Desvíos del modelo (z-score),Tasa 10Y,0.9530037812291438
2025-07-11,BRL,Desvíos del modelo (z-score),Tasa 10Y,0.8064548933871115
2025-07-14,BRL,Desvíos del modelo (z-score),Tasa 10Y,0.7923250345937468
2025-07-15,BRL,Desvíos del modelo (z-score),Tasa 10Y,0.9568817733939451
2025-07-17,BRL,Desvíos del modelo (z-score),Tasa 10Y,1.06737716248713
2025-07-18,BRL,Desvíos del modelo (z-score),Tasa 10Y,1.106029321438437
2025-07-21,BRL,Desvíos del modelo (z-score),Tasa 10Y,1.0458679962467186
2025-07-22,BRL,Desvíos del modelo (z-score),Tasa 10Y,0.9362015017473141
2025-07-23,BRL,Desvíos del modelo (z-score),Tasa 10Y,1.0200493149332726
2025-07-24,BRL,Desvíos del modelo (z-score),Tasa 10Y,1.1184731819358333
2025-07-25,BRL,Desvíos del modelo (z-score),Tasa 10Y,1.0908548394314759
2025-07-28,BRL,Desvíos del modelo (z-score),Tasa 10Y,1.0887446646797434
2025-07-29,BRL,Desvíos del modelo (z-score),Tasa 10Y,1.0541164004855068
2025-07-30,BRL,Desvíos del modelo (z-score),Tasa 10Y,1.0298282323848826
2025-07-31,BRL,Desvíos del modelo (z-score),Tasa 10Y,1.1588788362560078
2025-08-01,BRL,Desvíos del modelo (z-score),Tasa 10Y,1.295212469089073
2025-08-04,BRL,Desvíos del modelo (z-score),Tasa 10Y,1.1676637212522583
2025-08-05,BRL,Desvíos del modelo (z-score),Tasa 10Y,1.2957902471027256
2025-08-06,BRL,Desvíos del modelo (z-score),Tasa 10Y,1.2827431811610528
2025-08-07,BRL,Desvíos del modelo (z-score),Tasa 10Y,1.1782048438814527
2025-08-08,BRL,Desvíos del modelo (z-score),Tasa 10Y,1.2798993758408095
2025-08-11,BRL,Desvíos del modelo (z-score),Tasa 10Y,1.2596292620112
2025-08-12,BRL,Desvíos del modelo (z-score),Tasa 10Y,1.3748539899309136
2025-08-13,BRL,Desvíos del modelo (z-score),Tasa 10Y,1.486032905481574
2025-08-14,BRL,Desvíos del modelo (z-score),Tasa 10Y,1.3701288446177335
2025-08-18,BRL,Desvíos del modelo (z-score),Tasa 10Y,1.415021587540388
2025-08-19,BRL,Desvíos del modelo (z-score),Tasa 10Y,1.6300494392777978
2025-08-20,BRL,Desvíos del modelo (z-score),Tasa 10Y,1.4307249839286444
2025-08-21,BRL,Desvíos del modelo (z-score),Tasa 10Y,1.4145704884562205
2025-08-22,BRL,Desvíos del modelo (z-score),Tasa 10Y,1.5864121058336824
2025-08-25,BRL,Desvíos del modelo (z-score),Tasa 10Y,1.3959286432849904
2025-08-26,BRL,Desvíos del modelo (z-score),Tasa 10Y,1.378534019040623
2025-08-27,BRL,Desvíos del modelo (z-score),Tasa 10Y,1.5276464905570408
2025-08-28,BRL,Desvíos del modelo (z-score),Tasa 10Y,1.3821312522284726
2025-08-29,BRL,Desvíos del modelo (z-score),Tasa 10Y,1.4591434051679306
2025-09-01,BRL,Desvíos del modelo (z-score),Tasa 10Y,1.4674706983859442
2025-09-02,BRL,Desvíos del modelo (z-score),Tasa 10Y,1.558609232925374
2025-09-03,BRL,Desvíos del modelo (z-score),Tasa 10Y,1.6083025120671548
2025-09-04,BRL,Desvíos del modelo (z-score),Tasa 10Y,1.6977314223918618
2025-09-05,BRL,Desvíos del modelo (z-score),Tasa 10Y,1.7484001662079922
2025-09-08,BRL,Desvíos del modelo (z-score),Tasa 10Y,1.6794446714348497
2025-09-09,BRL,Desvíos del modelo (z-score),Tasa 10Y,1.5693612989277184
2025-09-10,BRL,Desvíos del modelo (z-score),Tasa 10Y,1.759494420852865
2025-09-11,BRL,Desvíos del modelo (z-score),Tasa 10Y,2.017777132392247
2025-09-12,BRL,Desvíos del modelo (z-score),Tasa 10Y,1.7218273975174012
2025-09-15,BRL,Desvíos del modelo (z-score),Tasa 10Y,1.6997042786731011
2025-09-16,BRL,Desvíos del modelo (z-score),Tasa 10Y,1.6173881397989616
2025-09-17,BRL,Desvíos del modelo (z-score),Tasa 10Y,1.436482285032644
2025-09-22,BRL,Desvíos del modelo (z-score),Tasa 10Y,1.5419470895484304
2025-09-23,BRL,Desvíos del modelo (z-score),Tasa 10Y,1.5433134402575865
2025-09-24,BRL,Desvíos del modelo (z-score),Tasa 10Y,1.584248799406565
2025-09-25,BRL,Desvíos del modelo (z-score),Tasa 10Y,1.5494640076966475
2025-09-26,BRL,Desvíos del modelo (z-score),Tasa 10Y,1.6874547162120754
2025-09-29,BRL,Desvíos del modelo (z-score),Tasa 10Y,1.6749953890279923
2025-09-30,BRL,Desvíos del modelo (z-score),Tasa 10Y,1.5092827231388866
2025-10-01,BRL,Desvíos del modelo (z-score),Tasa 10Y,1.5293087634696982
2025-10-02,BRL,Desvíos del modelo (z-score),Tasa 10Y,1.6607888121805758
2025-10-03,BRL,Desvíos del modelo (z-score),Tasa 10Y,1.627176149606104
2025-10-06,BRL,Desvíos del modelo (z-score),Tasa 10Y,1.6683773272726914
2025-10-07,BRL,Desvíos del modelo (z-score),Tasa 10Y,1.7819235862829272
2025-10-08,BRL,Desvíos del modelo (z-score),Tasa 10Y,1.7333652359890326
2025-10-09,BRL,Desvíos del modelo (z-score),Tasa 10Y,1.4899406650151614
2025-10-10,BRL,Desvíos del modelo (z-score),Tasa 10Y,1.268584050081678
2025-10-13,BRL,Desvíos del modelo (z-score),Tasa 10Y,1.3220860728251707
2025-10-14,BRL,Desvíos del modelo (z-score),Tasa 10Y,1.6012549700116216
2025-10-15,BRL,Desvíos del modelo (z-score),Tasa 10Y,1.6788238711503292
2025-10-16,BRL,Desvíos del modelo (z-score),Tasa 10Y,1.7661648623181143
2025-10-17,BRL,Desvíos del modelo (z-score),Tasa 10Y,1.7316148118057437
2025-10-20,BRL,Desvíos del modelo (z-score),Tasa 10Y,1.8173925902573251
2025-10-21,BRL,Desvíos del modelo (z-score),Tasa 10Y,1.8633831965803491
2025-10-22,BRL,Desvíos del modelo (z-score),Tasa 10Y,1.7032006500627586
2025-10-23,BRL,Desvíos del modelo (z-score),Tasa 10Y,1.6476793805041061
2025-10-24,BRL,Desvíos del modelo (z-score),Tasa 10Y,1.590119877000099
2025-10-27,BRL,Desvíos del modelo (z-score),Tasa 10Y,1.6200608490550783
2025-10-28,BRL,Desvíos del modelo (z-score),Tasa 10Y,1.6767682685395857
2025-10-29,BRL,Desvíos del modelo (z-score),Tasa 10Y,1.6233102657647012
2025-10-30,BRL,Desvíos del modelo (z-score),Tasa 10Y,1.6904821176589606
2025-11-03,BRL,Desvíos del modelo (z-score),Tasa 10Y,1.620995549236213
2025-11-04,BRL,Desvíos del modelo (z-score),Tasa 10Y,1.7546282348481848
2025-11-05,BRL,Desvíos del modelo (z-score),Tasa 10Y,1.5463080259840347
2025-11-06,BRL,Desvíos del modelo (z-score),Tasa 10Y,1.559119040567798
2025-11-07,BRL,Desvíos del modelo (z-score),Tasa 10Y,1.4850424133545044
2025-11-10,BRL,Desvíos del modelo (z-score),Tasa 10Y,1.4314384646506217
2025-11-11,BRL,Desvíos del modelo (z-score),Tasa 10Y,1.378547872637416
2025-11-12,BRL,Desvíos del modelo (z-score),Tasa 10Y,1.3485967658045372
2025-11-13,BRL,Desvíos del modelo (z-score),Tasa 10Y,1.263867074618887
2025-11-14,BRL,Desvíos del modelo (z-score),Tasa 10Y,1.1855971769691942
2025-11-17,BRL,Desvíos del modelo (z-score),Tasa 10Y,1.2210386453427171
2025-11-18,BRL,Desvíos del modelo (z-score),Tasa 10Y,1.208854762183679
2025-11-19,BRL,Desvíos del modelo (z-score),Tasa 10Y,1.1469640836880475
2025-11-20,BRL,Desvíos del modelo (z-score),Tasa 10Y,1.2185805054637098
2025-11-21,BRL,Desvíos del modelo (z-score),Tasa 10Y,1.2188147639544675
2025-11-24,BRL,Desvíos del modelo (z-score),Tasa 10Y,1.2360817505725612
2025-11-25,BRL,Desvíos del modelo (z-score),Tasa 10Y,1.291216603223113
2025-11-26,BRL,Desvíos del modelo (z-score),Tasa 10Y,1.2304611423105094
2025-11-27,BRL,Desvíos del modelo (z-score),Tasa 10Y,1.1836662268993776
2025-11-28,BRL,Desvíos del modelo (z-score),Tasa 10Y,1.1313916301718945
2025-12-01,BRL,Desvíos del modelo (z-score),Tasa 10Y,0.9484983976041096
2025-12-02,BRL,Desvíos del modelo (z-score),Tasa 10Y,0.9048005070991557
2025-12-03,BRL,Desvíos del modelo (z-score),Tasa 10Y,0.979550948208224
2025-12-04,BRL,Desvíos del modelo (z-score),Tasa 10Y,0.9049626452853434
2025-12-05,BRL,Desvíos del modelo (z-score),Tasa 10Y,1.241931290217857
2025-12-09,BRL,Desvíos del modelo (z-score),Tasa 10Y,0.9615173406025986
2025-12-10,BRL,Desvíos del modelo (z-score),Tasa 10Y,1.1777093321664085
2025-12-11,BRL,Desvíos del modelo (z-score),Tasa 10Y,1.0336936465404267
2025-12-12,BRL,Desvíos del modelo (z-score),Tasa 10Y,0.9615758218081112
2025-12-15,BRL,Desvíos del modelo (z-score),Tasa 10Y,0.9342997646657385
2025-12-16,BRL,Desvíos del modelo (z-score),Tasa 10Y,1.0178793961823018
2025-12-17,BRL,Desvíos del modelo (z-score),Tasa 10Y,1.1082914440208715
2025-12-18,BRL,Desvíos del modelo (z-score),Tasa 10Y,1.2100140274704954
2025-12-19,BRL,Desvíos del modelo (z-score),Tasa 10Y,1.1674811585816531
2025-12-22,BRL,Desvíos del modelo (z-score),Tasa 10Y,1.2554464171273645
2025-12-23,BRL,Desvíos del modelo (z-score),Tasa 10Y,1.1682224668420407
2025-12-24,BRL,Desvíos del modelo (z-score),Tasa 10Y,1.1071148324583509
2025-12-26,BRL,Desvíos del modelo (z-score),Tasa 10Y,1.1473885290845853
2025-12-29,BRL,Desvíos del modelo (z-score),Tasa 10Y,1.1531560578727729
2025-12-30,BRL,Desvíos del modelo (z-score),Tasa 10Y,1.0023080527665476
2026-01-02,BRL,Desvíos del modelo (z-score),Tasa 10Y,0.8622707543974224
2026-01-05,BRL,Desvíos del modelo (z-score),Tasa 10Y,0.9358148335513213
2026-01-06,BRL,Desvíos del modelo (z-score),Tasa 10Y,0.8954304196714671
2026-01-07,BRL,Desvíos del modelo (z-score),Tasa 10Y,0.8828035459440436
2026-01-08,BRL,Desvíos del modelo (z-score),Tasa 10Y,0.9062438558987096
2026-01-09,BRL,Desvíos del modelo (z-score),Tasa 10Y,0.9542943466292383
2026-01-12,BRL,Desvíos del modelo (z-score),Tasa 10Y,0.8883672126514083
2026-01-13,BRL,Desvíos del modelo (z-score),Tasa 10Y,0.8503211237485216
2026-01-14,BRL,Desvíos del modelo (z-score),Tasa 10Y,1.0207875765081142
2026-01-15,BRL,Desvíos del modelo (z-score),Tasa 10Y,1.1666477522482956
2026-01-16,BRL,Desvíos del modelo (z-score),Tasa 10Y,1.1672766465242974
2026-01-19,BRL,Desvíos del modelo (z-score),Tasa 10Y,1.1012854285275535
2026-01-20,BRL,Desvíos del modelo (z-score),Tasa 10Y,1.0635675954072699
2026-01-21,BRL,Desvíos del modelo (z-score),Tasa 10Y,1.0626992581432095
2026-01-22,BRL,Desvíos del modelo (z-score),Tasa 10Y,1.1024512702533515
2026-01-23,BRL,Desvíos del modelo (z-score),Tasa 10Y,1.0469865183777367
2026-01-26,BRL,Desvíos del modelo (z-score),Tasa 10Y,0.8421941399683288
2026-01-27,BRL,Desvíos del modelo (z-score),Tasa 10Y,0.5688484820923339
2026-01-28,BRL,Desvíos del modelo (z-score),Tasa 10Y,0.44870528263168036
2026-01-29,BRL,Desvíos del modelo (z-score),Tasa 10Y,0.47771668799175354
2026-01-30,BRL,Desvíos del modelo (z-score),Tasa 10Y,0.6136840580881597
2026-02-02,BRL,Desvíos del modelo (z-score),Tasa 10Y,0.6714766675318629
2026-02-03,BRL,Desvíos del modelo (z-score),Tasa 10Y,0.6491334854363536
2026-02-04,BRL,Desvíos del modelo (z-score),Tasa 10Y,0.648969807944383
2026-02-05,BRL,Desvíos del modelo (z-score),Tasa 10Y,0.7686789698933065
2026-02-06,BRL,Desvíos del modelo (z-score),Tasa 10Y,0.9333758412505886
2026-02-09,BRL,Desvíos del modelo (z-score),Tasa 10Y,0.699083090600252
2026-02-10,BRL,Desvíos del modelo (z-score),Tasa 10Y,0.6553085076177853
2026-02-11,BRL,Desvíos del modelo (z-score),Tasa 10Y,0.6736785455043153
2026-02-12,BRL,Desvíos del modelo (z-score),Tasa 10Y,0.6175989292992394
2026-02-13,BRL,Desvíos del modelo (z-score),Tasa 10Y,0.752527367274486
2026-02-16,BRL,Desvíos del modelo (z-score),Tasa 10Y,0.7323589845347889
2026-02-17,BRL,Desvíos del modelo (z-score),Tasa 10Y,0.7691699977459275
2026-02-18,BRL,Desvíos del modelo (z-score),Tasa 10Y,0.67387673096795
2026-02-19,BRL,Desvíos del modelo (z-score),Tasa 10Y,0.8529612950256669
2026-02-20,BRL,Desvíos del modelo (z-score),Tasa 10Y,0.7894569175336269
2026-02-23,BRL,Desvíos del modelo (z-score),Tasa 10Y,0.8613697791414151
2026-02-24,BRL,Desvíos del modelo (z-score),Tasa 10Y,0.8233855036503666
2026-02-25,BRL,Desvíos del modelo (z-score),Tasa 10Y,0.799931854837092
2026-02-26,BRL,Desvíos del modelo (z-score),Tasa 10Y,0.7555710378381927
2026-02-27,BRL,Desvíos del modelo (z-score),Tasa 10Y,0.8598042502481941
2026-03-02,BRL,Desvíos del modelo (z-score),Tasa 10Y,0.8031501890318103
2026-03-03,BRL,Desvíos del modelo (z-score),Tasa 10Y,0.9848706772108969
2026-03-04,BRL,Desvíos del modelo (z-score),Tasa 10Y,0.9170849895567486
2026-03-05,BRL,Desvíos del modelo (z-score),Tasa 10Y,1.0000964263141514
2026-03-06,BRL,Desvíos del modelo (z-score),Tasa 10Y,1.178705369830515
2026-03-09,BRL,Desvíos del modelo (z-score),Tasa 10Y,0.9359110858116574
2026-03-10,BRL,Desvíos del modelo (z-score),Tasa 10Y,0.7976999477826103
2026-03-11,BRL,Desvíos del modelo (z-score),Tasa 10Y,0.7951529850653204
2026-03-12,BRL,Desvíos del modelo (z-score),Tasa 10Y,1.01341003357302
2026-03-13,BRL,Desvíos del modelo (z-score),Tasa 10Y,1.151182004657578
2026-03-16,BRL,Desvíos del modelo (z-score),Tasa 10Y,0.8549383361720327
2026-03-17,BRL,Desvíos del modelo (z-score),Tasa 10Y,0.8180102580810513
2026-03-18,BRL,Desvíos del modelo (z-score),Tasa 10Y,0.8600354934575873
2026-03-19,BRL,Desvíos del modelo (z-score),Tasa 10Y,0.8719868373474102
2026-03-20,BRL,Desvíos del modelo (z-score),Tasa 10Y,0.6799229814453069
2026-03-23,BRL,Desvíos del modelo (z-score),Tasa 10Y,0.7255183870472631
2026-03-24,BRL,Desvíos del modelo (z-score),Tasa 10Y,0.790008260809016
2026-03-25,BRL,Desvíos del modelo (z-score),Tasa 10Y,0.9180749809552919
2026-03-26,BRL,Desvíos del modelo (z-score),Tasa 10Y,0.8877350903022604
2026-03-27,BRL,Desvíos del modelo (z-score),Tasa 10Y,0.8058179100654029
2026-03-30,BRL,Desvíos del modelo (z-score),Tasa 10Y,0.9317223060597277
2026-03-31,BRL,Desvíos del modelo (z-score),Tasa 10Y,0.8643782401532105
2026-04-01,BRL,Desvíos del modelo (z-score),Tasa 10Y,0.8479246988708885
2026-04-02,BRL,Desvíos del modelo (z-score),Tasa 10Y,0.8640625721165315
2026-04-06,BRL,Desvíos del modelo (z-score),Tasa 10Y,0.8167544687954418
2026-04-07,BRL,Desvíos del modelo (z-score),Tasa 10Y,0.6714130115745962
2026-04-08,BRL,Desvíos del modelo (z-score),Tasa 10Y,0.47393831234303097
2026-04-09,BRL,Desvíos del modelo (z-score),Tasa 10Y,0.6535785982437854
2026-04-10,BRL,Desvíos del modelo (z-score),Tasa 10Y,0.4294212523137166
2026-04-13,BRL,Desvíos del modelo (z-score),Tasa 10Y,0.46600574388682225
2026-04-14,BRL,Desvíos del modelo (z-score),Tasa 10Y,0.5227872815504685
2026-04-15,BRL,Desvíos del modelo (z-score),Tasa 10Y,0.5053789198566008
2026-04-16,BRL,Desvíos del modelo (z-score),Tasa 10Y,0.4750778142618327
2026-04-17,BRL,Desvíos del modelo (z-score),Tasa 10Y,0.48360478654447375
2026-04-20,BRL,Desvíos del modelo (z-score),Tasa 10Y,0.42340699963675676
2026-04-21,BRL,Desvíos del modelo (z-score),Tasa 10Y,0.4633854153474401
2026-04-22,BRL,Desvíos del modelo (z-score),Tasa 10Y,0.5972131328811185
2026-04-23,BRL,Desvíos del modelo (z-score),Tasa 10Y,0.7460468903957997
2026-04-24,BRL,Desvíos del modelo (z-score),Tasa 10Y,0.6698665032688286
2026-04-27,BRL,Desvíos del modelo (z-score),Tasa 10Y,0.6916617740224256
2026-04-28,BRL,Desvíos del modelo (z-score),Tasa 10Y,0.7086097324450779
2026-04-29,BRL,Desvíos del modelo (z-score),Tasa 10Y,0.8092764313215385
2026-04-30,BRL,Desvíos del modelo (z-score),Tasa 10Y,0.914543989813493
2026-05-04,BRL,Desvíos del modelo (z-score),Tasa 10Y,0.9062862012461348
2026-05-05,BRL,Desvíos del modelo (z-score),Tasa 10Y,0.9629952759386898
2026-05-06,BRL,Desvíos del modelo (z-score),Tasa 10Y,0.8282328817761603
2026-05-07,BRL,Desvíos del modelo (z-score),Tasa 10Y,0.8076391476775389
2026-05-08,BRL,Desvíos del modelo (z-score),Tasa 10Y,0.7429764577128625
2026-05-11,BRL,Desvíos del modelo (z-score),Tasa 10Y,0.8081247171793634
2026-05-12,BRL,Desvíos del modelo (z-score),Tasa 10Y,0.7277787184774486
2026-05-13,BRL,Desvíos del modelo (z-score),Tasa 10Y,0.8045287800592679
2026-05-14,BRL,Desvíos del modelo (z-score),Tasa 10Y,0.8038305534252697
2026-05-15,BRL,Desvíos del modelo (z-score),Tasa 10Y,0.7632786251726061
2026-05-18,BRL,Desvíos del modelo (z-score),Tasa 10Y,0.5313868234183994
2026-05-19,BRL,Desvíos del modelo (z-score),Tasa 10Y,0.5190613966297176
2026-05-20,BRL,Desvíos del modelo (z-score),Tasa 10Y,0.635971445210275
2026-05-22,BRL,Desvíos del modelo (z-score),Tasa 10Y,0.579970434991913
2026-05-25,BRL,Desvíos del modelo (z-score),Tasa 10Y,0.46165637065358517
2026-05-26,BRL,Desvíos del modelo (z-score),Tasa 10Y,0.5548904698163102
2026-05-27,BRL,Desvíos del modelo (z-score),Tasa 10Y,0.6136609373726138
2026-05-28,BRL,Desvíos del modelo (z-score),Tasa 10Y,0.8392281424837154
2026-05-29,BRL,Desvíos del modelo (z-score),Tasa 10Y,0.7468904066396289
2026-06-01,BRL,Desvíos del modelo (z-score),Tasa 10Y,0.7758740352602732
2026-06-02,BRL,Desvíos del modelo (z-score),Tasa 10Y,0.8890969575881358
2025-01-02,BRL,Tasas (%),TPM,12.25
2025-01-03,BRL,Tasas (%),TPM,12.25
2025-01-06,BRL,Tasas (%),TPM,12.25
2025-01-07,BRL,Tasas (%),TPM,12.25
2025-01-08,BRL,Tasas (%),TPM,12.25
2025-01-09,BRL,Tasas (%),TPM,12.25
2025-01-10,BRL,Tasas (%),TPM,12.25
2025-01-13,BRL,Tasas (%),TPM,12.25
2025-01-14,BRL,Tasas (%),TPM,12.25
2025-01-15,BRL,Tasas (%),TPM,12.25
2025-01-16,BRL,Tasas (%),TPM,12.25
2025-01-17,BRL,Tasas (%),TPM,12.25
2025-01-20,BRL,Tasas (%),TPM,12.25
2025-01-21,BRL,Tasas (%),TPM,12.25
2025-01-22,BRL,Tasas (%),TPM,12.25
2025-01-23,BRL,Tasas (%),TPM,12.25
2025-01-24,BRL,Tasas (%),TPM,12.25
2025-01-27,BRL,Tasas (%),TPM,12.25
2025-01-28,BRL,Tasas (%),TPM,12.25
2025-01-29,BRL,Tasas (%),TPM,13.25
2025-01-30,BRL,Tasas (%),TPM,13.25
2025-01-31,BRL,Tasas (%),TPM,13.25
2025-02-03,BRL,Tasas (%),TPM,13.25
2025-02-04,BRL,Tasas (%),TPM,13.25
2025-02-05,BRL,Tasas (%),TPM,13.25
2025-02-06,BRL,Tasas (%),TPM,13.25
2025-02-07,BRL,Tasas (%),TPM,13.25
2025-02-10,BRL,Tasas (%),TPM,13.25
2025-02-11,BRL,Tasas (%),TPM,13.25
2025-02-12,BRL,Tasas (%),TPM,13.25
2025-02-13,BRL,Tasas (%),TPM,13.25
2025-02-14,BRL,Tasas (%),TPM,13.25
2025-02-17,BRL,Tasas (%),TPM,13.25
2025-02-18,BRL,Tasas (%),TPM,13.25
2025-02-19,BRL,Tasas (%),TPM,13.25
2025-02-20,BRL,Tasas (%),TPM,13.25
2025-02-21,BRL,Tasas (%),TPM,13.25
2025-02-24,BRL,Tasas (%),TPM,13.25
2025-02-25,BRL,Tasas (%),TPM,13.25
2025-02-26,BRL,Tasas (%),TPM,13.25
2025-02-27,BRL,Tasas (%),TPM,13.25
2025-02-28,BRL,Tasas (%),TPM,13.25
2025-03-03,BRL,Tasas (%),TPM,13.25
2025-03-04,BRL,Tasas (%),TPM,13.25
2025-03-05,BRL,Tasas (%),TPM,13.25
2025-03-06,BRL,Tasas (%),TPM,13.25
2025-03-07,BRL,Tasas (%),TPM,13.25
2025-03-10,BRL,Tasas (%),TPM,13.25
2025-03-11,BRL,Tasas (%),TPM,13.25
2025-03-12,BRL,Tasas (%),TPM,13.25
2025-03-13,BRL,Tasas (%),TPM,13.25
2025-03-14,BRL,Tasas (%),TPM,13.25
2025-03-17,BRL,Tasas (%),TPM,13.25
2025-03-18,BRL,Tasas (%),TPM,13.25
2025-03-19,BRL,Tasas (%),TPM,14.25
2025-03-20,BRL,Tasas (%),TPM,14.25
2025-03-21,BRL,Tasas (%),TPM,14.25
2025-03-24,BRL,Tasas (%),TPM,14.25
2025-03-25,BRL,Tasas (%),TPM,14.25
2025-03-26,BRL,Tasas (%),TPM,14.25
2025-03-27,BRL,Tasas (%),TPM,14.25
2025-03-28,BRL,Tasas (%),TPM,14.25
2025-03-31,BRL,Tasas (%),TPM,14.25
2025-04-01,BRL,Tasas (%),TPM,14.25
2025-04-02,BRL,Tasas (%),TPM,14.25
2025-04-03,BRL,Tasas (%),TPM,14.25
2025-04-04,BRL,Tasas (%),TPM,14.25
2025-04-07,BRL,Tasas (%),TPM,14.25
2025-04-08,BRL,Tasas (%),TPM,14.25
2025-04-09,BRL,Tasas (%),TPM,14.25
2025-04-10,BRL,Tasas (%),TPM,14.25
2025-04-11,BRL,Tasas (%),TPM,14.25
2025-04-14,BRL,Tasas (%),TPM,14.25
2025-04-15,BRL,Tasas (%),TPM,14.25
2025-04-16,BRL,Tasas (%),TPM,14.25
2025-04-17,BRL,Tasas (%),TPM,14.25
2025-04-21,BRL,Tasas (%),TPM,14.25
2025-04-22,BRL,Tasas (%),TPM,14.25
2025-04-23,BRL,Tasas (%),TPM,14.25
2025-04-24,BRL,Tasas (%),TPM,14.25
2025-04-25,BRL,Tasas (%),TPM,14.25
2025-04-28,BRL,Tasas (%),TPM,14.25
2025-04-29,BRL,Tasas (%),TPM,14.25
2025-04-30,BRL,Tasas (%),TPM,14.25
2025-05-02,BRL,Tasas (%),TPM,14.25
2025-05-05,BRL,Tasas (%),TPM,14.25
2025-05-06,BRL,Tasas (%),TPM,14.25
2025-05-07,BRL,Tasas (%),TPM,14.75
2025-05-08,BRL,Tasas (%),TPM,14.75
2025-05-09,BRL,Tasas (%),TPM,14.75
2025-05-12,BRL,Tasas (%),TPM,14.75
2025-05-13,BRL,Tasas (%),TPM,14.75
2025-05-14,BRL,Tasas (%),TPM,14.75
2025-05-15,BRL,Tasas (%),TPM,14.75
2025-05-16,BRL,Tasas (%),TPM,14.75
2025-05-19,BRL,Tasas (%),TPM,14.75
2025-05-20,BRL,Tasas (%),TPM,14.75
2025-05-22,BRL,Tasas (%),TPM,14.75
2025-05-23,BRL,Tasas (%),TPM,14.75
2025-05-26,BRL,Tasas (%),TPM,14.75
2025-05-27,BRL,Tasas (%),TPM,14.75
2025-05-28,BRL,Tasas (%),TPM,14.75
2025-05-29,BRL,Tasas (%),TPM,14.75
2025-05-30,BRL,Tasas (%),TPM,14.75
2025-06-02,BRL,Tasas (%),TPM,14.75
2025-06-03,BRL,Tasas (%),TPM,14.75
2025-06-04,BRL,Tasas (%),TPM,14.75
2025-06-05,BRL,Tasas (%),TPM,14.75
2025-06-06,BRL,Tasas (%),TPM,14.75
2025-06-09,BRL,Tasas (%),TPM,14.75
2025-06-10,BRL,Tasas (%),TPM,14.75
2025-06-11,BRL,Tasas (%),TPM,14.75
2025-06-12,BRL,Tasas (%),TPM,14.75
2025-06-13,BRL,Tasas (%),TPM,14.75
2025-06-16,BRL,Tasas (%),TPM,14.75
2025-06-17,BRL,Tasas (%),TPM,14.75
2025-06-18,BRL,Tasas (%),TPM,15
2025-06-19,BRL,Tasas (%),TPM,15
2025-06-23,BRL,Tasas (%),TPM,15
2025-06-24,BRL,Tasas (%),TPM,15
2025-06-25,BRL,Tasas (%),TPM,15
2025-06-26,BRL,Tasas (%),TPM,15
2025-06-27,BRL,Tasas (%),TPM,15
2025-06-30,BRL,Tasas (%),TPM,15
2025-07-01,BRL,Tasas (%),TPM,15
2025-07-02,BRL,Tasas (%),TPM,15
2025-07-03,BRL,Tasas (%),TPM,15
2025-07-04,BRL,Tasas (%),TPM,15
2025-07-07,BRL,Tasas (%),TPM,15
2025-07-08,BRL,Tasas (%),TPM,15
2025-07-09,BRL,Tasas (%),TPM,15
2025-07-10,BRL,Tasas (%),TPM,15
2025-07-11,BRL,Tasas (%),TPM,15
2025-07-14,BRL,Tasas (%),TPM,15
2025-07-15,BRL,Tasas (%),TPM,15
2025-07-17,BRL,Tasas (%),TPM,15
2025-07-18,BRL,Tasas (%),TPM,15
2025-07-21,BRL,Tasas (%),TPM,15
2025-07-22,BRL,Tasas (%),TPM,15
2025-07-23,BRL,Tasas (%),TPM,15
2025-07-24,BRL,Tasas (%),TPM,15
2025-07-25,BRL,Tasas (%),TPM,15
2025-07-28,BRL,Tasas (%),TPM,15
2025-07-29,BRL,Tasas (%),TPM,15
2025-07-30,BRL,Tasas (%),TPM,15
2025-07-31,BRL,Tasas (%),TPM,15
2025-08-01,BRL,Tasas (%),TPM,15
2025-08-04,BRL,Tasas (%),TPM,15
2025-08-05,BRL,Tasas (%),TPM,15
2025-08-06,BRL,Tasas (%),TPM,15
2025-08-07,BRL,Tasas (%),TPM,15
2025-08-08,BRL,Tasas (%),TPM,15
2025-08-11,BRL,Tasas (%),TPM,15
2025-08-12,BRL,Tasas (%),TPM,15
2025-08-13,BRL,Tasas (%),TPM,15
2025-08-14,BRL,Tasas (%),TPM,15
2025-08-18,BRL,Tasas (%),TPM,15
2025-08-19,BRL,Tasas (%),TPM,15
2025-08-20,BRL,Tasas (%),TPM,15
2025-08-21,BRL,Tasas (%),TPM,15
2025-08-22,BRL,Tasas (%),TPM,15
2025-08-25,BRL,Tasas (%),TPM,15
2025-08-26,BRL,Tasas (%),TPM,15
2025-08-27,BRL,Tasas (%),TPM,15
2025-08-28,BRL,Tasas (%),TPM,15
2025-08-29,BRL,Tasas (%),TPM,15
2025-09-01,BRL,Tasas (%),TPM,15
2025-09-02,BRL,Tasas (%),TPM,15
2025-09-03,BRL,Tasas (%),TPM,15
2025-09-04,BRL,Tasas (%),TPM,15
2025-09-05,BRL,Tasas (%),TPM,15
2025-09-08,BRL,Tasas (%),TPM,15
2025-09-09,BRL,Tasas (%),TPM,15
2025-09-10,BRL,Tasas (%),TPM,15
2025-09-11,BRL,Tasas (%),TPM,15
2025-09-12,BRL,Tasas (%),TPM,15
2025-09-15,BRL,Tasas (%),TPM,15
2025-09-16,BRL,Tasas (%),TPM,15
2025-09-17,BRL,Tasas (%),TPM,15
2025-09-22,BRL,Tasas (%),TPM,15
2025-09-23,BRL,Tasas (%),TPM,15
2025-09-24,BRL,Tasas (%),TPM,15
2025-09-25,BRL,Tasas (%),TPM,15
2025-09-26,BRL,Tasas (%),TPM,15
2025-09-29,BRL,Tasas (%),TPM,15
2025-09-30,BRL,Tasas (%),TPM,15
2025-10-01,BRL,Tasas (%),TPM,15
2025-10-02,BRL,Tasas (%),TPM,15
2025-10-03,BRL,Tasas (%),TPM,15
2025-10-06,BRL,Tasas (%),TPM,15
2025-10-07,BRL,Tasas (%),TPM,15
2025-10-08,BRL,Tasas (%),TPM,15
2025-10-09,BRL,Tasas (%),TPM,15
2025-10-10,BRL,Tasas (%),TPM,15
2025-10-13,BRL,Tasas (%),TPM,15
2025-10-14,BRL,Tasas (%),TPM,15
2025-10-15,BRL,Tasas (%),TPM,15
2025-10-16,BRL,Tasas (%),TPM,15
2025-10-17,BRL,Tasas (%),TPM,15
2025-10-20,BRL,Tasas (%),TPM,15
2025-10-21,BRL,Tasas (%),TPM,15
2025-10-22,BRL,Tasas (%),TPM,15
2025-10-23,BRL,Tasas (%),TPM,15
2025-10-24,BRL,Tasas (%),TPM,15
2025-10-27,BRL,Tasas (%),TPM,15
2025-10-28,BRL,Tasas (%),TPM,15
2025-10-29,BRL,Tasas (%),TPM,15
2025-10-30,BRL,Tasas (%),TPM,15
2025-11-03,BRL,Tasas (%),TPM,15
2025-11-04,BRL,Tasas (%),TPM,15
2025-11-05,BRL,Tasas (%),TPM,15
2025-11-06,BRL,Tasas (%),TPM,15
2025-11-07,BRL,Tasas (%),TPM,15
2025-11-10,BRL,Tasas (%),TPM,15
2025-11-11,BRL,Tasas (%),TPM,15
2025-11-12,BRL,Tasas (%),TPM,15
2025-11-13,BRL,Tasas (%),TPM,15
2025-11-14,BRL,Tasas (%),TPM,15
2025-11-17,BRL,Tasas (%),TPM,15
2025-11-18,BRL,Tasas (%),TPM,15
2025-11-19,BRL,Tasas (%),TPM,15
2025-11-20,BRL,Tasas (%),TPM,15
2025-11-21,BRL,Tasas (%),TPM,15
2025-11-24,BRL,Tasas (%),TPM,15
2025-11-25,BRL,Tasas (%),TPM,15
2025-11-26,BRL,Tasas (%),TPM,15
2025-11-27,BRL,Tasas (%),TPM,15
2025-11-28,BRL,Tasas (%),TPM,15
2025-12-01,BRL,Tasas (%),TPM,15
2025-12-02,BRL,Tasas (%),TPM,15
2025-12-03,BRL,Tasas (%),TPM,15
2025-12-04,BRL,Tasas (%),TPM,15
2025-12-05,BRL,Tasas (%),TPM,15
2025-12-09,BRL,Tasas (%),TPM,15
2025-12-10,BRL,Tasas (%),TPM,15
2025-12-11,BRL,Tasas (%),TPM,15
2025-12-12,BRL,Tasas (%),TPM,15
2025-12-15,BRL,Tasas (%),TPM,15
2025-12-16,BRL,Tasas (%),TPM,15
2025-12-17,BRL,Tasas (%),TPM,15
2025-12-18,BRL,Tasas (%),TPM,15
2025-12-19,BRL,Tasas (%),TPM,15
2025-12-22,BRL,Tasas (%),TPM,15
2025-12-23,BRL,Tasas (%),TPM,15
2025-12-24,BRL,Tasas (%),TPM,15
2025-12-26,BRL,Tasas (%),TPM,15
2025-12-29,BRL,Tasas (%),TPM,15
2025-12-30,BRL,Tasas (%),TPM,15
2026-01-02,BRL,Tasas (%),TPM,15
2026-01-05,BRL,Tasas (%),TPM,15
2026-01-06,BRL,Tasas (%),TPM,15
2026-01-07,BRL,Tasas (%),TPM,15
2026-01-08,BRL,Tasas (%),TPM,15
2026-01-09,BRL,Tasas (%),TPM,15
2026-01-12,BRL,Tasas (%),TPM,15
2026-01-13,BRL,Tasas (%),TPM,15
2026-01-14,BRL,Tasas (%),TPM,15
2026-01-15,BRL,Tasas (%),TPM,15
2026-01-16,BRL,Tasas (%),TPM,15
2026-01-19,BRL,Tasas (%),TPM,15
2026-01-20,BRL,Tasas (%),TPM,15
2026-01-21,BRL,Tasas (%),TPM,15
2026-01-22,BRL,Tasas (%),TPM,15
2026-01-23,BRL,Tasas (%),TPM,15
2026-01-26,BRL,Tasas (%),TPM,15
2026-01-27,BRL,Tasas (%),TPM,15
2026-01-28,BRL,Tasas (%),TPM,15
2026-01-29,BRL,Tasas (%),TPM,15
2026-01-30,BRL,Tasas (%),TPM,15
2026-02-02,BRL,Tasas (%),TPM,15
2026-02-03,BRL,Tasas (%),TPM,15
2026-02-04,BRL,Tasas (%),TPM,15
2026-02-05,BRL,Tasas (%),TPM,15
2026-02-06,BRL,Tasas (%),TPM,15
2026-02-09,BRL,Tasas (%),TPM,15
2026-02-10,BRL,Tasas (%),TPM,15
2026-02-11,BRL,Tasas (%),TPM,15
2026-02-12,BRL,Tasas (%),TPM,15
2026-02-13,BRL,Tasas (%),TPM,15
2026-02-16,BRL,Tasas (%),TPM,15
2026-02-17,BRL,Tasas (%),TPM,15
2026-02-18,BRL,Tasas (%),TPM,15
2026-02-19,BRL,Tasas (%),TPM,15
2026-02-20,BRL,Tasas (%),TPM,15
2026-02-23,BRL,Tasas (%),TPM,15
2026-02-24,BRL,Tasas (%),TPM,15
2026-02-25,BRL,Tasas (%),TPM,15
2026-02-26,BRL,Tasas (%),TPM,15
2026-02-27,BRL,Tasas (%),TPM,15
2026-03-02,BRL,Tasas (%),TPM,15
2026-03-03,BRL,Tasas (%),TPM,15
2026-03-04,BRL,Tasas (%),TPM,15
2026-03-05,BRL,Tasas (%),TPM,15
2026-03-06,BRL,Tasas (%),TPM,15
2026-03-09,BRL,Tasas (%),TPM,15
2026-03-10,BRL,Tasas (%),TPM,15
2026-03-11,BRL,Tasas (%),TPM,15
2026-03-12,BRL,Tasas (%),TPM,15
2026-03-13,BRL,Tasas (%),TPM,15
2026-03-16,BRL,Tasas (%),TPM,15
2026-03-17,BRL,Tasas (%),TPM,15
2026-03-18,BRL,Tasas (%),TPM,14.75
2026-03-19,BRL,Tasas (%),TPM,14.75
2026-03-20,BRL,Tasas (%),TPM,14.75
2026-03-23,BRL,Tasas (%),TPM,14.75
2026-03-24,BRL,Tasas (%),TPM,14.75
2026-03-25,BRL,Tasas (%),TPM,14.75
2026-03-26,BRL,Tasas (%),TPM,14.75
2026-03-27,BRL,Tasas (%),TPM,14.75
2026-03-30,BRL,Tasas (%),TPM,14.75
2026-03-31,BRL,Tasas (%),TPM,14.75
2026-04-01,BRL,Tasas (%),TPM,14.75
2026-04-02,BRL,Tasas (%),TPM,14.75
2026-04-06,BRL,Tasas (%),TPM,14.75
2026-04-07,BRL,Tasas (%),TPM,14.75
2026-04-08,BRL,Tasas (%),TPM,14.75
2026-04-09,BRL,Tasas (%),TPM,14.75
2026-04-10,BRL,Tasas (%),TPM,14.75
2026-04-13,BRL,Tasas (%),TPM,14.75
2026-04-14,BRL,Tasas (%),TPM,14.75
2026-04-15,BRL,Tasas (%),TPM,14.75
2026-04-16,BRL,Tasas (%),TPM,14.75
2026-04-17,BRL,Tasas (%),TPM,14.75
2026-04-20,BRL,Tasas (%),TPM,14.75
2026-04-21,BRL,Tasas (%),TPM,14.75
2026-04-22,BRL,Tasas (%),TPM,14.75
2026-04-23,BRL,Tasas (%),TPM,14.75
2026-04-24,BRL,Tasas (%),TPM,14.75
2026-04-27,BRL,Tasas (%),TPM,14.75
2026-04-28,BRL,Tasas (%),TPM,14.75
2026-04-29,BRL,Tasas (%),TPM,14.5
2026-04-30,BRL,Tasas (%),TPM,14.5
2026-05-04,BRL,Tasas (%),TPM,14.5
2026-05-05,BRL,Tasas (%),TPM,14.5
2026-05-06,BRL,Tasas (%),TPM,14.5
2026-05-07,BRL,Tasas (%),TPM,14.5
2026-05-08,BRL,Tasas (%),TPM,14.5
2026-05-11,BRL,Tasas (%),TPM,14.5
2026-05-12,BRL,Tasas (%),TPM,14.5
2026-05-13,BRL,Tasas (%),TPM,14.5
2026-05-14,BRL,Tasas (%),TPM,14.5
2026-05-15,BRL,Tasas (%),TPM,14.5
2026-05-18,BRL,Tasas (%),TPM,14.5
2026-05-19,BRL,Tasas (%),TPM,14.5
2026-05-20,BRL,Tasas (%),TPM,14.5
2026-05-22,BRL,Tasas (%),TPM,14.5
2026-05-25,BRL,Tasas (%),TPM,14.5
2026-05-26,BRL,Tasas (%),TPM,14.5
2026-05-27,BRL,Tasas (%),TPM,14.5
2026-05-28,BRL,Tasas (%),TPM,14.5
2026-05-29,BRL,Tasas (%),TPM,14.5
2026-06-01,BRL,Tasas (%),TPM,14.5
2026-06-02,BRL,Tasas (%),TPM,14.5
2025-01-02,BRL,Tasas (%),Tasa 10Y,14.8036
2025-01-03,BRL,Tasas (%),Tasa 10Y,14.7572
2025-01-06,BRL,Tasas (%),Tasa 10Y,14.45075
2025-01-07,BRL,Tasas (%),Tasa 10Y,14.6586
2025-01-08,BRL,Tasas (%),Tasa 10Y,14.81545
2025-01-09,BRL,Tasas (%),Tasa 10Y,14.8087
2025-01-10,BRL,Tasas (%),Tasa 10Y,15.0882
2025-01-13,BRL,Tasas (%),Tasa 10Y,15.1181
2025-01-14,BRL,Tasas (%),Tasa 10Y,14.8357
2025-01-15,BRL,Tasas (%),Tasa 10Y,14.64815
2025-01-16,BRL,Tasas (%),Tasa 10Y,14.9579
2025-01-17,BRL,Tasas (%),Tasa 10Y,15.1947
2025-01-20,BRL,Tasas (%),Tasa 10Y,15.0865
2025-01-21,BRL,Tasas (%),Tasa 10Y,15.07455
2025-01-22,BRL,Tasas (%),Tasa 10Y,14.98665
2025-01-23,BRL,Tasas (%),Tasa 10Y,15.2386
2025-01-24,BRL,Tasas (%),Tasa 10Y,15.18675
2025-01-27,BRL,Tasas (%),Tasa 10Y,15.06225
2025-01-28,BRL,Tasas (%),Tasa 10Y,15.0702
2025-01-29,BRL,Tasas (%),Tasa 10Y,15.13225
2025-01-30,BRL,Tasas (%),Tasa 10Y,14.9938
2025-01-31,BRL,Tasas (%),Tasa 10Y,14.80365
2025-02-03,BRL,Tasas (%),Tasa 10Y,14.49545
2025-02-04,BRL,Tasas (%),Tasa 10Y,14.49045
2025-02-05,BRL,Tasas (%),Tasa 10Y,14.704
2025-02-06,BRL,Tasas (%),Tasa 10Y,14.76305
2025-02-07,BRL,Tasas (%),Tasa 10Y,14.93815
2025-02-10,BRL,Tasas (%),Tasa 10Y,14.92985
2025-02-11,BRL,Tasas (%),Tasa 10Y,14.90995
2025-02-12,BRL,Tasas (%),Tasa 10Y,14.9882
2025-02-13,BRL,Tasas (%),Tasa 10Y,14.90955
2025-02-14,BRL,Tasas (%),Tasa 10Y,14.5562
2025-02-17,BRL,Tasas (%),Tasa 10Y,14.42905
2025-02-18,BRL,Tasas (%),Tasa 10Y,14.42225
2025-02-19,BRL,Tasas (%),Tasa 10Y,14.5853
2025-02-20,BRL,Tasas (%),Tasa 10Y,14.6907
2025-02-21,BRL,Tasas (%),Tasa 10Y,14.6481
2025-02-24,BRL,Tasas (%),Tasa 10Y,14.8092
2025-02-25,BRL,Tasas (%),Tasa 10Y,14.7887
2025-02-26,BRL,Tasas (%),Tasa 10Y,15.08815
2025-02-27,BRL,Tasas (%),Tasa 10Y,15.10545
2025-02-28,BRL,Tasas (%),Tasa 10Y,15.2619
2025-03-03,BRL,Tasas (%),Tasa 10Y,15.17365
2025-03-04,BRL,Tasas (%),Tasa 10Y,15.0854
2025-03-05,BRL,Tasas (%),Tasa 10Y,14.99715
2025-03-06,BRL,Tasas (%),Tasa 10Y,15.11945
2025-03-07,BRL,Tasas (%),Tasa 10Y,14.82895
2025-03-10,BRL,Tasas (%),Tasa 10Y,14.9169
2025-03-11,BRL,Tasas (%),Tasa 10Y,14.776
2025-03-12,BRL,Tasas (%),Tasa 10Y,14.91885
2025-03-13,BRL,Tasas (%),Tasa 10Y,14.77845
2025-03-14,BRL,Tasas (%),Tasa 10Y,14.80935
2025-03-17,BRL,Tasas (%),Tasa 10Y,14.73255
2025-03-18,BRL,Tasas (%),Tasa 10Y,14.6114
2025-03-19,BRL,Tasas (%),Tasa 10Y,14.5181
2025-03-20,BRL,Tasas (%),Tasa 10Y,14.8296
2025-03-21,BRL,Tasas (%),Tasa 10Y,14.8374
2025-03-24,BRL,Tasas (%),Tasa 10Y,15.04765
2025-03-25,BRL,Tasas (%),Tasa 10Y,15.05615
2025-03-26,BRL,Tasas (%),Tasa 10Y,15.1498
2025-03-27,BRL,Tasas (%),Tasa 10Y,15.0934
2025-03-28,BRL,Tasas (%),Tasa 10Y,15.11975
2025-03-31,BRL,Tasas (%),Tasa 10Y,15.0776
2025-04-01,BRL,Tasas (%),Tasa 10Y,14.9415
2025-04-02,BRL,Tasas (%),Tasa 10Y,14.9876
2025-04-03,BRL,Tasas (%),Tasa 10Y,14.73605
2025-04-04,BRL,Tasas (%),Tasa 10Y,14.72215
2025-04-07,BRL,Tasas (%),Tasa 10Y,14.85755
2025-04-08,BRL,Tasas (%),Tasa 10Y,14.92805
2025-04-09,BRL,Tasas (%),Tasa 10Y,14.94475
2025-04-10,BRL,Tasas (%),Tasa 10Y,15.14415
2025-04-11,BRL,Tasas (%),Tasa 10Y,14.80365
2025-04-14,BRL,Tasas (%),Tasa 10Y,14.609
2025-04-15,BRL,Tasas (%),Tasa 10Y,14.6643
2025-04-16,BRL,Tasas (%),Tasa 10Y,14.6723125
2025-04-17,BRL,Tasas (%),Tasa 10Y,14.680325
2025-04-21,BRL,Tasas (%),Tasa 10Y,14.688337500000001
2025-04-22,BRL,Tasas (%),Tasa 10Y,14.69635
2025-04-23,BRL,Tasas (%),Tasa 10Y,14.5621
2025-04-24,BRL,Tasas (%),Tasa 10Y,14.30615
2025-04-25,BRL,Tasas (%),Tasa 10Y,14.28325
2025-04-28,BRL,Tasas (%),Tasa 10Y,14.26255
2025-04-29,BRL,Tasas (%),Tasa 10Y,14.218
2025-04-30,BRL,Tasas (%),Tasa 10Y,14.0721
2025-05-02,BRL,Tasas (%),Tasa 10Y,14.0628
2025-05-05,BRL,Tasas (%),Tasa 10Y,14.0996
2025-05-06,BRL,Tasas (%),Tasa 10Y,13.97795
2025-05-07,BRL,Tasas (%),Tasa 10Y,13.89795
2025-05-08,BRL,Tasas (%),Tasa 10Y,13.85865
2025-05-09,BRL,Tasas (%),Tasa 10Y,13.76095
2025-05-12,BRL,Tasas (%),Tasa 10Y,13.84955
2025-05-13,BRL,Tasas (%),Tasa 10Y,14.002
2025-05-14,BRL,Tasas (%),Tasa 10Y,14.15095
2025-05-15,BRL,Tasas (%),Tasa 10Y,13.99635
2025-05-16,BRL,Tasas (%),Tasa 10Y,14.01215
2025-05-19,BRL,Tasas (%),Tasa 10Y,14.0013
2025-05-20,BRL,Tasas (%),Tasa 10Y,14.0757
2025-05-22,BRL,Tasas (%),Tasa 10Y,14.1504
2025-05-23,BRL,Tasas (%),Tasa 10Y,14.1215
2025-05-26,BRL,Tasas (%),Tasa 10Y,14.06235
2025-05-27,BRL,Tasas (%),Tasa 10Y,13.9321
2025-05-28,BRL,Tasas (%),Tasa 10Y,13.97935
2025-05-29,BRL,Tasas (%),Tasa 10Y,13.9672
2025-05-30,BRL,Tasas (%),Tasa 10Y,14.02125
2025-06-02,BRL,Tasas (%),Tasa 10Y,14.03035
2025-06-03,BRL,Tasas (%),Tasa 10Y,14.00005
2025-06-04,BRL,Tasas (%),Tasa 10Y,13.9777
2025-06-05,BRL,Tasas (%),Tasa 10Y,14.16265
2025-06-06,BRL,Tasas (%),Tasa 10Y,14.0813
2025-06-09,BRL,Tasas (%),Tasa 10Y,14.0742
2025-06-10,BRL,Tasas (%),Tasa 10Y,13.9856
2025-06-11,BRL,Tasas (%),Tasa 10Y,13.96755
2025-06-12,BRL,Tasas (%),Tasa 10Y,13.99105
2025-06-13,BRL,Tasas (%),Tasa 10Y,13.9646
2025-06-16,BRL,Tasas (%),Tasa 10Y,13.92
2025-06-17,BRL,Tasas (%),Tasa 10Y,13.96635
2025-06-18,BRL,Tasas (%),Tasa 10Y,13.9714
2025-06-19,BRL,Tasas (%),Tasa 10Y,13.91805
2025-06-23,BRL,Tasas (%),Tasa 10Y,13.8647
2025-06-24,BRL,Tasas (%),Tasa 10Y,13.92115
2025-06-25,BRL,Tasas (%),Tasa 10Y,13.9385
2025-06-26,BRL,Tasas (%),Tasa 10Y,13.86665
2025-06-27,BRL,Tasas (%),Tasa 10Y,13.82245
2025-06-30,BRL,Tasas (%),Tasa 10Y,13.51635
2025-07-01,BRL,Tasas (%),Tasa 10Y,13.4974
2025-07-02,BRL,Tasas (%),Tasa 10Y,13.4822
2025-07-03,BRL,Tasas (%),Tasa 10Y,13.5804
2025-07-04,BRL,Tasas (%),Tasa 10Y,13.58615
2025-07-07,BRL,Tasas (%),Tasa 10Y,13.7297
2025-07-08,BRL,Tasas (%),Tasa 10Y,13.7448
2025-07-09,BRL,Tasas (%),Tasa 10Y,13.9431
2025-07-10,BRL,Tasas (%),Tasa 10Y,13.86895
2025-07-11,BRL,Tasas (%),Tasa 10Y,13.86235
2025-07-14,BRL,Tasas (%),Tasa 10Y,13.9525
2025-07-15,BRL,Tasas (%),Tasa 10Y,14.1067
2025-07-17,BRL,Tasas (%),Tasa 10Y,14.0691
2025-07-18,BRL,Tasas (%),Tasa 10Y,14.12175
2025-07-21,BRL,Tasas (%),Tasa 10Y,14.0764
2025-07-22,BRL,Tasas (%),Tasa 10Y,13.97405
2025-07-23,BRL,Tasas (%),Tasa 10Y,14.0534
2025-07-24,BRL,Tasas (%),Tasa 10Y,14.1351
2025-07-25,BRL,Tasas (%),Tasa 10Y,14.1529
2025-07-28,BRL,Tasas (%),Tasa 10Y,14.13425
2025-07-29,BRL,Tasas (%),Tasa 10Y,13.9487
2025-07-30,BRL,Tasas (%),Tasa 10Y,13.98585
2025-07-31,BRL,Tasas (%),Tasa 10Y,14.06705
2025-08-01,BRL,Tasas (%),Tasa 10Y,14.02915
2025-08-04,BRL,Tasas (%),Tasa 10Y,13.90055
2025-08-05,BRL,Tasas (%),Tasa 10Y,13.9838
2025-08-06,BRL,Tasas (%),Tasa 10Y,13.9457
2025-08-07,BRL,Tasas (%),Tasa 10Y,13.8174
2025-08-08,BRL,Tasas (%),Tasa 10Y,13.8451
2025-08-11,BRL,Tasas (%),Tasa 10Y,13.7608
2025-08-12,BRL,Tasas (%),Tasa 10Y,13.77295
2025-08-13,BRL,Tasas (%),Tasa 10Y,13.78925
2025-08-14,BRL,Tasas (%),Tasa 10Y,13.8075
2025-08-18,BRL,Tasas (%),Tasa 10Y,13.92265
2025-08-19,BRL,Tasas (%),Tasa 10Y,14.0882
2025-08-20,BRL,Tasas (%),Tasa 10Y,14.0328
2025-08-21,BRL,Tasas (%),Tasa 10Y,14.15295
2025-08-22,BRL,Tasas (%),Tasa 10Y,14.07935
2025-08-25,BRL,Tasas (%),Tasa 10Y,14.0214
2025-08-26,BRL,Tasas (%),Tasa 10Y,14.0246
2025-08-27,BRL,Tasas (%),Tasa 10Y,14.0724
2025-08-28,BRL,Tasas (%),Tasa 10Y,13.91485
2025-08-29,BRL,Tasas (%),Tasa 10Y,13.9292
2025-09-01,BRL,Tasas (%),Tasa 10Y,13.97635
2025-09-02,BRL,Tasas (%),Tasa 10Y,14.0838
2025-09-03,BRL,Tasas (%),Tasa 10Y,14.0882
2025-09-04,BRL,Tasas (%),Tasa 10Y,14.07835
2025-09-05,BRL,Tasas (%),Tasa 10Y,13.9132
2025-09-08,BRL,Tasas (%),Tasa 10Y,13.9013
2025-09-09,BRL,Tasas (%),Tasa 10Y,13.8862
2025-09-10,BRL,Tasas (%),Tasa 10Y,13.83695
2025-09-11,BRL,Tasas (%),Tasa 10Y,13.8089
2025-09-12,BRL,Tasas (%),Tasa 10Y,13.766
2025-09-15,BRL,Tasas (%),Tasa 10Y,13.7475
2025-09-16,BRL,Tasas (%),Tasa 10Y,13.6055
2025-09-17,BRL,Tasas (%),Tasa 10Y,13.56245
2025-09-22,BRL,Tasas (%),Tasa 10Y,13.7213
2025-09-23,BRL,Tasas (%),Tasa 10Y,13.6309
2025-09-24,BRL,Tasas (%),Tasa 10Y,13.62465
2025-09-25,BRL,Tasas (%),Tasa 10Y,13.65645
2025-09-26,BRL,Tasas (%),Tasa 10Y,13.7154
2025-09-29,BRL,Tasas (%),Tasa 10Y,13.762
2025-09-30,BRL,Tasas (%),Tasa 10Y,13.7181
2025-10-01,BRL,Tasas (%),Tasa 10Y,13.7045
2025-10-02,BRL,Tasas (%),Tasa 10Y,13.8391
2025-10-03,BRL,Tasas (%),Tasa 10Y,13.84515
2025-10-06,BRL,Tasas (%),Tasa 10Y,13.8586
2025-10-07,BRL,Tasas (%),Tasa 10Y,13.9782
2025-10-08,BRL,Tasas (%),Tasa 10Y,13.9343
2025-10-09,BRL,Tasas (%),Tasa 10Y,13.91785
2025-10-10,BRL,Tasas (%),Tasa 10Y,14.01735
2025-10-13,BRL,Tasas (%),Tasa 10Y,14.0216
2025-10-14,BRL,Tasas (%),Tasa 10Y,14.00245
2025-10-15,BRL,Tasas (%),Tasa 10Y,13.88325
2025-10-16,BRL,Tasas (%),Tasa 10Y,13.9524
2025-10-17,BRL,Tasas (%),Tasa 10Y,13.9557
2025-10-20,BRL,Tasas (%),Tasa 10Y,13.88645
2025-10-21,BRL,Tasas (%),Tasa 10Y,13.8574
2025-10-22,BRL,Tasas (%),Tasa 10Y,13.80355
2025-10-23,BRL,Tasas (%),Tasa 10Y,13.80215
2025-10-24,BRL,Tasas (%),Tasa 10Y,13.70045
2025-10-27,BRL,Tasas (%),Tasa 10Y,13.7069
2025-10-28,BRL,Tasas (%),Tasa 10Y,13.7538
2025-10-29,BRL,Tasas (%),Tasa 10Y,13.8508
2025-10-30,BRL,Tasas (%),Tasa 10Y,13.86975
2025-11-03,BRL,Tasas (%),Tasa 10Y,13.78775
2025-11-04,BRL,Tasas (%),Tasa 10Y,13.86185
2025-11-05,BRL,Tasas (%),Tasa 10Y,13.7795
2025-11-06,BRL,Tasas (%),Tasa 10Y,13.8062
2025-11-07,BRL,Tasas (%),Tasa 10Y,13.8056
2025-11-10,BRL,Tasas (%),Tasa 10Y,13.68465
2025-11-11,BRL,Tasas (%),Tasa 10Y,13.62605
2025-11-12,BRL,Tasas (%),Tasa 10Y,13.622
2025-11-13,BRL,Tasas (%),Tasa 10Y,13.67435
2025-11-14,BRL,Tasas (%),Tasa 10Y,13.66495
2025-11-17,BRL,Tasas (%),Tasa 10Y,13.69555
2025-11-18,BRL,Tasas (%),Tasa 10Y,13.7158
2025-11-19,BRL,Tasas (%),Tasa 10Y,13.6591
2025-11-20,BRL,Tasas (%),Tasa 10Y,13.644925
2025-11-21,BRL,Tasas (%),Tasa 10Y,13.63075
2025-11-24,BRL,Tasas (%),Tasa 10Y,13.5885
2025-11-25,BRL,Tasas (%),Tasa 10Y,13.5567
2025-11-26,BRL,Tasas (%),Tasa 10Y,13.47735
2025-11-27,BRL,Tasas (%),Tasa 10Y,13.446
2025-11-28,BRL,Tasas (%),Tasa 10Y,13.40895
2025-12-01,BRL,Tasas (%),Tasa 10Y,13.36545
2025-12-02,BRL,Tasas (%),Tasa 10Y,13.2636
2025-12-03,BRL,Tasas (%),Tasa 10Y,13.2739
2025-12-04,BRL,Tasas (%),Tasa 10Y,13.21445
2025-12-05,BRL,Tasas (%),Tasa 10Y,13.7555
2025-12-09,BRL,Tasas (%),Tasa 10Y,13.75625
2025-12-10,BRL,Tasas (%),Tasa 10Y,13.78795
2025-12-11,BRL,Tasas (%),Tasa 10Y,13.71075
2025-12-12,BRL,Tasas (%),Tasa 10Y,13.62965
2025-12-15,BRL,Tasas (%),Tasa 10Y,13.5431
2025-12-16,BRL,Tasas (%),Tasa 10Y,13.69615
2025-12-17,BRL,Tasas (%),Tasa 10Y,13.8949
2025-12-18,BRL,Tasas (%),Tasa 10Y,13.902
2025-12-19,BRL,Tasas (%),Tasa 10Y,13.80775
2025-12-22,BRL,Tasas (%),Tasa 10Y,13.91855
2025-12-23,BRL,Tasas (%),Tasa 10Y,13.86205
2025-12-24,BRL,Tasas (%),Tasa 10Y,13.842425
2025-12-26,BRL,Tasas (%),Tasa 10Y,13.8228
2025-12-29,BRL,Tasas (%),Tasa 10Y,13.81355
2025-12-30,BRL,Tasas (%),Tasa 10Y,13.73495
2026-01-02,BRL,Tasas (%),Tasa 10Y,13.6123
2026-01-05,BRL,Tasas (%),Tasa 10Y,13.66265
2026-01-06,BRL,Tasas (%),Tasa 10Y,13.70985
2026-01-07,BRL,Tasas (%),Tasa 10Y,13.70775
2026-01-08,BRL,Tasas (%),Tasa 10Y,13.69545
2026-01-09,BRL,Tasas (%),Tasa 10Y,13.69415
2026-01-12,BRL,Tasas (%),Tasa 10Y,13.64515
2026-01-13,BRL,Tasas (%),Tasa 10Y,13.6819
2026-01-14,BRL,Tasas (%),Tasa 10Y,13.77935
2026-01-15,BRL,Tasas (%),Tasa 10Y,13.82835
2026-01-16,BRL,Tasas (%),Tasa 10Y,13.9328
2026-01-19,BRL,Tasas (%),Tasa 10Y,13.9359
2026-01-20,BRL,Tasas (%),Tasa 10Y,14.0608
2026-01-21,BRL,Tasas (%),Tasa 10Y,13.9398
2026-01-22,BRL,Tasas (%),Tasa 10Y,13.860900000000001
2026-01-23,BRL,Tasas (%),Tasa 10Y,13.79885
2026-01-26,BRL,Tasas (%),Tasa 10Y,13.76255
2026-01-27,BRL,Tasas (%),Tasa 10Y,13.59405
2026-01-28,BRL,Tasas (%),Tasa 10Y,13.54085
2026-01-29,BRL,Tasas (%),Tasa 10Y,13.5432
2026-01-30,BRL,Tasas (%),Tasa 10Y,13.5857
2026-02-02,BRL,Tasas (%),Tasa 10Y,13.6444
2026-02-03,BRL,Tasas (%),Tasa 10Y,13.67515
2026-02-04,BRL,Tasas (%),Tasa 10Y,13.6657
2026-02-05,BRL,Tasas (%),Tasa 10Y,13.7069
2026-02-06,BRL,Tasas (%),Tasa 10Y,13.76385
2026-02-09,BRL,Tasas (%),Tasa 10Y,13.6663
2026-02-10,BRL,Tasas (%),Tasa 10Y,13.6837
2026-02-11,BRL,Tasas (%),Tasa 10Y,13.7174
2026-02-12,BRL,Tasas (%),Tasa 10Y,13.68745
2026-02-13,BRL,Tasas (%),Tasa 10Y,13.6168
2026-02-16,BRL,Tasas (%),Tasa 10Y,13.616033333333332
2026-02-17,BRL,Tasas (%),Tasa 10Y,13.615266666666667
2026-02-18,BRL,Tasas (%),Tasa 10Y,13.6145
2026-02-19,BRL,Tasas (%),Tasa 10Y,13.66845
2026-02-20,BRL,Tasas (%),Tasa 10Y,13.62605
2026-02-23,BRL,Tasas (%),Tasa 10Y,13.63565
2026-02-24,BRL,Tasas (%),Tasa 10Y,13.55355
2026-02-25,BRL,Tasas (%),Tasa 10Y,13.54005
2026-02-26,BRL,Tasas (%),Tasa 10Y,13.50975
2026-02-27,BRL,Tasas (%),Tasa 10Y,13.55165
2026-03-02,BRL,Tasas (%),Tasa 10Y,13.58285
2026-03-03,BRL,Tasas (%),Tasa 10Y,13.80525
2026-03-04,BRL,Tasas (%),Tasa 10Y,13.6742
2026-03-05,BRL,Tasas (%),Tasa 10Y,13.87775
2026-03-06,BRL,Tasas (%),Tasa 10Y,14.15785
2026-03-09,BRL,Tasas (%),Tasa 10Y,13.8336
2026-03-10,BRL,Tasas (%),Tasa 10Y,13.78395
2026-03-11,BRL,Tasas (%),Tasa 10Y,13.82105
2026-03-12,BRL,Tasas (%),Tasa 10Y,14.0721
2026-03-13,BRL,Tasas (%),Tasa 10Y,14.3427
2026-03-16,BRL,Tasas (%),Tasa 10Y,13.9064
2026-03-17,BRL,Tasas (%),Tasa 10Y,13.91555
2026-03-18,BRL,Tasas (%),Tasa 10Y,14.04705
2026-03-19,BRL,Tasas (%),Tasa 10Y,13.998
2026-03-20,BRL,Tasas (%),Tasa 10Y,14.17355
2026-03-23,BRL,Tasas (%),Tasa 10Y,14.029
2026-03-24,BRL,Tasas (%),Tasa 10Y,14.1172
2026-03-25,BRL,Tasas (%),Tasa 10Y,14.1472
2026-03-26,BRL,Tasas (%),Tasa 10Y,14.27305
2026-03-27,BRL,Tasas (%),Tasa 10Y,14.2841
2026-03-30,BRL,Tasas (%),Tasa 10Y,14.2615
2026-03-31,BRL,Tasas (%),Tasa 10Y,14.0096
2026-04-01,BRL,Tasas (%),Tasa 10Y,14.02135
2026-04-02,BRL,Tasas (%),Tasa 10Y,13.98315
2026-04-06,BRL,Tasas (%),Tasa 10Y,14.0298
2026-04-07,BRL,Tasas (%),Tasa 10Y,13.97675
2026-04-08,BRL,Tasas (%),Tasa 10Y,13.79965
2026-04-09,BRL,Tasas (%),Tasa 10Y,13.7901
2026-04-10,BRL,Tasas (%),Tasa 10Y,13.65015
2026-04-13,BRL,Tasas (%),Tasa 10Y,13.6104
2026-04-14,BRL,Tasas (%),Tasa 10Y,13.6362
2026-04-15,BRL,Tasas (%),Tasa 10Y,13.6896
2026-04-16,BRL,Tasas (%),Tasa 10Y,13.71355
2026-04-17,BRL,Tasas (%),Tasa 10Y,13.6212
2026-04-20,BRL,Tasas (%),Tasa 10Y,13.55275
2026-04-21,BRL,Tasas (%),Tasa 10Y,13.631975
2026-04-22,BRL,Tasas (%),Tasa 10Y,13.7112
2026-04-23,BRL,Tasas (%),Tasa 10Y,13.8687
2026-04-24,BRL,Tasas (%),Tasa 10Y,13.74285
2026-04-27,BRL,Tasas (%),Tasa 10Y,13.8461
2026-04-28,BRL,Tasas (%),Tasa 10Y,13.8053
2026-04-29,BRL,Tasas (%),Tasa 10Y,14.01835
2026-04-30,BRL,Tasas (%),Tasa 10Y,13.96375
2026-05-04,BRL,Tasas (%),Tasa 10Y,14.0563
2026-05-05,BRL,Tasas (%),Tasa 10Y,14.06965
2026-05-06,BRL,Tasas (%),Tasa 10Y,13.9224
2026-05-07,BRL,Tasas (%),Tasa 10Y,14.0343
2026-05-08,BRL,Tasas (%),Tasa 10Y,13.8993
2026-05-11,BRL,Tasas (%),Tasa 10Y,14.0263
2026-05-12,BRL,Tasas (%),Tasa 10Y,14.0679
2026-05-13,BRL,Tasas (%),Tasa 10Y,14.3168
2026-05-14,BRL,Tasas (%),Tasa 10Y,14.30165
2026-05-15,BRL,Tasas (%),Tasa 10Y,14.44475
2026-05-18,BRL,Tasas (%),Tasa 10Y,14.35995
2026-05-19,BRL,Tasas (%),Tasa 10Y,14.49445
2026-05-20,BRL,Tasas (%),Tasa 10Y,14.37475
2026-05-22,BRL,Tasas (%),Tasa 10Y,14.2386
2026-05-25,BRL,Tasas (%),Tasa 10Y,14.0938
2026-05-26,BRL,Tasas (%),Tasa 10Y,14.12935
2026-05-27,BRL,Tasas (%),Tasa 10Y,14.168
2026-05-28,BRL,Tasas (%),Tasa 10Y,14.2143
2026-05-29,BRL,Tasas (%),Tasa 10Y,14.11465
2026-06-01,BRL,Tasas (%),Tasa 10Y,14.22845
2026-06-02,BRL,Tasas (%),Tasa 10Y,14.2784
2025-01-02,MXN,Desvíos del modelo (z-score),FX,0.3316052330367391
2025-01-03,MXN,Desvíos del modelo (z-score),FX,0.16924573336593401
2025-01-06,MXN,Desvíos del modelo (z-score),FX,0.28716774627375763
2025-01-07,MXN,Desvíos del modelo (z-score),FX,0.3002294881360648
2025-01-08,MXN,Desvíos del modelo (z-score),FX,0.10889488488737223
2025-01-09,MXN,Desvíos del modelo (z-score),FX,0.17995761051279513
2025-01-10,MXN,Desvíos del modelo (z-score),FX,0.20726775826503704
2025-01-13,MXN,Desvíos del modelo (z-score),FX,0.29381850863032954
2025-01-14,MXN,Desvíos del modelo (z-score),FX,0.29089174141892243
2025-01-15,MXN,Desvíos del modelo (z-score),FX,0.1162033260961401
2025-01-16,MXN,Desvíos del modelo (z-score),FX,0.2290595606904051
2025-01-17,MXN,Desvíos del modelo (z-score),FX,0.3958715551882524
2025-01-20,MXN,Desvíos del modelo (z-score),FX,0.46899292760846983
2025-01-21,MXN,Desvíos del modelo (z-score),FX,0.4310052590297448
2025-01-22,MXN,Desvíos del modelo (z-score),FX,0.5487694391062767
2025-01-23,MXN,Desvíos del modelo (z-score),FX,0.4720694287470889
2025-01-24,MXN,Desvíos del modelo (z-score),FX,0.39406041430305905
2025-01-27,MXN,Desvíos del modelo (z-score),FX,0.7463131240592173
2025-01-28,MXN,Desvíos del modelo (z-score),FX,0.5982575341933817
2025-01-29,MXN,Desvíos del modelo (z-score),FX,0.408146638516128
2025-01-30,MXN,Desvíos del modelo (z-score),FX,0.376661924044071
2025-01-31,MXN,Desvíos del modelo (z-score),FX,0.48522988244528975
2025-02-03,MXN,Desvíos del modelo (z-score),FX,0.38728733564644247
2025-02-04,MXN,Desvíos del modelo (z-score),FX,0.1509604257617286
2025-02-05,MXN,Desvíos del modelo (z-score),FX,0.4640343108888273
2025-02-06,MXN,Desvíos del modelo (z-score),FX,0.4077247603441322
2025-02-07,MXN,Desvíos del modelo (z-score),FX,0.49562800703273224
2025-02-10,MXN,Desvíos del modelo (z-score),FX,0.38767046362189134
2025-02-11,MXN,Desvíos del modelo (z-score),FX,0.4966270363633375
2025-02-12,MXN,Desvíos del modelo (z-score),FX,0.5900830844415624
2025-02-13,MXN,Desvíos del modelo (z-score),FX,0.5477723582113435
2025-02-14,MXN,Desvíos del modelo (z-score),FX,0.642002583767138
2025-02-17,MXN,Desvíos del modelo (z-score),FX,0.6735795112743258
2025-02-18,MXN,Desvíos del modelo (z-score),FX,0.6081961197902382
2025-02-19,MXN,Desvíos del modelo (z-score),FX,0.5801718003814035
2025-02-20,MXN,Desvíos del modelo (z-score),FX,0.6345896887847304
2025-02-21,MXN,Desvíos del modelo (z-score),FX,0.7455105252262251
2025-02-24,MXN,Desvíos del modelo (z-score),FX,0.8255432452089372
2025-02-25,MXN,Desvíos del modelo (z-score),FX,0.8523201171197834
2025-02-26,MXN,Desvíos del modelo (z-score),FX,0.7476030181546045
2025-02-27,MXN,Desvíos del modelo (z-score),FX,0.7140746279196569
2025-02-28,MXN,Desvíos del modelo (z-score),FX,0.4567862604673485
2025-03-03,MXN,Desvíos del modelo (z-score),FX,0.5904083881182353
2025-03-04,MXN,Desvíos del modelo (z-score),FX,1.0732784169334033
2025-03-05,MXN,Desvíos del modelo (z-score),FX,1.069614590262903
2025-03-06,MXN,Desvíos del modelo (z-score),FX,1.176739089581673
2025-03-07,MXN,Desvíos del modelo (z-score),FX,1.250977731841738
2025-03-10,MXN,Desvíos del modelo (z-score),FX,1.234480825710377
2025-03-11,MXN,Desvíos del modelo (z-score),FX,1.325191350423467
2025-03-12,MXN,Desvíos del modelo (z-score),FX,1.15777151552911
2025-03-13,MXN,Desvíos del modelo (z-score),FX,1.016888974374341
2025-03-14,MXN,Desvíos del modelo (z-score),FX,0.9914025136972996
2025-03-17,MXN,Desvíos del modelo (z-score),FX,0.907774876906995
2025-03-18,MXN,Desvíos del modelo (z-score),FX,1.0557484715126972
2025-03-19,MXN,Desvíos del modelo (z-score),FX,0.876732042482157
2025-03-20,MXN,Desvíos del modelo (z-score),FX,0.9846278058333399
2025-03-21,MXN,Desvíos del modelo (z-score),FX,1.0723652688478935
2025-03-24,MXN,Desvíos del modelo (z-score),FX,1.0261733676707556
2025-03-25,MXN,Desvíos del modelo (z-score),FX,0.8712822169168978
2025-03-26,MXN,Desvíos del modelo (z-score),FX,0.9572706789910799
2025-03-27,MXN,Desvíos del modelo (z-score),FX,1.1128945585777255
2025-03-28,MXN,Desvíos del modelo (z-score),FX,1.0799350575593345
2025-03-31,MXN,Desvíos del modelo (z-score),FX,1.0076239979731985
2025-04-01,MXN,Desvíos del modelo (z-score),FX,1.0158811823744704
2025-04-02,MXN,Desvíos del modelo (z-score),FX,0.8918987169613781
2025-04-03,MXN,Desvíos del modelo (z-score),FX,1.2765762360040454
2025-04-04,MXN,Desvíos del modelo (z-score),FX,1.7539257838601456
2025-04-07,MXN,Desvíos del modelo (z-score),FX,1.775030144599876
2025-04-08,MXN,Desvíos del modelo (z-score),FX,1.7027502974757458
2025-04-09,MXN,Desvíos del modelo (z-score),FX,1.830809924616925
2025-04-10,MXN,Desvíos del modelo (z-score),FX,1.6770350765555375
2025-04-11,MXN,Desvíos del modelo (z-score),FX,2.0402693800689375
2025-04-14,MXN,Desvíos del modelo (z-score),FX,1.9895378290366827
2025-04-15,MXN,Desvíos del modelo (z-score),FX,1.9198452360148026
2025-04-16,MXN,Desvíos del modelo (z-score),FX,1.8979397671626992
2025-04-17,MXN,Desvíos del modelo (z-score),FX,1.869662375026829
2025-04-21,MXN,Desvíos del modelo (z-score),FX,1.8045582853344453
2025-04-22,MXN,Desvíos del modelo (z-score),FX,1.9488593986016958
2025-04-23,MXN,Desvíos del modelo (z-score),FX,1.7909042818846697
2025-04-24,MXN,Desvíos del modelo (z-score),FX,1.6251436914868946
2025-04-25,MXN,Desvíos del modelo (z-score),FX,1.549282344462802
2025-04-28,MXN,Desvíos del modelo (z-score),FX,1.4662306986723697
2025-04-29,MXN,Desvíos del modelo (z-score),FX,1.6291599107630532
2025-04-30,MXN,Desvíos del modelo (z-score),FX,1.6316120350542018
2025-05-02,MXN,Desvíos del modelo (z-score),FX,2.0572958255679925
2025-05-05,MXN,Desvíos del modelo (z-score),FX,2.091267279185788
2025-05-06,MXN,Desvíos del modelo (z-score),FX,2.005250218599045
2025-05-07,MXN,Desvíos del modelo (z-score),FX,1.9738134771889428
2025-05-08,MXN,Desvíos del modelo (z-score),FX,1.90278032420565
2025-05-09,MXN,Desvíos del modelo (z-score),FX,1.6623225537356199
2025-05-12,MXN,Desvíos del modelo (z-score),FX,1.5471164958193824
2025-05-13,MXN,Desvíos del modelo (z-score),FX,1.5110267104108044
2025-05-14,MXN,Desvíos del modelo (z-score),FX,1.759809459139008
2025-05-15,MXN,Desvíos del modelo (z-score),FX,1.6230672822115821
2025-05-16,MXN,Desvíos del modelo (z-score),FX,1.7676382663616277
2025-05-19,MXN,Desvíos del modelo (z-score),FX,1.821759184334645
2025-05-20,MXN,Desvíos del modelo (z-score),FX,1.6212333759528021
2025-05-22,MXN,Desvíos del modelo (z-score),FX,1.965148820009529
2025-05-23,MXN,Desvíos del modelo (z-score),FX,1.904077326655965
2025-05-26,MXN,Desvíos del modelo (z-score),FX,1.9372973309354877
2025-05-27,MXN,Desvíos del modelo (z-score),FX,1.8889586654114896
2025-05-28,MXN,Desvíos del modelo (z-score),FX,1.8676824874854636
2025-05-29,MXN,Desvíos del modelo (z-score),FX,1.872588906290622
2025-05-30,MXN,Desvíos del modelo (z-score),FX,1.864258857570993
2025-06-02,MXN,Desvíos del modelo (z-score),FX,1.8849123978113926
2025-06-03,MXN,Desvíos del modelo (z-score),FX,1.7530878550452467
2025-06-04,MXN,Desvíos del modelo (z-score),FX,1.6615832773952874
2025-06-05,MXN,Desvíos del modelo (z-score),FX,1.7974414431501173
2025-06-06,MXN,Desvíos del modelo (z-score),FX,1.787274990982806
2025-06-09,MXN,Desvíos del modelo (z-score),FX,1.7152381800811813
2025-06-10,MXN,Desvíos del modelo (z-score),FX,1.712336744837936
2025-06-11,MXN,Desvíos del modelo (z-score),FX,1.592197307066912
2025-06-12,MXN,Desvíos del modelo (z-score),FX,1.6823109041705773
2025-06-13,MXN,Desvíos del modelo (z-score),FX,1.4916642876483386
2025-06-16,MXN,Desvíos del modelo (z-score),FX,1.6390153742390772
2025-06-17,MXN,Desvíos del modelo (z-score),FX,1.5121153655358799
2025-06-18,MXN,Desvíos del modelo (z-score),FX,1.4197448303532665
2025-06-19,MXN,Desvíos del modelo (z-score),FX,1.4474793868818454
2025-06-23,MXN,Desvíos del modelo (z-score),FX,1.4632957707148515
2025-06-24,MXN,Desvíos del modelo (z-score),FX,1.8015921168210889
2025-06-25,MXN,Desvíos del modelo (z-score),FX,1.754865014026343
2025-06-26,MXN,Desvíos del modelo (z-score),FX,1.7041015858050974
2025-06-27,MXN,Desvíos del modelo (z-score),FX,1.8442826898331075
2025-06-30,MXN,Desvíos del modelo (z-score),FX,1.830143635575743
2025-07-01,MXN,Desvíos del modelo (z-score),FX,1.8884667346862751
2025-07-02,MXN,Desvíos del modelo (z-score),FX,1.7489273748051837
2025-07-03,MXN,Desvíos del modelo (z-score),FX,1.9038578005277058
2025-07-04,MXN,Desvíos del modelo (z-score),FX,1.758524222168918
2025-07-07,MXN,Desvíos del modelo (z-score),FX,1.7201700993262667
2025-07-08,MXN,Desvíos del modelo (z-score),FX,1.740626815074162
2025-07-09,MXN,Desvíos del modelo (z-score),FX,1.537697121451831
2025-07-10,MXN,Desvíos del modelo (z-score),FX,1.6321435909328703
2025-07-11,MXN,Desvíos del modelo (z-score),FX,1.5844309779070376
2025-07-14,MXN,Desvíos del modelo (z-score),FX,1.6034410262496248
2025-07-15,MXN,Desvíos del modelo (z-score),FX,1.638933484924966
2025-07-17,MXN,Desvíos del modelo (z-score),FX,1.5095552591916632
2025-07-18,MXN,Desvíos del modelo (z-score),FX,1.5796164578924876
2025-07-21,MXN,Desvíos del modelo (z-score),FX,1.5035346138962964
2025-07-22,MXN,Desvíos del modelo (z-score),FX,1.527457943898309
2025-07-23,MXN,Desvíos del modelo (z-score),FX,1.752519902245606
2025-07-24,MXN,Desvíos del modelo (z-score),FX,1.745960865248069
2025-07-25,MXN,Desvíos del modelo (z-score),FX,1.6317087757813622
2025-07-28,MXN,Desvíos del modelo (z-score),FX,1.5994433227535072
2025-07-29,MXN,Desvíos del modelo (z-score),FX,1.368540106416872
2025-07-30,MXN,Desvíos del modelo (z-score),FX,1.462629721047965
2025-07-31,MXN,Desvíos del modelo (z-score),FX,1.3036453919917665
2025-08-01,MXN,Desvíos del modelo (z-score),FX,1.1723795182430263
2025-08-04,MXN,Desvíos del modelo (z-score),FX,1.3114063635593058
2025-08-05,MXN,Desvíos del modelo (z-score),FX,1.3045728523894136
2025-08-06,MXN,Desvíos del modelo (z-score),FX,1.2728338129279309
2025-08-07,MXN,Desvíos del modelo (z-score),FX,1.2622349449759662
2025-08-08,MXN,Desvíos del modelo (z-score),FX,1.2577522317809353
2025-08-11,MXN,Desvíos del modelo (z-score),FX,1.2285346011909055
2025-08-12,MXN,Desvíos del modelo (z-score),FX,1.2517444428211513
2025-08-13,MXN,Desvíos del modelo (z-score),FX,1.340858101903684
2025-08-14,MXN,Desvíos del modelo (z-score),FX,1.4789258911426526
2025-08-18,MXN,Desvíos del modelo (z-score),FX,1.581043606281536
2025-08-19,MXN,Desvíos del modelo (z-score),FX,1.6319814122373293
2025-08-20,MXN,Desvíos del modelo (z-score),FX,1.4592660757031037
2025-08-21,MXN,Desvíos del modelo (z-score),FX,1.3686293048589073
2025-08-22,MXN,Desvíos del modelo (z-score),FX,1.2079069077176516
2025-08-25,MXN,Desvíos del modelo (z-score),FX,1.3547393924639723
2025-08-26,MXN,Desvíos del modelo (z-score),FX,1.261041565375951
2025-08-27,MXN,Desvíos del modelo (z-score),FX,1.17947634169871
2025-08-28,MXN,Desvíos del modelo (z-score),FX,1.264227264899737
2025-08-29,MXN,Desvíos del modelo (z-score),FX,1.232606326831298
2025-09-01,MXN,Desvíos del modelo (z-score),FX,1.2343647332513896
2025-09-02,MXN,Desvíos del modelo (z-score),FX,1.2035694556092806
2025-09-03,MXN,Desvíos del modelo (z-score),FX,1.1250321865407678
2025-09-04,MXN,Desvíos del modelo (z-score),FX,1.1352021926884983
2025-09-05,MXN,Desvíos del modelo (z-score),FX,1.0730683992215135
2025-09-08,MXN,Desvíos del modelo (z-score),FX,1.0052101226396646
2025-09-09,MXN,Desvíos del modelo (z-score),FX,1.071046906605914
2025-09-10,MXN,Desvíos del modelo (z-score),FX,0.864906141707525
2025-09-11,MXN,Desvíos del modelo (z-score),FX,0.7867288819590591
2025-09-12,MXN,Desvíos del modelo (z-score),FX,0.7853148878186819
2025-09-15,MXN,Desvíos del modelo (z-score),FX,0.7113294716886837
2025-09-16,MXN,Desvíos del modelo (z-score),FX,0.7830799931598924
2025-09-17,MXN,Desvíos del modelo (z-score),FX,0.9014340232772152
2025-09-22,MXN,Desvíos del modelo (z-score),FX,0.5886794892847089
2025-09-23,MXN,Desvíos del modelo (z-score),FX,0.4534150929694642
2025-09-24,MXN,Desvíos del modelo (z-score),FX,0.5155983608292304
2025-09-25,MXN,Desvíos del modelo (z-score),FX,0.4745780975374113
2025-09-26,MXN,Desvíos del modelo (z-score),FX,0.3852190093431812
2025-09-29,MXN,Desvíos del modelo (z-score),FX,0.31147547760262684
2025-09-30,MXN,Desvíos del modelo (z-score),FX,0.3323260134242498
2025-10-01,MXN,Desvíos del modelo (z-score),FX,0.2553174415281087
2025-10-02,MXN,Desvíos del modelo (z-score),FX,0.3758254189434943
2025-10-03,MXN,Desvíos del modelo (z-score),FX,0.3903791779326682
2025-10-06,MXN,Desvíos del modelo (z-score),FX,0.2046520602210768
2025-10-07,MXN,Desvíos del modelo (z-score),FX,0.17402757120620224
2025-10-08,MXN,Desvíos del modelo (z-score),FX,-0.030720484733561787
2025-10-09,MXN,Desvíos del modelo (z-score),FX,0.05833994964303211
2025-10-10,MXN,Desvíos del modelo (z-score),FX,-0.05704570872642747
2025-10-13,MXN,Desvíos del modelo (z-score),FX,-0.07771922021876959
2025-10-14,MXN,Desvíos del modelo (z-score),FX,-0.15581543624460806
2025-10-15,MXN,Desvíos del modelo (z-score),FX,-0.08757340819414057
2025-10-16,MXN,Desvíos del modelo (z-score),FX,-0.27117114202327364
2025-10-17,MXN,Desvíos del modelo (z-score),FX,-0.040940635655332965
2025-10-20,MXN,Desvíos del modelo (z-score),FX,-0.2198660141306443
2025-10-21,MXN,Desvíos del modelo (z-score),FX,-0.08214583882065216
2025-10-22,MXN,Desvíos del modelo (z-score),FX,-0.16063935030619708
2025-10-23,MXN,Desvíos del modelo (z-score),FX,-0.2254811528395742
2025-10-24,MXN,Desvíos del modelo (z-score),FX,-0.20205027459882055
2025-10-27,MXN,Desvíos del modelo (z-score),FX,-0.09447694883395526
2025-10-28,MXN,Desvíos del modelo (z-score),FX,-0.09433660781446086
2025-10-29,MXN,Desvíos del modelo (z-score),FX,0.04842759233912313
2025-10-30,MXN,Desvíos del modelo (z-score),FX,-0.07925703765520759
2025-11-03,MXN,Desvíos del modelo (z-score),FX,-0.1863804378587494
2025-11-04,MXN,Desvíos del modelo (z-score),FX,-0.09970229975824964
2025-11-05,MXN,Desvíos del modelo (z-score),FX,-0.0990763499048392
2025-11-06,MXN,Desvíos del modelo (z-score),FX,-0.15304638484778219
2025-11-07,MXN,Desvíos del modelo (z-score),FX,-0.19436472152656067
2025-11-10,MXN,Desvíos del modelo (z-score),FX,-0.3947806566633828
2025-11-11,MXN,Desvíos del modelo (z-score),FX,-0.436131707411492
2025-11-12,MXN,Desvíos del modelo (z-score),FX,-0.5950102195549041
2025-11-13,MXN,Desvíos del modelo (z-score),FX,-0.41736628294612904
2025-11-14,MXN,Desvíos del modelo (z-score),FX,-0.2508096052357839
2025-11-17,MXN,Desvíos del modelo (z-score),FX,-0.36975371109908556
2025-11-18,MXN,Desvíos del modelo (z-score),FX,-0.40134781936267844
2025-11-19,MXN,Desvíos del modelo (z-score),FX,-0.5326377261336975
2025-11-20,MXN,Desvíos del modelo (z-score),FX,-0.5589209907173036
2025-11-21,MXN,Desvíos del modelo (z-score),FX,-0.5448902334249983
2025-11-24,MXN,Desvíos del modelo (z-score),FX,-0.7710077065308621
2025-11-25,MXN,Desvíos del modelo (z-score),FX,-0.6930490015908813
2025-11-26,MXN,Desvíos del modelo (z-score),FX,-0.844302362974681
2025-11-27,MXN,Desvíos del modelo (z-score),FX,-0.8295301735663108
2025-11-28,MXN,Desvíos del modelo (z-score),FX,-0.831736914763371
2025-12-01,MXN,Desvíos del modelo (z-score),FX,-0.6975884562592377
2025-12-02,MXN,Desvíos del modelo (z-score),FX,-0.6689850397205146
2025-12-03,MXN,Desvíos del modelo (z-score),FX,-0.5901837395223553
2025-12-04,MXN,Desvíos del modelo (z-score),FX,-0.5775104928409278
2025-12-05,MXN,Desvíos del modelo (z-score),FX,-0.5414579840084396
2025-12-09,MXN,Desvíos del modelo (z-score),FX,-0.46296610075773925
2025-12-10,MXN,Desvíos del modelo (z-score),FX,-0.568395624908973
2025-12-11,MXN,Desvíos del modelo (z-score),FX,-0.5505564085728863
2025-12-12,MXN,Desvíos del modelo (z-score),FX,-0.5481599705007096
2025-12-15,MXN,Desvíos del modelo (z-score),FX,-0.4749644571699996
2025-12-16,MXN,Desvíos del modelo (z-score),FX,-0.5428310024459164
2025-12-17,MXN,Desvíos del modelo (z-score),FX,-0.5937058874544817
2025-12-18,MXN,Desvíos del modelo (z-score),FX,-0.6376008149270944
2025-12-19,MXN,Desvíos del modelo (z-score),FX,-0.6802180404885635
2025-12-22,MXN,Desvíos del modelo (z-score),FX,-0.6926953310889967
2025-12-23,MXN,Desvíos del modelo (z-score),FX,-0.6298768594107055
2025-12-24,MXN,Desvíos del modelo (z-score),FX,-0.5855025703912041
2025-12-26,MXN,Desvíos del modelo (z-score),FX,-0.5369365556411106
2025-12-29,MXN,Desvíos del modelo (z-score),FX,-0.46396806724127954
2025-12-30,MXN,Desvíos del modelo (z-score),FX,-0.4439165345844557
2026-01-02,MXN,Desvíos del modelo (z-score),FX,-0.40415548639553855
2026-01-05,MXN,Desvíos del modelo (z-score),FX,-0.5390791094687564
2026-01-06,MXN,Desvíos del modelo (z-score),FX,-0.5470604032794502
2026-01-07,MXN,Desvíos del modelo (z-score),FX,-0.4625698521118113
2026-01-08,MXN,Desvíos del modelo (z-score),FX,-0.5295886965580118
2026-01-09,MXN,Desvíos del modelo (z-score),FX,-0.6882808570416177
2026-01-12,MXN,Desvíos del modelo (z-score),FX,-0.8445798988827059
2026-01-13,MXN,Desvíos del modelo (z-score),FX,-0.9372458937443596
2026-01-14,MXN,Desvíos del modelo (z-score),FX,-1.0348607894684234
2026-01-15,MXN,Desvíos del modelo (z-score),FX,-0.9925062319358601
2026-01-16,MXN,Desvíos del modelo (z-score),FX,-1.061287452438274
2026-01-19,MXN,Desvíos del modelo (z-score),FX,-1.1648425727324503
2026-01-20,MXN,Desvíos del modelo (z-score),FX,-1.0807461416412776
2026-01-21,MXN,Desvíos del modelo (z-score),FX,-1.130390004624943
2026-01-22,MXN,Desvíos del modelo (z-score),FX,-1.2581987239975014
2026-01-23,MXN,Desvíos del modelo (z-score),FX,-1.300379814104681
2026-01-26,MXN,Desvíos del modelo (z-score),FX,-1.114166737024225
2026-01-27,MXN,Desvíos del modelo (z-score),FX,-0.9720653102507849
2026-01-28,MXN,Desvíos del modelo (z-score),FX,-1.0101469089597925
2026-01-29,MXN,Desvíos del modelo (z-score),FX,-1.0153326157231881
2026-01-30,MXN,Desvíos del modelo (z-score),FX,-0.6780896095298445
2026-02-02,MXN,Desvíos del modelo (z-score),FX,-0.5925531936902266
2026-02-03,MXN,Desvíos del modelo (z-score),FX,-0.8733262717724295
2026-02-04,MXN,Desvíos del modelo (z-score),FX,-0.9614209299245217
2026-02-05,MXN,Desvíos del modelo (z-score),FX,-0.7373886017190469
2026-02-06,MXN,Desvíos del modelo (z-score),FX,-0.9427919281756679
2026-02-09,MXN,Desvíos del modelo (z-score),FX,-1.0386052079779284
2026-02-10,MXN,Desvíos del modelo (z-score),FX,-0.9960899191809532
2026-02-11,MXN,Desvíos del modelo (z-score),FX,-0.9499701515797973
2026-02-12,MXN,Desvíos del modelo (z-score),FX,-0.8470473828949091
2026-02-13,MXN,Desvíos del modelo (z-score),FX,-0.9995099266710524
2026-02-16,MXN,Desvíos del modelo (z-score),FX,-1.0457277517845782
2026-02-17,MXN,Desvíos del modelo (z-score),FX,-0.9896628691000391
2026-02-18,MXN,Desvíos del modelo (z-score),FX,-1.152215639045752
2026-02-19,MXN,Desvíos del modelo (z-score),FX,-1.2991006874297408
2026-02-20,MXN,Desvíos del modelo (z-score),FX,-1.3205275585065397
2026-02-23,MXN,Desvíos del modelo (z-score),FX,-1.3540731334504232
2026-02-24,MXN,Desvíos del modelo (z-score),FX,-1.3259053149331614
2026-02-25,MXN,Desvíos del modelo (z-score),FX,-1.3947920544066774
2026-02-26,MXN,Desvíos del modelo (z-score),FX,-1.3616604416049074
2026-02-27,MXN,Desvíos del modelo (z-score),FX,-1.4628012958063257
2026-03-02,MXN,Desvíos del modelo (z-score),FX,-1.554373996226631
2026-03-03,MXN,Desvíos del modelo (z-score),FX,-1.4141603320033667
2026-03-04,MXN,Desvíos del modelo (z-score),FX,-1.2817429840328805
2026-03-05,MXN,Desvíos del modelo (z-score),FX,-1.2400806072676178
2026-03-06,MXN,Desvíos del modelo (z-score),FX,-1.3359860431368755
2026-03-09,MXN,Desvíos del modelo (z-score),FX,-1.3757082689707736
2026-03-10,MXN,Desvíos del modelo (z-score),FX,-1.2278995439478888
2026-03-11,MXN,Desvíos del modelo (z-score),FX,-1.1757013452597862
2026-03-12,MXN,Desvíos del modelo (z-score),FX,-1.1765906296118522
2026-03-13,MXN,Desvíos del modelo (z-score),FX,-1.1490766730034219
2026-03-16,MXN,Desvíos del modelo (z-score),FX,-1.1168693308263986
2026-03-17,MXN,Desvíos del modelo (z-score),FX,-1.216102465110531
2026-03-18,MXN,Desvíos del modelo (z-score),FX,-1.021590664561528
2026-03-19,MXN,Desvíos del modelo (z-score),FX,-0.7858631675200145
2026-03-20,MXN,Desvíos del modelo (z-score),FX,-0.627868149255069
2026-03-23,MXN,Desvíos del modelo (z-score),FX,-0.6081952632464995
2026-03-24,MXN,Desvíos del modelo (z-score),FX,-0.6754753142821073
2026-03-25,MXN,Desvíos del modelo (z-score),FX,-0.7281177423022493
2026-03-26,MXN,Desvíos del modelo (z-score),FX,-0.6899878592175591
2026-03-27,MXN,Desvíos del modelo (z-score),FX,-0.6415766625353716
2026-03-30,MXN,Desvíos del modelo (z-score),FX,-0.7383895707391248
2026-03-31,MXN,Desvíos del modelo (z-score),FX,-0.9697502649096059
2026-04-01,MXN,Desvíos del modelo (z-score),FX,-0.9332178738802052
2026-04-02,MXN,Desvíos del modelo (z-score),FX,-1.1222438109835267
2026-04-06,MXN,Desvíos del modelo (z-score),FX,-1.2629068474990606
2026-04-07,MXN,Desvíos del modelo (z-score),FX,-1.274908919869656
2026-04-08,MXN,Desvíos del modelo (z-score),FX,-1.0399400048061525
2026-04-09,MXN,Desvíos del modelo (z-score),FX,-1.1508432084823799
2026-04-10,MXN,Desvíos del modelo (z-score),FX,-1.0884305588491077
2026-04-13,MXN,Desvíos del modelo (z-score),FX,-1.1873060276140706
2026-04-14,MXN,Desvíos del modelo (z-score),FX,-1.0106049331007585
2026-04-15,MXN,Desvíos del modelo (z-score),FX,-0.8969778144836941
2026-04-16,MXN,Desvíos del modelo (z-score),FX,-0.8475268643627271
2026-04-17,MXN,Desvíos del modelo (z-score),FX,-0.8731852113455901
2026-04-20,MXN,Desvíos del modelo (z-score),FX,-0.8233665028007864
2026-04-21,MXN,Desvíos del modelo (z-score),FX,-0.663619194710706
2026-04-22,MXN,Desvíos del modelo (z-score),FX,-0.8021023157125735
2026-04-23,MXN,Desvíos del modelo (z-score),FX,-0.7962522488737425
2026-04-24,MXN,Desvíos del modelo (z-score),FX,-0.788682121867249
2026-04-27,MXN,Desvíos del modelo (z-score),FX,-0.6684412715292163
2026-04-28,MXN,Desvíos del modelo (z-score),FX,-0.6671373617160397
2026-04-29,MXN,Desvíos del modelo (z-score),FX,-0.6477617244147579
2026-04-30,MXN,Desvíos del modelo (z-score),FX,-0.6067457037748308
2026-05-04,MXN,Desvíos del modelo (z-score),FX,-0.5181475557531156
2026-05-05,MXN,Desvíos del modelo (z-score),FX,-0.570719479220512
2026-05-06,MXN,Desvíos del modelo (z-score),FX,-0.6744057064342105
2026-05-07,MXN,Desvíos del modelo (z-score),FX,-0.6172743162483394
2026-05-08,MXN,Desvíos del modelo (z-score),FX,-0.7522125173004224
2026-05-11,MXN,Desvíos del modelo (z-score),FX,-0.8822193783331845
2026-05-12,MXN,Desvíos del modelo (z-score),FX,-0.9383294741016924
2026-05-13,MXN,Desvíos del modelo (z-score),FX,-0.8950269852542049
2026-05-14,MXN,Desvíos del modelo (z-score),FX,-0.8938802866672457
2026-05-15,MXN,Desvíos del modelo (z-score),FX,-0.648401608933266
2026-05-18,MXN,Desvíos del modelo (z-score),FX,-0.7560612224490366
2026-05-19,MXN,Desvíos del modelo (z-score),FX,-0.6575914396814073
2026-05-20,MXN,Desvíos del modelo (z-score),FX,-0.7034546619748702
2026-05-22,MXN,Desvíos del modelo (z-score),FX,-0.7296167164853525
2026-05-25,MXN,Desvíos del modelo (z-score),FX,-0.7261552565474001
2026-05-26,MXN,Desvíos del modelo (z-score),FX,-0.7765056960001275
2026-05-27,MXN,Desvíos del modelo (z-score),FX,-0.6170155652575267
2026-05-28,MXN,Desvíos del modelo (z-score),FX,-0.7079512679394453
2026-05-29,MXN,Desvíos del modelo (z-score),FX,-0.7213516186762332
2026-06-01,MXN,Desvíos del modelo (z-score),FX,-0.7414430746065869
2026-06-02,MXN,Desvíos del modelo (z-score),FX,-0.838699982527611
2025-01-02,MXN,Desvíos del modelo (z-score),Tasa 10Y,0.3576690675285085
2025-01-03,MXN,Desvíos del modelo (z-score),Tasa 10Y,0.4897718581906607
2025-01-06,MXN,Desvíos del modelo (z-score),Tasa 10Y,0.49630333195376075
2025-01-07,MXN,Desvíos del modelo (z-score),Tasa 10Y,0.17004369965761124
2025-01-08,MXN,Desvíos del modelo (z-score),Tasa 10Y,0.012634569193688076
2025-01-09,MXN,Desvíos del modelo (z-score),Tasa 10Y,-0.10092553760615709
2025-01-10,MXN,Desvíos del modelo (z-score),Tasa 10Y,-0.23185817820665203
2025-01-13,MXN,Desvíos del modelo (z-score),Tasa 10Y,-0.0592834874413434
2025-01-14,MXN,Desvíos del modelo (z-score),Tasa 10Y,-0.014993694156763604
2025-01-15,MXN,Desvíos del modelo (z-score),Tasa 10Y,0.21106112040346797
2025-01-16,MXN,Desvíos del modelo (z-score),Tasa 10Y,0.25108735359869716
2025-01-17,MXN,Desvíos del modelo (z-score),Tasa 10Y,0.3276962333690146
2025-01-20,MXN,Desvíos del modelo (z-score),Tasa 10Y,0.3489744644531118
2025-01-21,MXN,Desvíos del modelo (z-score),Tasa 10Y,0.07842687611555771
2025-01-22,MXN,Desvíos del modelo (z-score),Tasa 10Y,-0.27408217401874274
2025-01-23,MXN,Desvíos del modelo (z-score),Tasa 10Y,-0.4723847017509443
2025-01-24,MXN,Desvíos del modelo (z-score),Tasa 10Y,-0.25909931211377984
2025-01-27,MXN,Desvíos del modelo (z-score),Tasa 10Y,-0.11008206386356868
2025-01-28,MXN,Desvíos del modelo (z-score),Tasa 10Y,-0.20616825127063038
2025-01-29,MXN,Desvíos del modelo (z-score),Tasa 10Y,-0.12924200295541083
2025-01-30,MXN,Desvíos del modelo (z-score),Tasa 10Y,-0.23842039678442115
2025-01-31,MXN,Desvíos del modelo (z-score),Tasa 10Y,0.010146033698563022
2025-02-03,MXN,Desvíos del modelo (z-score),Tasa 10Y,-0.2537257645409582
2025-02-04,MXN,Desvíos del modelo (z-score),Tasa 10Y,-0.231885761372224
2025-02-05,MXN,Desvíos del modelo (z-score),Tasa 10Y,-0.20160358013004523
2025-02-06,MXN,Desvíos del modelo (z-score),Tasa 10Y,-0.4953285934274431
2025-02-07,MXN,Desvíos del modelo (z-score),Tasa 10Y,-0.6423170721747318
2025-02-10,MXN,Desvíos del modelo (z-score),Tasa 10Y,-0.6594016929409281
2025-02-11,MXN,Desvíos del modelo (z-score),Tasa 10Y,-0.5752210827512757
2025-02-12,MXN,Desvíos del modelo (z-score),Tasa 10Y,-0.5611424037776762
2025-02-13,MXN,Desvíos del modelo (z-score),Tasa 10Y,-0.37130288464805195
2025-02-14,MXN,Desvíos del modelo (z-score),Tasa 10Y,-0.20232975445543533
2025-02-17,MXN,Desvíos del modelo (z-score),Tasa 10Y,-0.22378376697326674
2025-02-18,MXN,Desvíos del modelo (z-score),Tasa 10Y,-0.43536500122895305
2025-02-19,MXN,Desvíos del modelo (z-score),Tasa 10Y,-0.2713239798888699
2025-02-20,MXN,Desvíos del modelo (z-score),Tasa 10Y,-0.24811537654299004
2025-02-21,MXN,Desvíos del modelo (z-score),Tasa 10Y,-0.4226568821772348
2025-02-24,MXN,Desvíos del modelo (z-score),Tasa 10Y,-0.4893754867421414
2025-02-25,MXN,Desvíos del modelo (z-score),Tasa 10Y,-0.5495973509065138
2025-02-26,MXN,Desvíos del modelo (z-score),Tasa 10Y,-0.6342272426683752
2025-02-27,MXN,Desvíos del modelo (z-score),Tasa 10Y,-0.7280818901312535
2025-02-28,MXN,Desvíos del modelo (z-score),Tasa 10Y,-0.7064544779133227
2025-03-03,MXN,Desvíos del modelo (z-score),Tasa 10Y,-0.7313157688521248
2025-03-04,MXN,Desvíos del modelo (z-score),Tasa 10Y,-0.5869985520651281
2025-03-05,MXN,Desvíos del modelo (z-score),Tasa 10Y,-0.8585119523365976
2025-03-06,MXN,Desvíos del modelo (z-score),Tasa 10Y,-0.8754880623475697
2025-03-07,MXN,Desvíos del modelo (z-score),Tasa 10Y,-0.8662709472129044
2025-03-10,MXN,Desvíos del modelo (z-score),Tasa 10Y,-0.6590302826462879
2025-03-11,MXN,Desvíos del modelo (z-score),Tasa 10Y,-0.6161883045204489
2025-03-12,MXN,Desvíos del modelo (z-score),Tasa 10Y,-0.6233917189801623
2025-03-13,MXN,Desvíos del modelo (z-score),Tasa 10Y,-0.7614508772889853
2025-03-14,MXN,Desvíos del modelo (z-score),Tasa 10Y,-0.8391861330706859
2025-03-17,MXN,Desvíos del modelo (z-score),Tasa 10Y,-0.818438793972716
2025-03-18,MXN,Desvíos del modelo (z-score),Tasa 10Y,-0.8284131044035711
2025-03-19,MXN,Desvíos del modelo (z-score),Tasa 10Y,-0.7878984481552138
2025-03-20,MXN,Desvíos del modelo (z-score),Tasa 10Y,-0.7678872541733488
2025-03-21,MXN,Desvíos del modelo (z-score),Tasa 10Y,-0.6075524642948763
2025-03-24,MXN,Desvíos del modelo (z-score),Tasa 10Y,-0.6757301644560195
2025-03-25,MXN,Desvíos del modelo (z-score),Tasa 10Y,-0.6510046858057448
2025-03-26,MXN,Desvíos del modelo (z-score),Tasa 10Y,-0.7839444017619489
2025-03-27,MXN,Desvíos del modelo (z-score),Tasa 10Y,-0.9665283192214152
2025-03-28,MXN,Desvíos del modelo (z-score),Tasa 10Y,-0.9432022539799749
2025-03-31,MXN,Desvíos del modelo (z-score),Tasa 10Y,-0.8773402719803731
2025-04-01,MXN,Desvíos del modelo (z-score),Tasa 10Y,-0.9946394650146894
2025-04-02,MXN,Desvíos del modelo (z-score),Tasa 10Y,-1.0440180194454864
2025-04-03,MXN,Desvíos del modelo (z-score),Tasa 10Y,-1.4644893474781968
2025-04-04,MXN,Desvíos del modelo (z-score),Tasa 10Y,-1.3272403724931947
2025-04-07,MXN,Desvíos del modelo (z-score),Tasa 10Y,-1.417291410553553
2025-04-08,MXN,Desvíos del modelo (z-score),Tasa 10Y,-1.6176560147449945
2025-04-09,MXN,Desvíos del modelo (z-score),Tasa 10Y,-1.6769017654826646
2025-04-10,MXN,Desvíos del modelo (z-score),Tasa 10Y,-1.5839795593158899
2025-04-11,MXN,Desvíos del modelo (z-score),Tasa 10Y,-1.4857181408601625
2025-04-14,MXN,Desvíos del modelo (z-score),Tasa 10Y,-1.15758526395762
2025-04-15,MXN,Desvíos del modelo (z-score),Tasa 10Y,-1.1747437964998815
2025-04-16,MXN,Desvíos del modelo (z-score),Tasa 10Y,-1.23310850746356
2025-04-17,MXN,Desvíos del modelo (z-score),Tasa 10Y,-1.0787077242490046
2025-04-21,MXN,Desvíos del modelo (z-score),Tasa 10Y,-1.1701421224678639
2025-04-22,MXN,Desvíos del modelo (z-score),Tasa 10Y,-1.1645694801544808
2025-04-23,MXN,Desvíos del modelo (z-score),Tasa 10Y,-1.1644290458159139
2025-04-24,MXN,Desvíos del modelo (z-score),Tasa 10Y,-1.3185703339404322
2025-04-25,MXN,Desvíos del modelo (z-score),Tasa 10Y,-1.2196465800811769
2025-04-28,MXN,Desvíos del modelo (z-score),Tasa 10Y,-1.1875651030468175
2025-04-29,MXN,Desvíos del modelo (z-score),Tasa 10Y,-1.0217626739296228
2025-04-30,MXN,Desvíos del modelo (z-score),Tasa 10Y,-0.9124387577046373
2025-05-02,MXN,Desvíos del modelo (z-score),Tasa 10Y,-1.0806812919010171
2025-05-05,MXN,Desvíos del modelo (z-score),Tasa 10Y,-1.095513739697536
2025-05-06,MXN,Desvíos del modelo (z-score),Tasa 10Y,-1.0960533261670575
2025-05-07,MXN,Desvíos del modelo (z-score),Tasa 10Y,-1.1609531852722252
2025-05-08,MXN,Desvíos del modelo (z-score),Tasa 10Y,-1.2384647323588611
2025-05-09,MXN,Desvíos del modelo (z-score),Tasa 10Y,-1.0542219804071384
2025-05-12,MXN,Desvíos del modelo (z-score),Tasa 10Y,-1.112080473692281
2025-05-13,MXN,Desvíos del modelo (z-score),Tasa 10Y,-1.0575693823574077
2025-05-14,MXN,Desvíos del modelo (z-score),Tasa 10Y,-0.9650180078359909
2025-05-15,MXN,Desvíos del modelo (z-score),Tasa 10Y,-0.9439491322623609
2025-05-16,MXN,Desvíos del modelo (z-score),Tasa 10Y,-0.9687537917048572
2025-05-19,MXN,Desvíos del modelo (z-score),Tasa 10Y,-0.9723132543333811
2025-05-20,MXN,Desvíos del modelo (z-score),Tasa 10Y,-1.0914215392347597
2025-05-22,MXN,Desvíos del modelo (z-score),Tasa 10Y,-1.1788308339908586
2025-05-23,MXN,Desvíos del modelo (z-score),Tasa 10Y,-1.1525797793410424
2025-05-26,MXN,Desvíos del modelo (z-score),Tasa 10Y,-0.9879662538791119
2025-05-27,MXN,Desvíos del modelo (z-score),Tasa 10Y,-1.0398108876042704
2025-05-28,MXN,Desvíos del modelo (z-score),Tasa 10Y,-1.1335950593331519
2025-05-29,MXN,Desvíos del modelo (z-score),Tasa 10Y,-1.149648624902495
2025-05-30,MXN,Desvíos del modelo (z-score),Tasa 10Y,-1.0949746083239709
2025-06-02,MXN,Desvíos del modelo (z-score),Tasa 10Y,-1.1299488091795897
2025-06-03,MXN,Desvíos del modelo (z-score),Tasa 10Y,-1.1874191814426325
2025-06-04,MXN,Desvíos del modelo (z-score),Tasa 10Y,-1.184720212593373
2025-06-05,MXN,Desvíos del modelo (z-score),Tasa 10Y,-1.2989603648151637
2025-06-06,MXN,Desvíos del modelo (z-score),Tasa 10Y,-1.4541952316324176
2025-06-09,MXN,Desvíos del modelo (z-score),Tasa 10Y,-1.4306071371640747
2025-06-10,MXN,Desvíos del modelo (z-score),Tasa 10Y,-1.3803424957582369
2025-06-11,MXN,Desvíos del modelo (z-score),Tasa 10Y,-1.0818507704547442
2025-06-12,MXN,Desvíos del modelo (z-score),Tasa 10Y,-0.9445477882842815
2025-06-13,MXN,Desvíos del modelo (z-score),Tasa 10Y,-1.0609079271689494
2025-06-16,MXN,Desvíos del modelo (z-score),Tasa 10Y,-0.8372361171852518
2025-06-17,MXN,Desvíos del modelo (z-score),Tasa 10Y,-0.8584274245128795
2025-06-18,MXN,Desvíos del modelo (z-score),Tasa 10Y,-0.871219694679772
2025-06-19,MXN,Desvíos del modelo (z-score),Tasa 10Y,-0.9478262828210624
2025-06-23,MXN,Desvíos del modelo (z-score),Tasa 10Y,-0.5682632784481672
2025-06-24,MXN,Desvíos del modelo (z-score),Tasa 10Y,-0.493048453275947
2025-06-25,MXN,Desvíos del modelo (z-score),Tasa 10Y,-0.5887614734953538
2025-06-26,MXN,Desvíos del modelo (z-score),Tasa 10Y,-0.4665211337396928
2025-06-27,MXN,Desvíos del modelo (z-score),Tasa 10Y,-0.39134459986031767
2025-06-30,MXN,Desvíos del modelo (z-score),Tasa 10Y,-0.49470936340920263
2025-07-01,MXN,Desvíos del modelo (z-score),Tasa 10Y,-0.4521063702570958
2025-07-02,MXN,Desvíos del modelo (z-score),Tasa 10Y,-0.565061985130239
2025-07-03,MXN,Desvíos del modelo (z-score),Tasa 10Y,-0.6379208613489489
2025-07-04,MXN,Desvíos del modelo (z-score),Tasa 10Y,-0.6692355821082187
2025-07-07,MXN,Desvíos del modelo (z-score),Tasa 10Y,-0.6127257852826055
2025-07-08,MXN,Desvíos del modelo (z-score),Tasa 10Y,-0.5342018677359235
2025-07-09,MXN,Desvíos del modelo (z-score),Tasa 10Y,-0.4856354732467527
2025-07-10,MXN,Desvíos del modelo (z-score),Tasa 10Y,-0.44850806045852576
2025-07-11,MXN,Desvíos del modelo (z-score),Tasa 10Y,-0.49607379204471463
2025-07-14,MXN,Desvíos del modelo (z-score),Tasa 10Y,-0.6358688961912808
2025-07-15,MXN,Desvíos del modelo (z-score),Tasa 10Y,-0.6480334926076157
2025-07-17,MXN,Desvíos del modelo (z-score),Tasa 10Y,-0.7001321641419807
2025-07-18,MXN,Desvíos del modelo (z-score),Tasa 10Y,-0.4998136009050214
2025-07-21,MXN,Desvíos del modelo (z-score),Tasa 10Y,-0.4059274346301813
2025-07-22,MXN,Desvíos del modelo (z-score),Tasa 10Y,-0.30297081488936506
2025-07-23,MXN,Desvíos del modelo (z-score),Tasa 10Y,-0.3130819836420783
2025-07-24,MXN,Desvíos del modelo (z-score),Tasa 10Y,-0.30106002796591647
2025-07-25,MXN,Desvíos del modelo (z-score),Tasa 10Y,-0.290944483982487
2025-07-28,MXN,Desvíos del modelo (z-score),Tasa 10Y,-0.32921368660169753
2025-07-29,MXN,Desvíos del modelo (z-score),Tasa 10Y,-0.33386680480930037
2025-07-30,MXN,Desvíos del modelo (z-score),Tasa 10Y,-0.43182746758098506
2025-07-31,MXN,Desvíos del modelo (z-score),Tasa 10Y,-0.5011228572772973
2025-08-01,MXN,Desvíos del modelo (z-score),Tasa 10Y,-0.65528580028479
2025-08-04,MXN,Desvíos del modelo (z-score),Tasa 10Y,-0.4449509729973093
2025-08-05,MXN,Desvíos del modelo (z-score),Tasa 10Y,-0.5733585281851805
2025-08-06,MXN,Desvíos del modelo (z-score),Tasa 10Y,-0.6958700451544417
2025-08-07,MXN,Desvíos del modelo (z-score),Tasa 10Y,-0.8144324892929287
2025-08-08,MXN,Desvíos del modelo (z-score),Tasa 10Y,-0.7159547270663514
2025-08-11,MXN,Desvíos del modelo (z-score),Tasa 10Y,-0.8273164347125714
2025-08-12,MXN,Desvíos del modelo (z-score),Tasa 10Y,-0.7989246400147972
2025-08-13,MXN,Desvíos del modelo (z-score),Tasa 10Y,-0.7409792626214383
2025-08-14,MXN,Desvíos del modelo (z-score),Tasa 10Y,-0.7734373231596495
2025-08-18,MXN,Desvíos del modelo (z-score),Tasa 10Y,-0.8453065070480806
2025-08-19,MXN,Desvíos del modelo (z-score),Tasa 10Y,-0.7785463610086095
2025-08-20,MXN,Desvíos del modelo (z-score),Tasa 10Y,-0.7675007489593777
2025-08-21,MXN,Desvíos del modelo (z-score),Tasa 10Y,-0.8502705466630115
2025-08-22,MXN,Desvíos del modelo (z-score),Tasa 10Y,-0.9659455100897117
2025-08-25,MXN,Desvíos del modelo (z-score),Tasa 10Y,-0.904728888221722
2025-08-26,MXN,Desvíos del modelo (z-score),Tasa 10Y,-0.9449392622416739
2025-08-27,MXN,Desvíos del modelo (z-score),Tasa 10Y,-0.9339472104886201
2025-08-28,MXN,Desvíos del modelo (z-score),Tasa 10Y,-0.8421438001856547
2025-08-29,MXN,Desvíos del modelo (z-score),Tasa 10Y,-0.9628393839142103
2025-09-01,MXN,Desvíos del modelo (z-score),Tasa 10Y,-0.975164873260813
2025-09-02,MXN,Desvíos del modelo (z-score),Tasa 10Y,-0.9742299248312155
2025-09-03,MXN,Desvíos del modelo (z-score),Tasa 10Y,-0.9367007081428248
2025-09-04,MXN,Desvíos del modelo (z-score),Tasa 10Y,-0.8611513065410134
2025-09-05,MXN,Desvíos del modelo (z-score),Tasa 10Y,-0.7347758483102652
2025-09-08,MXN,Desvíos del modelo (z-score),Tasa 10Y,-0.7591185802591474
2025-09-09,MXN,Desvíos del modelo (z-score),Tasa 10Y,-0.7040281534977778
2025-09-10,MXN,Desvíos del modelo (z-score),Tasa 10Y,-0.6961896509612777
2025-09-11,MXN,Desvíos del modelo (z-score),Tasa 10Y,-0.8510419772644513
2025-09-12,MXN,Desvíos del modelo (z-score),Tasa 10Y,-0.828688945536454
2025-09-15,MXN,Desvíos del modelo (z-score),Tasa 10Y,-0.7617552359197091
2025-09-16,MXN,Desvíos del modelo (z-score),Tasa 10Y,-0.7536146042765972
2025-09-17,MXN,Desvíos del modelo (z-score),Tasa 10Y,-0.8251133126759846
2025-09-22,MXN,Desvíos del modelo (z-score),Tasa 10Y,-1.1590148624956131
2025-09-23,MXN,Desvíos del modelo (z-score),Tasa 10Y,-1.1205568321084705
2025-09-24,MXN,Desvíos del modelo (z-score),Tasa 10Y,-1.235324934446474
2025-09-25,MXN,Desvíos del modelo (z-score),Tasa 10Y,-1.2092845057914665
2025-09-26,MXN,Desvíos del modelo (z-score),Tasa 10Y,-1.0599078673976463
2025-09-29,MXN,Desvíos del modelo (z-score),Tasa 10Y,-1.0214475588427607
2025-09-30,MXN,Desvíos del modelo (z-score),Tasa 10Y,-1.0028296830123686
2025-10-01,MXN,Desvíos del modelo (z-score),Tasa 10Y,-0.872490753086626
2025-10-02,MXN,Desvíos del modelo (z-score),Tasa 10Y,-0.8779041722506543
2025-10-03,MXN,Desvíos del modelo (z-score),Tasa 10Y,-0.8778554369902071
2025-10-06,MXN,Desvíos del modelo (z-score),Tasa 10Y,-0.9264184146954401
2025-10-07,MXN,Desvíos del modelo (z-score),Tasa 10Y,-0.9155038838499386
2025-10-08,MXN,Desvíos del modelo (z-score),Tasa 10Y,-0.9208091709212209
2025-10-09,MXN,Desvíos del modelo (z-score),Tasa 10Y,-1.1422354826862715
2025-10-10,MXN,Desvíos del modelo (z-score),Tasa 10Y,-1.2011954443504131
2025-10-13,MXN,Desvíos del modelo (z-score),Tasa 10Y,-1.1748773850469256
2025-10-14,MXN,Desvíos del modelo (z-score),Tasa 10Y,-1.2454655948364368
2025-10-15,MXN,Desvíos del modelo (z-score),Tasa 10Y,-1.2586076415473775
2025-10-16,MXN,Desvíos del modelo (z-score),Tasa 10Y,-1.310208931001941
2025-10-17,MXN,Desvíos del modelo (z-score),Tasa 10Y,-1.125318510306722
2025-10-20,MXN,Desvíos del modelo (z-score),Tasa 10Y,-0.9366654583162821
2025-10-21,MXN,Desvíos del modelo (z-score),Tasa 10Y,-0.9844049176137426
2025-10-22,MXN,Desvíos del modelo (z-score),Tasa 10Y,-1.021318557756208
2025-10-23,MXN,Desvíos del modelo (z-score),Tasa 10Y,-0.987483871332705
2025-10-24,MXN,Desvíos del modelo (z-score),Tasa 10Y,-0.8060747799443606
2025-10-27,MXN,Desvíos del modelo (z-score),Tasa 10Y,-0.798684176831477
2025-10-28,MXN,Desvíos del modelo (z-score),Tasa 10Y,-0.8991097626906491
2025-10-29,MXN,Desvíos del modelo (z-score),Tasa 10Y,-0.9403304385554815
2025-10-30,MXN,Desvíos del modelo (z-score),Tasa 10Y,-0.975078520987419
2025-11-03,MXN,Desvíos del modelo (z-score),Tasa 10Y,-1.0028079216182137
2025-11-04,MXN,Desvíos del modelo (z-score),Tasa 10Y,-1.0249096986635426
2025-11-05,MXN,Desvíos del modelo (z-score),Tasa 10Y,-1.098848140004375
2025-11-06,MXN,Desvíos del modelo (z-score),Tasa 10Y,-0.9750954223158794
2025-11-07,MXN,Desvíos del modelo (z-score),Tasa 10Y,-0.8783504437073236
2025-11-10,MXN,Desvíos del modelo (z-score),Tasa 10Y,-0.7843628962724718
2025-11-11,MXN,Desvíos del modelo (z-score),Tasa 10Y,-0.7652714302881085
2025-11-12,MXN,Desvíos del modelo (z-score),Tasa 10Y,-0.7568138183764108
2025-11-13,MXN,Desvíos del modelo (z-score),Tasa 10Y,-0.876719459305124
2025-11-14,MXN,Desvíos del modelo (z-score),Tasa 10Y,-0.9030422749804878
2025-11-17,MXN,Desvíos del modelo (z-score),Tasa 10Y,-1.0058250390395511
2025-11-18,MXN,Desvíos del modelo (z-score),Tasa 10Y,-1.0503515291865768
2025-11-19,MXN,Desvíos del modelo (z-score),Tasa 10Y,-1.0339995581071932
2025-11-20,MXN,Desvíos del modelo (z-score),Tasa 10Y,-0.9593201825437457
2025-11-21,MXN,Desvíos del modelo (z-score),Tasa 10Y,-0.762746619293991
2025-11-24,MXN,Desvíos del modelo (z-score),Tasa 10Y,-0.588549052176452
2025-11-25,MXN,Desvíos del modelo (z-score),Tasa 10Y,-0.550482090755467
2025-11-26,MXN,Desvíos del modelo (z-score),Tasa 10Y,-0.6355484797895999
2025-11-27,MXN,Desvíos del modelo (z-score),Tasa 10Y,-0.6411226968111422
2025-11-28,MXN,Desvíos del modelo (z-score),Tasa 10Y,-0.6100556288493163
2025-12-01,MXN,Desvíos del modelo (z-score),Tasa 10Y,-0.6616322023367811
2025-12-02,MXN,Desvíos del modelo (z-score),Tasa 10Y,-0.7592019953168092
2025-12-03,MXN,Desvíos del modelo (z-score),Tasa 10Y,-0.7485400229324425
2025-12-04,MXN,Desvíos del modelo (z-score),Tasa 10Y,-0.814093379316403
2025-12-05,MXN,Desvíos del modelo (z-score),Tasa 10Y,-0.8141549921992597
2025-12-09,MXN,Desvíos del modelo (z-score),Tasa 10Y,-0.481914109471179
2025-12-10,MXN,Desvíos del modelo (z-score),Tasa 10Y,-0.40259761979945646
2025-12-11,MXN,Desvíos del modelo (z-score),Tasa 10Y,-0.3480697309526243
2025-12-12,MXN,Desvíos del modelo (z-score),Tasa 10Y,-0.3050888810794787
2025-12-15,MXN,Desvíos del modelo (z-score),Tasa 10Y,-0.1984655544031651
2025-12-16,MXN,Desvíos del modelo (z-score),Tasa 10Y,-0.23576366836074453
2025-12-17,MXN,Desvíos del modelo (z-score),Tasa 10Y,-0.3825562395624679
2025-12-18,MXN,Desvíos del modelo (z-score),Tasa 10Y,-0.34814606441006907
2025-12-19,MXN,Desvíos del modelo (z-score),Tasa 10Y,-0.3303446835336082
2025-12-22,MXN,Desvíos del modelo (z-score),Tasa 10Y,-0.12988662824357097
2025-12-23,MXN,Desvíos del modelo (z-score),Tasa 10Y,-0.12633945213780873
2025-12-24,MXN,Desvíos del modelo (z-score),Tasa 10Y,0.011332645126006428
2025-12-26,MXN,Desvíos del modelo (z-score),Tasa 10Y,0.07735858279160947
2025-12-29,MXN,Desvíos del modelo (z-score),Tasa 10Y,0.1063501444572939
2025-12-30,MXN,Desvíos del modelo (z-score),Tasa 10Y,0.0010083649520714558
2026-01-02,MXN,Desvíos del modelo (z-score),Tasa 10Y,-0.28183162329335604
2026-01-05,MXN,Desvíos del modelo (z-score),Tasa 10Y,-0.43781396732046335
2026-01-06,MXN,Desvíos del modelo (z-score),Tasa 10Y,-0.6607513725837947
2026-01-07,MXN,Desvíos del modelo (z-score),Tasa 10Y,-0.7925076358848718
2026-01-08,MXN,Desvíos del modelo (z-score),Tasa 10Y,-0.7067934610786123
2026-01-09,MXN,Desvíos del modelo (z-score),Tasa 10Y,-0.5593563040291075
2026-01-12,MXN,Desvíos del modelo (z-score),Tasa 10Y,-0.6166819831499967
2026-01-13,MXN,Desvíos del modelo (z-score),Tasa 10Y,-0.6508915512686638
2026-01-14,MXN,Desvíos del modelo (z-score),Tasa 10Y,-0.5770619102722034
2026-01-15,MXN,Desvíos del modelo (z-score),Tasa 10Y,-0.49466035886872867
2026-01-16,MXN,Desvíos del modelo (z-score),Tasa 10Y,-0.4002206707396895
2026-01-19,MXN,Desvíos del modelo (z-score),Tasa 10Y,-0.47342833976258913
2026-01-20,MXN,Desvíos del modelo (z-score),Tasa 10Y,-0.358460013644098
2026-01-21,MXN,Desvíos del modelo (z-score),Tasa 10Y,-0.3880243855618603
2026-01-22,MXN,Desvíos del modelo (z-score),Tasa 10Y,-0.6779200216238532
2026-01-23,MXN,Desvíos del modelo (z-score),Tasa 10Y,-0.668936098272923
2026-01-26,MXN,Desvíos del modelo (z-score),Tasa 10Y,-0.5320206923904558
2026-01-27,MXN,Desvíos del modelo (z-score),Tasa 10Y,-0.741112063754893
2026-01-28,MXN,Desvíos del modelo (z-score),Tasa 10Y,-0.8038306550666435
2026-01-29,MXN,Desvíos del modelo (z-score),Tasa 10Y,-0.935966731330111
2026-01-30,MXN,Desvíos del modelo (z-score),Tasa 10Y,-0.8453018282224266
2026-02-02,MXN,Desvíos del modelo (z-score),Tasa 10Y,-0.8819376041548123
2026-02-03,MXN,Desvíos del modelo (z-score),Tasa 10Y,-0.8793271424518766
2026-02-04,MXN,Desvíos del modelo (z-score),Tasa 10Y,-0.8210080672540235
2026-02-05,MXN,Desvíos del modelo (z-score),Tasa 10Y,-0.8636805922392685
2026-02-06,MXN,Desvíos del modelo (z-score),Tasa 10Y,-0.9640010145457408
2026-02-09,MXN,Desvíos del modelo (z-score),Tasa 10Y,-0.8831494667599704
2026-02-10,MXN,Desvíos del modelo (z-score),Tasa 10Y,-0.8679228372557324
2026-02-11,MXN,Desvíos del modelo (z-score),Tasa 10Y,-0.9077212895811
2026-02-12,MXN,Desvíos del modelo (z-score),Tasa 10Y,-0.8633931977829054
2026-02-13,MXN,Desvíos del modelo (z-score),Tasa 10Y,-0.7632815078399483
2026-02-16,MXN,Desvíos del modelo (z-score),Tasa 10Y,-0.7795920249242716
2026-02-17,MXN,Desvíos del modelo (z-score),Tasa 10Y,-0.7234856267413372
2026-02-18,MXN,Desvíos del modelo (z-score),Tasa 10Y,-0.7154994456047582
2026-02-19,MXN,Desvíos del modelo (z-score),Tasa 10Y,-0.698649769951789
2026-02-20,MXN,Desvíos del modelo (z-score),Tasa 10Y,-0.5109135172965327
2026-02-23,MXN,Desvíos del modelo (z-score),Tasa 10Y,-0.5844487709236358
2026-02-24,MXN,Desvíos del modelo (z-score),Tasa 10Y,-0.6355288385837365
2026-02-25,MXN,Desvíos del modelo (z-score),Tasa 10Y,-0.7678554780927525
2026-02-26,MXN,Desvíos del modelo (z-score),Tasa 10Y,-0.712654046017667
2026-02-27,MXN,Desvíos del modelo (z-score),Tasa 10Y,-0.6313435781196822
2026-03-02,MXN,Desvíos del modelo (z-score),Tasa 10Y,-0.6340807533294333
2026-03-03,MXN,Desvíos del modelo (z-score),Tasa 10Y,-0.5995791561635908
2026-03-04,MXN,Desvíos del modelo (z-score),Tasa 10Y,-0.7070024505621904
2026-03-05,MXN,Desvíos del modelo (z-score),Tasa 10Y,-0.49143673269414456
2026-03-06,MXN,Desvíos del modelo (z-score),Tasa 10Y,-0.5361532914691971
2026-03-09,MXN,Desvíos del modelo (z-score),Tasa 10Y,-0.30881822010362053
2026-03-10,MXN,Desvíos del modelo (z-score),Tasa 10Y,-0.47431670144502014
2026-03-11,MXN,Desvíos del modelo (z-score),Tasa 10Y,-0.5238928272492737
2026-03-12,MXN,Desvíos del modelo (z-score),Tasa 10Y,-0.2504928733112863
2026-03-13,MXN,Desvíos del modelo (z-score),Tasa 10Y,0.14187420498904826
2026-03-16,MXN,Desvíos del modelo (z-score),Tasa 10Y,0.20382294994628725
2026-03-17,MXN,Desvíos del modelo (z-score),Tasa 10Y,0.17993733051325436
2026-03-18,MXN,Desvíos del modelo (z-score),Tasa 10Y,0.13854827329358335
2026-03-19,MXN,Desvíos del modelo (z-score),Tasa 10Y,-0.001296807577496224
2026-03-20,MXN,Desvíos del modelo (z-score),Tasa 10Y,-0.06038973533228372
2026-03-23,MXN,Desvíos del modelo (z-score),Tasa 10Y,-0.31407595000990224
2026-03-24,MXN,Desvíos del modelo (z-score),Tasa 10Y,-0.47997510577194263
2026-03-25,MXN,Desvíos del modelo (z-score),Tasa 10Y,-0.8700350691341824
2026-03-26,MXN,Desvíos del modelo (z-score),Tasa 10Y,-0.7591178733872731
2026-03-27,MXN,Desvíos del modelo (z-score),Tasa 10Y,-0.6763674330266141
2026-03-30,MXN,Desvíos del modelo (z-score),Tasa 10Y,-0.24259420909201915
2026-03-31,MXN,Desvíos del modelo (z-score),Tasa 10Y,-0.2780606978735283
2026-04-01,MXN,Desvíos del modelo (z-score),Tasa 10Y,-0.6003224645950366
2026-04-02,MXN,Desvíos del modelo (z-score),Tasa 10Y,-0.47959034019441055
2026-04-06,MXN,Desvíos del modelo (z-score),Tasa 10Y,-0.378340934199446
2026-04-07,MXN,Desvíos del modelo (z-score),Tasa 10Y,-0.17093205321100657
2026-04-08,MXN,Desvíos del modelo (z-score),Tasa 10Y,-0.4700944842008294
2026-04-09,MXN,Desvíos del modelo (z-score),Tasa 10Y,-0.4321849930952104
2026-04-10,MXN,Desvíos del modelo (z-score),Tasa 10Y,-0.5448161876781847
2026-04-13,MXN,Desvíos del modelo (z-score),Tasa 10Y,-0.6419680899526646
2026-04-14,MXN,Desvíos del modelo (z-score),Tasa 10Y,-0.6181421866902781
2026-04-15,MXN,Desvíos del modelo (z-score),Tasa 10Y,-0.5464864916070123
2026-04-16,MXN,Desvíos del modelo (z-score),Tasa 10Y,-0.5916847674717147
2026-04-17,MXN,Desvíos del modelo (z-score),Tasa 10Y,-0.7587405439174427
2026-04-20,MXN,Desvíos del modelo (z-score),Tasa 10Y,-0.7724838969874721
2026-04-21,MXN,Desvíos del modelo (z-score),Tasa 10Y,-0.683234342551223
2026-04-22,MXN,Desvíos del modelo (z-score),Tasa 10Y,-0.8105034936989827
2026-04-23,MXN,Desvíos del modelo (z-score),Tasa 10Y,-0.6218316508692465
2026-04-24,MXN,Desvíos del modelo (z-score),Tasa 10Y,-0.5766430985803523
2026-04-27,MXN,Desvíos del modelo (z-score),Tasa 10Y,-0.5591865710950616
2026-04-28,MXN,Desvíos del modelo (z-score),Tasa 10Y,-0.48294526283247957
2026-04-29,MXN,Desvíos del modelo (z-score),Tasa 10Y,-0.365448232332252
2026-04-30,MXN,Desvíos del modelo (z-score),Tasa 10Y,-0.20130676418889037
2026-05-04,MXN,Desvíos del modelo (z-score),Tasa 10Y,-0.2571434605509228
2026-05-05,MXN,Desvíos del modelo (z-score),Tasa 10Y,-0.3034080730925838
2026-05-06,MXN,Desvíos del modelo (z-score),Tasa 10Y,-0.512826004964489
2026-05-07,MXN,Desvíos del modelo (z-score),Tasa 10Y,-0.5675611259259387
2026-05-08,MXN,Desvíos del modelo (z-score),Tasa 10Y,-0.4211513635237057
2026-05-11,MXN,Desvíos del modelo (z-score),Tasa 10Y,-0.3473284229044682
2026-05-12,MXN,Desvíos del modelo (z-score),Tasa 10Y,-0.4128082468716559
2026-05-13,MXN,Desvíos del modelo (z-score),Tasa 10Y,-0.5111281428049981
2026-05-14,MXN,Desvíos del modelo (z-score),Tasa 10Y,-0.4714241046319163
2026-05-15,MXN,Desvíos del modelo (z-score),Tasa 10Y,-0.4831212329142986
2026-05-18,MXN,Desvíos del modelo (z-score),Tasa 10Y,-0.40287795669340104
2026-05-19,MXN,Desvíos del modelo (z-score),Tasa 10Y,-0.42613588051460455
2026-05-20,MXN,Desvíos del modelo (z-score),Tasa 10Y,-0.5461034399674013
2026-05-22,MXN,Desvíos del modelo (z-score),Tasa 10Y,-0.3593055179950889
2026-05-25,MXN,Desvíos del modelo (z-score),Tasa 10Y,-0.5727175138514675
2026-05-26,MXN,Desvíos del modelo (z-score),Tasa 10Y,-0.4384672622170289
2026-05-27,MXN,Desvíos del modelo (z-score),Tasa 10Y,-0.45768542591931327
2026-05-28,MXN,Desvíos del modelo (z-score),Tasa 10Y,-0.5236377033617867
2026-05-29,MXN,Desvíos del modelo (z-score),Tasa 10Y,-0.4166060096666338
2026-06-01,MXN,Desvíos del modelo (z-score),Tasa 10Y,-0.6181171024762594
2026-06-02,MXN,Desvíos del modelo (z-score),Tasa 10Y,-0.5874829814928655
2025-01-02,MXN,Tasas (%),TPM,10
2025-01-03,MXN,Tasas (%),TPM,10
2025-01-06,MXN,Tasas (%),TPM,10
2025-01-07,MXN,Tasas (%),TPM,10
2025-01-08,MXN,Tasas (%),TPM,10
2025-01-09,MXN,Tasas (%),TPM,10
2025-01-10,MXN,Tasas (%),TPM,10
2025-01-13,MXN,Tasas (%),TPM,10
2025-01-14,MXN,Tasas (%),TPM,10
2025-01-15,MXN,Tasas (%),TPM,10
2025-01-16,MXN,Tasas (%),TPM,10
2025-01-17,MXN,Tasas (%),TPM,10
2025-01-20,MXN,Tasas (%),TPM,10
2025-01-21,MXN,Tasas (%),TPM,10
2025-01-22,MXN,Tasas (%),TPM,10
2025-01-23,MXN,Tasas (%),TPM,10
2025-01-24,MXN,Tasas (%),TPM,10
2025-01-27,MXN,Tasas (%),TPM,10
2025-01-28,MXN,Tasas (%),TPM,10
2025-01-29,MXN,Tasas (%),TPM,10
2025-01-30,MXN,Tasas (%),TPM,10
2025-01-31,MXN,Tasas (%),TPM,10
2025-02-03,MXN,Tasas (%),TPM,10
2025-02-04,MXN,Tasas (%),TPM,10
2025-02-05,MXN,Tasas (%),TPM,10
2025-02-06,MXN,Tasas (%),TPM,9.5
2025-02-07,MXN,Tasas (%),TPM,9.5
2025-02-10,MXN,Tasas (%),TPM,9.5
2025-02-11,MXN,Tasas (%),TPM,9.5
2025-02-12,MXN,Tasas (%),TPM,9.5
2025-02-13,MXN,Tasas (%),TPM,9.5
2025-02-14,MXN,Tasas (%),TPM,9.5
2025-02-17,MXN,Tasas (%),TPM,9.5
2025-02-18,MXN,Tasas (%),TPM,9.5
2025-02-19,MXN,Tasas (%),TPM,9.5
2025-02-20,MXN,Tasas (%),TPM,9.5
2025-02-21,MXN,Tasas (%),TPM,9.5
2025-02-24,MXN,Tasas (%),TPM,9.5
2025-02-25,MXN,Tasas (%),TPM,9.5
2025-02-26,MXN,Tasas (%),TPM,9.5
2025-02-27,MXN,Tasas (%),TPM,9.5
2025-02-28,MXN,Tasas (%),TPM,9.5
2025-03-03,MXN,Tasas (%),TPM,9.5
2025-03-04,MXN,Tasas (%),TPM,9.5
2025-03-05,MXN,Tasas (%),TPM,9.5
2025-03-06,MXN,Tasas (%),TPM,9.5
2025-03-07,MXN,Tasas (%),TPM,9.5
2025-03-10,MXN,Tasas (%),TPM,9.5
2025-03-11,MXN,Tasas (%),TPM,9.5
2025-03-12,MXN,Tasas (%),TPM,9.5
2025-03-13,MXN,Tasas (%),TPM,9.5
2025-03-14,MXN,Tasas (%),TPM,9.5
2025-03-17,MXN,Tasas (%),TPM,9.5
2025-03-18,MXN,Tasas (%),TPM,9.5
2025-03-19,MXN,Tasas (%),TPM,9.5
2025-03-20,MXN,Tasas (%),TPM,9.5
2025-03-21,MXN,Tasas (%),TPM,9.5
2025-03-24,MXN,Tasas (%),TPM,9.5
2025-03-25,MXN,Tasas (%),TPM,9.5
2025-03-26,MXN,Tasas (%),TPM,9.5
2025-03-27,MXN,Tasas (%),TPM,9
2025-03-28,MXN,Tasas (%),TPM,9
2025-03-31,MXN,Tasas (%),TPM,9
2025-04-01,MXN,Tasas (%),TPM,9
2025-04-02,MXN,Tasas (%),TPM,9
2025-04-03,MXN,Tasas (%),TPM,9
2025-04-04,MXN,Tasas (%),TPM,9
2025-04-07,MXN,Tasas (%),TPM,9
2025-04-08,MXN,Tasas (%),TPM,9
2025-04-09,MXN,Tasas (%),TPM,9
2025-04-10,MXN,Tasas (%),TPM,9
2025-04-11,MXN,Tasas (%),TPM,9
2025-04-14,MXN,Tasas (%),TPM,9
2025-04-15,MXN,Tasas (%),TPM,9
2025-04-16,MXN,Tasas (%),TPM,9
2025-04-17,MXN,Tasas (%),TPM,9
2025-04-21,MXN,Tasas (%),TPM,9
2025-04-22,MXN,Tasas (%),TPM,9
2025-04-23,MXN,Tasas (%),TPM,9
2025-04-24,MXN,Tasas (%),TPM,9
2025-04-25,MXN,Tasas (%),TPM,9
2025-04-28,MXN,Tasas (%),TPM,9
2025-04-29,MXN,Tasas (%),TPM,9
2025-04-30,MXN,Tasas (%),TPM,9
2025-05-02,MXN,Tasas (%),TPM,9
2025-05-05,MXN,Tasas (%),TPM,9
2025-05-06,MXN,Tasas (%),TPM,9
2025-05-07,MXN,Tasas (%),TPM,9
2025-05-08,MXN,Tasas (%),TPM,9
2025-05-09,MXN,Tasas (%),TPM,9
2025-05-12,MXN,Tasas (%),TPM,9
2025-05-13,MXN,Tasas (%),TPM,9
2025-05-14,MXN,Tasas (%),TPM,9
2025-05-15,MXN,Tasas (%),TPM,8.5
2025-05-16,MXN,Tasas (%),TPM,8.5
2025-05-19,MXN,Tasas (%),TPM,8.5
2025-05-20,MXN,Tasas (%),TPM,8.5
2025-05-22,MXN,Tasas (%),TPM,8.5
2025-05-23,MXN,Tasas (%),TPM,8.5
2025-05-26,MXN,Tasas (%),TPM,8.5
2025-05-27,MXN,Tasas (%),TPM,8.5
2025-05-28,MXN,Tasas (%),TPM,8.5
2025-05-29,MXN,Tasas (%),TPM,8.5
2025-05-30,MXN,Tasas (%),TPM,8.5
2025-06-02,MXN,Tasas (%),TPM,8.5
2025-06-03,MXN,Tasas (%),TPM,8.5
2025-06-04,MXN,Tasas (%),TPM,8.5
2025-06-05,MXN,Tasas (%),TPM,8.5
2025-06-06,MXN,Tasas (%),TPM,8.5
2025-06-09,MXN,Tasas (%),TPM,8.5
2025-06-10,MXN,Tasas (%),TPM,8.5
2025-06-11,MXN,Tasas (%),TPM,8.5
2025-06-12,MXN,Tasas (%),TPM,8.5
2025-06-13,MXN,Tasas (%),TPM,8.5
2025-06-16,MXN,Tasas (%),TPM,8.5
2025-06-17,MXN,Tasas (%),TPM,8.5
2025-06-18,MXN,Tasas (%),TPM,8.5
2025-06-19,MXN,Tasas (%),TPM,8.5
2025-06-23,MXN,Tasas (%),TPM,8.5
2025-06-24,MXN,Tasas (%),TPM,8.5
2025-06-25,MXN,Tasas (%),TPM,8.5
2025-06-26,MXN,Tasas (%),TPM,8
2025-06-27,MXN,Tasas (%),TPM,8
2025-06-30,MXN,Tasas (%),TPM,8
2025-07-01,MXN,Tasas (%),TPM,8
2025-07-02,MXN,Tasas (%),TPM,8
2025-07-03,MXN,Tasas (%),TPM,8
2025-07-04,MXN,Tasas (%),TPM,8
2025-07-07,MXN,Tasas (%),TPM,8
2025-07-08,MXN,Tasas (%),TPM,8
2025-07-09,MXN,Tasas (%),TPM,8
2025-07-10,MXN,Tasas (%),TPM,8
2025-07-11,MXN,Tasas (%),TPM,8
2025-07-14,MXN,Tasas (%),TPM,8
2025-07-15,MXN,Tasas (%),TPM,8
2025-07-17,MXN,Tasas (%),TPM,8
2025-07-18,MXN,Tasas (%),TPM,8
2025-07-21,MXN,Tasas (%),TPM,8
2025-07-22,MXN,Tasas (%),TPM,8
2025-07-23,MXN,Tasas (%),TPM,8
2025-07-24,MXN,Tasas (%),TPM,8
2025-07-25,MXN,Tasas (%),TPM,8
2025-07-28,MXN,Tasas (%),TPM,8
2025-07-29,MXN,Tasas (%),TPM,8
2025-07-30,MXN,Tasas (%),TPM,8
2025-07-31,MXN,Tasas (%),TPM,8
2025-08-01,MXN,Tasas (%),TPM,8
2025-08-04,MXN,Tasas (%),TPM,8
2025-08-05,MXN,Tasas (%),TPM,8
2025-08-06,MXN,Tasas (%),TPM,8
2025-08-07,MXN,Tasas (%),TPM,7.75
2025-08-08,MXN,Tasas (%),TPM,7.75
2025-08-11,MXN,Tasas (%),TPM,7.75
2025-08-12,MXN,Tasas (%),TPM,7.75
2025-08-13,MXN,Tasas (%),TPM,7.75
2025-08-14,MXN,Tasas (%),TPM,7.75
2025-08-18,MXN,Tasas (%),TPM,7.75
2025-08-19,MXN,Tasas (%),TPM,7.75
2025-08-20,MXN,Tasas (%),TPM,7.75
2025-08-21,MXN,Tasas (%),TPM,7.75
2025-08-22,MXN,Tasas (%),TPM,7.75
2025-08-25,MXN,Tasas (%),TPM,7.75
2025-08-26,MXN,Tasas (%),TPM,7.75
2025-08-27,MXN,Tasas (%),TPM,7.75
2025-08-28,MXN,Tasas (%),TPM,7.75
2025-08-29,MXN,Tasas (%),TPM,7.75
2025-09-01,MXN,Tasas (%),TPM,7.75
2025-09-02,MXN,Tasas (%),TPM,7.75
2025-09-03,MXN,Tasas (%),TPM,7.75
2025-09-04,MXN,Tasas (%),TPM,7.75
2025-09-05,MXN,Tasas (%),TPM,7.75
2025-09-08,MXN,Tasas (%),TPM,7.75
2025-09-09,MXN,Tasas (%),TPM,7.75
2025-09-10,MXN,Tasas (%),TPM,7.75
2025-09-11,MXN,Tasas (%),TPM,7.75
2025-09-12,MXN,Tasas (%),TPM,7.75
2025-09-15,MXN,Tasas (%),TPM,7.75
2025-09-16,MXN,Tasas (%),TPM,7.75
2025-09-17,MXN,Tasas (%),TPM,7.75
2025-09-22,MXN,Tasas (%),TPM,7.75
2025-09-23,MXN,Tasas (%),TPM,7.75
2025-09-24,MXN,Tasas (%),TPM,7.75
2025-09-25,MXN,Tasas (%),TPM,7.5
2025-09-26,MXN,Tasas (%),TPM,7.5
2025-09-29,MXN,Tasas (%),TPM,7.5
2025-09-30,MXN,Tasas (%),TPM,7.5
2025-10-01,MXN,Tasas (%),TPM,7.5
2025-10-02,MXN,Tasas (%),TPM,7.5
2025-10-03,MXN,Tasas (%),TPM,7.5
2025-10-06,MXN,Tasas (%),TPM,7.5
2025-10-07,MXN,Tasas (%),TPM,7.5
2025-10-08,MXN,Tasas (%),TPM,7.5
2025-10-09,MXN,Tasas (%),TPM,7.5
2025-10-10,MXN,Tasas (%),TPM,7.5
2025-10-13,MXN,Tasas (%),TPM,7.5
2025-10-14,MXN,Tasas (%),TPM,7.5
2025-10-15,MXN,Tasas (%),TPM,7.5
2025-10-16,MXN,Tasas (%),TPM,7.5
2025-10-17,MXN,Tasas (%),TPM,7.5
2025-10-20,MXN,Tasas (%),TPM,7.5
2025-10-21,MXN,Tasas (%),TPM,7.5
2025-10-22,MXN,Tasas (%),TPM,7.5
2025-10-23,MXN,Tasas (%),TPM,7.5
2025-10-24,MXN,Tasas (%),TPM,7.5
2025-10-27,MXN,Tasas (%),TPM,7.5
2025-10-28,MXN,Tasas (%),TPM,7.5
2025-10-29,MXN,Tasas (%),TPM,7.5
2025-10-30,MXN,Tasas (%),TPM,7.5
2025-11-03,MXN,Tasas (%),TPM,7.5
2025-11-04,MXN,Tasas (%),TPM,7.5
2025-11-05,MXN,Tasas (%),TPM,7.5
2025-11-06,MXN,Tasas (%),TPM,7.25
2025-11-07,MXN,Tasas (%),TPM,7.25
2025-11-10,MXN,Tasas (%),TPM,7.25
2025-11-11,MXN,Tasas (%),TPM,7.25
2025-11-12,MXN,Tasas (%),TPM,7.25
2025-11-13,MXN,Tasas (%),TPM,7.25
2025-11-14,MXN,Tasas (%),TPM,7.25
2025-11-17,MXN,Tasas (%),TPM,7.25
2025-11-18,MXN,Tasas (%),TPM,7.25
2025-11-19,MXN,Tasas (%),TPM,7.25
2025-11-20,MXN,Tasas (%),TPM,7.25
2025-11-21,MXN,Tasas (%),TPM,7.25
2025-11-24,MXN,Tasas (%),TPM,7.25
2025-11-25,MXN,Tasas (%),TPM,7.25
2025-11-26,MXN,Tasas (%),TPM,7.25
2025-11-27,MXN,Tasas (%),TPM,7.25
2025-11-28,MXN,Tasas (%),TPM,7.25
2025-12-01,MXN,Tasas (%),TPM,7.25
2025-12-02,MXN,Tasas (%),TPM,7.25
2025-12-03,MXN,Tasas (%),TPM,7.25
2025-12-04,MXN,Tasas (%),TPM,7.25
2025-12-05,MXN,Tasas (%),TPM,7.25
2025-12-09,MXN,Tasas (%),TPM,7.25
2025-12-10,MXN,Tasas (%),TPM,7.25
2025-12-11,MXN,Tasas (%),TPM,7.25
2025-12-12,MXN,Tasas (%),TPM,7.25
2025-12-15,MXN,Tasas (%),TPM,7.25
2025-12-16,MXN,Tasas (%),TPM,7.25
2025-12-17,MXN,Tasas (%),TPM,7.25
2025-12-18,MXN,Tasas (%),TPM,7
2025-12-19,MXN,Tasas (%),TPM,7
2025-12-22,MXN,Tasas (%),TPM,7
2025-12-23,MXN,Tasas (%),TPM,7
2025-12-24,MXN,Tasas (%),TPM,7
2025-12-26,MXN,Tasas (%),TPM,7
2025-12-29,MXN,Tasas (%),TPM,7
2025-12-30,MXN,Tasas (%),TPM,7
2026-01-02,MXN,Tasas (%),TPM,7
2026-01-05,MXN,Tasas (%),TPM,7
2026-01-06,MXN,Tasas (%),TPM,7
2026-01-07,MXN,Tasas (%),TPM,7
2026-01-08,MXN,Tasas (%),TPM,7
2026-01-09,MXN,Tasas (%),TPM,7
2026-01-12,MXN,Tasas (%),TPM,7
2026-01-13,MXN,Tasas (%),TPM,7
2026-01-14,MXN,Tasas (%),TPM,7
2026-01-15,MXN,Tasas (%),TPM,7
2026-01-16,MXN,Tasas (%),TPM,7
2026-01-19,MXN,Tasas (%),TPM,7
2026-01-20,MXN,Tasas (%),TPM,7
2026-01-21,MXN,Tasas (%),TPM,7
2026-01-22,MXN,Tasas (%),TPM,7
2026-01-23,MXN,Tasas (%),TPM,7
2026-01-26,MXN,Tasas (%),TPM,7
2026-01-27,MXN,Tasas (%),TPM,7
2026-01-28,MXN,Tasas (%),TPM,7
2026-01-29,MXN,Tasas (%),TPM,7
2026-01-30,MXN,Tasas (%),TPM,7
2026-02-02,MXN,Tasas (%),TPM,7
2026-02-03,MXN,Tasas (%),TPM,7
2026-02-04,MXN,Tasas (%),TPM,7
2026-02-05,MXN,Tasas (%),TPM,7
2026-02-06,MXN,Tasas (%),TPM,7
2026-02-09,MXN,Tasas (%),TPM,7
2026-02-10,MXN,Tasas (%),TPM,7
2026-02-11,MXN,Tasas (%),TPM,7
2026-02-12,MXN,Tasas (%),TPM,7
2026-02-13,MXN,Tasas (%),TPM,7
2026-02-16,MXN,Tasas (%),TPM,7
2026-02-17,MXN,Tasas (%),TPM,7
2026-02-18,MXN,Tasas (%),TPM,7
2026-02-19,MXN,Tasas (%),TPM,7
2026-02-20,MXN,Tasas (%),TPM,7
2026-02-23,MXN,Tasas (%),TPM,7
2026-02-24,MXN,Tasas (%),TPM,7
2026-02-25,MXN,Tasas (%),TPM,7
2026-02-26,MXN,Tasas (%),TPM,7
2026-02-27,MXN,Tasas (%),TPM,7
2026-03-02,MXN,Tasas (%),TPM,7
2026-03-03,MXN,Tasas (%),TPM,7
2026-03-04,MXN,Tasas (%),TPM,7
2026-03-05,MXN,Tasas (%),TPM,7
2026-03-06,MXN,Tasas (%),TPM,7
2026-03-09,MXN,Tasas (%),TPM,7
2026-03-10,MXN,Tasas (%),TPM,7
2026-03-11,MXN,Tasas (%),TPM,7
2026-03-12,MXN,Tasas (%),TPM,7
2026-03-13,MXN,Tasas (%),TPM,7
2026-03-16,MXN,Tasas (%),TPM,7
2026-03-17,MXN,Tasas (%),TPM,7
2026-03-18,MXN,Tasas (%),TPM,7
2026-03-19,MXN,Tasas (%),TPM,7
2026-03-20,MXN,Tasas (%),TPM,7
2026-03-23,MXN,Tasas (%),TPM,7
2026-03-24,MXN,Tasas (%),TPM,7
2026-03-25,MXN,Tasas (%),TPM,7
2026-03-26,MXN,Tasas (%),TPM,6.75
2026-03-27,MXN,Tasas (%),TPM,6.75
2026-03-30,MXN,Tasas (%),TPM,6.75
2026-03-31,MXN,Tasas (%),TPM,6.75
2026-04-01,MXN,Tasas (%),TPM,6.75
2026-04-02,MXN,Tasas (%),TPM,6.75
2026-04-06,MXN,Tasas (%),TPM,6.75
2026-04-07,MXN,Tasas (%),TPM,6.75
2026-04-08,MXN,Tasas (%),TPM,6.75
2026-04-09,MXN,Tasas (%),TPM,6.75
2026-04-10,MXN,Tasas (%),TPM,6.75
2026-04-13,MXN,Tasas (%),TPM,6.75
2026-04-14,MXN,Tasas (%),TPM,6.75
2026-04-15,MXN,Tasas (%),TPM,6.75
2026-04-16,MXN,Tasas (%),TPM,6.75
2026-04-17,MXN,Tasas (%),TPM,6.75
2026-04-20,MXN,Tasas (%),TPM,6.75
2026-04-21,MXN,Tasas (%),TPM,6.75
2026-04-22,MXN,Tasas (%),TPM,6.75
2026-04-23,MXN,Tasas (%),TPM,6.75
2026-04-24,MXN,Tasas (%),TPM,6.75
2026-04-27,MXN,Tasas (%),TPM,6.75
2026-04-28,MXN,Tasas (%),TPM,6.75
2026-04-29,MXN,Tasas (%),TPM,6.75
2026-04-30,MXN,Tasas (%),TPM,6.75
2026-05-04,MXN,Tasas (%),TPM,6.75
2026-05-05,MXN,Tasas (%),TPM,6.75
2026-05-06,MXN,Tasas (%),TPM,6.75
2026-05-07,MXN,Tasas (%),TPM,6.5
2026-05-08,MXN,Tasas (%),TPM,6.5
2026-05-11,MXN,Tasas (%),TPM,6.5
2026-05-12,MXN,Tasas (%),TPM,6.5
2026-05-13,MXN,Tasas (%),TPM,6.5
2026-05-14,MXN,Tasas (%),TPM,6.5
2026-05-15,MXN,Tasas (%),TPM,6.5
2026-05-18,MXN,Tasas (%),TPM,6.5
2026-05-19,MXN,Tasas (%),TPM,6.5
2026-05-20,MXN,Tasas (%),TPM,6.5
2026-05-22,MXN,Tasas (%),TPM,6.5
2026-05-25,MXN,Tasas (%),TPM,6.5
2026-05-26,MXN,Tasas (%),TPM,6.5
2026-05-27,MXN,Tasas (%),TPM,6.5
2026-05-28,MXN,Tasas (%),TPM,6.5
2026-05-29,MXN,Tasas (%),TPM,6.5
2026-06-01,MXN,Tasas (%),TPM,6.5
2026-06-02,MXN,Tasas (%),TPM,6.5
2025-01-02,MXN,Tasas (%),Tasa 10Y,10.31
2025-01-03,MXN,Tasas (%),Tasa 10Y,10.383
2025-01-06,MXN,Tasas (%),Tasa 10Y,10.383
2025-01-07,MXN,Tasas (%),Tasa 10Y,10.303
2025-01-08,MXN,Tasas (%),Tasa 10Y,10.279
2025-01-09,MXN,Tasas (%),Tasa 10Y,10.222
2025-01-10,MXN,Tasas (%),Tasa 10Y,10.265
2025-01-13,MXN,Tasas (%),Tasa 10Y,10.378
2025-01-14,MXN,Tasas (%),Tasa 10Y,10.395
2025-01-15,MXN,Tasas (%),Tasa 10Y,10.31
2025-01-16,MXN,Tasas (%),Tasa 10Y,10.295
2025-01-17,MXN,Tasas (%),Tasa 10Y,10.348
2025-01-20,MXN,Tasas (%),Tasa 10Y,10.348
2025-01-21,MXN,Tasas (%),Tasa 10Y,10.133
2025-01-22,MXN,Tasas (%),Tasa 10Y,10.02
2025-01-23,MXN,Tasas (%),Tasa 10Y,9.987
2025-01-24,MXN,Tasas (%),Tasa 10Y,10.002
2025-01-27,MXN,Tasas (%),Tasa 10Y,10.033
2025-01-28,MXN,Tasas (%),Tasa 10Y,10.002
2025-01-29,MXN,Tasas (%),Tasa 10Y,10.025
2025-01-30,MXN,Tasas (%),Tasa 10Y,9.96
2025-01-31,MXN,Tasas (%),Tasa 10Y,10.08
2025-02-03,MXN,Tasas (%),Tasa 10Y,10.0215
2025-02-04,MXN,Tasas (%),Tasa 10Y,9.963
2025-02-05,MXN,Tasas (%),Tasa 10Y,9.86
2025-02-06,MXN,Tasas (%),Tasa 10Y,9.76
2025-02-07,MXN,Tasas (%),Tasa 10Y,9.762
2025-02-10,MXN,Tasas (%),Tasa 10Y,9.753
2025-02-11,MXN,Tasas (%),Tasa 10Y,9.843
2025-02-12,MXN,Tasas (%),Tasa 10Y,9.91
2025-02-13,MXN,Tasas (%),Tasa 10Y,9.877
2025-02-14,MXN,Tasas (%),Tasa 10Y,9.853
2025-02-17,MXN,Tasas (%),Tasa 10Y,9.853
2025-02-18,MXN,Tasas (%),Tasa 10Y,9.85
2025-02-19,MXN,Tasas (%),Tasa 10Y,9.912
2025-02-20,MXN,Tasas (%),Tasa 10Y,9.887
2025-02-21,MXN,Tasas (%),Tasa 10Y,9.773
2025-02-24,MXN,Tasas (%),Tasa 10Y,9.725
2025-02-25,MXN,Tasas (%),Tasa 10Y,9.608
2025-02-26,MXN,Tasas (%),Tasa 10Y,9.523
2025-02-27,MXN,Tasas (%),Tasa 10Y,9.505
2025-02-28,MXN,Tasas (%),Tasa 10Y,9.48
2025-03-03,MXN,Tasas (%),Tasa 10Y,9.448
2025-03-04,MXN,Tasas (%),Tasa 10Y,9.577
2025-03-05,MXN,Tasas (%),Tasa 10Y,9.47
2025-03-06,MXN,Tasas (%),Tasa 10Y,9.475
2025-03-07,MXN,Tasas (%),Tasa 10Y,9.473
2025-03-10,MXN,Tasas (%),Tasa 10Y,9.522
2025-03-11,MXN,Tasas (%),Tasa 10Y,9.577
2025-03-12,MXN,Tasas (%),Tasa 10Y,9.582
2025-03-13,MXN,Tasas (%),Tasa 10Y,9.498
2025-03-14,MXN,Tasas (%),Tasa 10Y,9.468
2025-03-17,MXN,Tasas (%),Tasa 10Y,9.433499999999999
2025-03-18,MXN,Tasas (%),Tasa 10Y,9.399
2025-03-19,MXN,Tasas (%),Tasa 10Y,9.338
2025-03-20,MXN,Tasas (%),Tasa 10Y,9.377
2025-03-21,MXN,Tasas (%),Tasa 10Y,9.462
2025-03-24,MXN,Tasas (%),Tasa 10Y,9.488
2025-03-25,MXN,Tasas (%),Tasa 10Y,9.467
2025-03-26,MXN,Tasas (%),Tasa 10Y,9.46
2025-03-27,MXN,Tasas (%),Tasa 10Y,9.41
2025-03-28,MXN,Tasas (%),Tasa 10Y,9.352
2025-03-31,MXN,Tasas (%),Tasa 10Y,9.345
2025-04-01,MXN,Tasas (%),Tasa 10Y,9.263
2025-04-02,MXN,Tasas (%),Tasa 10Y,9.207
2025-04-03,MXN,Tasas (%),Tasa 10Y,9.013
2025-04-04,MXN,Tasas (%),Tasa 10Y,9.147
2025-04-07,MXN,Tasas (%),Tasa 10Y,9.352
2025-04-08,MXN,Tasas (%),Tasa 10Y,9.408
2025-04-09,MXN,Tasas (%),Tasa 10Y,9.363
2025-04-10,MXN,Tasas (%),Tasa 10Y,9.489
2025-04-11,MXN,Tasas (%),Tasa 10Y,9.569
2025-04-14,MXN,Tasas (%),Tasa 10Y,9.54
2025-04-15,MXN,Tasas (%),Tasa 10Y,9.54125
2025-04-16,MXN,Tasas (%),Tasa 10Y,9.5425
2025-04-17,MXN,Tasas (%),Tasa 10Y,9.54375
2025-04-21,MXN,Tasas (%),Tasa 10Y,9.545
2025-04-22,MXN,Tasas (%),Tasa 10Y,9.51
2025-04-23,MXN,Tasas (%),Tasa 10Y,9.45
2025-04-24,MXN,Tasas (%),Tasa 10Y,9.322
2025-04-25,MXN,Tasas (%),Tasa 10Y,9.278
2025-04-28,MXN,Tasas (%),Tasa 10Y,9.283
2025-04-29,MXN,Tasas (%),Tasa 10Y,9.296
2025-04-30,MXN,Tasas (%),Tasa 10Y,9.339
2025-05-02,MXN,Tasas (%),Tasa 10Y,9.394
2025-05-05,MXN,Tasas (%),Tasa 10Y,9.426
2025-05-06,MXN,Tasas (%),Tasa 10Y,9.355
2025-05-07,MXN,Tasas (%),Tasa 10Y,9.285
2025-05-08,MXN,Tasas (%),Tasa 10Y,9.335
2025-05-09,MXN,Tasas (%),Tasa 10Y,9.394
2025-05-12,MXN,Tasas (%),Tasa 10Y,9.395
2025-05-13,MXN,Tasas (%),Tasa 10Y,9.413
2025-05-14,MXN,Tasas (%),Tasa 10Y,9.519
2025-05-15,MXN,Tasas (%),Tasa 10Y,9.408
2025-05-16,MXN,Tasas (%),Tasa 10Y,9.421
2025-05-19,MXN,Tasas (%),Tasa 10Y,9.399
2025-05-20,MXN,Tasas (%),Tasa 10Y,9.378
2025-05-22,MXN,Tasas (%),Tasa 10Y,9.396
2025-05-23,MXN,Tasas (%),Tasa 10Y,9.412
2025-05-26,MXN,Tasas (%),Tasa 10Y,9.43
2025-05-27,MXN,Tasas (%),Tasa 10Y,9.372
2025-05-28,MXN,Tasas (%),Tasa 10Y,9.373
2025-05-29,MXN,Tasas (%),Tasa 10Y,9.307
2025-05-30,MXN,Tasas (%),Tasa 10Y,9.322
2025-06-02,MXN,Tasas (%),Tasa 10Y,9.325
2025-06-03,MXN,Tasas (%),Tasa 10Y,9.285
2025-06-04,MXN,Tasas (%),Tasa 10Y,9.193
2025-06-05,MXN,Tasas (%),Tasa 10Y,9.174
2025-06-06,MXN,Tasas (%),Tasa 10Y,9.186
2025-06-09,MXN,Tasas (%),Tasa 10Y,9.175
2025-06-10,MXN,Tasas (%),Tasa 10Y,9.183
2025-06-11,MXN,Tasas (%),Tasa 10Y,9.246
2025-06-12,MXN,Tasas (%),Tasa 10Y,9.249
2025-06-13,MXN,Tasas (%),Tasa 10Y,9.275
2025-06-16,MXN,Tasas (%),Tasa 10Y,9.381
2025-06-17,MXN,Tasas (%),Tasa 10Y,9.37
2025-06-18,MXN,Tasas (%),Tasa 10Y,9.354
2025-06-19,MXN,Tasas (%),Tasa 10Y,9.354
2025-06-23,MXN,Tasas (%),Tasa 10Y,9.457
2025-06-24,MXN,Tasas (%),Tasa 10Y,9.386
2025-06-25,MXN,Tasas (%),Tasa 10Y,9.337
2025-06-26,MXN,Tasas (%),Tasa 10Y,9.334
2025-06-27,MXN,Tasas (%),Tasa 10Y,9.381
2025-06-30,MXN,Tasas (%),Tasa 10Y,9.295
2025-07-01,MXN,Tasas (%),Tasa 10Y,9.299
2025-07-02,MXN,Tasas (%),Tasa 10Y,9.286
2025-07-03,MXN,Tasas (%),Tasa 10Y,9.295
2025-07-04,MXN,Tasas (%),Tasa 10Y,9.295
2025-07-07,MXN,Tasas (%),Tasa 10Y,9.37
2025-07-08,MXN,Tasas (%),Tasa 10Y,9.42
2025-07-09,MXN,Tasas (%),Tasa 10Y,9.357
2025-07-10,MXN,Tasas (%),Tasa 10Y,9.391
2025-07-11,MXN,Tasas (%),Tasa 10Y,9.431
2025-07-14,MXN,Tasas (%),Tasa 10Y,9.412
2025-07-15,MXN,Tasas (%),Tasa 10Y,9.451
2025-07-17,MXN,Tasas (%),Tasa 10Y,9.455
2025-07-18,MXN,Tasas (%),Tasa 10Y,9.487
2025-07-21,MXN,Tasas (%),Tasa 10Y,9.474
2025-07-22,MXN,Tasas (%),Tasa 10Y,9.48
2025-07-23,MXN,Tasas (%),Tasa 10Y,9.472
2025-07-24,MXN,Tasas (%),Tasa 10Y,9.486
2025-07-25,MXN,Tasas (%),Tasa 10Y,9.49
2025-07-28,MXN,Tasas (%),Tasa 10Y,9.49
2025-07-29,MXN,Tasas (%),Tasa 10Y,9.42
2025-07-30,MXN,Tasas (%),Tasa 10Y,9.415
2025-07-31,MXN,Tasas (%),Tasa 10Y,9.405
2025-08-01,MXN,Tasas (%),Tasa 10Y,9.277
2025-08-04,MXN,Tasas (%),Tasa 10Y,9.258
2025-08-05,MXN,Tasas (%),Tasa 10Y,9.235
2025-08-06,MXN,Tasas (%),Tasa 10Y,9.197
2025-08-07,MXN,Tasas (%),Tasa 10Y,9.146
2025-08-08,MXN,Tasas (%),Tasa 10Y,9.196
2025-08-11,MXN,Tasas (%),Tasa 10Y,9.162
2025-08-12,MXN,Tasas (%),Tasa 10Y,9.147
2025-08-13,MXN,Tasas (%),Tasa 10Y,9.087
2025-08-14,MXN,Tasas (%),Tasa 10Y,9.118
2025-08-18,MXN,Tasas (%),Tasa 10Y,9.136
2025-08-19,MXN,Tasas (%),Tasa 10Y,9.14
2025-08-20,MXN,Tasas (%),Tasa 10Y,9.146
2025-08-21,MXN,Tasas (%),Tasa 10Y,9.171
2025-08-22,MXN,Tasas (%),Tasa 10Y,9.015
2025-08-25,MXN,Tasas (%),Tasa 10Y,9.046
2025-08-26,MXN,Tasas (%),Tasa 10Y,9.037
2025-08-27,MXN,Tasas (%),Tasa 10Y,9.032
2025-08-28,MXN,Tasas (%),Tasa 10Y,9
2025-08-29,MXN,Tasas (%),Tasa 10Y,8.967
2025-09-01,MXN,Tasas (%),Tasa 10Y,8.968
2025-09-02,MXN,Tasas (%),Tasa 10Y,9.012
2025-09-03,MXN,Tasas (%),Tasa 10Y,8.972
2025-09-04,MXN,Tasas (%),Tasa 10Y,8.935
2025-09-05,MXN,Tasas (%),Tasa 10Y,8.89
2025-09-08,MXN,Tasas (%),Tasa 10Y,8.846
2025-09-09,MXN,Tasas (%),Tasa 10Y,8.885
2025-09-10,MXN,Tasas (%),Tasa 10Y,8.837
2025-09-11,MXN,Tasas (%),Tasa 10Y,8.735
2025-09-12,MXN,Tasas (%),Tasa 10Y,8.786
2025-09-15,MXN,Tasas (%),Tasa 10Y,8.812
2025-09-16,MXN,Tasas (%),Tasa 10Y,8.8105
2025-09-17,MXN,Tasas (%),Tasa 10Y,8.809
2025-09-22,MXN,Tasas (%),Tasa 10Y,8.759
2025-09-23,MXN,Tasas (%),Tasa 10Y,8.733
2025-09-24,MXN,Tasas (%),Tasa 10Y,8.714
2025-09-25,MXN,Tasas (%),Tasa 10Y,8.757
2025-09-26,MXN,Tasas (%),Tasa 10Y,8.817
2025-09-29,MXN,Tasas (%),Tasa 10Y,8.801
2025-09-30,MXN,Tasas (%),Tasa 10Y,8.816
2025-10-01,MXN,Tasas (%),Tasa 10Y,8.832
2025-10-02,MXN,Tasas (%),Tasa 10Y,8.823
2025-10-03,MXN,Tasas (%),Tasa 10Y,8.84
2025-10-06,MXN,Tasas (%),Tasa 10Y,8.855
2025-10-07,MXN,Tasas (%),Tasa 10Y,8.852
2025-10-08,MXN,Tasas (%),Tasa 10Y,8.842
2025-10-09,MXN,Tasas (%),Tasa 10Y,8.778
2025-10-10,MXN,Tasas (%),Tasa 10Y,8.745
2025-10-13,MXN,Tasas (%),Tasa 10Y,8.745
2025-10-14,MXN,Tasas (%),Tasa 10Y,8.738
2025-10-15,MXN,Tasas (%),Tasa 10Y,8.7
2025-10-16,MXN,Tasas (%),Tasa 10Y,8.687
2025-10-17,MXN,Tasas (%),Tasa 10Y,8.742
2025-10-20,MXN,Tasas (%),Tasa 10Y,8.767
2025-10-21,MXN,Tasas (%),Tasa 10Y,8.71
2025-10-22,MXN,Tasas (%),Tasa 10Y,8.702
2025-10-23,MXN,Tasas (%),Tasa 10Y,8.743
2025-10-24,MXN,Tasas (%),Tasa 10Y,8.807
2025-10-27,MXN,Tasas (%),Tasa 10Y,8.776
2025-10-28,MXN,Tasas (%),Tasa 10Y,8.747
2025-10-29,MXN,Tasas (%),Tasa 10Y,8.818
2025-10-30,MXN,Tasas (%),Tasa 10Y,8.839
2025-11-03,MXN,Tasas (%),Tasa 10Y,8.852
2025-11-04,MXN,Tasas (%),Tasa 10Y,8.854
2025-11-05,MXN,Tasas (%),Tasa 10Y,8.878
2025-11-06,MXN,Tasas (%),Tasa 10Y,8.873
2025-11-07,MXN,Tasas (%),Tasa 10Y,8.923
2025-11-10,MXN,Tasas (%),Tasa 10Y,8.959
2025-11-11,MXN,Tasas (%),Tasa 10Y,8.959
2025-11-12,MXN,Tasas (%),Tasa 10Y,8.922
2025-11-13,MXN,Tasas (%),Tasa 10Y,8.917
2025-11-14,MXN,Tasas (%),Tasa 10Y,8.929
2025-11-17,MXN,Tasas (%),Tasa 10Y,8.9185
2025-11-18,MXN,Tasas (%),Tasa 10Y,8.908
2025-11-19,MXN,Tasas (%),Tasa 10Y,8.93
2025-11-20,MXN,Tasas (%),Tasa 10Y,8.937
2025-11-21,MXN,Tasas (%),Tasa 10Y,8.984
2025-11-24,MXN,Tasas (%),Tasa 10Y,8.997
2025-11-25,MXN,Tasas (%),Tasa 10Y,8.963
2025-11-26,MXN,Tasas (%),Tasa 10Y,8.907
2025-11-27,MXN,Tasas (%),Tasa 10Y,8.907
2025-11-28,MXN,Tasas (%),Tasa 10Y,8.909
2025-12-01,MXN,Tasas (%),Tasa 10Y,8.95
2025-12-02,MXN,Tasas (%),Tasa 10Y,8.897
2025-12-03,MXN,Tasas (%),Tasa 10Y,8.85
2025-12-04,MXN,Tasas (%),Tasa 10Y,8.86
2025-12-05,MXN,Tasas (%),Tasa 10Y,8.893
2025-12-09,MXN,Tasas (%),Tasa 10Y,9.128
2025-12-10,MXN,Tasas (%),Tasa 10Y,9.11
2025-12-11,MXN,Tasas (%),Tasa 10Y,9.1
2025-12-12,MXN,Tasas (%),Tasa 10Y,9.1265
2025-12-15,MXN,Tasas (%),Tasa 10Y,9.153
2025-12-16,MXN,Tasas (%),Tasa 10Y,9.12
2025-12-17,MXN,Tasas (%),Tasa 10Y,9.08
2025-12-18,MXN,Tasas (%),Tasa 10Y,9.068
2025-12-19,MXN,Tasas (%),Tasa 10Y,9.065
2025-12-22,MXN,Tasas (%),Tasa 10Y,9.15
2025-12-23,MXN,Tasas (%),Tasa 10Y,9.147
2025-12-24,MXN,Tasas (%),Tasa 10Y,9.16
2025-12-26,MXN,Tasas (%),Tasa 10Y,9.184
2025-12-29,MXN,Tasas (%),Tasa 10Y,9.189
2025-12-30,MXN,Tasas (%),Tasa 10Y,9.146
2026-01-02,MXN,Tasas (%),Tasa 10Y,9.077
2026-01-05,MXN,Tasas (%),Tasa 10Y,9.003
2026-01-06,MXN,Tasas (%),Tasa 10Y,8.917
2026-01-07,MXN,Tasas (%),Tasa 10Y,8.865
2026-01-08,MXN,Tasas (%),Tasa 10Y,8.91
2026-01-09,MXN,Tasas (%),Tasa 10Y,8.97
2026-01-12,MXN,Tasas (%),Tasa 10Y,8.963
2026-01-13,MXN,Tasas (%),Tasa 10Y,8.979
2026-01-14,MXN,Tasas (%),Tasa 10Y,8.97
2026-01-15,MXN,Tasas (%),Tasa 10Y,9.007
2026-01-16,MXN,Tasas (%),Tasa 10Y,9.089
2026-01-19,MXN,Tasas (%),Tasa 10Y,9.09
2026-01-20,MXN,Tasas (%),Tasa 10Y,9.21
2026-01-21,MXN,Tasas (%),Tasa 10Y,9.082
2026-01-22,MXN,Tasas (%),Tasa 10Y,8.97
2026-01-23,MXN,Tasas (%),Tasa 10Y,8.953
2026-01-26,MXN,Tasas (%),Tasa 10Y,8.977
2026-01-27,MXN,Tasas (%),Tasa 10Y,8.927
2026-01-28,MXN,Tasas (%),Tasa 10Y,8.894
2026-01-29,MXN,Tasas (%),Tasa 10Y,8.827
2026-01-30,MXN,Tasas (%),Tasa 10Y,8.864
2026-02-02,MXN,Tasas (%),Tasa 10Y,8.872
2026-02-03,MXN,Tasas (%),Tasa 10Y,8.88
2026-02-04,MXN,Tasas (%),Tasa 10Y,8.91
2026-02-05,MXN,Tasas (%),Tasa 10Y,8.843
2026-02-06,MXN,Tasas (%),Tasa 10Y,8.787
2026-02-09,MXN,Tasas (%),Tasa 10Y,8.792
2026-02-10,MXN,Tasas (%),Tasa 10Y,8.738
2026-02-11,MXN,Tasas (%),Tasa 10Y,8.742
2026-02-12,MXN,Tasas (%),Tasa 10Y,8.701
2026-02-13,MXN,Tasas (%),Tasa 10Y,8.717
2026-02-16,MXN,Tasas (%),Tasa 10Y,8.717
2026-02-17,MXN,Tasas (%),Tasa 10Y,8.74
2026-02-18,MXN,Tasas (%),Tasa 10Y,8.752
2026-02-19,MXN,Tasas (%),Tasa 10Y,8.762
2026-02-20,MXN,Tasas (%),Tasa 10Y,8.838
2026-02-23,MXN,Tasas (%),Tasa 10Y,8.78
2026-02-24,MXN,Tasas (%),Tasa 10Y,8.735
2026-02-25,MXN,Tasas (%),Tasa 10Y,8.673
2026-02-26,MXN,Tasas (%),Tasa 10Y,8.65
2026-02-27,MXN,Tasas (%),Tasa 10Y,8.66
2026-03-02,MXN,Tasas (%),Tasa 10Y,8.797
2026-03-03,MXN,Tasas (%),Tasa 10Y,8.887
2026-03-04,MXN,Tasas (%),Tasa 10Y,8.817
2026-03-05,MXN,Tasas (%),Tasa 10Y,8.988
2026-03-06,MXN,Tasas (%),Tasa 10Y,9.037
2026-03-09,MXN,Tasas (%),Tasa 10Y,9.087
2026-03-10,MXN,Tasas (%),Tasa 10Y,8.993
2026-03-11,MXN,Tasas (%),Tasa 10Y,9.033
2026-03-12,MXN,Tasas (%),Tasa 10Y,9.221
2026-03-13,MXN,Tasas (%),Tasa 10Y,9.431
2026-03-16,MXN,Tasas (%),Tasa 10Y,9.3795
2026-03-17,MXN,Tasas (%),Tasa 10Y,9.328
2026-03-18,MXN,Tasas (%),Tasa 10Y,9.398
2026-03-19,MXN,Tasas (%),Tasa 10Y,9.33
2026-03-20,MXN,Tasas (%),Tasa 10Y,9.445
2026-03-23,MXN,Tasas (%),Tasa 10Y,9.287
2026-03-24,MXN,Tasas (%),Tasa 10Y,9.249
2026-03-25,MXN,Tasas (%),Tasa 10Y,9.04
2026-03-26,MXN,Tasas (%),Tasa 10Y,9.183
2026-03-27,MXN,Tasas (%),Tasa 10Y,9.277
2026-03-30,MXN,Tasas (%),Tasa 10Y,9.397
2026-03-31,MXN,Tasas (%),Tasa 10Y,9.29
2026-04-01,MXN,Tasas (%),Tasa 10Y,9.11
2026-04-02,MXN,Tasas (%),Tasa 10Y,9.1665
2026-04-06,MXN,Tasas (%),Tasa 10Y,9.223
2026-04-07,MXN,Tasas (%),Tasa 10Y,9.28
2026-04-08,MXN,Tasas (%),Tasa 10Y,9.047
2026-04-09,MXN,Tasas (%),Tasa 10Y,9.032
2026-04-10,MXN,Tasas (%),Tasa 10Y,9.015
2026-04-13,MXN,Tasas (%),Tasa 10Y,8.963
2026-04-14,MXN,Tasas (%),Tasa 10Y,8.893
2026-04-15,MXN,Tasas (%),Tasa 10Y,8.977
2026-04-16,MXN,Tasas (%),Tasa 10Y,8.979
2026-04-17,MXN,Tasas (%),Tasa 10Y,8.853
2026-04-20,MXN,Tasas (%),Tasa 10Y,8.862
2026-04-21,MXN,Tasas (%),Tasa 10Y,8.944
2026-04-22,MXN,Tasas (%),Tasa 10Y,8.906
2026-04-23,MXN,Tasas (%),Tasa 10Y,9.025
2026-04-24,MXN,Tasas (%),Tasa 10Y,9.035
2026-04-27,MXN,Tasas (%),Tasa 10Y,9.05
2026-04-28,MXN,Tasas (%),Tasa 10Y,9.095
2026-04-29,MXN,Tasas (%),Tasa 10Y,9.227
2026-04-30,MXN,Tasas (%),Tasa 10Y,9.211
2026-05-04,MXN,Tasas (%),Tasa 10Y,9.27
2026-05-05,MXN,Tasas (%),Tasa 10Y,9.219
2026-05-06,MXN,Tasas (%),Tasa 10Y,9.049
2026-05-07,MXN,Tasas (%),Tasa 10Y,9.052
2026-05-08,MXN,Tasas (%),Tasa 10Y,9.098
2026-05-11,MXN,Tasas (%),Tasa 10Y,9.198
2026-05-12,MXN,Tasas (%),Tasa 10Y,9.214
2026-05-13,MXN,Tasas (%),Tasa 10Y,9.194
2026-05-14,MXN,Tasas (%),Tasa 10Y,9.216
2026-05-15,MXN,Tasas (%),Tasa 10Y,9.348
2026-05-18,MXN,Tasas (%),Tasa 10Y,9.37
2026-05-19,MXN,Tasas (%),Tasa 10Y,9.455
2026-05-20,MXN,Tasas (%),Tasa 10Y,9.327
2026-05-22,MXN,Tasas (%),Tasa 10Y,9.368
2026-05-25,MXN,Tasas (%),Tasa 10Y,9.233
2026-05-26,MXN,Tasas (%),Tasa 10Y,9.271
2026-05-27,MXN,Tasas (%),Tasa 10Y,9.248
2026-05-28,MXN,Tasas (%),Tasa 10Y,9.175
2026-05-29,MXN,Tasas (%),Tasa 10Y,9.183
2026-06-01,MXN,Tasas (%),Tasa 10Y,9.129
2026-06-02,MXN,Tasas (%),Tasa 10Y,9.121
2025-01-02,PEN,Desvíos del modelo (z-score),FX,-0.03831792345712961
2025-01-03,PEN,Desvíos del modelo (z-score),FX,0.08085553922514324
2025-01-06,PEN,Desvíos del modelo (z-score),FX,0.3917226129111497
2025-01-07,PEN,Desvíos del modelo (z-score),FX,0.5672582240764437
2025-01-08,PEN,Desvíos del modelo (z-score),FX,0.42568913427408306
2025-01-09,PEN,Desvíos del modelo (z-score),FX,0.3817720044466293
2025-01-10,PEN,Desvíos del modelo (z-score),FX,0.36365307748219
2025-01-13,PEN,Desvíos del modelo (z-score),FX,0.20511800087984525
2025-01-14,PEN,Desvíos del modelo (z-score),FX,0.4486904627620395
2025-01-15,PEN,Desvíos del modelo (z-score),FX,0.14381310965316033
2025-01-16,PEN,Desvíos del modelo (z-score),FX,0.07009409982533898
2025-01-17,PEN,Desvíos del modelo (z-score),FX,-0.09576881630568182
2025-01-20,PEN,Desvíos del modelo (z-score),FX,-0.22513206833582156
2025-01-21,PEN,Desvíos del modelo (z-score),FX,-0.2388592734099192
2025-01-22,PEN,Desvíos del modelo (z-score),FX,-0.195841929750226
2025-01-23,PEN,Desvíos del modelo (z-score),FX,-0.1744793883224406
2025-01-24,PEN,Desvíos del modelo (z-score),FX,-0.10101759029091076
2025-01-27,PEN,Desvíos del modelo (z-score),FX,0.09786427941691948
2025-01-28,PEN,Desvíos del modelo (z-score),FX,-0.13643872589878053
2025-01-29,PEN,Desvíos del modelo (z-score),FX,-0.12719414373264573
2025-01-30,PEN,Desvíos del modelo (z-score),FX,-0.07600102256756439
2025-01-31,PEN,Desvíos del modelo (z-score),FX,-0.12149789427277533
2025-02-03,PEN,Desvíos del modelo (z-score),FX,-0.38433169699512615
2025-02-04,PEN,Desvíos del modelo (z-score),FX,-0.26527768208587804
2025-02-05,PEN,Desvíos del modelo (z-score),FX,-0.04821886372530115
2025-02-06,PEN,Desvíos del modelo (z-score),FX,-0.11022919345946802
2025-02-07,PEN,Desvíos del modelo (z-score),FX,0.07073531461580555
2025-02-10,PEN,Desvíos del modelo (z-score),FX,0.00853979271324031
2025-02-11,PEN,Desvíos del modelo (z-score),FX,-0.10705155205834523
2025-02-12,PEN,Desvíos del modelo (z-score),FX,0.19300039912647204
2025-02-13,PEN,Desvíos del modelo (z-score),FX,0.10250152867621029
2025-02-14,PEN,Desvíos del modelo (z-score),FX,-0.01922145407776646
2025-02-17,PEN,Desvíos del modelo (z-score),FX,-0.14447705535664193
2025-02-18,PEN,Desvíos del modelo (z-score),FX,-0.1692294118799612
2025-02-19,PEN,Desvíos del modelo (z-score),FX,-0.19425026394063896
2025-02-20,PEN,Desvíos del modelo (z-score),FX,-0.27483656351764735
2025-02-21,PEN,Desvíos del modelo (z-score),FX,-0.39216417080220856
2025-02-24,PEN,Desvíos del modelo (z-score),FX,-0.4860801674189059
2025-02-25,PEN,Desvíos del modelo (z-score),FX,-0.6176915004291782
2025-02-26,PEN,Desvíos del modelo (z-score),FX,-0.65429564883704
2025-02-27,PEN,Desvíos del modelo (z-score),FX,-0.7876205684754074
2025-02-28,PEN,Desvíos del modelo (z-score),FX,-1.0034848726496617
2025-03-03,PEN,Desvíos del modelo (z-score),FX,-0.8794837042860895
2025-03-04,PEN,Desvíos del modelo (z-score),FX,-0.6628595839416798
2025-03-05,PEN,Desvíos del modelo (z-score),FX,-0.5889352131805392
2025-03-06,PEN,Desvíos del modelo (z-score),FX,-0.4924922665597154
2025-03-07,PEN,Desvíos del modelo (z-score),FX,-0.4407774540495993
2025-03-10,PEN,Desvíos del modelo (z-score),FX,-0.5210056626029176
2025-03-11,PEN,Desvíos del modelo (z-score),FX,-0.31741978693454537
2025-03-12,PEN,Desvíos del modelo (z-score),FX,-0.3221642567244894
2025-03-13,PEN,Desvíos del modelo (z-score),FX,-0.29362959303729896
2025-03-14,PEN,Desvíos del modelo (z-score),FX,-0.2432889141348794
2025-03-17,PEN,Desvíos del modelo (z-score),FX,-0.2673509157488253
2025-03-18,PEN,Desvíos del modelo (z-score),FX,-0.3852766210862847
2025-03-19,PEN,Desvíos del modelo (z-score),FX,-0.6278972956880565
2025-03-20,PEN,Desvíos del modelo (z-score),FX,-0.7929874534886335
2025-03-21,PEN,Desvíos del modelo (z-score),FX,-0.7906960194126703
2025-03-24,PEN,Desvíos del modelo (z-score),FX,-0.5967635042129689
2025-03-25,PEN,Desvíos del modelo (z-score),FX,-0.5146255283711727
2025-03-26,PEN,Desvíos del modelo (z-score),FX,-0.5676190847402727
2025-03-27,PEN,Desvíos del modelo (z-score),FX,-0.5615955335226757
2025-03-28,PEN,Desvíos del modelo (z-score),FX,-0.6018345240671996
2025-03-31,PEN,Desvíos del modelo (z-score),FX,-0.5803824712332873
2025-04-01,PEN,Desvíos del modelo (z-score),FX,-0.6086696784990872
2025-04-02,PEN,Desvíos del modelo (z-score),FX,-0.5241875117181709
2025-04-03,PEN,Desvíos del modelo (z-score),FX,-0.07921151289417923
2025-04-04,PEN,Desvíos del modelo (z-score),FX,-0.15604416982805444
2025-04-07,PEN,Desvíos del modelo (z-score),FX,0.1255560151288417
2025-04-08,PEN,Desvíos del modelo (z-score),FX,0.9910989885294621
2025-04-09,PEN,Desvíos del modelo (z-score),FX,1.1990771173727661
2025-04-10,PEN,Desvíos del modelo (z-score),FX,1.6750837542717796
2025-04-11,PEN,Desvíos del modelo (z-score),FX,2.1877907875792646
2025-04-14,PEN,Desvíos del modelo (z-score),FX,1.998128592461551
2025-04-15,PEN,Desvíos del modelo (z-score),FX,2.1476048830738574
2025-04-16,PEN,Desvíos del modelo (z-score),FX,2.1454671450487277
2025-04-17,PEN,Desvíos del modelo (z-score),FX,1.9240896123322067
2025-04-21,PEN,Desvíos del modelo (z-score),FX,1.9682710821563072
2025-04-22,PEN,Desvíos del modelo (z-score),FX,1.9330820729370468
2025-04-23,PEN,Desvíos del modelo (z-score),FX,1.7993871098387408
2025-04-24,PEN,Desvíos del modelo (z-score),FX,1.3894408858420135
2025-04-25,PEN,Desvíos del modelo (z-score),FX,1.0177916426494151
2025-04-28,PEN,Desvíos del modelo (z-score),FX,1.0884245879561247
2025-04-29,PEN,Desvíos del modelo (z-score),FX,1.0366380080128417
2025-04-30,PEN,Desvíos del modelo (z-score),FX,1.2198023947410392
2025-05-02,PEN,Desvíos del modelo (z-score),FX,1.1496945827041711
2025-05-05,PEN,Desvíos del modelo (z-score),FX,1.5176535690577635
2025-05-06,PEN,Desvíos del modelo (z-score),FX,1.2808414822842917
2025-05-07,PEN,Desvíos del modelo (z-score),FX,1.2450126718631318
2025-05-08,PEN,Desvíos del modelo (z-score),FX,1.042272173924627
2025-05-09,PEN,Desvíos del modelo (z-score),FX,1.082644541966363
2025-05-12,PEN,Desvíos del modelo (z-score),FX,0.7993261996645576
2025-05-13,PEN,Desvíos del modelo (z-score),FX,0.6796216784475607
2025-05-14,PEN,Desvíos del modelo (z-score),FX,1.2303737666021148
2025-05-15,PEN,Desvíos del modelo (z-score),FX,1.1427543100202149
2025-05-16,PEN,Desvíos del modelo (z-score),FX,1.2238564561802499
2025-05-19,PEN,Desvíos del modelo (z-score),FX,1.306985999968687
2025-05-20,PEN,Desvíos del modelo (z-score),FX,1.6171988746984036
2025-05-22,PEN,Desvíos del modelo (z-score),FX,1.518693242308181
2025-05-23,PEN,Desvíos del modelo (z-score),FX,1.508658743342008
2025-05-26,PEN,Desvíos del modelo (z-score),FX,1.5791980749659689
2025-05-27,PEN,Desvíos del modelo (z-score),FX,1.2925980600672826
2025-05-28,PEN,Desvíos del modelo (z-score),FX,1.2504967799836237
2025-05-29,PEN,Desvíos del modelo (z-score),FX,1.0129405478772082
2025-05-30,PEN,Desvíos del modelo (z-score),FX,1.0267573999347501
2025-06-02,PEN,Desvíos del modelo (z-score),FX,1.2396288942706966
2025-06-03,PEN,Desvíos del modelo (z-score),FX,1.186069340638399
2025-06-04,PEN,Desvíos del modelo (z-score),FX,0.9704402924794158
2025-06-05,PEN,Desvíos del modelo (z-score),FX,1.2066778318498785
2025-06-06,PEN,Desvíos del modelo (z-score),FX,1.4700557254401805
2025-06-09,PEN,Desvíos del modelo (z-score),FX,1.388875976763245
2025-06-10,PEN,Desvíos del modelo (z-score),FX,1.266339417893738
2025-06-11,PEN,Desvíos del modelo (z-score),FX,1.0405096135410827
2025-06-12,PEN,Desvíos del modelo (z-score),FX,1.1014101247900376
2025-06-13,PEN,Desvíos del modelo (z-score),FX,0.9381626464549393
2025-06-16,PEN,Desvíos del modelo (z-score),FX,1.0353014043761102
2025-06-17,PEN,Desvíos del modelo (z-score),FX,0.932406288920222
2025-06-18,PEN,Desvíos del modelo (z-score),FX,0.6252938446642486
2025-06-19,PEN,Desvíos del modelo (z-score),FX,0.520557604355002
2025-06-23,PEN,Desvíos del modelo (z-score),FX,0.4970077529601832
2025-06-24,PEN,Desvíos del modelo (z-score),FX,0.50619967266444
2025-06-25,PEN,Desvíos del modelo (z-score),FX,0.44508715457819675
2025-06-26,PEN,Desvíos del modelo (z-score),FX,0.5372143816896254
2025-06-27,PEN,Desvíos del modelo (z-score),FX,0.28317838480014407
2025-06-30,PEN,Desvíos del modelo (z-score),FX,0.11937198800945369
2025-07-01,PEN,Desvíos del modelo (z-score),FX,0.4593095626672657
2025-07-02,PEN,Desvíos del modelo (z-score),FX,0.4290367069011087
2025-07-03,PEN,Desvíos del modelo (z-score),FX,0.46996728759181344
2025-07-04,PEN,Desvíos del modelo (z-score),FX,0.5684328179724444
2025-07-07,PEN,Desvíos del modelo (z-score),FX,0.6583157840950755
2025-07-08,PEN,Desvíos del modelo (z-score),FX,0.6147919073444416
2025-07-09,PEN,Desvíos del modelo (z-score),FX,0.4384027720783743
2025-07-10,PEN,Desvíos del modelo (z-score),FX,0.5949515480154514
2025-07-11,PEN,Desvíos del modelo (z-score),FX,0.6539509477006388
2025-07-14,PEN,Desvíos del modelo (z-score),FX,0.8543887880659591
2025-07-15,PEN,Desvíos del modelo (z-score),FX,0.9201887954634075
2025-07-17,PEN,Desvíos del modelo (z-score),FX,0.5994321577796388
2025-07-18,PEN,Desvíos del modelo (z-score),FX,0.7760948791757107
2025-07-21,PEN,Desvíos del modelo (z-score),FX,0.8591938818900687
2025-07-22,PEN,Desvíos del modelo (z-score),FX,0.9111640838928495
2025-07-23,PEN,Desvíos del modelo (z-score),FX,0.9496288895791223
2025-07-24,PEN,Desvíos del modelo (z-score),FX,0.9058818908308084
2025-07-25,PEN,Desvíos del modelo (z-score),FX,0.8181619132451836
2025-07-28,PEN,Desvíos del modelo (z-score),FX,0.7492185878059309
2025-07-29,PEN,Desvíos del modelo (z-score),FX,0.49395861371805455
2025-07-30,PEN,Desvíos del modelo (z-score),FX,0.5325844206914279
2025-07-31,PEN,Desvíos del modelo (z-score),FX,0.5806111701787183
2025-08-01,PEN,Desvíos del modelo (z-score),FX,0.4558137144569302
2025-08-04,PEN,Desvíos del modelo (z-score),FX,0.666720107724862
2025-08-05,PEN,Desvíos del modelo (z-score),FX,0.6838941918968406
2025-08-06,PEN,Desvíos del modelo (z-score),FX,0.7646721584945777
2025-08-07,PEN,Desvíos del modelo (z-score),FX,0.886743113402997
2025-08-08,PEN,Desvíos del modelo (z-score),FX,0.7773868884632065
2025-08-11,PEN,Desvíos del modelo (z-score),FX,0.7399717827618054
2025-08-12,PEN,Desvíos del modelo (z-score),FX,0.6545046656221815
2025-08-13,PEN,Desvíos del modelo (z-score),FX,0.9182676432556196
2025-08-14,PEN,Desvíos del modelo (z-score),FX,1.0193385229827596
2025-08-18,PEN,Desvíos del modelo (z-score),FX,1.1496597261514263
2025-08-19,PEN,Desvíos del modelo (z-score),FX,0.8903260368726645
2025-08-20,PEN,Desvíos del modelo (z-score),FX,0.8766148557914195
2025-08-21,PEN,Desvíos del modelo (z-score),FX,1.0254057449903065
2025-08-22,PEN,Desvíos del modelo (z-score),FX,0.8055282985960406
2025-08-25,PEN,Desvíos del modelo (z-score),FX,0.9956489584034882
2025-08-26,PEN,Desvíos del modelo (z-score),FX,1.0911646431821715
2025-08-27,PEN,Desvíos del modelo (z-score),FX,1.0917774710599513
2025-08-28,PEN,Desvíos del modelo (z-score),FX,1.0376352476628172
2025-08-29,PEN,Desvíos del modelo (z-score),FX,1.075466475231428
2025-09-01,PEN,Desvíos del modelo (z-score),FX,1.16300661144962
2025-09-02,PEN,Desvíos del modelo (z-score),FX,1.120147831750182
2025-09-03,PEN,Desvíos del modelo (z-score),FX,1.0391932718046066
2025-09-04,PEN,Desvíos del modelo (z-score),FX,0.7471858711864222
2025-09-05,PEN,Desvíos del modelo (z-score),FX,0.8465563247017571
2025-09-08,PEN,Desvíos del modelo (z-score),FX,0.8198170879802391
2025-09-09,PEN,Desvíos del modelo (z-score),FX,0.7395569913156641
2025-09-10,PEN,Desvíos del modelo (z-score),FX,0.484111388920451
2025-09-11,PEN,Desvíos del modelo (z-score),FX,0.45716014960829976
2025-09-12,PEN,Desvíos del modelo (z-score),FX,0.6711700834385274
2025-09-15,PEN,Desvíos del modelo (z-score),FX,0.7468607319760483
2025-09-16,PEN,Desvíos del modelo (z-score),FX,0.6246290925121796
2025-09-17,PEN,Desvíos del modelo (z-score),FX,0.6893073063135536
2025-09-22,PEN,Desvíos del modelo (z-score),FX,1.0790493561022843
2025-09-23,PEN,Desvíos del modelo (z-score),FX,1.0375653938758835
2025-09-24,PEN,Desvíos del modelo (z-score),FX,0.9936287408084246
2025-09-25,PEN,Desvíos del modelo (z-score),FX,0.9958721940677685
2025-09-26,PEN,Desvíos del modelo (z-score),FX,0.694035245479604
2025-09-29,PEN,Desvíos del modelo (z-score),FX,0.7594908749251582
2025-09-30,PEN,Desvíos del modelo (z-score),FX,0.7429202409126267
2025-10-01,PEN,Desvíos del modelo (z-score),FX,0.6647263667241605
2025-10-02,PEN,Desvíos del modelo (z-score),FX,0.8671049475496646
2025-10-03,PEN,Desvíos del modelo (z-score),FX,0.6703144272060528
2025-10-06,PEN,Desvíos del modelo (z-score),FX,0.527781319868304
2025-10-07,PEN,Desvíos del modelo (z-score),FX,0.2572918961122294
2025-10-08,PEN,Desvíos del modelo (z-score),FX,0.16228573057907197
2025-10-09,PEN,Desvíos del modelo (z-score),FX,0.04494403245748171
2025-10-10,PEN,Desvíos del modelo (z-score),FX,-0.03562630058765375
2025-10-13,PEN,Desvíos del modelo (z-score),FX,-0.13566491127840577
2025-10-14,PEN,Desvíos del modelo (z-score),FX,-0.19806304988644738
2025-10-15,PEN,Desvíos del modelo (z-score),FX,-0.25684780313624245
2025-10-16,PEN,Desvíos del modelo (z-score),FX,-0.20047632578540578
2025-10-17,PEN,Desvíos del modelo (z-score),FX,-0.5362121739643385
2025-10-20,PEN,Desvíos del modelo (z-score),FX,-0.6443442205669937
2025-10-21,PEN,Desvíos del modelo (z-score),FX,-0.8498600000081462
2025-10-22,PEN,Desvíos del modelo (z-score),FX,-0.7700736655431795
2025-10-23,PEN,Desvíos del modelo (z-score),FX,-0.8173416869479216
2025-10-24,PEN,Desvíos del modelo (z-score),FX,-0.9991025096187013
2025-10-27,PEN,Desvíos del modelo (z-score),FX,-1.1618469910404279
2025-10-28,PEN,Desvíos del modelo (z-score),FX,-1.0693993736835685
2025-10-29,PEN,Desvíos del modelo (z-score),FX,-0.8984646647084482
2025-10-30,PEN,Desvíos del modelo (z-score),FX,-0.9635739716320029
2025-11-03,PEN,Desvíos del modelo (z-score),FX,-1.3416535601955286
2025-11-04,PEN,Desvíos del modelo (z-score),FX,-1.3303183820726845
2025-11-05,PEN,Desvíos del modelo (z-score),FX,-1.2268661953255253
2025-11-06,PEN,Desvíos del modelo (z-score),FX,-1.1760734487507603
2025-11-07,PEN,Desvíos del modelo (z-score),FX,-1.0998795149052587
2025-11-10,PEN,Desvíos del modelo (z-score),FX,-0.942196184257425
2025-11-11,PEN,Desvíos del modelo (z-score),FX,-1.0589264765220636
2025-11-12,PEN,Desvíos del modelo (z-score),FX,-0.9525275640869172
2025-11-13,PEN,Desvíos del modelo (z-score),FX,-0.9233756675912512
2025-11-14,PEN,Desvíos del modelo (z-score),FX,-0.9877831789590005
2025-11-17,PEN,Desvíos del modelo (z-score),FX,-1.121883434738938
2025-11-18,PEN,Desvíos del modelo (z-score),FX,-1.1410904299355078
2025-11-19,PEN,Desvíos del modelo (z-score),FX,-0.9096158443925357
2025-11-20,PEN,Desvíos del modelo (z-score),FX,-1.1306610978326175
2025-11-21,PEN,Desvíos del modelo (z-score),FX,-1.1925469767424866
2025-11-24,PEN,Desvíos del modelo (z-score),FX,-1.1866396656077833
2025-11-25,PEN,Desvíos del modelo (z-score),FX,-1.2950921001908828
2025-11-26,PEN,Desvíos del modelo (z-score),FX,-1.3027155156408838
2025-11-27,PEN,Desvíos del modelo (z-score),FX,-1.2467839457817713
2025-11-28,PEN,Desvíos del modelo (z-score),FX,-1.3039432959333621
2025-12-01,PEN,Desvíos del modelo (z-score),FX,-1.0019660632849194
2025-12-02,PEN,Desvíos del modelo (z-score),FX,-1.2049760944679369
2025-12-03,PEN,Desvíos del modelo (z-score),FX,-1.2632674978479657
2025-12-04,PEN,Desvíos del modelo (z-score),FX,-1.242849128713436
2025-12-05,PEN,Desvíos del modelo (z-score),FX,-1.2130392298173878
2025-12-09,PEN,Desvíos del modelo (z-score),FX,-1.0008646232231257
2025-12-10,PEN,Desvíos del modelo (z-score),FX,-1.0531628337697483
2025-12-11,PEN,Desvíos del modelo (z-score),FX,-0.8448045926480364
2025-12-12,PEN,Desvíos del modelo (z-score),FX,-0.7376520993015657
2025-12-15,PEN,Desvíos del modelo (z-score),FX,-0.7733538616964827
2025-12-16,PEN,Desvíos del modelo (z-score),FX,-0.7004820021940658
2025-12-17,PEN,Desvíos del modelo (z-score),FX,-0.7322376158355371
2025-12-18,PEN,Desvíos del modelo (z-score),FX,-0.8257295982837408
2025-12-19,PEN,Desvíos del modelo (z-score),FX,-0.8255386372296879
2025-12-22,PEN,Desvíos del modelo (z-score),FX,-0.7347760369042851
2025-12-23,PEN,Desvíos del modelo (z-score),FX,-0.6902361265244364
2025-12-24,PEN,Desvíos del modelo (z-score),FX,-0.7646890999408658
2025-12-26,PEN,Desvíos del modelo (z-score),FX,-0.6721463148913269
2025-12-29,PEN,Desvíos del modelo (z-score),FX,-0.9391207623893778
2025-12-30,PEN,Desvíos del modelo (z-score),FX,-0.9525674024851168
2026-01-02,PEN,Desvíos del modelo (z-score),FX,-0.894329271532207
2026-01-05,PEN,Desvíos del modelo (z-score),FX,-1.0398101217908582
2026-01-06,PEN,Desvíos del modelo (z-score),FX,-0.7906471822674997
2026-01-07,PEN,Desvíos del modelo (z-score),FX,-0.9482559712439868
2026-01-08,PEN,Desvíos del modelo (z-score),FX,-1.1245152246187216
2026-01-09,PEN,Desvíos del modelo (z-score),FX,-1.1548763168740024
2026-01-12,PEN,Desvíos del modelo (z-score),FX,-0.942659967551059
2026-01-13,PEN,Desvíos del modelo (z-score),FX,-1.1359683903916857
2026-01-14,PEN,Desvíos del modelo (z-score),FX,-1.2532405225528944
2026-01-15,PEN,Desvíos del modelo (z-score),FX,-1.1080883004269826
2026-01-16,PEN,Desvíos del modelo (z-score),FX,-1.0511916718836183
2026-01-19,PEN,Desvíos del modelo (z-score),FX,-0.9227521202762086
2026-01-20,PEN,Desvíos del modelo (z-score),FX,-0.634213689378153
2026-01-21,PEN,Desvíos del modelo (z-score),FX,-0.7626824716410983
2026-01-22,PEN,Desvíos del modelo (z-score),FX,-0.6077234996065257
2026-01-23,PEN,Desvíos del modelo (z-score),FX,-0.600646043555532
2026-01-26,PEN,Desvíos del modelo (z-score),FX,-0.44343988156463754
2026-01-27,PEN,Desvíos del modelo (z-score),FX,-0.398136415288432
2026-01-28,PEN,Desvíos del modelo (z-score),FX,-0.32841333563068453
2026-01-29,PEN,Desvíos del modelo (z-score),FX,-0.4262248900942332
2026-01-30,PEN,Desvíos del modelo (z-score),FX,-0.805766847702351
2026-02-02,PEN,Desvíos del modelo (z-score),FX,-0.9605002547580588
2026-02-03,PEN,Desvíos del modelo (z-score),FX,-0.7526470018693353
2026-02-04,PEN,Desvíos del modelo (z-score),FX,-0.734552437218437
2026-02-05,PEN,Desvíos del modelo (z-score),FX,-1.1826551352302979
2026-02-06,PEN,Desvíos del modelo (z-score),FX,-1.0947328052302405
2026-02-09,PEN,Desvíos del modelo (z-score),FX,-0.8585500959308038
2026-02-10,PEN,Desvíos del modelo (z-score),FX,-0.9338050617973287
2026-02-11,PEN,Desvíos del modelo (z-score),FX,-0.863856299128976
2026-02-12,PEN,Desvíos del modelo (z-score),FX,-1.1245938187619628
2026-02-13,PEN,Desvíos del modelo (z-score),FX,-1.173664745712384
2026-02-16,PEN,Desvíos del modelo (z-score),FX,-1.1942300231880143
2026-02-17,PEN,Desvíos del modelo (z-score),FX,-1.340504424907883
2026-02-18,PEN,Desvíos del modelo (z-score),FX,-1.2897273641960205
2026-02-19,PEN,Desvíos del modelo (z-score),FX,-1.3003901212711633
2026-02-20,PEN,Desvíos del modelo (z-score),FX,-1.3635701571788659
2026-02-23,PEN,Desvíos del modelo (z-score),FX,-1.3167453483319111
2026-02-24,PEN,Desvíos del modelo (z-score),FX,-1.4510106213281992
2026-02-25,PEN,Desvíos del modelo (z-score),FX,-1.374948729385549
2026-02-26,PEN,Desvíos del modelo (z-score),FX,-1.5166230871978772
2026-02-27,PEN,Desvíos del modelo (z-score),FX,-1.6985538776425901
2026-03-02,PEN,Desvíos del modelo (z-score),FX,-1.7733197032610135
2026-03-03,PEN,Desvíos del modelo (z-score),FX,-1.7628980598813109
2026-03-04,PEN,Desvíos del modelo (z-score),FX,-1.6083582575102804
2026-03-05,PEN,Desvíos del modelo (z-score),FX,-1.6208301554805415
2026-03-06,PEN,Desvíos del modelo (z-score),FX,-1.5153791938405188
2026-03-09,PEN,Desvíos del modelo (z-score),FX,-1.4858939292314068
2026-03-10,PEN,Desvíos del modelo (z-score),FX,-1.3789325365908514
2026-03-11,PEN,Desvíos del modelo (z-score),FX,-1.7585646312454222
2026-03-12,PEN,Desvíos del modelo (z-score),FX,-1.838315582131947
2026-03-13,PEN,Desvíos del modelo (z-score),FX,-2.0487131010518316
2026-03-16,PEN,Desvíos del modelo (z-score),FX,-2.173030018325723
2026-03-17,PEN,Desvíos del modelo (z-score),FX,-2.384659834095096
2026-03-18,PEN,Desvíos del modelo (z-score),FX,-2.3378077379448556
2026-03-19,PEN,Desvíos del modelo (z-score),FX,-2.391585420014684
2026-03-20,PEN,Desvíos del modelo (z-score),FX,-1.9222295495410382
2026-03-23,PEN,Desvíos del modelo (z-score),FX,-1.7714752981036552
2026-03-24,PEN,Desvíos del modelo (z-score),FX,-1.7911857671568123
2026-03-25,PEN,Desvíos del modelo (z-score),FX,-1.6520710109764505
2026-03-26,PEN,Desvíos del modelo (z-score),FX,-1.814921878390365
2026-03-27,PEN,Desvíos del modelo (z-score),FX,-1.7284674414770165
2026-03-30,PEN,Desvíos del modelo (z-score),FX,-1.920915551546452
2026-03-31,PEN,Desvíos del modelo (z-score),FX,-1.8099034940606864
2026-04-01,PEN,Desvíos del modelo (z-score),FX,-1.8170493541911688
2026-04-02,PEN,Desvíos del modelo (z-score),FX,-2.3595672009123523
2026-04-06,PEN,Desvíos del modelo (z-score),FX,-2.6138436410830392
2026-04-07,PEN,Desvíos del modelo (z-score),FX,-2.6428947104775884
2026-04-08,PEN,Desvíos del modelo (z-score),FX,-2.2326539413669773
2026-04-09,PEN,Desvíos del modelo (z-score),FX,-2.5578765650964246
2026-04-10,PEN,Desvíos del modelo (z-score),FX,-2.4425354232039775
2026-04-13,PEN,Desvíos del modelo (z-score),FX,-2.7198900126547305
2026-04-14,PEN,Desvíos del modelo (z-score),FX,-2.2869312641164767
2026-04-15,PEN,Desvíos del modelo (z-score),FX,-1.9266328992913553
2026-04-16,PEN,Desvíos del modelo (z-score),FX,-1.9598252381695862
2026-04-17,PEN,Desvíos del modelo (z-score),FX,-1.6203751911746653
2026-04-20,PEN,Desvíos del modelo (z-score),FX,-1.84975077097321
2026-04-21,PEN,Desvíos del modelo (z-score),FX,-1.990675172555988
2026-04-22,PEN,Desvíos del modelo (z-score),FX,-1.9525561232907014
2026-04-23,PEN,Desvíos del modelo (z-score),FX,-1.922547489806882
2026-04-24,PEN,Desvíos del modelo (z-score),FX,-1.8427668603688299
2026-04-27,PEN,Desvíos del modelo (z-score),FX,-1.4947256139357532
2026-04-28,PEN,Desvíos del modelo (z-score),FX,-1.6630164933410567
2026-04-29,PEN,Desvíos del modelo (z-score),FX,-1.569658671609805
2026-04-30,PEN,Desvíos del modelo (z-score),FX,-1.657523166710325
2026-05-04,PEN,Desvíos del modelo (z-score),FX,-1.6142953595240812
2026-05-05,PEN,Desvíos del modelo (z-score),FX,-1.7940588356401814
2026-05-06,PEN,Desvíos del modelo (z-score),FX,-1.6790829329618853
2026-05-07,PEN,Desvíos del modelo (z-score),FX,-1.744471688318
2026-05-08,PEN,Desvíos del modelo (z-score),FX,-2.0156224728451466
2026-05-11,PEN,Desvíos del modelo (z-score),FX,-1.9963776898191596
2026-05-12,PEN,Desvíos del modelo (z-score),FX,-2.196008798605395
2026-05-13,PEN,Desvíos del modelo (z-score),FX,-2.332224371561153
2026-05-14,PEN,Desvíos del modelo (z-score),FX,-2.574174247872723
2026-05-15,PEN,Desvíos del modelo (z-score),FX,-2.6892978456131447
2026-05-18,PEN,Desvíos del modelo (z-score),FX,-2.730069350104826
2026-05-19,PEN,Desvíos del modelo (z-score),FX,-2.713487179358839
2026-05-20,PEN,Desvíos del modelo (z-score),FX,-2.7644881189775594
2026-05-22,PEN,Desvíos del modelo (z-score),FX,-2.7174834729301507
2026-05-25,PEN,Desvíos del modelo (z-score),FX,-2.667752064930305
2026-05-26,PEN,Desvíos del modelo (z-score),FX,-2.6675389163228087
2026-05-27,PEN,Desvíos del modelo (z-score),FX,-2.6661966246047237
2026-05-28,PEN,Desvíos del modelo (z-score),FX,-2.7751767159411385
2026-05-29,PEN,Desvíos del modelo (z-score),FX,-2.6488288609158444
2026-06-01,PEN,Desvíos del modelo (z-score),FX,-2.8875035331184797
2026-06-02,PEN,Desvíos del modelo (z-score),FX,-2.8138146789659215
2025-01-02,PEN,Desvíos del modelo (z-score),Tasa 10Y,-1.1827368500353408
2025-01-03,PEN,Desvíos del modelo (z-score),Tasa 10Y,-1.0836149621815288
2025-01-06,PEN,Desvíos del modelo (z-score),Tasa 10Y,-1.01513753182777
2025-01-07,PEN,Desvíos del modelo (z-score),Tasa 10Y,-1.007732855132583
2025-01-08,PEN,Desvíos del modelo (z-score),Tasa 10Y,-1.3033056819087256
2025-01-09,PEN,Desvíos del modelo (z-score),Tasa 10Y,-1.1530245335514886
2025-01-10,PEN,Desvíos del modelo (z-score),Tasa 10Y,-1.2533348339665107
2025-01-13,PEN,Desvíos del modelo (z-score),Tasa 10Y,-1.2814304179102405
2025-01-14,PEN,Desvíos del modelo (z-score),Tasa 10Y,-1.2470815112147438
2025-01-15,PEN,Desvíos del modelo (z-score),Tasa 10Y,-1.1306629174680496
2025-01-16,PEN,Desvíos del modelo (z-score),Tasa 10Y,-1.2706604140349065
2025-01-17,PEN,Desvíos del modelo (z-score),Tasa 10Y,-1.2196220854036748
2025-01-20,PEN,Desvíos del modelo (z-score),Tasa 10Y,-1.218488558508402
2025-01-21,PEN,Desvíos del modelo (z-score),Tasa 10Y,-1.1087911415856206
2025-01-22,PEN,Desvíos del modelo (z-score),Tasa 10Y,-1.0218316935342031
2025-01-23,PEN,Desvíos del modelo (z-score),Tasa 10Y,-1.0137088209423588
2025-01-24,PEN,Desvíos del modelo (z-score),Tasa 10Y,-0.9905110389536161
2025-01-27,PEN,Desvíos del modelo (z-score),Tasa 10Y,-0.8925610073377199
2025-01-28,PEN,Desvíos del modelo (z-score),Tasa 10Y,-1.0034304663868754
2025-01-29,PEN,Desvíos del modelo (z-score),Tasa 10Y,-1.053381678963861
2025-01-30,PEN,Desvíos del modelo (z-score),Tasa 10Y,-1.0578105785856262
2025-01-31,PEN,Desvíos del modelo (z-score),Tasa 10Y,-1.0978569313856483
2025-02-03,PEN,Desvíos del modelo (z-score),Tasa 10Y,-1.1914578073328468
2025-02-04,PEN,Desvíos del modelo (z-score),Tasa 10Y,-1.1584758999596734
2025-02-05,PEN,Desvíos del modelo (z-score),Tasa 10Y,-1.0654980523427828
2025-02-06,PEN,Desvíos del modelo (z-score),Tasa 10Y,-0.9947929556226783
2025-02-07,PEN,Desvíos del modelo (z-score),Tasa 10Y,-1.3198592810985923
2025-02-10,PEN,Desvíos del modelo (z-score),Tasa 10Y,-1.5158850407498552
2025-02-11,PEN,Desvíos del modelo (z-score),Tasa 10Y,-1.4947323047581196
2025-02-12,PEN,Desvíos del modelo (z-score),Tasa 10Y,-1.5152261094336608
2025-02-13,PEN,Desvíos del modelo (z-score),Tasa 10Y,-1.4817093962540646
2025-02-14,PEN,Desvíos del modelo (z-score),Tasa 10Y,-1.2619419452213696
2025-02-17,PEN,Desvíos del modelo (z-score),Tasa 10Y,-1.2421728459326655
2025-02-18,PEN,Desvíos del modelo (z-score),Tasa 10Y,-1.2357527874208392
2025-02-19,PEN,Desvíos del modelo (z-score),Tasa 10Y,-1.3332450595941896
2025-02-20,PEN,Desvíos del modelo (z-score),Tasa 10Y,-1.346170576138074
2025-02-21,PEN,Desvíos del modelo (z-score),Tasa 10Y,-1.2870437408041135
2025-02-24,PEN,Desvíos del modelo (z-score),Tasa 10Y,-1.3110215303393216
2025-02-25,PEN,Desvíos del modelo (z-score),Tasa 10Y,-1.280413717593357
2025-02-26,PEN,Desvíos del modelo (z-score),Tasa 10Y,-1.2686002475180147
2025-02-27,PEN,Desvíos del modelo (z-score),Tasa 10Y,-1.2272095707483908
2025-02-28,PEN,Desvíos del modelo (z-score),Tasa 10Y,-1.2589427893957192
2025-03-03,PEN,Desvíos del modelo (z-score),Tasa 10Y,-1.0826438826394533
2025-03-04,PEN,Desvíos del modelo (z-score),Tasa 10Y,-0.9493232724633939
2025-03-05,PEN,Desvíos del modelo (z-score),Tasa 10Y,-0.7683610006506363
2025-03-06,PEN,Desvíos del modelo (z-score),Tasa 10Y,-0.8849585833718249
2025-03-07,PEN,Desvíos del modelo (z-score),Tasa 10Y,-0.8466233924083482
2025-03-10,PEN,Desvíos del modelo (z-score),Tasa 10Y,-0.7147878839066624
2025-03-11,PEN,Desvíos del modelo (z-score),Tasa 10Y,-0.8568806474228031
2025-03-12,PEN,Desvíos del modelo (z-score),Tasa 10Y,-0.9238327597428654
2025-03-13,PEN,Desvíos del modelo (z-score),Tasa 10Y,-1.2747148463455675
2025-03-14,PEN,Desvíos del modelo (z-score),Tasa 10Y,-1.2741013239766377
2025-03-17,PEN,Desvíos del modelo (z-score),Tasa 10Y,-1.5028944661081582
2025-03-18,PEN,Desvíos del modelo (z-score),Tasa 10Y,-1.4121494179836322
2025-03-19,PEN,Desvíos del modelo (z-score),Tasa 10Y,-1.2274640722778765
2025-03-20,PEN,Desvíos del modelo (z-score),Tasa 10Y,-1.130426787353141
2025-03-21,PEN,Desvíos del modelo (z-score),Tasa 10Y,-1.1328077026488628
2025-03-24,PEN,Desvíos del modelo (z-score),Tasa 10Y,-1.0629709046777784
2025-03-25,PEN,Desvíos del modelo (z-score),Tasa 10Y,-1.0593245678387122
2025-03-26,PEN,Desvíos del modelo (z-score),Tasa 10Y,-0.9841637012611221
2025-03-27,PEN,Desvíos del modelo (z-score),Tasa 10Y,-1.0368653110383197
2025-03-28,PEN,Desvíos del modelo (z-score),Tasa 10Y,-0.7297836187191817
2025-03-31,PEN,Desvíos del modelo (z-score),Tasa 10Y,-0.7438293848198484
2025-04-01,PEN,Desvíos del modelo (z-score),Tasa 10Y,-0.6108719423767166
2025-04-02,PEN,Desvíos del modelo (z-score),Tasa 10Y,-0.6057640198203339
2025-04-03,PEN,Desvíos del modelo (z-score),Tasa 10Y,-0.4987112301707054
2025-04-04,PEN,Desvíos del modelo (z-score),Tasa 10Y,-1.0459000904006617
2025-04-07,PEN,Desvíos del modelo (z-score),Tasa 10Y,-1.2620376477453696
2025-04-08,PEN,Desvíos del modelo (z-score),Tasa 10Y,-1.2639970913158076
2025-04-09,PEN,Desvíos del modelo (z-score),Tasa 10Y,-1.1831650488562047
2025-04-10,PEN,Desvíos del modelo (z-score),Tasa 10Y,-0.9766257687882781
2025-04-11,PEN,Desvíos del modelo (z-score),Tasa 10Y,-1.2205948338154557
2025-04-14,PEN,Desvíos del modelo (z-score),Tasa 10Y,-1.022992691053358
2025-04-15,PEN,Desvíos del modelo (z-score),Tasa 10Y,-1.1275122263660955
2025-04-16,PEN,Desvíos del modelo (z-score),Tasa 10Y,-1.2197794594332911
2025-04-17,PEN,Desvíos del modelo (z-score),Tasa 10Y,-1.0812518618997258
2025-04-21,PEN,Desvíos del modelo (z-score),Tasa 10Y,-1.0150341457452448
2025-04-22,PEN,Desvíos del modelo (z-score),Tasa 10Y,-0.7878132449218147
2025-04-23,PEN,Desvíos del modelo (z-score),Tasa 10Y,-0.640859047164743
2025-04-24,PEN,Desvíos del modelo (z-score),Tasa 10Y,-0.7008775201115565
2025-04-25,PEN,Desvíos del modelo (z-score),Tasa 10Y,-0.6076071631253614
2025-04-28,PEN,Desvíos del modelo (z-score),Tasa 10Y,-0.7105435216670838
2025-04-29,PEN,Desvíos del modelo (z-score),Tasa 10Y,-0.8135103458186023
2025-04-30,PEN,Desvíos del modelo (z-score),Tasa 10Y,-0.877260012094952
2025-05-02,PEN,Desvíos del modelo (z-score),Tasa 10Y,-0.7363421925371241
2025-05-05,PEN,Desvíos del modelo (z-score),Tasa 10Y,-0.7759759117458473
2025-05-06,PEN,Desvíos del modelo (z-score),Tasa 10Y,-0.6772046461287221
2025-05-07,PEN,Desvíos del modelo (z-score),Tasa 10Y,-0.8170184002818753
2025-05-08,PEN,Desvíos del modelo (z-score),Tasa 10Y,-0.763543272121284
2025-05-09,PEN,Desvíos del modelo (z-score),Tasa 10Y,-0.8345233417867003
2025-05-12,PEN,Desvíos del modelo (z-score),Tasa 10Y,-1.1803609109567077
2025-05-13,PEN,Desvíos del modelo (z-score),Tasa 10Y,-1.1679999769919711
2025-05-14,PEN,Desvíos del modelo (z-score),Tasa 10Y,-1.144612308601081
2025-05-15,PEN,Desvíos del modelo (z-score),Tasa 10Y,-1.0594244939794575
2025-05-16,PEN,Desvíos del modelo (z-score),Tasa 10Y,-1.2197342998616458
2025-05-19,PEN,Desvíos del modelo (z-score),Tasa 10Y,-0.9309719920711782
2025-05-20,PEN,Desvíos del modelo (z-score),Tasa 10Y,-0.9197300888456373
2025-05-22,PEN,Desvíos del modelo (z-score),Tasa 10Y,-0.74311597820247
2025-05-23,PEN,Desvíos del modelo (z-score),Tasa 10Y,-0.6286089131709344
2025-05-26,PEN,Desvíos del modelo (z-score),Tasa 10Y,-0.6208652358022239
2025-05-27,PEN,Desvíos del modelo (z-score),Tasa 10Y,-0.6887820806207763
2025-05-28,PEN,Desvíos del modelo (z-score),Tasa 10Y,-0.8689385397710548
2025-05-29,PEN,Desvíos del modelo (z-score),Tasa 10Y,-0.7761999140708821
2025-05-30,PEN,Desvíos del modelo (z-score),Tasa 10Y,-0.9051386032508588
2025-06-02,PEN,Desvíos del modelo (z-score),Tasa 10Y,-0.807766358084874
2025-06-03,PEN,Desvíos del modelo (z-score),Tasa 10Y,-0.7500667807977293
2025-06-04,PEN,Desvíos del modelo (z-score),Tasa 10Y,-0.9095571868864725
2025-06-05,PEN,Desvíos del modelo (z-score),Tasa 10Y,-0.8453659708813206
2025-06-06,PEN,Desvíos del modelo (z-score),Tasa 10Y,-0.5425880331238829
2025-06-09,PEN,Desvíos del modelo (z-score),Tasa 10Y,-0.29169663183265404
2025-06-10,PEN,Desvíos del modelo (z-score),Tasa 10Y,0.04125821914418773
2025-06-11,PEN,Desvíos del modelo (z-score),Tasa 10Y,0.08346189053261978
2025-06-12,PEN,Desvíos del modelo (z-score),Tasa 10Y,-0.11368368332499389
2025-06-13,PEN,Desvíos del modelo (z-score),Tasa 10Y,0.04473365985632042
2025-06-16,PEN,Desvíos del modelo (z-score),Tasa 10Y,0.09059083038463966
2025-06-17,PEN,Desvíos del modelo (z-score),Tasa 10Y,0.08504902704256417
2025-06-18,PEN,Desvíos del modelo (z-score),Tasa 10Y,-0.17742872065735207
2025-06-19,PEN,Desvíos del modelo (z-score),Tasa 10Y,-0.26027783268312465
2025-06-23,PEN,Desvíos del modelo (z-score),Tasa 10Y,-0.49556963895293726
2025-06-24,PEN,Desvíos del modelo (z-score),Tasa 10Y,-0.5142198581742717
2025-06-25,PEN,Desvíos del modelo (z-score),Tasa 10Y,-0.6506838389126044
2025-06-26,PEN,Desvíos del modelo (z-score),Tasa 10Y,-0.666248377604869
2025-06-27,PEN,Desvíos del modelo (z-score),Tasa 10Y,-0.536592957801637
2025-06-30,PEN,Desvíos del modelo (z-score),Tasa 10Y,-0.56098990665112
2025-07-01,PEN,Desvíos del modelo (z-score),Tasa 10Y,-0.3738285774475993
2025-07-02,PEN,Desvíos del modelo (z-score),Tasa 10Y,-0.49175775076855877
2025-07-03,PEN,Desvíos del modelo (z-score),Tasa 10Y,-0.41653459554443156
2025-07-04,PEN,Desvíos del modelo (z-score),Tasa 10Y,-0.36099746613263944
2025-07-07,PEN,Desvíos del modelo (z-score),Tasa 10Y,-0.33666006475019683
2025-07-08,PEN,Desvíos del modelo (z-score),Tasa 10Y,-0.4987453053975705
2025-07-09,PEN,Desvíos del modelo (z-score),Tasa 10Y,-0.33624495126965115
2025-07-10,PEN,Desvíos del modelo (z-score),Tasa 10Y,-0.3370371080612677
2025-07-11,PEN,Desvíos del modelo (z-score),Tasa 10Y,-0.11592002120038077
2025-07-14,PEN,Desvíos del modelo (z-score),Tasa 10Y,-0.17923400339684556
2025-07-15,PEN,Desvíos del modelo (z-score),Tasa 10Y,-0.02680731655820327
2025-07-17,PEN,Desvíos del modelo (z-score),Tasa 10Y,-0.08369268865398528
2025-07-18,PEN,Desvíos del modelo (z-score),Tasa 10Y,0.029370703724756562
2025-07-21,PEN,Desvíos del modelo (z-score),Tasa 10Y,0.16173996391333442
2025-07-22,PEN,Desvíos del modelo (z-score),Tasa 10Y,8.517898576755657e-4
2025-07-23,PEN,Desvíos del modelo (z-score),Tasa 10Y,-0.03439854480731304
2025-07-24,PEN,Desvíos del modelo (z-score),Tasa 10Y,-0.046375744531077255
2025-07-25,PEN,Desvíos del modelo (z-score),Tasa 10Y,-0.23209465671699905
2025-07-28,PEN,Desvíos del modelo (z-score),Tasa 10Y,-0.2921529061086941
2025-07-29,PEN,Desvíos del modelo (z-score),Tasa 10Y,-0.2677106690469235
2025-07-30,PEN,Desvíos del modelo (z-score),Tasa 10Y,-0.3692670044254851
2025-07-31,PEN,Desvíos del modelo (z-score),Tasa 10Y,-0.20655466419084012
2025-08-01,PEN,Desvíos del modelo (z-score),Tasa 10Y,-0.09677631164032814
2025-08-04,PEN,Desvíos del modelo (z-score),Tasa 10Y,-0.18156985310960175
2025-08-05,PEN,Desvíos del modelo (z-score),Tasa 10Y,-0.2993888333318374
2025-08-06,PEN,Desvíos del modelo (z-score),Tasa 10Y,-0.08329368556239253
2025-08-07,PEN,Desvíos del modelo (z-score),Tasa 10Y,-0.3374993285283938
2025-08-08,PEN,Desvíos del modelo (z-score),Tasa 10Y,-0.3012708262849603
2025-08-11,PEN,Desvíos del modelo (z-score),Tasa 10Y,-0.3275450128193405
2025-08-12,PEN,Desvíos del modelo (z-score),Tasa 10Y,-0.4232014247245286
2025-08-13,PEN,Desvíos del modelo (z-score),Tasa 10Y,-0.36792185353731155
2025-08-14,PEN,Desvíos del modelo (z-score),Tasa 10Y,-0.30189077889617333
2025-08-18,PEN,Desvíos del modelo (z-score),Tasa 10Y,-0.048101419554798304
2025-08-19,PEN,Desvíos del modelo (z-score),Tasa 10Y,0.010149102042216284
2025-08-20,PEN,Desvíos del modelo (z-score),Tasa 10Y,-0.026296276803004868
2025-08-21,PEN,Desvíos del modelo (z-score),Tasa 10Y,-0.09530036677256572
2025-08-22,PEN,Desvíos del modelo (z-score),Tasa 10Y,-0.20957726042908587
2025-08-25,PEN,Desvíos del modelo (z-score),Tasa 10Y,-0.10108601568692267
2025-08-26,PEN,Desvíos del modelo (z-score),Tasa 10Y,-0.13797283216080516
2025-08-27,PEN,Desvíos del modelo (z-score),Tasa 10Y,-0.2651749961035199
2025-08-28,PEN,Desvíos del modelo (z-score),Tasa 10Y,-0.20653496606584917
2025-08-29,PEN,Desvíos del modelo (z-score),Tasa 10Y,-0.08525412019584762
2025-09-01,PEN,Desvíos del modelo (z-score),Tasa 10Y,-0.07069731436237041
2025-09-02,PEN,Desvíos del modelo (z-score),Tasa 10Y,-0.21525475558970691
2025-09-03,PEN,Desvíos del modelo (z-score),Tasa 10Y,-0.22596315633826553
2025-09-04,PEN,Desvíos del modelo (z-score),Tasa 10Y,-0.2147898963747905
2025-09-05,PEN,Desvíos del modelo (z-score),Tasa 10Y,-0.325688416899302
2025-09-08,PEN,Desvíos del modelo (z-score),Tasa 10Y,-0.26322431929985796
2025-09-09,PEN,Desvíos del modelo (z-score),Tasa 10Y,-0.26343476692433676
2025-09-10,PEN,Desvíos del modelo (z-score),Tasa 10Y,-0.1603592250698019
2025-09-11,PEN,Desvíos del modelo (z-score),Tasa 10Y,-0.09319158056349099
2025-09-12,PEN,Desvíos del modelo (z-score),Tasa 10Y,-0.06360424607753071
2025-09-15,PEN,Desvíos del modelo (z-score),Tasa 10Y,0.2659949487087211
2025-09-16,PEN,Desvíos del modelo (z-score),Tasa 10Y,0.4450834205126703
2025-09-17,PEN,Desvíos del modelo (z-score),Tasa 10Y,0.3575963404047905
2025-09-22,PEN,Desvíos del modelo (z-score),Tasa 10Y,0.3066235398190799
2025-09-23,PEN,Desvíos del modelo (z-score),Tasa 10Y,0.340874236771588
2025-09-24,PEN,Desvíos del modelo (z-score),Tasa 10Y,0.33974953866000257
2025-09-25,PEN,Desvíos del modelo (z-score),Tasa 10Y,0.29668715332537327
2025-09-26,PEN,Desvíos del modelo (z-score),Tasa 10Y,0.20610449284067797
2025-09-29,PEN,Desvíos del modelo (z-score),Tasa 10Y,0.1379775959435169
2025-09-30,PEN,Desvíos del modelo (z-score),Tasa 10Y,0.11120938291204222
2025-10-01,PEN,Desvíos del modelo (z-score),Tasa 10Y,0.07571792065206637
2025-10-02,PEN,Desvíos del modelo (z-score),Tasa 10Y,0.0660178391077835
2025-10-03,PEN,Desvíos del modelo (z-score),Tasa 10Y,0.17600437769161165
2025-10-06,PEN,Desvíos del modelo (z-score),Tasa 10Y,0.28051828945990287
2025-10-07,PEN,Desvíos del modelo (z-score),Tasa 10Y,0.2427126101997067
2025-10-08,PEN,Desvíos del modelo (z-score),Tasa 10Y,0.24235739934337935
2025-10-09,PEN,Desvíos del modelo (z-score),Tasa 10Y,0.23983971401061968
2025-10-10,PEN,Desvíos del modelo (z-score),Tasa 10Y,0.2914836121214867
2025-10-13,PEN,Desvíos del modelo (z-score),Tasa 10Y,0.21584593023324083
2025-10-14,PEN,Desvíos del modelo (z-score),Tasa 10Y,0.26069591226129546
2025-10-15,PEN,Desvíos del modelo (z-score),Tasa 10Y,0.38713798101418495
2025-10-16,PEN,Desvíos del modelo (z-score),Tasa 10Y,0.44821566934794443
2025-10-17,PEN,Desvíos del modelo (z-score),Tasa 10Y,0.32995594723468713
2025-10-20,PEN,Desvíos del modelo (z-score),Tasa 10Y,0.27901774972864496
2025-10-21,PEN,Desvíos del modelo (z-score),Tasa 10Y,0.4119743772046171
2025-10-22,PEN,Desvíos del modelo (z-score),Tasa 10Y,0.39494153946536803
2025-10-23,PEN,Desvíos del modelo (z-score),Tasa 10Y,0.17960510844613398
2025-10-24,PEN,Desvíos del modelo (z-score),Tasa 10Y,0.16143302654807384
2025-10-27,PEN,Desvíos del modelo (z-score),Tasa 10Y,0.11217780322518862
2025-10-28,PEN,Desvíos del modelo (z-score),Tasa 10Y,0.05678033765119953
2025-10-29,PEN,Desvíos del modelo (z-score),Tasa 10Y,0.17170170583366876
2025-10-30,PEN,Desvíos del modelo (z-score),Tasa 10Y,-0.022073008687699108
2025-11-03,PEN,Desvíos del modelo (z-score),Tasa 10Y,-0.07721518329300749
2025-11-04,PEN,Desvíos del modelo (z-score),Tasa 10Y,-0.10926858605664788
2025-11-05,PEN,Desvíos del modelo (z-score),Tasa 10Y,-0.1674747073512761
2025-11-06,PEN,Desvíos del modelo (z-score),Tasa 10Y,-0.20412724288347242
2025-11-07,PEN,Desvíos del modelo (z-score),Tasa 10Y,-0.2347352388976452
2025-11-10,PEN,Desvíos del modelo (z-score),Tasa 10Y,-0.09866432383612019
2025-11-11,PEN,Desvíos del modelo (z-score),Tasa 10Y,-0.12541635933517029
2025-11-12,PEN,Desvíos del modelo (z-score),Tasa 10Y,-0.09120176433870476
2025-11-13,PEN,Desvíos del modelo (z-score),Tasa 10Y,0.00624101012173081
2025-11-14,PEN,Desvíos del modelo (z-score),Tasa 10Y,0.17876663958854777
2025-11-17,PEN,Desvíos del modelo (z-score),Tasa 10Y,0.09894596842200877
2025-11-18,PEN,Desvíos del modelo (z-score),Tasa 10Y,0.09025261889081322
2025-11-19,PEN,Desvíos del modelo (z-score),Tasa 10Y,0.1482560939139853
2025-11-20,PEN,Desvíos del modelo (z-score),Tasa 10Y,-0.026174552472354763
2025-11-21,PEN,Desvíos del modelo (z-score),Tasa 10Y,-0.1824248553988599
2025-11-24,PEN,Desvíos del modelo (z-score),Tasa 10Y,-0.34698676845519305
2025-11-25,PEN,Desvíos del modelo (z-score),Tasa 10Y,-0.4185598184868828
2025-11-26,PEN,Desvíos del modelo (z-score),Tasa 10Y,-0.4706354242842334
2025-11-27,PEN,Desvíos del modelo (z-score),Tasa 10Y,-0.4471592227150685
2025-11-28,PEN,Desvíos del modelo (z-score),Tasa 10Y,-0.4413370774781799
2025-12-01,PEN,Desvíos del modelo (z-score),Tasa 10Y,-0.2948831473611854
2025-12-02,PEN,Desvíos del modelo (z-score),Tasa 10Y,-0.31902140158096354
2025-12-03,PEN,Desvíos del modelo (z-score),Tasa 10Y,-0.389882546628318
2025-12-04,PEN,Desvíos del modelo (z-score),Tasa 10Y,-0.43472474766925084
2025-12-05,PEN,Desvíos del modelo (z-score),Tasa 10Y,-0.5506468138492578
2025-12-09,PEN,Desvíos del modelo (z-score),Tasa 10Y,-0.692744679726819
2025-12-10,PEN,Desvíos del modelo (z-score),Tasa 10Y,-0.6679808918608606
2025-12-11,PEN,Desvíos del modelo (z-score),Tasa 10Y,-0.7361520284426631
2025-12-12,PEN,Desvíos del modelo (z-score),Tasa 10Y,-0.611110164979606
2025-12-15,PEN,Desvíos del modelo (z-score),Tasa 10Y,-0.6447244289737782
2025-12-16,PEN,Desvíos del modelo (z-score),Tasa 10Y,-0.8196418491686783
2025-12-17,PEN,Desvíos del modelo (z-score),Tasa 10Y,-0.7292734934550332
2025-12-18,PEN,Desvíos del modelo (z-score),Tasa 10Y,-0.8941687375792273
2025-12-19,PEN,Desvíos del modelo (z-score),Tasa 10Y,-0.897068956124075
2025-12-22,PEN,Desvíos del modelo (z-score),Tasa 10Y,-0.8307591275519438
2025-12-23,PEN,Desvíos del modelo (z-score),Tasa 10Y,-0.9981600901903921
2025-12-24,PEN,Desvíos del modelo (z-score),Tasa 10Y,-1.1510495822354332
2025-12-26,PEN,Desvíos del modelo (z-score),Tasa 10Y,-1.0506105039449682
2025-12-29,PEN,Desvíos del modelo (z-score),Tasa 10Y,-1.0348067292255652
2025-12-30,PEN,Desvíos del modelo (z-score),Tasa 10Y,-1.234864292603599
2026-01-02,PEN,Desvíos del modelo (z-score),Tasa 10Y,-1.2768199913475715
2026-01-05,PEN,Desvíos del modelo (z-score),Tasa 10Y,-1.2570557975978656
2026-01-06,PEN,Desvíos del modelo (z-score),Tasa 10Y,-1.2111463665837752
2026-01-07,PEN,Desvíos del modelo (z-score),Tasa 10Y,-1.2128514645359747
2026-01-08,PEN,Desvíos del modelo (z-score),Tasa 10Y,-1.1327726217536633
2026-01-09,PEN,Desvíos del modelo (z-score),Tasa 10Y,-1.1882996988076435
2026-01-12,PEN,Desvíos del modelo (z-score),Tasa 10Y,-1.0126485637603302
2026-01-13,PEN,Desvíos del modelo (z-score),Tasa 10Y,-1.030443875231462
2026-01-14,PEN,Desvíos del modelo (z-score),Tasa 10Y,-1.0157307316655237
2026-01-15,PEN,Desvíos del modelo (z-score),Tasa 10Y,-0.9591926712133381
2026-01-16,PEN,Desvíos del modelo (z-score),Tasa 10Y,-0.8226764470491336
2026-01-19,PEN,Desvíos del modelo (z-score),Tasa 10Y,-0.737565196018028
2026-01-20,PEN,Desvíos del modelo (z-score),Tasa 10Y,-0.7841684618333541
2026-01-21,PEN,Desvíos del modelo (z-score),Tasa 10Y,-0.8430915250121499
2026-01-22,PEN,Desvíos del modelo (z-score),Tasa 10Y,-0.8717854017277761
2026-01-23,PEN,Desvíos del modelo (z-score),Tasa 10Y,-0.8639904708316185
2026-01-26,PEN,Desvíos del modelo (z-score),Tasa 10Y,-0.7769203276314021
2026-01-27,PEN,Desvíos del modelo (z-score),Tasa 10Y,-0.7864305310224091
2026-01-28,PEN,Desvíos del modelo (z-score),Tasa 10Y,-0.868532418668711
2026-01-29,PEN,Desvíos del modelo (z-score),Tasa 10Y,-1.0702197276110879
2026-01-30,PEN,Desvíos del modelo (z-score),Tasa 10Y,-1.0227217558497408
2026-02-02,PEN,Desvíos del modelo (z-score),Tasa 10Y,-1.0673617033393805
2026-02-03,PEN,Desvíos del modelo (z-score),Tasa 10Y,-1.0890341972780377
2026-02-04,PEN,Desvíos del modelo (z-score),Tasa 10Y,-0.9885433610009903
2026-02-05,PEN,Desvíos del modelo (z-score),Tasa 10Y,-0.9061485336563013
2026-02-06,PEN,Desvíos del modelo (z-score),Tasa 10Y,-1.1596589878228485
2026-02-09,PEN,Desvíos del modelo (z-score),Tasa 10Y,-1.0906231525108625
2026-02-10,PEN,Desvíos del modelo (z-score),Tasa 10Y,-1.0612978604307104
2026-02-11,PEN,Desvíos del modelo (z-score),Tasa 10Y,-1.0089924642665273
2026-02-12,PEN,Desvíos del modelo (z-score),Tasa 10Y,-1.0135056102917643
2026-02-13,PEN,Desvíos del modelo (z-score),Tasa 10Y,-0.9671419726326741
2026-02-16,PEN,Desvíos del modelo (z-score),Tasa 10Y,-0.9836411037900229
2026-02-17,PEN,Desvíos del modelo (z-score),Tasa 10Y,-1.047144354908692
2026-02-18,PEN,Desvíos del modelo (z-score),Tasa 10Y,-1.045371711739726
2026-02-19,PEN,Desvíos del modelo (z-score),Tasa 10Y,-1.0437019002065147
2026-02-20,PEN,Desvíos del modelo (z-score),Tasa 10Y,-1.0009224042500537
2026-02-23,PEN,Desvíos del modelo (z-score),Tasa 10Y,-0.9914743936048491
2026-02-24,PEN,Desvíos del modelo (z-score),Tasa 10Y,-1.0390451986649964
2026-02-25,PEN,Desvíos del modelo (z-score),Tasa 10Y,-0.9800057223151197
2026-02-26,PEN,Desvíos del modelo (z-score),Tasa 10Y,-1.0196456356067887
2026-02-27,PEN,Desvíos del modelo (z-score),Tasa 10Y,-0.9710611431935874
2026-03-02,PEN,Desvíos del modelo (z-score),Tasa 10Y,-0.9607512651153796
2026-03-03,PEN,Desvíos del modelo (z-score),Tasa 10Y,-0.9154552242383689
2026-03-04,PEN,Desvíos del modelo (z-score),Tasa 10Y,0.313784154950297
2026-03-05,PEN,Desvíos del modelo (z-score),Tasa 10Y,0.45222839187191255
2026-03-06,PEN,Desvíos del modelo (z-score),Tasa 10Y,0.5843968982876824
2026-03-09,PEN,Desvíos del modelo (z-score),Tasa 10Y,0.529057136582946
2026-03-10,PEN,Desvíos del modelo (z-score),Tasa 10Y,0.5774640023294376
2026-03-11,PEN,Desvíos del modelo (z-score),Tasa 10Y,0.5789809966157523
2026-03-12,PEN,Desvíos del modelo (z-score),Tasa 10Y,0.5404161915669534
2026-03-13,PEN,Desvíos del modelo (z-score),Tasa 10Y,0.41314746568042165
2026-03-16,PEN,Desvíos del modelo (z-score),Tasa 10Y,0.6090709894465398
2026-03-17,PEN,Desvíos del modelo (z-score),Tasa 10Y,0.6124391214344931
2026-03-18,PEN,Desvíos del modelo (z-score),Tasa 10Y,0.5263521379909335
2026-03-19,PEN,Desvíos del modelo (z-score),Tasa 10Y,0.48810240094415264
2026-03-20,PEN,Desvíos del modelo (z-score),Tasa 10Y,0.4852846748310393
2026-03-23,PEN,Desvíos del modelo (z-score),Tasa 10Y,0.5217765650497804
2026-03-24,PEN,Desvíos del modelo (z-score),Tasa 10Y,0.4719262445266247
2026-03-25,PEN,Desvíos del modelo (z-score),Tasa 10Y,0.5702745186844321
2026-03-26,PEN,Desvíos del modelo (z-score),Tasa 10Y,0.7425595597827125
2026-03-27,PEN,Desvíos del modelo (z-score),Tasa 10Y,0.855154570188669
2026-03-30,PEN,Desvíos del modelo (z-score),Tasa 10Y,0.8473028683576844
2026-03-31,PEN,Desvíos del modelo (z-score),Tasa 10Y,0.9619023818742949
2026-04-01,PEN,Desvíos del modelo (z-score),Tasa 10Y,1.0095082545755705
2026-04-02,PEN,Desvíos del modelo (z-score),Tasa 10Y,0.9707668575905612
2026-04-06,PEN,Desvíos del modelo (z-score),Tasa 10Y,0.8980354612576686
2026-04-07,PEN,Desvíos del modelo (z-score),Tasa 10Y,0.9947045226123709
2026-04-08,PEN,Desvíos del modelo (z-score),Tasa 10Y,1.0448289897153116
2026-04-09,PEN,Desvíos del modelo (z-score),Tasa 10Y,0.8607824307482693
2026-04-10,PEN,Desvíos del modelo (z-score),Tasa 10Y,0.6475528588642705
2026-04-13,PEN,Desvíos del modelo (z-score),Tasa 10Y,0.3895243552839996
2026-04-14,PEN,Desvíos del modelo (z-score),Tasa 10Y,0.720390165659117
2026-04-15,PEN,Desvíos del modelo (z-score),Tasa 10Y,1.041443523361698
2026-04-16,PEN,Desvíos del modelo (z-score),Tasa 10Y,0.8210932725431604
2026-04-17,PEN,Desvíos del modelo (z-score),Tasa 10Y,0.6088607674268022
2026-04-20,PEN,Desvíos del modelo (z-score),Tasa 10Y,0.4601632481621533
2026-04-21,PEN,Desvíos del modelo (z-score),Tasa 10Y,0.4528427353251393
2026-04-22,PEN,Desvíos del modelo (z-score),Tasa 10Y,0.6424764127870067
2026-04-23,PEN,Desvíos del modelo (z-score),Tasa 10Y,0.6662528339933269
2026-04-24,PEN,Desvíos del modelo (z-score),Tasa 10Y,0.6017093989806039
2026-04-27,PEN,Desvíos del modelo (z-score),Tasa 10Y,0.6417066549815671
2026-04-28,PEN,Desvíos del modelo (z-score),Tasa 10Y,0.4768702819991159
2026-04-29,PEN,Desvíos del modelo (z-score),Tasa 10Y,0.777918457341904
2026-04-30,PEN,Desvíos del modelo (z-score),Tasa 10Y,0.8489520753070955
2026-05-04,PEN,Desvíos del modelo (z-score),Tasa 10Y,0.9603077781510393
2026-05-05,PEN,Desvíos del modelo (z-score),Tasa 10Y,0.9125592524493091
2026-05-06,PEN,Desvíos del modelo (z-score),Tasa 10Y,0.997242681960249
2026-05-07,PEN,Desvíos del modelo (z-score),Tasa 10Y,0.8734840169149132
2026-05-08,PEN,Desvíos del modelo (z-score),Tasa 10Y,0.8373185820357705
2026-05-11,PEN,Desvíos del modelo (z-score),Tasa 10Y,0.9414748692485216
2026-05-12,PEN,Desvíos del modelo (z-score),Tasa 10Y,0.94468537298344
2026-05-13,PEN,Desvíos del modelo (z-score),Tasa 10Y,0.9143607310271371
2026-05-14,PEN,Desvíos del modelo (z-score),Tasa 10Y,1.0891461091198231
2026-05-15,PEN,Desvíos del modelo (z-score),Tasa 10Y,0.9842662279486369
2026-05-18,PEN,Desvíos del modelo (z-score),Tasa 10Y,0.8656956274933626
2026-05-19,PEN,Desvíos del modelo (z-score),Tasa 10Y,0.948483965524149
2026-05-20,PEN,Desvíos del modelo (z-score),Tasa 10Y,0.7170600326619471
2026-05-22,PEN,Desvíos del modelo (z-score),Tasa 10Y,0.7523784439968767
2026-05-25,PEN,Desvíos del modelo (z-score),Tasa 10Y,0.7358790458493222
2026-05-26,PEN,Desvíos del modelo (z-score),Tasa 10Y,0.8298065748637438
2026-05-27,PEN,Desvíos del modelo (z-score),Tasa 10Y,0.8084071858422198
2026-05-28,PEN,Desvíos del modelo (z-score),Tasa 10Y,0.9263306515608921
2026-05-29,PEN,Desvíos del modelo (z-score),Tasa 10Y,0.7829685788196337
2026-06-01,PEN,Desvíos del modelo (z-score),Tasa 10Y,-0.25333114229931547
2026-06-02,PEN,Desvíos del modelo (z-score),Tasa 10Y,-0.24873936847216582
2025-01-02,PEN,Tasas (%),TPM,5
2025-01-03,PEN,Tasas (%),TPM,5
2025-01-06,PEN,Tasas (%),TPM,5
2025-01-07,PEN,Tasas (%),TPM,5
2025-01-08,PEN,Tasas (%),TPM,5
2025-01-09,PEN,Tasas (%),TPM,4.75
2025-01-10,PEN,Tasas (%),TPM,4.75
2025-01-13,PEN,Tasas (%),TPM,4.75
2025-01-14,PEN,Tasas (%),TPM,4.75
2025-01-15,PEN,Tasas (%),TPM,4.75
2025-01-16,PEN,Tasas (%),TPM,4.75
2025-01-17,PEN,Tasas (%),TPM,4.75
2025-01-20,PEN,Tasas (%),TPM,4.75
2025-01-21,PEN,Tasas (%),TPM,4.75
2025-01-22,PEN,Tasas (%),TPM,4.75
2025-01-23,PEN,Tasas (%),TPM,4.75
2025-01-24,PEN,Tasas (%),TPM,4.75
2025-01-27,PEN,Tasas (%),TPM,4.75
2025-01-28,PEN,Tasas (%),TPM,4.75
2025-01-29,PEN,Tasas (%),TPM,4.75
2025-01-30,PEN,Tasas (%),TPM,4.75
2025-01-31,PEN,Tasas (%),TPM,4.75
2025-02-03,PEN,Tasas (%),TPM,4.75
2025-02-04,PEN,Tasas (%),TPM,4.75
2025-02-05,PEN,Tasas (%),TPM,4.75
2025-02-06,PEN,Tasas (%),TPM,4.75
2025-02-07,PEN,Tasas (%),TPM,4.75
2025-02-10,PEN,Tasas (%),TPM,4.75
2025-02-11,PEN,Tasas (%),TPM,4.75
2025-02-12,PEN,Tasas (%),TPM,4.75
2025-02-13,PEN,Tasas (%),TPM,4.75
2025-02-14,PEN,Tasas (%),TPM,4.75
2025-02-17,PEN,Tasas (%),TPM,4.75
2025-02-18,PEN,Tasas (%),TPM,4.75
2025-02-19,PEN,Tasas (%),TPM,4.75
2025-02-20,PEN,Tasas (%),TPM,4.75
2025-02-21,PEN,Tasas (%),TPM,4.75
2025-02-24,PEN,Tasas (%),TPM,4.75
2025-02-25,PEN,Tasas (%),TPM,4.75
2025-02-26,PEN,Tasas (%),TPM,4.75
2025-02-27,PEN,Tasas (%),TPM,4.75
2025-02-28,PEN,Tasas (%),TPM,4.75
2025-03-03,PEN,Tasas (%),TPM,4.75
2025-03-04,PEN,Tasas (%),TPM,4.75
2025-03-05,PEN,Tasas (%),TPM,4.75
2025-03-06,PEN,Tasas (%),TPM,4.75
2025-03-07,PEN,Tasas (%),TPM,4.75
2025-03-10,PEN,Tasas (%),TPM,4.75
2025-03-11,PEN,Tasas (%),TPM,4.75
2025-03-12,PEN,Tasas (%),TPM,4.75
2025-03-13,PEN,Tasas (%),TPM,4.75
2025-03-14,PEN,Tasas (%),TPM,4.75
2025-03-17,PEN,Tasas (%),TPM,4.75
2025-03-18,PEN,Tasas (%),TPM,4.75
2025-03-19,PEN,Tasas (%),TPM,4.75
2025-03-20,PEN,Tasas (%),TPM,4.75
2025-03-21,PEN,Tasas (%),TPM,4.75
2025-03-24,PEN,Tasas (%),TPM,4.75
2025-03-25,PEN,Tasas (%),TPM,4.75
2025-03-26,PEN,Tasas (%),TPM,4.75
2025-03-27,PEN,Tasas (%),TPM,4.75
2025-03-28,PEN,Tasas (%),TPM,4.75
2025-03-31,PEN,Tasas (%),TPM,4.75
2025-04-01,PEN,Tasas (%),TPM,4.75
2025-04-02,PEN,Tasas (%),TPM,4.75
2025-04-03,PEN,Tasas (%),TPM,4.75
2025-04-04,PEN,Tasas (%),TPM,4.75
2025-04-07,PEN,Tasas (%),TPM,4.75
2025-04-08,PEN,Tasas (%),TPM,4.75
2025-04-09,PEN,Tasas (%),TPM,4.75
2025-04-10,PEN,Tasas (%),TPM,4.75
2025-04-11,PEN,Tasas (%),TPM,4.75
2025-04-14,PEN,Tasas (%),TPM,4.75
2025-04-15,PEN,Tasas (%),TPM,4.75
2025-04-16,PEN,Tasas (%),TPM,4.75
2025-04-17,PEN,Tasas (%),TPM,4.75
2025-04-21,PEN,Tasas (%),TPM,4.75
2025-04-22,PEN,Tasas (%),TPM,4.75
2025-04-23,PEN,Tasas (%),TPM,4.75
2025-04-24,PEN,Tasas (%),TPM,4.75
2025-04-25,PEN,Tasas (%),TPM,4.75
2025-04-28,PEN,Tasas (%),TPM,4.75
2025-04-29,PEN,Tasas (%),TPM,4.75
2025-04-30,PEN,Tasas (%),TPM,4.75
2025-05-02,PEN,Tasas (%),TPM,4.75
2025-05-05,PEN,Tasas (%),TPM,4.75
2025-05-06,PEN,Tasas (%),TPM,4.75
2025-05-07,PEN,Tasas (%),TPM,4.75
2025-05-08,PEN,Tasas (%),TPM,4.5
2025-05-09,PEN,Tasas (%),TPM,4.5
2025-05-12,PEN,Tasas (%),TPM,4.5
2025-05-13,PEN,Tasas (%),TPM,4.5
2025-05-14,PEN,Tasas (%),TPM,4.5
2025-05-15,PEN,Tasas (%),TPM,4.5
2025-05-16,PEN,Tasas (%),TPM,4.5
2025-05-19,PEN,Tasas (%),TPM,4.5
2025-05-20,PEN,Tasas (%),TPM,4.5
2025-05-22,PEN,Tasas (%),TPM,4.5
2025-05-23,PEN,Tasas (%),TPM,4.5
2025-05-26,PEN,Tasas (%),TPM,4.5
2025-05-27,PEN,Tasas (%),TPM,4.5
2025-05-28,PEN,Tasas (%),TPM,4.5
2025-05-29,PEN,Tasas (%),TPM,4.5
2025-05-30,PEN,Tasas (%),TPM,4.5
2025-06-02,PEN,Tasas (%),TPM,4.5
2025-06-03,PEN,Tasas (%),TPM,4.5
2025-06-04,PEN,Tasas (%),TPM,4.5
2025-06-05,PEN,Tasas (%),TPM,4.5
2025-06-06,PEN,Tasas (%),TPM,4.5
2025-06-09,PEN,Tasas (%),TPM,4.5
2025-06-10,PEN,Tasas (%),TPM,4.5
2025-06-11,PEN,Tasas (%),TPM,4.5
2025-06-12,PEN,Tasas (%),TPM,4.5
2025-06-13,PEN,Tasas (%),TPM,4.5
2025-06-16,PEN,Tasas (%),TPM,4.5
2025-06-17,PEN,Tasas (%),TPM,4.5
2025-06-18,PEN,Tasas (%),TPM,4.5
2025-06-19,PEN,Tasas (%),TPM,4.5
2025-06-23,PEN,Tasas (%),TPM,4.5
2025-06-24,PEN,Tasas (%),TPM,4.5
2025-06-25,PEN,Tasas (%),TPM,4.5
2025-06-26,PEN,Tasas (%),TPM,4.5
2025-06-27,PEN,Tasas (%),TPM,4.5
2025-06-30,PEN,Tasas (%),TPM,4.5
2025-07-01,PEN,Tasas (%),TPM,4.5
2025-07-02,PEN,Tasas (%),TPM,4.5
2025-07-03,PEN,Tasas (%),TPM,4.5
2025-07-04,PEN,Tasas (%),TPM,4.5
2025-07-07,PEN,Tasas (%),TPM,4.5
2025-07-08,PEN,Tasas (%),TPM,4.5
2025-07-09,PEN,Tasas (%),TPM,4.5
2025-07-10,PEN,Tasas (%),TPM,4.5
2025-07-11,PEN,Tasas (%),TPM,4.5
2025-07-14,PEN,Tasas (%),TPM,4.5
2025-07-15,PEN,Tasas (%),TPM,4.5
2025-07-17,PEN,Tasas (%),TPM,4.5
2025-07-18,PEN,Tasas (%),TPM,4.5
2025-07-21,PEN,Tasas (%),TPM,4.5
2025-07-22,PEN,Tasas (%),TPM,4.5
2025-07-23,PEN,Tasas (%),TPM,4.5
2025-07-24,PEN,Tasas (%),TPM,4.5
2025-07-25,PEN,Tasas (%),TPM,4.5
2025-07-28,PEN,Tasas (%),TPM,4.5
2025-07-29,PEN,Tasas (%),TPM,4.5
2025-07-30,PEN,Tasas (%),TPM,4.5
2025-07-31,PEN,Tasas (%),TPM,4.5
2025-08-01,PEN,Tasas (%),TPM,4.5
2025-08-04,PEN,Tasas (%),TPM,4.5
2025-08-05,PEN,Tasas (%),TPM,4.5
2025-08-06,PEN,Tasas (%),TPM,4.5
2025-08-07,PEN,Tasas (%),TPM,4.5
2025-08-08,PEN,Tasas (%),TPM,4.5
2025-08-11,PEN,Tasas (%),TPM,4.5
2025-08-12,PEN,Tasas (%),TPM,4.5
2025-08-13,PEN,Tasas (%),TPM,4.5
2025-08-14,PEN,Tasas (%),TPM,4.5
2025-08-18,PEN,Tasas (%),TPM,4.5
2025-08-19,PEN,Tasas (%),TPM,4.5
2025-08-20,PEN,Tasas (%),TPM,4.5
2025-08-21,PEN,Tasas (%),TPM,4.5
2025-08-22,PEN,Tasas (%),TPM,4.5
2025-08-25,PEN,Tasas (%),TPM,4.5
2025-08-26,PEN,Tasas (%),TPM,4.5
2025-08-27,PEN,Tasas (%),TPM,4.5
2025-08-28,PEN,Tasas (%),TPM,4.5
2025-08-29,PEN,Tasas (%),TPM,4.5
2025-09-01,PEN,Tasas (%),TPM,4.5
2025-09-02,PEN,Tasas (%),TPM,4.5
2025-09-03,PEN,Tasas (%),TPM,4.5
2025-09-04,PEN,Tasas (%),TPM,4.5
2025-09-05,PEN,Tasas (%),TPM,4.5
2025-09-08,PEN,Tasas (%),TPM,4.5
2025-09-09,PEN,Tasas (%),TPM,4.5
2025-09-10,PEN,Tasas (%),TPM,4.5
2025-09-11,PEN,Tasas (%),TPM,4.25
2025-09-12,PEN,Tasas (%),TPM,4.25
2025-09-15,PEN,Tasas (%),TPM,4.25
2025-09-16,PEN,Tasas (%),TPM,4.25
2025-09-17,PEN,Tasas (%),TPM,4.25
2025-09-22,PEN,Tasas (%),TPM,4.25
2025-09-23,PEN,Tasas (%),TPM,4.25
2025-09-24,PEN,Tasas (%),TPM,4.25
2025-09-25,PEN,Tasas (%),TPM,4.25
2025-09-26,PEN,Tasas (%),TPM,4.25
2025-09-29,PEN,Tasas (%),TPM,4.25
2025-09-30,PEN,Tasas (%),TPM,4.25
2025-10-01,PEN,Tasas (%),TPM,4.25
2025-10-02,PEN,Tasas (%),TPM,4.25
2025-10-03,PEN,Tasas (%),TPM,4.25
2025-10-06,PEN,Tasas (%),TPM,4.25
2025-10-07,PEN,Tasas (%),TPM,4.25
2025-10-08,PEN,Tasas (%),TPM,4.25
2025-10-09,PEN,Tasas (%),TPM,4.25
2025-10-10,PEN,Tasas (%),TPM,4.25
2025-10-13,PEN,Tasas (%),TPM,4.25
2025-10-14,PEN,Tasas (%),TPM,4.25
2025-10-15,PEN,Tasas (%),TPM,4.25
2025-10-16,PEN,Tasas (%),TPM,4.25
2025-10-17,PEN,Tasas (%),TPM,4.25
2025-10-20,PEN,Tasas (%),TPM,4.25
2025-10-21,PEN,Tasas (%),TPM,4.25
2025-10-22,PEN,Tasas (%),TPM,4.25
2025-10-23,PEN,Tasas (%),TPM,4.25
2025-10-24,PEN,Tasas (%),TPM,4.25
2025-10-27,PEN,Tasas (%),TPM,4.25
2025-10-28,PEN,Tasas (%),TPM,4.25
2025-10-29,PEN,Tasas (%),TPM,4.25
2025-10-30,PEN,Tasas (%),TPM,4.25
2025-11-03,PEN,Tasas (%),TPM,4.25
2025-11-04,PEN,Tasas (%),TPM,4.25
2025-11-05,PEN,Tasas (%),TPM,4.25
2025-11-06,PEN,Tasas (%),TPM,4.25
2025-11-07,PEN,Tasas (%),TPM,4.25
2025-11-10,PEN,Tasas (%),TPM,4.25
2025-11-11,PEN,Tasas (%),TPM,4.25
2025-11-12,PEN,Tasas (%),TPM,4.25
2025-11-13,PEN,Tasas (%),TPM,4.25
2025-11-14,PEN,Tasas (%),TPM,4.25
2025-11-17,PEN,Tasas (%),TPM,4.25
2025-11-18,PEN,Tasas (%),TPM,4.25
2025-11-19,PEN,Tasas (%),TPM,4.25
2025-11-20,PEN,Tasas (%),TPM,4.25
2025-11-21,PEN,Tasas (%),TPM,4.25
2025-11-24,PEN,Tasas (%),TPM,4.25
2025-11-25,PEN,Tasas (%),TPM,4.25
2025-11-26,PEN,Tasas (%),TPM,4.25
2025-11-27,PEN,Tasas (%),TPM,4.25
2025-11-28,PEN,Tasas (%),TPM,4.25
2025-12-01,PEN,Tasas (%),TPM,4.25
2025-12-02,PEN,Tasas (%),TPM,4.25
2025-12-03,PEN,Tasas (%),TPM,4.25
2025-12-04,PEN,Tasas (%),TPM,4.25
2025-12-05,PEN,Tasas (%),TPM,4.25
2025-12-09,PEN,Tasas (%),TPM,4.25
2025-12-10,PEN,Tasas (%),TPM,4.25
2025-12-11,PEN,Tasas (%),TPM,4.25
2025-12-12,PEN,Tasas (%),TPM,4.25
2025-12-15,PEN,Tasas (%),TPM,4.25
2025-12-16,PEN,Tasas (%),TPM,4.25
2025-12-17,PEN,Tasas (%),TPM,4.25
2025-12-18,PEN,Tasas (%),TPM,4.25
2025-12-19,PEN,Tasas (%),TPM,4.25
2025-12-22,PEN,Tasas (%),TPM,4.25
2025-12-23,PEN,Tasas (%),TPM,4.25
2025-12-24,PEN,Tasas (%),TPM,4.25
2025-12-26,PEN,Tasas (%),TPM,4.25
2025-12-29,PEN,Tasas (%),TPM,4.25
2025-12-30,PEN,Tasas (%),TPM,4.25
2026-01-02,PEN,Tasas (%),TPM,4.25
2026-01-05,PEN,Tasas (%),TPM,4.25
2026-01-06,PEN,Tasas (%),TPM,4.25
2026-01-07,PEN,Tasas (%),TPM,4.25
2026-01-08,PEN,Tasas (%),TPM,4.25
2026-01-09,PEN,Tasas (%),TPM,4.25
2026-01-12,PEN,Tasas (%),TPM,4.25
2026-01-13,PEN,Tasas (%),TPM,4.25
2026-01-14,PEN,Tasas (%),TPM,4.25
2026-01-15,PEN,Tasas (%),TPM,4.25
2026-01-16,PEN,Tasas (%),TPM,4.25
2026-01-19,PEN,Tasas (%),TPM,4.25
2026-01-20,PEN,Tasas (%),TPM,4.25
2026-01-21,PEN,Tasas (%),TPM,4.25
2026-01-22,PEN,Tasas (%),TPM,4.25
2026-01-23,PEN,Tasas (%),TPM,4.25
2026-01-26,PEN,Tasas (%),TPM,4.25
2026-01-27,PEN,Tasas (%),TPM,4.25
2026-01-28,PEN,Tasas (%),TPM,4.25
2026-01-29,PEN,Tasas (%),TPM,4.25
2026-01-30,PEN,Tasas (%),TPM,4.25
2026-02-02,PEN,Tasas (%),TPM,4.25
2026-02-03,PEN,Tasas (%),TPM,4.25
2026-02-04,PEN,Tasas (%),TPM,4.25
2026-02-05,PEN,Tasas (%),TPM,4.25
2026-02-06,PEN,Tasas (%),TPM,4.25
2026-02-09,PEN,Tasas (%),TPM,4.25
2026-02-10,PEN,Tasas (%),TPM,4.25
2026-02-11,PEN,Tasas (%),TPM,4.25
2026-02-12,PEN,Tasas (%),TPM,4.25
2026-02-13,PEN,Tasas (%),TPM,4.25
2026-02-16,PEN,Tasas (%),TPM,4.25
2026-02-17,PEN,Tasas (%),TPM,4.25
2026-02-18,PEN,Tasas (%),TPM,4.25
2026-02-19,PEN,Tasas (%),TPM,4.25
2026-02-20,PEN,Tasas (%),TPM,4.25
2026-02-23,PEN,Tasas (%),TPM,4.25
2026-02-24,PEN,Tasas (%),TPM,4.25
2026-02-25,PEN,Tasas (%),TPM,4.25
2026-02-26,PEN,Tasas (%),TPM,4.25
2026-02-27,PEN,Tasas (%),TPM,4.25
2026-03-02,PEN,Tasas (%),TPM,4.25
2026-03-03,PEN,Tasas (%),TPM,4.25
2026-03-04,PEN,Tasas (%),TPM,4.25
2026-03-05,PEN,Tasas (%),TPM,4.25
2026-03-06,PEN,Tasas (%),TPM,4.25
2026-03-09,PEN,Tasas (%),TPM,4.25
2026-03-10,PEN,Tasas (%),TPM,4.25
2026-03-11,PEN,Tasas (%),TPM,4.25
2026-03-12,PEN,Tasas (%),TPM,4.25
2026-03-13,PEN,Tasas (%),TPM,4.25
2026-03-16,PEN,Tasas (%),TPM,4.25
2026-03-17,PEN,Tasas (%),TPM,4.25
2026-03-18,PEN,Tasas (%),TPM,4.25
2026-03-19,PEN,Tasas (%),TPM,4.25
2026-03-20,PEN,Tasas (%),TPM,4.25
2026-03-23,PEN,Tasas (%),TPM,4.25
2026-03-24,PEN,Tasas (%),TPM,4.25
2026-03-25,PEN,Tasas (%),TPM,4.25
2026-03-26,PEN,Tasas (%),TPM,4.25
2026-03-27,PEN,Tasas (%),TPM,4.25
2026-03-30,PEN,Tasas (%),TPM,4.25
2026-03-31,PEN,Tasas (%),TPM,4.25
2026-04-01,PEN,Tasas (%),TPM,4.25
2026-04-02,PEN,Tasas (%),TPM,4.25
2026-04-06,PEN,Tasas (%),TPM,4.25
2026-04-07,PEN,Tasas (%),TPM,4.25
2026-04-08,PEN,Tasas (%),TPM,4.25
2026-04-09,PEN,Tasas (%),TPM,4.25
2026-04-10,PEN,Tasas (%),TPM,4.25
2026-04-13,PEN,Tasas (%),TPM,4.25
2026-04-14,PEN,Tasas (%),TPM,4.25
2026-04-15,PEN,Tasas (%),TPM,4.25
2026-04-16,PEN,Tasas (%),TPM,4.25
2026-04-17,PEN,Tasas (%),TPM,4.25
2026-04-20,PEN,Tasas (%),TPM,4.25
2026-04-21,PEN,Tasas (%),TPM,4.25
2026-04-22,PEN,Tasas (%),TPM,4.25
2026-04-23,PEN,Tasas (%),TPM,4.25
2026-04-24,PEN,Tasas (%),TPM,4.25
2026-04-27,PEN,Tasas (%),TPM,4.25
2026-04-28,PEN,Tasas (%),TPM,4.25
2026-04-29,PEN,Tasas (%),TPM,4.25
2026-04-30,PEN,Tasas (%),TPM,4.25
2026-05-04,PEN,Tasas (%),TPM,4.25
2026-05-05,PEN,Tasas (%),TPM,4.25
2026-05-06,PEN,Tasas (%),TPM,4.25
2026-05-07,PEN,Tasas (%),TPM,4.25
2026-05-08,PEN,Tasas (%),TPM,4.25
2026-05-11,PEN,Tasas (%),TPM,4.25
2026-05-12,PEN,Tasas (%),TPM,4.25
2026-05-13,PEN,Tasas (%),TPM,4.25
2026-05-14,PEN,Tasas (%),TPM,4.25
2026-05-15,PEN,Tasas (%),TPM,4.25
2026-05-18,PEN,Tasas (%),TPM,4.25
2026-05-19,PEN,Tasas (%),TPM,4.25
2026-05-20,PEN,Tasas (%),TPM,4.25
2026-05-22,PEN,Tasas (%),TPM,4.25
2026-05-25,PEN,Tasas (%),TPM,4.25
2026-05-26,PEN,Tasas (%),TPM,4.25
2026-05-27,PEN,Tasas (%),TPM,4.25
2026-05-28,PEN,Tasas (%),TPM,4.25
2026-05-29,PEN,Tasas (%),TPM,4.25
2026-06-01,PEN,Tasas (%),TPM,4.25
2026-06-02,PEN,Tasas (%),TPM,4.25
2025-01-02,PEN,Tasas (%),Tasa 10Y,6.641
2025-01-03,PEN,Tasas (%),Tasa 10Y,6.666
2025-01-06,PEN,Tasas (%),Tasa 10Y,6.714
2025-01-07,PEN,Tasas (%),Tasa 10Y,6.695
2025-01-08,PEN,Tasas (%),Tasa 10Y,6.702
2025-01-09,PEN,Tasas (%),Tasa 10Y,6.696
2025-01-10,PEN,Tasas (%),Tasa 10Y,6.7
2025-01-13,PEN,Tasas (%),Tasa 10Y,6.71
2025-01-14,PEN,Tasas (%),Tasa 10Y,6.736
2025-01-15,PEN,Tasas (%),Tasa 10Y,6.714
2025-01-16,PEN,Tasas (%),Tasa 10Y,6.633
2025-01-17,PEN,Tasas (%),Tasa 10Y,6.627
2025-01-20,PEN,Tasas (%),Tasa 10Y,6.6395
2025-01-21,PEN,Tasas (%),Tasa 10Y,6.652
2025-01-22,PEN,Tasas (%),Tasa 10Y,6.687
2025-01-23,PEN,Tasas (%),Tasa 10Y,6.746
2025-01-24,PEN,Tasas (%),Tasa 10Y,6.731
2025-01-27,PEN,Tasas (%),Tasa 10Y,6.729
2025-01-28,PEN,Tasas (%),Tasa 10Y,6.718
2025-01-29,PEN,Tasas (%),Tasa 10Y,6.703
2025-01-30,PEN,Tasas (%),Tasa 10Y,6.684
2025-01-31,PEN,Tasas (%),Tasa 10Y,6.699
2025-02-03,PEN,Tasas (%),Tasa 10Y,6.692
2025-02-04,PEN,Tasas (%),Tasa 10Y,6.669
2025-02-05,PEN,Tasas (%),Tasa 10Y,6.644
2025-02-06,PEN,Tasas (%),Tasa 10Y,6.625
2025-02-07,PEN,Tasas (%),Tasa 10Y,6.5265
2025-02-10,PEN,Tasas (%),Tasa 10Y,6.428
2025-02-11,PEN,Tasas (%),Tasa 10Y,6.465
2025-02-12,PEN,Tasas (%),Tasa 10Y,6.502
2025-02-13,PEN,Tasas (%),Tasa 10Y,6.48
2025-02-14,PEN,Tasas (%),Tasa 10Y,6.47
2025-02-17,PEN,Tasas (%),Tasa 10Y,6.468999999999999
2025-02-18,PEN,Tasas (%),Tasa 10Y,6.468
2025-02-19,PEN,Tasas (%),Tasa 10Y,6.48
2025-02-20,PEN,Tasas (%),Tasa 10Y,6.472
2025-02-21,PEN,Tasas (%),Tasa 10Y,6.453
2025-02-24,PEN,Tasas (%),Tasa 10Y,6.429
2025-02-25,PEN,Tasas (%),Tasa 10Y,6.391
2025-02-26,PEN,Tasas (%),Tasa 10Y,6.34
2025-02-27,PEN,Tasas (%),Tasa 10Y,6.335
2025-02-28,PEN,Tasas (%),Tasa 10Y,6.379
2025-03-03,PEN,Tasas (%),Tasa 10Y,6.429
2025-03-04,PEN,Tasas (%),Tasa 10Y,6.436
2025-03-05,PEN,Tasas (%),Tasa 10Y,6.459
2025-03-06,PEN,Tasas (%),Tasa 10Y,6.465
2025-03-07,PEN,Tasas (%),Tasa 10Y,6.463
2025-03-10,PEN,Tasas (%),Tasa 10Y,6.474
2025-03-11,PEN,Tasas (%),Tasa 10Y,6.482
2025-03-12,PEN,Tasas (%),Tasa 10Y,6.483
2025-03-13,PEN,Tasas (%),Tasa 10Y,6.459
2025-03-14,PEN,Tasas (%),Tasa 10Y,6.449
2025-03-17,PEN,Tasas (%),Tasa 10Y,6.378
2025-03-18,PEN,Tasas (%),Tasa 10Y,6.385
2025-03-19,PEN,Tasas (%),Tasa 10Y,6.394
2025-03-20,PEN,Tasas (%),Tasa 10Y,6.411
2025-03-21,PEN,Tasas (%),Tasa 10Y,6.423
2025-03-24,PEN,Tasas (%),Tasa 10Y,6.475
2025-03-25,PEN,Tasas (%),Tasa 10Y,6.49
2025-03-26,PEN,Tasas (%),Tasa 10Y,6.525
2025-03-27,PEN,Tasas (%),Tasa 10Y,6.562
2025-03-28,PEN,Tasas (%),Tasa 10Y,6.692
2025-03-31,PEN,Tasas (%),Tasa 10Y,6.687
2025-04-01,PEN,Tasas (%),Tasa 10Y,6.69
2025-04-02,PEN,Tasas (%),Tasa 10Y,6.657
2025-04-03,PEN,Tasas (%),Tasa 10Y,6.659
2025-04-04,PEN,Tasas (%),Tasa 10Y,6.402
2025-04-07,PEN,Tasas (%),Tasa 10Y,6.463
2025-04-08,PEN,Tasas (%),Tasa 10Y,6.516666666666667
2025-04-09,PEN,Tasas (%),Tasa 10Y,6.570333333333333
2025-04-10,PEN,Tasas (%),Tasa 10Y,6.624
2025-04-11,PEN,Tasas (%),Tasa 10Y,6.654
2025-04-14,PEN,Tasas (%),Tasa 10Y,6.633
2025-04-15,PEN,Tasas (%),Tasa 10Y,6.619
2025-04-16,PEN,Tasas (%),Tasa 10Y,6.632666666666666
2025-04-17,PEN,Tasas (%),Tasa 10Y,6.646333333333334
2025-04-21,PEN,Tasas (%),Tasa 10Y,6.66
2025-04-22,PEN,Tasas (%),Tasa 10Y,6.691
2025-04-23,PEN,Tasas (%),Tasa 10Y,6.656
2025-04-24,PEN,Tasas (%),Tasa 10Y,6.652
2025-04-25,PEN,Tasas (%),Tasa 10Y,6.641
2025-04-28,PEN,Tasas (%),Tasa 10Y,6.594
2025-04-29,PEN,Tasas (%),Tasa 10Y,6.59
2025-04-30,PEN,Tasas (%),Tasa 10Y,6.542
2025-05-02,PEN,Tasas (%),Tasa 10Y,6.577
2025-05-05,PEN,Tasas (%),Tasa 10Y,6.596
2025-05-06,PEN,Tasas (%),Tasa 10Y,6.591
2025-05-07,PEN,Tasas (%),Tasa 10Y,6.55
2025-05-08,PEN,Tasas (%),Tasa 10Y,6.551
2025-05-09,PEN,Tasas (%),Tasa 10Y,6.545
2025-05-12,PEN,Tasas (%),Tasa 10Y,6.396
2025-05-13,PEN,Tasas (%),Tasa 10Y,6.381
2025-05-14,PEN,Tasas (%),Tasa 10Y,6.412
2025-05-15,PEN,Tasas (%),Tasa 10Y,6.403
2025-05-16,PEN,Tasas (%),Tasa 10Y,6.396
2025-05-19,PEN,Tasas (%),Tasa 10Y,6.427
2025-05-20,PEN,Tasas (%),Tasa 10Y,6.457
2025-05-22,PEN,Tasas (%),Tasa 10Y,6.556
2025-05-23,PEN,Tasas (%),Tasa 10Y,6.573
2025-05-26,PEN,Tasas (%),Tasa 10Y,6.557
2025-05-27,PEN,Tasas (%),Tasa 10Y,6.492
2025-05-28,PEN,Tasas (%),Tasa 10Y,6.469
2025-05-29,PEN,Tasas (%),Tasa 10Y,6.46
2025-05-30,PEN,Tasas (%),Tasa 10Y,6.474
2025-06-02,PEN,Tasas (%),Tasa 10Y,6.519
2025-06-03,PEN,Tasas (%),Tasa 10Y,6.525
2025-06-04,PEN,Tasas (%),Tasa 10Y,6.478
2025-06-05,PEN,Tasas (%),Tasa 10Y,6.467
2025-06-06,PEN,Tasas (%),Tasa 10Y,6.621
2025-06-09,PEN,Tasas (%),Tasa 10Y,6.7595
2025-06-10,PEN,Tasas (%),Tasa 10Y,6.898
2025-06-11,PEN,Tasas (%),Tasa 10Y,6.84
2025-06-12,PEN,Tasas (%),Tasa 10Y,6.719
2025-06-13,PEN,Tasas (%),Tasa 10Y,6.741
2025-06-16,PEN,Tasas (%),Tasa 10Y,6.722
2025-06-17,PEN,Tasas (%),Tasa 10Y,6.694
2025-06-18,PEN,Tasas (%),Tasa 10Y,6.672
2025-06-19,PEN,Tasas (%),Tasa 10Y,6.612
2025-06-23,PEN,Tasas (%),Tasa 10Y,6.552
2025-06-24,PEN,Tasas (%),Tasa 10Y,6.529
2025-06-25,PEN,Tasas (%),Tasa 10Y,6.51
2025-06-26,PEN,Tasas (%),Tasa 10Y,6.485
2025-06-27,PEN,Tasas (%),Tasa 10Y,6.486
2025-06-30,PEN,Tasas (%),Tasa 10Y,6.412
2025-07-01,PEN,Tasas (%),Tasa 10Y,6.415
2025-07-02,PEN,Tasas (%),Tasa 10Y,6.386
2025-07-03,PEN,Tasas (%),Tasa 10Y,6.371
2025-07-04,PEN,Tasas (%),Tasa 10Y,6.375
2025-07-07,PEN,Tasas (%),Tasa 10Y,6.379
2025-07-08,PEN,Tasas (%),Tasa 10Y,6.406
2025-07-09,PEN,Tasas (%),Tasa 10Y,6.393
2025-07-10,PEN,Tasas (%),Tasa 10Y,6.412
2025-07-11,PEN,Tasas (%),Tasa 10Y,6.438
2025-07-14,PEN,Tasas (%),Tasa 10Y,6.463
2025-07-15,PEN,Tasas (%),Tasa 10Y,6.5
2025-07-17,PEN,Tasas (%),Tasa 10Y,6.564
2025-07-18,PEN,Tasas (%),Tasa 10Y,6.583
2025-07-21,PEN,Tasas (%),Tasa 10Y,6.571
2025-07-22,PEN,Tasas (%),Tasa 10Y,6.558
2025-07-23,PEN,Tasas (%),Tasa 10Y,6.554
2025-07-24,PEN,Tasas (%),Tasa 10Y,6.52
2025-07-25,PEN,Tasas (%),Tasa 10Y,6.509
2025-07-28,PEN,Tasas (%),Tasa 10Y,6.45
2025-07-29,PEN,Tasas (%),Tasa 10Y,6.446
2025-07-30,PEN,Tasas (%),Tasa 10Y,6.442
2025-07-31,PEN,Tasas (%),Tasa 10Y,6.474
2025-08-01,PEN,Tasas (%),Tasa 10Y,6.476
2025-08-04,PEN,Tasas (%),Tasa 10Y,6.378
2025-08-05,PEN,Tasas (%),Tasa 10Y,6.348
2025-08-06,PEN,Tasas (%),Tasa 10Y,6.347
2025-08-07,PEN,Tasas (%),Tasa 10Y,6.256
2025-08-08,PEN,Tasas (%),Tasa 10Y,6.251
2025-08-11,PEN,Tasas (%),Tasa 10Y,6.206
2025-08-12,PEN,Tasas (%),Tasa 10Y,6.176
2025-08-13,PEN,Tasas (%),Tasa 10Y,6.133
2025-08-14,PEN,Tasas (%),Tasa 10Y,6.152
2025-08-18,PEN,Tasas (%),Tasa 10Y,6.258
2025-08-19,PEN,Tasas (%),Tasa 10Y,6.275
2025-08-20,PEN,Tasas (%),Tasa 10Y,6.288
2025-08-21,PEN,Tasas (%),Tasa 10Y,6.304
2025-08-22,PEN,Tasas (%),Tasa 10Y,6.258
2025-08-25,PEN,Tasas (%),Tasa 10Y,6.273
2025-08-26,PEN,Tasas (%),Tasa 10Y,6.288
2025-08-27,PEN,Tasas (%),Tasa 10Y,6.298
2025-08-28,PEN,Tasas (%),Tasa 10Y,6.291
2025-08-29,PEN,Tasas (%),Tasa 10Y,6.287
2025-09-01,PEN,Tasas (%),Tasa 10Y,6.2705
2025-09-02,PEN,Tasas (%),Tasa 10Y,6.254
2025-09-03,PEN,Tasas (%),Tasa 10Y,6.223
2025-09-04,PEN,Tasas (%),Tasa 10Y,6.21
2025-09-05,PEN,Tasas (%),Tasa 10Y,6.086
2025-09-08,PEN,Tasas (%),Tasa 10Y,6.069
2025-09-09,PEN,Tasas (%),Tasa 10Y,6.087
2025-09-10,PEN,Tasas (%),Tasa 10Y,6.051
2025-09-11,PEN,Tasas (%),Tasa 10Y,5.991
2025-09-12,PEN,Tasas (%),Tasa 10Y,6.011
2025-09-15,PEN,Tasas (%),Tasa 10Y,6.134
2025-09-16,PEN,Tasas (%),Tasa 10Y,6.192
2025-09-17,PEN,Tasas (%),Tasa 10Y,6.156
2025-09-22,PEN,Tasas (%),Tasa 10Y,6.14
2025-09-23,PEN,Tasas (%),Tasa 10Y,6.134
2025-09-24,PEN,Tasas (%),Tasa 10Y,6.14
2025-09-25,PEN,Tasas (%),Tasa 10Y,6.153
2025-09-26,PEN,Tasas (%),Tasa 10Y,6.146
2025-09-29,PEN,Tasas (%),Tasa 10Y,6.099
2025-09-30,PEN,Tasas (%),Tasa 10Y,6.071
2025-10-01,PEN,Tasas (%),Tasa 10Y,6.046
2025-10-02,PEN,Tasas (%),Tasa 10Y,6.039
2025-10-03,PEN,Tasas (%),Tasa 10Y,6.071
2025-10-06,PEN,Tasas (%),Tasa 10Y,6.125
2025-10-07,PEN,Tasas (%),Tasa 10Y,6.124
2025-10-08,PEN,Tasas (%),Tasa 10Y,6.125
2025-10-09,PEN,Tasas (%),Tasa 10Y,6.169
2025-10-10,PEN,Tasas (%),Tasa 10Y,6.221
2025-10-13,PEN,Tasas (%),Tasa 10Y,6.220000000000001
2025-10-14,PEN,Tasas (%),Tasa 10Y,6.219
2025-10-15,PEN,Tasas (%),Tasa 10Y,6.179
2025-10-16,PEN,Tasas (%),Tasa 10Y,6.152
2025-10-17,PEN,Tasas (%),Tasa 10Y,6.128
2025-10-20,PEN,Tasas (%),Tasa 10Y,6.085
2025-10-21,PEN,Tasas (%),Tasa 10Y,6.083
2025-10-22,PEN,Tasas (%),Tasa 10Y,6.105
2025-10-23,PEN,Tasas (%),Tasa 10Y,6.082
2025-10-24,PEN,Tasas (%),Tasa 10Y,6.053
2025-10-27,PEN,Tasas (%),Tasa 10Y,6.039
2025-10-28,PEN,Tasas (%),Tasa 10Y,6.018
2025-10-29,PEN,Tasas (%),Tasa 10Y,6.029
2025-10-30,PEN,Tasas (%),Tasa 10Y,6.042
2025-11-03,PEN,Tasas (%),Tasa 10Y,6.05
2025-11-04,PEN,Tasas (%),Tasa 10Y,6.047
2025-11-05,PEN,Tasas (%),Tasa 10Y,6.058
2025-11-06,PEN,Tasas (%),Tasa 10Y,6.029
2025-11-07,PEN,Tasas (%),Tasa 10Y,6.031
2025-11-10,PEN,Tasas (%),Tasa 10Y,6.051
2025-11-11,PEN,Tasas (%),Tasa 10Y,6.0445
2025-11-12,PEN,Tasas (%),Tasa 10Y,6.038
2025-11-13,PEN,Tasas (%),Tasa 10Y,6.056
2025-11-14,PEN,Tasas (%),Tasa 10Y,6.074
2025-11-17,PEN,Tasas (%),Tasa 10Y,6.082
2025-11-18,PEN,Tasas (%),Tasa 10Y,6.052
2025-11-19,PEN,Tasas (%),Tasa 10Y,6.02
2025-11-20,PEN,Tasas (%),Tasa 10Y,5.983
2025-11-21,PEN,Tasas (%),Tasa 10Y,5.953
2025-11-24,PEN,Tasas (%),Tasa 10Y,5.922
2025-11-25,PEN,Tasas (%),Tasa 10Y,5.914
2025-11-26,PEN,Tasas (%),Tasa 10Y,5.908
2025-11-27,PEN,Tasas (%),Tasa 10Y,5.9115
2025-11-28,PEN,Tasas (%),Tasa 10Y,5.915
2025-12-01,PEN,Tasas (%),Tasa 10Y,5.942
2025-12-02,PEN,Tasas (%),Tasa 10Y,5.932
2025-12-03,PEN,Tasas (%),Tasa 10Y,5.883
2025-12-04,PEN,Tasas (%),Tasa 10Y,5.855
2025-12-05,PEN,Tasas (%),Tasa 10Y,5.834
2025-12-09,PEN,Tasas (%),Tasa 10Y,5.8365
2025-12-10,PEN,Tasas (%),Tasa 10Y,5.839
2025-12-11,PEN,Tasas (%),Tasa 10Y,5.825
2025-12-12,PEN,Tasas (%),Tasa 10Y,5.834
2025-12-15,PEN,Tasas (%),Tasa 10Y,5.777
2025-12-16,PEN,Tasas (%),Tasa 10Y,5.744
2025-12-17,PEN,Tasas (%),Tasa 10Y,5.731
2025-12-18,PEN,Tasas (%),Tasa 10Y,5.747
2025-12-19,PEN,Tasas (%),Tasa 10Y,5.839
2025-12-22,PEN,Tasas (%),Tasa 10Y,5.88
2025-12-23,PEN,Tasas (%),Tasa 10Y,5.866
2025-12-24,PEN,Tasas (%),Tasa 10Y,5.818
2025-12-26,PEN,Tasas (%),Tasa 10Y,5.825
2025-12-29,PEN,Tasas (%),Tasa 10Y,5.883
2025-12-30,PEN,Tasas (%),Tasa 10Y,5.82
2026-01-02,PEN,Tasas (%),Tasa 10Y,5.784
2026-01-05,PEN,Tasas (%),Tasa 10Y,5.809
2026-01-06,PEN,Tasas (%),Tasa 10Y,5.852
2026-01-07,PEN,Tasas (%),Tasa 10Y,5.855
2026-01-08,PEN,Tasas (%),Tasa 10Y,5.88
2026-01-09,PEN,Tasas (%),Tasa 10Y,5.914
2026-01-12,PEN,Tasas (%),Tasa 10Y,5.935
2026-01-13,PEN,Tasas (%),Tasa 10Y,5.916
2026-01-14,PEN,Tasas (%),Tasa 10Y,5.927
2026-01-15,PEN,Tasas (%),Tasa 10Y,5.951
2026-01-16,PEN,Tasas (%),Tasa 10Y,5.964
2026-01-19,PEN,Tasas (%),Tasa 10Y,5.953
2026-01-20,PEN,Tasas (%),Tasa 10Y,5.942
2026-01-21,PEN,Tasas (%),Tasa 10Y,5.882
2026-01-22,PEN,Tasas (%),Tasa 10Y,5.89
2026-01-23,PEN,Tasas (%),Tasa 10Y,5.883
2026-01-26,PEN,Tasas (%),Tasa 10Y,5.879
2026-01-27,PEN,Tasas (%),Tasa 10Y,5.858
2026-01-28,PEN,Tasas (%),Tasa 10Y,5.825
2026-01-29,PEN,Tasas (%),Tasa 10Y,5.766
2026-01-30,PEN,Tasas (%),Tasa 10Y,5.777
2026-02-02,PEN,Tasas (%),Tasa 10Y,5.793
2026-02-03,PEN,Tasas (%),Tasa 10Y,5.799
2026-02-04,PEN,Tasas (%),Tasa 10Y,5.809
2026-02-05,PEN,Tasas (%),Tasa 10Y,5.779
2026-02-06,PEN,Tasas (%),Tasa 10Y,5.773
2026-02-09,PEN,Tasas (%),Tasa 10Y,5.797
2026-02-10,PEN,Tasas (%),Tasa 10Y,5.797
2026-02-11,PEN,Tasas (%),Tasa 10Y,5.806
2026-02-12,PEN,Tasas (%),Tasa 10Y,5.813
2026-02-13,PEN,Tasas (%),Tasa 10Y,5.801
2026-02-16,PEN,Tasas (%),Tasa 10Y,5.781499999999999
2026-02-17,PEN,Tasas (%),Tasa 10Y,5.762
2026-02-18,PEN,Tasas (%),Tasa 10Y,5.768
2026-02-19,PEN,Tasas (%),Tasa 10Y,5.802
2026-02-20,PEN,Tasas (%),Tasa 10Y,5.812
2026-02-23,PEN,Tasas (%),Tasa 10Y,5.798
2026-02-24,PEN,Tasas (%),Tasa 10Y,5.796
2026-02-25,PEN,Tasas (%),Tasa 10Y,5.812
2026-02-26,PEN,Tasas (%),Tasa 10Y,5.847
2026-02-27,PEN,Tasas (%),Tasa 10Y,5.853
2026-03-02,PEN,Tasas (%),Tasa 10Y,5.897
2026-03-03,PEN,Tasas (%),Tasa 10Y,5.97
2026-03-04,PEN,Tasas (%),Tasa 10Y,6.491
2026-03-05,PEN,Tasas (%),Tasa 10Y,6.556
2026-03-06,PEN,Tasas (%),Tasa 10Y,6.605
2026-03-09,PEN,Tasas (%),Tasa 10Y,6.638
2026-03-10,PEN,Tasas (%),Tasa 10Y,6.586
2026-03-11,PEN,Tasas (%),Tasa 10Y,6.581
2026-03-12,PEN,Tasas (%),Tasa 10Y,6.63
2026-03-13,PEN,Tasas (%),Tasa 10Y,6.641
2026-03-16,PEN,Tasas (%),Tasa 10Y,6.784
2026-03-17,PEN,Tasas (%),Tasa 10Y,6.728
2026-03-18,PEN,Tasas (%),Tasa 10Y,6.715
2026-03-19,PEN,Tasas (%),Tasa 10Y,6.773
2026-03-20,PEN,Tasas (%),Tasa 10Y,6.818
2026-03-23,PEN,Tasas (%),Tasa 10Y,6.786
2026-03-24,PEN,Tasas (%),Tasa 10Y,6.78
2026-03-25,PEN,Tasas (%),Tasa 10Y,6.795
2026-03-26,PEN,Tasas (%),Tasa 10Y,6.819
2026-03-27,PEN,Tasas (%),Tasa 10Y,6.988
2026-03-30,PEN,Tasas (%),Tasa 10Y,7.026
2026-03-31,PEN,Tasas (%),Tasa 10Y,7.004
2026-04-01,PEN,Tasas (%),Tasa 10Y,6.99
2026-04-02,PEN,Tasas (%),Tasa 10Y,6.99
2026-04-06,PEN,Tasas (%),Tasa 10Y,6.983
2026-04-07,PEN,Tasas (%),Tasa 10Y,6.994
2026-04-08,PEN,Tasas (%),Tasa 10Y,6.872
2026-04-09,PEN,Tasas (%),Tasa 10Y,6.797
2026-04-10,PEN,Tasas (%),Tasa 10Y,6.6579999999999995
2026-04-13,PEN,Tasas (%),Tasa 10Y,6.519
2026-04-14,PEN,Tasas (%),Tasa 10Y,6.599
2026-04-15,PEN,Tasas (%),Tasa 10Y,6.818
2026-04-16,PEN,Tasas (%),Tasa 10Y,6.751
2026-04-17,PEN,Tasas (%),Tasa 10Y,6.619
2026-04-20,PEN,Tasas (%),Tasa 10Y,6.534
2026-04-21,PEN,Tasas (%),Tasa 10Y,6.533
2026-04-22,PEN,Tasas (%),Tasa 10Y,6.603
2026-04-23,PEN,Tasas (%),Tasa 10Y,6.646
2026-04-24,PEN,Tasas (%),Tasa 10Y,6.638
2026-04-27,PEN,Tasas (%),Tasa 10Y,6.679
2026-04-28,PEN,Tasas (%),Tasa 10Y,6.689
2026-04-29,PEN,Tasas (%),Tasa 10Y,6.737
2026-04-30,PEN,Tasas (%),Tasa 10Y,6.725
2026-05-04,PEN,Tasas (%),Tasa 10Y,6.746
2026-05-05,PEN,Tasas (%),Tasa 10Y,6.745
2026-05-06,PEN,Tasas (%),Tasa 10Y,6.709
2026-05-07,PEN,Tasas (%),Tasa 10Y,6.704
2026-05-08,PEN,Tasas (%),Tasa 10Y,6.68
2026-05-11,PEN,Tasas (%),Tasa 10Y,6.705
2026-05-12,PEN,Tasas (%),Tasa 10Y,6.711
2026-05-13,PEN,Tasas (%),Tasa 10Y,6.719
2026-05-14,PEN,Tasas (%),Tasa 10Y,6.738
2026-05-15,PEN,Tasas (%),Tasa 10Y,6.778
2026-05-18,PEN,Tasas (%),Tasa 10Y,6.802
2026-05-19,PEN,Tasas (%),Tasa 10Y,6.832
2026-05-20,PEN,Tasas (%),Tasa 10Y,6.795
2026-05-22,PEN,Tasas (%),Tasa 10Y,6.771
2026-05-25,PEN,Tasas (%),Tasa 10Y,6.732
2026-05-26,PEN,Tasas (%),Tasa 10Y,6.742
2026-05-27,PEN,Tasas (%),Tasa 10Y,6.729
2026-05-28,PEN,Tasas (%),Tasa 10Y,6.72
2026-05-29,PEN,Tasas (%),Tasa 10Y,6.668
2026-06-01,PEN,Tasas (%),Tasa 10Y,6.171
2026-06-02,PEN,Tasas (%),Tasa 10Y,6.143
2025-01-02,COP,Desvíos del modelo (z-score),FX,0.8430357752189969
2025-01-03,COP,Desvíos del modelo (z-score),FX,1.0483248984344173
2025-01-06,COP,Desvíos del modelo (z-score),FX,1.1489989402903795
2025-01-07,COP,Desvíos del modelo (z-score),FX,1.1245587735169629
2025-01-08,COP,Desvíos del modelo (z-score),FX,0.8428508062970763
2025-01-09,COP,Desvíos del modelo (z-score),FX,0.8571755315371317
2025-01-10,COP,Desvíos del modelo (z-score),FX,0.7940916261826806
2025-01-13,COP,Desvíos del modelo (z-score),FX,0.6820228200752094
2025-01-14,COP,Desvíos del modelo (z-score),FX,0.6747973652451945
2025-01-15,COP,Desvíos del modelo (z-score),FX,0.6427997870223419
2025-01-16,COP,Desvíos del modelo (z-score),FX,0.38007379007108677
2025-01-17,COP,Desvíos del modelo (z-score),FX,0.7001224651033194
2025-01-20,COP,Desvíos del modelo (z-score),FX,0.6994536644041592
2025-01-21,COP,Desvíos del modelo (z-score),FX,0.6875807431146885
2025-01-22,COP,Desvíos del modelo (z-score),FX,0.7841579294245203
2025-01-23,COP,Desvíos del modelo (z-score),FX,0.6412590849104312
2025-01-24,COP,Desvíos del modelo (z-score),FX,0.4867558549605746
2025-01-27,COP,Desvíos del modelo (z-score),FX,-0.09933748608104567
2025-01-28,COP,Desvíos del modelo (z-score),FX,-0.006230753046070765
2025-01-29,COP,Desvíos del modelo (z-score),FX,-0.011567607992715709
2025-01-30,COP,Desvíos del modelo (z-score),FX,-0.0425688507785425
2025-01-31,COP,Desvíos del modelo (z-score),FX,-0.2986823030631286
2025-02-03,COP,Desvíos del modelo (z-score),FX,-0.4264559147907111
2025-02-04,COP,Desvíos del modelo (z-score),FX,-0.0477706495540448
2025-02-05,COP,Desvíos del modelo (z-score),FX,-0.2968772379294296
2025-02-06,COP,Desvíos del modelo (z-score),FX,-0.206727400654681
2025-02-07,COP,Desvíos del modelo (z-score),FX,-0.3247673208316832
2025-02-10,COP,Desvíos del modelo (z-score),FX,-0.4454704426789724
2025-02-11,COP,Desvíos del modelo (z-score),FX,-0.3826601092788912
2025-02-12,COP,Desvíos del modelo (z-score),FX,-0.14996619286560708
2025-02-13,COP,Desvíos del modelo (z-score),FX,-0.07013513372159205
2025-02-14,COP,Desvíos del modelo (z-score),FX,-0.07583020240301204
2025-02-17,COP,Desvíos del modelo (z-score),FX,-0.37375049646648234
2025-02-18,COP,Desvíos del modelo (z-score),FX,-0.2519310064337617
2025-02-19,COP,Desvíos del modelo (z-score),FX,-0.19576914907809198
2025-02-20,COP,Desvíos del modelo (z-score),FX,-0.3066316951082373
2025-02-21,COP,Desvíos del modelo (z-score),FX,-0.7141089188419801
2025-02-24,COP,Desvíos del modelo (z-score),FX,-0.8686065265300961
2025-02-25,COP,Desvíos del modelo (z-score),FX,-0.9685912413463342
2025-02-26,COP,Desvíos del modelo (z-score),FX,-0.92293880131812
2025-02-27,COP,Desvíos del modelo (z-score),FX,-1.1364033749649933
2025-02-28,COP,Desvíos del modelo (z-score),FX,-1.2747684484159623
2025-03-03,COP,Desvíos del modelo (z-score),FX,-1.372043621559386
2025-03-04,COP,Desvíos del modelo (z-score),FX,-1.35213541031598
2025-03-05,COP,Desvíos del modelo (z-score),FX,-0.8829968000019789
2025-03-06,COP,Desvíos del modelo (z-score),FX,-0.9913032974029762
2025-03-07,COP,Desvíos del modelo (z-score),FX,-1.0353318128144435
2025-03-10,COP,Desvíos del modelo (z-score),FX,-1.3917722773818737
2025-03-11,COP,Desvíos del modelo (z-score),FX,-1.088492786595326
2025-03-12,COP,Desvíos del modelo (z-score),FX,-1.0243592476223953
2025-03-13,COP,Desvíos del modelo (z-score),FX,-1.5084790106649997
2025-03-14,COP,Desvíos del modelo (z-score),FX,-1.2214337879264083
2025-03-17,COP,Desvíos del modelo (z-score),FX,-1.2047154748682747
2025-03-18,COP,Desvíos del modelo (z-score),FX,-1.5344185002163988
2025-03-19,COP,Desvíos del modelo (z-score),FX,-1.2588153384142882
2025-03-20,COP,Desvíos del modelo (z-score),FX,-1.3129035905033473
2025-03-21,COP,Desvíos del modelo (z-score),FX,-1.0850384807125049
2025-03-24,COP,Desvíos del modelo (z-score),FX,-0.9111463833933313
2025-03-25,COP,Desvíos del modelo (z-score),FX,-0.7856106727267693
2025-03-26,COP,Desvíos del modelo (z-score),FX,-1.3178468663382266
2025-03-27,COP,Desvíos del modelo (z-score),FX,-1.2781619984470178
2025-03-28,COP,Desvíos del modelo (z-score),FX,-1.4242986483497242
2025-03-31,COP,Desvíos del modelo (z-score),FX,-1.1944341636818012
2025-04-01,COP,Desvíos del modelo (z-score),FX,-1.2119820294338783
2025-04-02,COP,Desvíos del modelo (z-score),FX,-1.2923097195562097
2025-04-03,COP,Desvíos del modelo (z-score),FX,-1.348655790065497
2025-04-04,COP,Desvíos del modelo (z-score),FX,-2.208726539790522
2025-04-07,COP,Desvíos del modelo (z-score),FX,-1.3444841629519901
2025-04-08,COP,Desvíos del modelo (z-score),FX,-0.6525179903446459
2025-04-09,COP,Desvíos del modelo (z-score),FX,0.4351849202331992
2025-04-10,COP,Desvíos del modelo (z-score),FX,0.6687316305790416
2025-04-11,COP,Desvíos del modelo (z-score),FX,1.0542672180277068
2025-04-14,COP,Desvíos del modelo (z-score),FX,0.7530186842890133
2025-04-15,COP,Desvíos del modelo (z-score),FX,0.427583131496213
2025-04-16,COP,Desvíos del modelo (z-score),FX,0.5481843837226683
2025-04-17,COP,Desvíos del modelo (z-score),FX,0.34847112287584
2025-04-21,COP,Desvíos del modelo (z-score),FX,0.2159862648782692
2025-04-22,COP,Desvíos del modelo (z-score),FX,0.407896069455624
2025-04-23,COP,Desvíos del modelo (z-score),FX,0.4068287581589297
2025-04-24,COP,Desvíos del modelo (z-score),FX,0.5664794593904224
2025-04-25,COP,Desvíos del modelo (z-score),FX,0.30404049639330877
2025-04-28,COP,Desvíos del modelo (z-score),FX,0.13765793790613476
2025-04-29,COP,Desvíos del modelo (z-score),FX,-0.046265143044561
2025-04-30,COP,Desvíos del modelo (z-score),FX,-0.21896560082024644
2025-05-02,COP,Desvíos del modelo (z-score),FX,0.20214023935782555
2025-05-05,COP,Desvíos del modelo (z-score),FX,0.500652285615459
2025-05-06,COP,Desvíos del modelo (z-score),FX,0.5648301867630363
2025-05-07,COP,Desvíos del modelo (z-score),FX,0.5713505682157524
2025-05-08,COP,Desvíos del modelo (z-score),FX,0.6460752156400927
2025-05-09,COP,Desvíos del modelo (z-score),FX,0.45640825224435894
2025-05-12,COP,Desvíos del modelo (z-score),FX,0.20567831351321794
2025-05-13,COP,Desvíos del modelo (z-score),FX,0.2595960737979534
2025-05-14,COP,Desvíos del modelo (z-score),FX,0.5142504371851173
2025-05-15,COP,Desvíos del modelo (z-score),FX,0.23936986283269931
2025-05-16,COP,Desvíos del modelo (z-score),FX,0.2793150580882762
2025-05-19,COP,Desvíos del modelo (z-score),FX,0.45424653591651215
2025-05-20,COP,Desvíos del modelo (z-score),FX,0.4325391636816492
2025-05-22,COP,Desvíos del modelo (z-score),FX,0.48454191354567894
2025-05-23,COP,Desvíos del modelo (z-score),FX,0.5882883270819297
2025-05-26,COP,Desvíos del modelo (z-score),FX,0.6523393368875967
2025-05-27,COP,Desvíos del modelo (z-score),FX,0.5020201239438302
2025-05-28,COP,Desvíos del modelo (z-score),FX,0.2760430690145435
2025-05-29,COP,Desvíos del modelo (z-score),FX,0.10184753808445353
2025-05-30,COP,Desvíos del modelo (z-score),FX,-0.012571490044466796
2025-06-02,COP,Desvíos del modelo (z-score),FX,0.6378416561322784
2025-06-03,COP,Desvíos del modelo (z-score),FX,0.6351670961329882
2025-06-04,COP,Desvíos del modelo (z-score),FX,0.4662714809544724
2025-06-05,COP,Desvíos del modelo (z-score),FX,0.40611887455978385
2025-06-06,COP,Desvíos del modelo (z-score),FX,0.46008211168291807
2025-06-09,COP,Desvíos del modelo (z-score),FX,0.7397419719012506
2025-06-10,COP,Desvíos del modelo (z-score),FX,0.7585347193402036
2025-06-11,COP,Desvíos del modelo (z-score),FX,1.0232010742480364
2025-06-12,COP,Desvíos del modelo (z-score),FX,1.2981362625399646
2025-06-13,COP,Desvíos del modelo (z-score),FX,1.301996896888122
2025-06-16,COP,Desvíos del modelo (z-score),FX,1.340114997260749
2025-06-17,COP,Desvíos del modelo (z-score),FX,1.0855438393101682
2025-06-18,COP,Desvíos del modelo (z-score),FX,0.8885177309419625
2025-06-19,COP,Desvíos del modelo (z-score),FX,0.6946688151325966
2025-06-23,COP,Desvíos del modelo (z-score),FX,0.3144504355694816
2025-06-24,COP,Desvíos del modelo (z-score),FX,0.3877451774297092
2025-06-25,COP,Desvíos del modelo (z-score),FX,0.3593199153752051
2025-06-26,COP,Desvíos del modelo (z-score),FX,0.564243838917669
2025-06-27,COP,Desvíos del modelo (z-score),FX,0.4467187822408646
2025-06-30,COP,Desvíos del modelo (z-score),FX,0.5837011759574677
2025-07-01,COP,Desvíos del modelo (z-score),FX,0.7225260573331234
2025-07-02,COP,Desvíos del modelo (z-score),FX,0.7081340241552316
2025-07-03,COP,Desvíos del modelo (z-score),FX,0.638623398707387
2025-07-04,COP,Desvíos del modelo (z-score),FX,0.5051890330043575
2025-07-07,COP,Desvíos del modelo (z-score),FX,0.4326953337953725
2025-07-08,COP,Desvíos del modelo (z-score),FX,0.5691618373824011
2025-07-09,COP,Desvíos del modelo (z-score),FX,0.7252643755121101
2025-07-10,COP,Desvíos del modelo (z-score),FX,0.5377180093811673
2025-07-11,COP,Desvíos del modelo (z-score),FX,0.5745601951725213
2025-07-14,COP,Desvíos del modelo (z-score),FX,0.5599963564837794
2025-07-15,COP,Desvíos del modelo (z-score),FX,0.600930963686397
2025-07-17,COP,Desvíos del modelo (z-score),FX,0.5935525932158172
2025-07-18,COP,Desvíos del modelo (z-score),FX,0.5463600291708443
2025-07-21,COP,Desvíos del modelo (z-score),FX,0.5668556673035646
2025-07-22,COP,Desvíos del modelo (z-score),FX,0.6633159012585507
2025-07-23,COP,Desvíos del modelo (z-score),FX,0.8482222460498193
2025-07-24,COP,Desvíos del modelo (z-score),FX,0.8600385797370739
2025-07-25,COP,Desvíos del modelo (z-score),FX,0.796127061700635
2025-07-28,COP,Desvíos del modelo (z-score),FX,1.0066888144468913
2025-07-29,COP,Desvíos del modelo (z-score),FX,1.1605146828283777
2025-07-30,COP,Desvíos del modelo (z-score),FX,1.0645280946881652
2025-07-31,COP,Desvíos del modelo (z-score),FX,1.1115903003834566
2025-08-01,COP,Desvíos del modelo (z-score),FX,0.8552329281320632
2025-08-04,COP,Desvíos del modelo (z-score),FX,0.8390726092115806
2025-08-05,COP,Desvíos del modelo (z-score),FX,0.6152701758289527
2025-08-06,COP,Desvíos del modelo (z-score),FX,0.7544403312349163
2025-08-07,COP,Desvíos del modelo (z-score),FX,0.6714068918008111
2025-08-08,COP,Desvíos del modelo (z-score),FX,0.710266267905928
2025-08-11,COP,Desvíos del modelo (z-score),FX,0.6060305846750507
2025-08-12,COP,Desvíos del modelo (z-score),FX,0.6448095055661179
2025-08-13,COP,Desvíos del modelo (z-score),FX,0.566183371335846
2025-08-14,COP,Desvíos del modelo (z-score),FX,0.5740045985564338
2025-08-18,COP,Desvíos del modelo (z-score),FX,0.5225405940077482
2025-08-19,COP,Desvíos del modelo (z-score),FX,0.2804083894780861
2025-08-20,COP,Desvíos del modelo (z-score),FX,0.3025404234011355
2025-08-21,COP,Desvíos del modelo (z-score),FX,0.328519683076456
2025-08-22,COP,Desvíos del modelo (z-score),FX,0.28318309727934343
2025-08-25,COP,Desvíos del modelo (z-score),FX,0.3185556410847451
2025-08-26,COP,Desvíos del modelo (z-score),FX,0.30060024331506835
2025-08-27,COP,Desvíos del modelo (z-score),FX,0.3825559001561253
2025-08-28,COP,Desvíos del modelo (z-score),FX,0.5100354235544926
2025-08-29,COP,Desvíos del modelo (z-score),FX,0.26888390782934785
2025-09-01,COP,Desvíos del modelo (z-score),FX,0.38850022190095435
2025-09-02,COP,Desvíos del modelo (z-score),FX,0.32748892217977776
2025-09-03,COP,Desvíos del modelo (z-score),FX,0.33877888483191715
2025-09-04,COP,Desvíos del modelo (z-score),FX,0.11803429286746764
2025-09-05,COP,Desvíos del modelo (z-score),FX,0.02027778943438507
2025-09-08,COP,Desvíos del modelo (z-score),FX,-0.037641528404819234
2025-09-09,COP,Desvíos del modelo (z-score),FX,-0.03516206938006406
2025-09-10,COP,Desvíos del modelo (z-score),FX,-0.19733669236970758
2025-09-11,COP,Desvíos del modelo (z-score),FX,-0.25342093205862437
2025-09-12,COP,Desvíos del modelo (z-score),FX,-0.19554827908371175
2025-09-15,COP,Desvíos del modelo (z-score),FX,0.1028509431231022
2025-09-16,COP,Desvíos del modelo (z-score),FX,0.14627854583577235
2025-09-17,COP,Desvíos del modelo (z-score),FX,0.015267741168404639
2025-09-22,COP,Desvíos del modelo (z-score),FX,0.39273122802591776
2025-09-23,COP,Desvíos del modelo (z-score),FX,0.10674028589915897
2025-09-24,COP,Desvíos del modelo (z-score),FX,-0.057383831674411086
2025-09-25,COP,Desvíos del modelo (z-score),FX,0.11491934582018636
2025-09-26,COP,Desvíos del modelo (z-score),FX,0.07784598049853834
2025-09-29,COP,Desvíos del modelo (z-score),FX,0.25725567046664494
2025-09-30,COP,Desvíos del modelo (z-score),FX,0.28780143076663367
2025-10-01,COP,Desvíos del modelo (z-score),FX,0.3884692628933539
2025-10-02,COP,Desvíos del modelo (z-score),FX,0.21080308319130728
2025-10-03,COP,Desvíos del modelo (z-score),FX,0.20369972242685577
2025-10-06,COP,Desvíos del modelo (z-score),FX,0.088574175355288845
2025-10-07,COP,Desvíos del modelo (z-score),FX,-0.18563936875943712
2025-10-08,COP,Desvíos del modelo (z-score),FX,-0.037877271429484036
2025-10-09,COP,Desvíos del modelo (z-score),FX,-0.0767062333196509
2025-10-10,COP,Desvíos del modelo (z-score),FX,-0.3360726371448164
2025-10-13,COP,Desvíos del modelo (z-score),FX,-0.10917169884740979
2025-10-14,COP,Desvíos del modelo (z-score),FX,-0.1308962190107359
2025-10-15,COP,Desvíos del modelo (z-score),FX,0.1383337139143157
2025-10-16,COP,Desvíos del modelo (z-score),FX,0.23028351396452296
2025-10-17,COP,Desvíos del modelo (z-score),FX,-0.18895656658126728
2025-10-20,COP,Desvíos del modelo (z-score),FX,-0.5998980182271814
2025-10-21,COP,Desvíos del modelo (z-score),FX,-0.5703432126557397
2025-10-22,COP,Desvíos del modelo (z-score),FX,-0.627645248583269
2025-10-23,COP,Desvíos del modelo (z-score),FX,-0.31645258964741185
2025-10-24,COP,Desvíos del modelo (z-score),FX,-0.37323682293772076
2025-10-27,COP,Desvíos del modelo (z-score),FX,-0.5349788351139383
2025-10-28,COP,Desvíos del modelo (z-score),FX,-0.5664345648408765
2025-10-29,COP,Desvíos del modelo (z-score),FX,-0.15169900401037648
2025-10-30,COP,Desvíos del modelo (z-score),FX,-0.3927153431706806
2025-11-03,COP,Desvíos del modelo (z-score),FX,-0.4533273103934492
2025-11-04,COP,Desvíos del modelo (z-score),FX,-0.7262508749357404
2025-11-05,COP,Desvíos del modelo (z-score),FX,-0.5711302014921565
2025-11-06,COP,Desvíos del modelo (z-score),FX,-0.888546675688846
2025-11-07,COP,Desvíos del modelo (z-score),FX,-1.0553258461986414
2025-11-10,COP,Desvíos del modelo (z-score),FX,-0.8580184405586105
2025-11-11,COP,Desvíos del modelo (z-score),FX,-1.027626715001775
2025-11-12,COP,Desvíos del modelo (z-score),FX,-1.048456613404473
2025-11-13,COP,Desvíos del modelo (z-score),FX,-1.40247239017668
2025-11-14,COP,Desvíos del modelo (z-score),FX,-1.3660295691735163
2025-11-17,COP,Desvíos del modelo (z-score),FX,-1.141198973898084
2025-11-18,COP,Desvíos del modelo (z-score),FX,-1.179509131270664
2025-11-19,COP,Desvíos del modelo (z-score),FX,-1.2973851606937301
2025-11-20,COP,Desvíos del modelo (z-score),FX,-1.8233977150282799
2025-11-21,COP,Desvíos del modelo (z-score),FX,-1.8162115288590093
2025-11-24,COP,Desvíos del modelo (z-score),FX,-1.1931274107352745
2025-11-25,COP,Desvíos del modelo (z-score),FX,-1.3283671466720706
2025-11-26,COP,Desvíos del modelo (z-score),FX,-1.1688740692351933
2025-11-27,COP,Desvíos del modelo (z-score),FX,-1.2699703813186596
2025-11-28,COP,Desvíos del modelo (z-score),FX,-1.318043611041123
2025-12-01,COP,Desvíos del modelo (z-score),FX,-1.2494344425524988
2025-12-02,COP,Desvíos del modelo (z-score),FX,-1.1797233698392444
2025-12-03,COP,Desvíos del modelo (z-score),FX,-0.9420925323332139
2025-12-04,COP,Desvíos del modelo (z-score),FX,-1.0764143641293593
2025-12-05,COP,Desvíos del modelo (z-score),FX,-1.2210823961803925
2025-12-09,COP,Desvíos del modelo (z-score),FX,-0.6751263617818355
2025-12-10,COP,Desvíos del modelo (z-score),FX,-0.5519862043321988
2025-12-11,COP,Desvíos del modelo (z-score),FX,-0.49171675659292297
2025-12-12,COP,Desvíos del modelo (z-score),FX,-0.8366502919499583
2025-12-15,COP,Desvíos del modelo (z-score),FX,-1.0295865406617872
2025-12-16,COP,Desvíos del modelo (z-score),FX,-0.8619895104851514
2025-12-17,COP,Desvíos del modelo (z-score),FX,-0.8635183733913241
2025-12-18,COP,Desvíos del modelo (z-score),FX,-0.6812725736336632
2025-12-19,COP,Desvíos del modelo (z-score),FX,-0.5854258447100708
2025-12-22,COP,Desvíos del modelo (z-score),FX,-0.7634780965812394
2025-12-23,COP,Desvíos del modelo (z-score),FX,-0.7846596681848911
2025-12-24,COP,Desvíos del modelo (z-score),FX,-1.022431883315144
2025-12-26,COP,Desvíos del modelo (z-score),FX,-1.4307534599059286
2025-12-29,COP,Desvíos del modelo (z-score),FX,-1.5263582538115676
2025-12-30,COP,Desvíos del modelo (z-score),FX,-1.6174732032505743
2026-01-02,COP,Desvíos del modelo (z-score),FX,-1.4018128113773032
2026-01-05,COP,Desvíos del modelo (z-score),FX,-1.1605885726460774
2026-01-06,COP,Desvíos del modelo (z-score),FX,-1.0949383969200666
2026-01-07,COP,Desvíos del modelo (z-score),FX,-1.4656147213048534
2026-01-08,COP,Desvíos del modelo (z-score),FX,-1.4042472393989476
2026-01-09,COP,Desvíos del modelo (z-score),FX,-1.4470943183351792
2026-01-12,COP,Desvíos del modelo (z-score),FX,-1.2767061767472838
2026-01-13,COP,Desvíos del modelo (z-score),FX,-1.2566125451454775
2026-01-14,COP,Desvíos del modelo (z-score),FX,-1.6826841125535912
2026-01-15,COP,Desvíos del modelo (z-score),FX,-1.8363528928696649
2026-01-16,COP,Desvíos del modelo (z-score),FX,-1.542008562387424
2026-01-19,COP,Desvíos del modelo (z-score),FX,-1.285675891492905
2026-01-20,COP,Desvíos del modelo (z-score),FX,-1.0734164314558894
2026-01-21,COP,Desvíos del modelo (z-score),FX,-1.277702305202001
2026-01-22,COP,Desvíos del modelo (z-score),FX,-1.3074140089175437
2026-01-23,COP,Desvíos del modelo (z-score),FX,-1.3481018549040609
2026-01-26,COP,Desvíos del modelo (z-score),FX,-1.0526819637159102
2026-01-27,COP,Desvíos del modelo (z-score),FX,-0.483544681530149
2026-01-28,COP,Desvíos del modelo (z-score),FX,-0.2634472454307593
2026-01-29,COP,Desvíos del modelo (z-score),FX,-0.3955103618914974
2026-01-30,COP,Desvíos del modelo (z-score),FX,-0.9304891061641618
2026-02-02,COP,Desvíos del modelo (z-score),FX,-1.2105077782187061
2026-02-03,COP,Desvíos del modelo (z-score),FX,-1.3439033925025834
2026-02-04,COP,Desvíos del modelo (z-score),FX,-1.405205765199643
2026-02-05,COP,Desvíos del modelo (z-score),FX,-1.7699565500983545
2026-02-06,COP,Desvíos del modelo (z-score),FX,-1.2576383368364021
2026-02-09,COP,Desvíos del modelo (z-score),FX,-1.0304603068137315
2026-02-10,COP,Desvíos del modelo (z-score),FX,-1.253769067794074
2026-02-11,COP,Desvíos del modelo (z-score),FX,-1.1024240032439718
2026-02-12,COP,Desvíos del modelo (z-score),FX,-1.3911965603823573
2026-02-13,COP,Desvíos del modelo (z-score),FX,-1.4487813432674197
2026-02-16,COP,Desvíos del modelo (z-score),FX,-1.4888908203325675
2026-02-17,COP,Desvíos del modelo (z-score),FX,-1.645170419538715
2026-02-18,COP,Desvíos del modelo (z-score),FX,-1.3337752043571576
2026-02-19,COP,Desvíos del modelo (z-score),FX,-1.421372526286188
2026-02-20,COP,Desvíos del modelo (z-score),FX,-1.1777877379487967
2026-02-23,COP,Desvíos del modelo (z-score),FX,-1.1840435406417777
2026-02-24,COP,Desvíos del modelo (z-score),FX,-1.267818732450049
2026-02-25,COP,Desvíos del modelo (z-score),FX,-1.131578296497183
2026-02-26,COP,Desvíos del modelo (z-score),FX,-1.2954614689599087
2026-02-27,COP,Desvíos del modelo (z-score),FX,-1.0917699679804787
2026-03-02,COP,Desvíos del modelo (z-score),FX,-0.8200656322899227
2026-03-03,COP,Desvíos del modelo (z-score),FX,-1.04172413863661
2026-03-04,COP,Desvíos del modelo (z-score),FX,-0.7133999498434581
2026-03-05,COP,Desvíos del modelo (z-score),FX,-0.8533765720747695
2026-03-06,COP,Desvíos del modelo (z-score),FX,-0.6342860714506481
2026-03-09,COP,Desvíos del modelo (z-score),FX,-0.40568332247603467
2026-03-10,COP,Desvíos del modelo (z-score),FX,-0.7261420605277675
2026-03-11,COP,Desvíos del modelo (z-score),FX,-1.0322114913242861
2026-03-12,COP,Desvíos del modelo (z-score),FX,-1.163890704811341
2026-03-13,COP,Desvíos del modelo (z-score),FX,-1.3612577701673847
2026-03-16,COP,Desvíos del modelo (z-score),FX,-1.6322673230925426
2026-03-17,COP,Desvíos del modelo (z-score),FX,-1.4708750134968354
2026-03-18,COP,Desvíos del modelo (z-score),FX,-1.7058030401738122
2026-03-19,COP,Desvíos del modelo (z-score),FX,-1.915423388330352
2026-03-20,COP,Desvíos del modelo (z-score),FX,-1.8387221917892596
2026-03-23,COP,Desvíos del modelo (z-score),FX,-1.6732413440489615
2026-03-24,COP,Desvíos del modelo (z-score),FX,-1.7028028714023677
2026-03-25,COP,Desvíos del modelo (z-score),FX,-1.7130037368923932
2026-03-26,COP,Desvíos del modelo (z-score),FX,-1.9362888798208373
2026-03-27,COP,Desvíos del modelo (z-score),FX,-2.1095591594101566
2026-03-30,COP,Desvíos del modelo (z-score),FX,-2.349157414975049
2026-03-31,COP,Desvíos del modelo (z-score),FX,-2.0791472343597115
2026-04-01,COP,Desvíos del modelo (z-score),FX,-1.8337523524614168
2026-04-02,COP,Desvíos del modelo (z-score),FX,-1.694960353379193
2026-04-06,COP,Desvíos del modelo (z-score),FX,-1.6844597062741462
2026-04-07,COP,Desvíos del modelo (z-score),FX,-1.5933349149986504
2026-04-08,COP,Desvíos del modelo (z-score),FX,-1.3995845158826694
2026-04-09,COP,Desvíos del modelo (z-score),FX,-1.642696858549491
2026-04-10,COP,Desvíos del modelo (z-score),FX,-1.5846192096412839
2026-04-13,COP,Desvíos del modelo (z-score),FX,-1.5939648734111418
2026-04-14,COP,Desvíos del modelo (z-score),FX,-1.5809135561430234
2026-04-15,COP,Desvíos del modelo (z-score),FX,-1.7119609114421077
2026-04-16,COP,Desvíos del modelo (z-score),FX,-1.4515670189865377
2026-04-17,COP,Desvíos del modelo (z-score),FX,-1.4291595719606698
2026-04-20,COP,Desvíos del modelo (z-score),FX,-1.506393570821469
2026-04-21,COP,Desvíos del modelo (z-score),FX,-1.6943574552248786
2026-04-22,COP,Desvíos del modelo (z-score),FX,-1.5150185916003405
2026-04-23,COP,Desvíos del modelo (z-score),FX,-1.6260720457831683
2026-04-24,COP,Desvíos del modelo (z-score),FX,-1.5942160521030553
2026-04-27,COP,Desvíos del modelo (z-score),FX,-1.5811165851619384
2026-04-28,COP,Desvíos del modelo (z-score),FX,-1.5735866446572644
2026-04-29,COP,Desvíos del modelo (z-score),FX,-1.0611341863845423
2026-04-30,COP,Desvíos del modelo (z-score),FX,-1.2063902848123522
2026-05-04,COP,Desvíos del modelo (z-score),FX,-0.8899386315070342
2026-05-05,COP,Desvíos del modelo (z-score),FX,-0.5055399897188139
2026-05-06,COP,Desvíos del modelo (z-score),FX,-0.06035766546280906
2026-05-07,COP,Desvíos del modelo (z-score),FX,-0.1953208812381862
2026-05-08,COP,Desvíos del modelo (z-score),FX,0.06817775110954775
2026-05-11,COP,Desvíos del modelo (z-score),FX,0.42352381929872457
2026-05-12,COP,Desvíos del modelo (z-score),FX,0.39137082993753974
2026-05-13,COP,Desvíos del modelo (z-score),FX,0.5095245014341268
2026-05-14,COP,Desvíos del modelo (z-score),FX,0.6043613806718873
2026-05-15,COP,Desvíos del modelo (z-score),FX,0.3343305746585237
2026-05-18,COP,Desvíos del modelo (z-score),FX,0.3812509913345624
2026-05-19,COP,Desvíos del modelo (z-score),FX,0.2964047852126798
2026-05-20,COP,Desvíos del modelo (z-score),FX,0.1707317118484117
2026-05-22,COP,Desvíos del modelo (z-score),FX,-0.497609972165661
2026-05-25,COP,Desvíos del modelo (z-score),FX,-0.6375970430726299
2026-05-26,COP,Desvíos del modelo (z-score),FX,-0.6347236711446651
2026-05-27,COP,Desvíos del modelo (z-score),FX,-1.024004126573147
2026-05-28,COP,Desvíos del modelo (z-score),FX,-1.0966336260646095
2026-05-29,COP,Desvíos del modelo (z-score),FX,-0.9516456146663136
2026-06-01,COP,Desvíos del modelo (z-score),FX,-0.6238570898629902
2026-06-02,COP,Desvíos del modelo (z-score),FX,-0.6333273441970312
2025-01-02,COP,Desvíos del modelo (z-score),Tasa 10Y,0.1941635652074395
2025-01-03,COP,Desvíos del modelo (z-score),Tasa 10Y,0.2166905300115064
2025-01-06,COP,Desvíos del modelo (z-score),Tasa 10Y,0.02944986424538966
2025-01-07,COP,Desvíos del modelo (z-score),Tasa 10Y,-0.1925012579587789
2025-01-08,COP,Desvíos del modelo (z-score),Tasa 10Y,-0.3421694779314407
2025-01-09,COP,Desvíos del modelo (z-score),Tasa 10Y,-0.4047637937851751
2025-01-10,COP,Desvíos del modelo (z-score),Tasa 10Y,-0.5323123124627523
2025-01-13,COP,Desvíos del modelo (z-score),Tasa 10Y,-0.27205375710044605
2025-01-14,COP,Desvíos del modelo (z-score),Tasa 10Y,-0.26021101220706594
2025-01-15,COP,Desvíos del modelo (z-score),Tasa 10Y,0.05893214474665086
2025-01-16,COP,Desvíos del modelo (z-score),Tasa 10Y,0.20974005298943468
2025-01-17,COP,Desvíos del modelo (z-score),Tasa 10Y,0.234125797380966
2025-01-20,COP,Desvíos del modelo (z-score),Tasa 10Y,0.1284540204681244
2025-01-21,COP,Desvíos del modelo (z-score),Tasa 10Y,-0.006326318680775513
2025-01-22,COP,Desvíos del modelo (z-score),Tasa 10Y,-0.057751071748159744
2025-01-23,COP,Desvíos del modelo (z-score),Tasa 10Y,-0.20980639012786934
2025-01-24,COP,Desvíos del modelo (z-score),Tasa 10Y,-0.40309499845967645
2025-01-27,COP,Desvíos del modelo (z-score),Tasa 10Y,-0.4786315392451503
2025-01-28,COP,Desvíos del modelo (z-score),Tasa 10Y,-0.2753993016822547
2025-01-29,COP,Desvíos del modelo (z-score),Tasa 10Y,-0.3143618723017789
2025-01-30,COP,Desvíos del modelo (z-score),Tasa 10Y,-0.16703957078794113
2025-01-31,COP,Desvíos del modelo (z-score),Tasa 10Y,-0.24542505407797044
2025-02-03,COP,Desvíos del modelo (z-score),Tasa 10Y,-0.18084198327863413
2025-02-04,COP,Desvíos del modelo (z-score),Tasa 10Y,-0.3976367943095151
2025-02-05,COP,Desvíos del modelo (z-score),Tasa 10Y,-0.28608325008837504
2025-02-06,COP,Desvíos del modelo (z-score),Tasa 10Y,-0.2997272009664905
2025-02-07,COP,Desvíos del modelo (z-score),Tasa 10Y,-0.3228787235100937
2025-02-10,COP,Desvíos del modelo (z-score),Tasa 10Y,-0.156697409118402
2025-02-11,COP,Desvíos del modelo (z-score),Tasa 10Y,-0.144443957267843
2025-02-12,COP,Desvíos del modelo (z-score),Tasa 10Y,0.008080227244862848
2025-02-13,COP,Desvíos del modelo (z-score),Tasa 10Y,0.15827930616006167
2025-02-14,COP,Desvíos del modelo (z-score),Tasa 10Y,0.37463157384127244
2025-02-17,COP,Desvíos del modelo (z-score),Tasa 10Y,0.35718607270182307
2025-02-18,COP,Desvíos del modelo (z-score),Tasa 10Y,0.2820891560706917
2025-02-19,COP,Desvíos del modelo (z-score),Tasa 10Y,0.2538715082802386
2025-02-20,COP,Desvíos del modelo (z-score),Tasa 10Y,0.17300656312451557
2025-02-21,COP,Desvíos del modelo (z-score),Tasa 10Y,-0.03755219114454067
2025-02-24,COP,Desvíos del modelo (z-score),Tasa 10Y,-0.1041171680609815
2025-02-25,COP,Desvíos del modelo (z-score),Tasa 10Y,-0.023935357732558078
2025-02-26,COP,Desvíos del modelo (z-score),Tasa 10Y,0.021814328493861935
2025-02-27,COP,Desvíos del modelo (z-score),Tasa 10Y,-0.14760486918877502
2025-02-28,COP,Desvíos del modelo (z-score),Tasa 10Y,-0.11212498248355109
2025-03-03,COP,Desvíos del modelo (z-score),Tasa 10Y,-0.1662455447515471
2025-03-04,COP,Desvíos del modelo (z-score),Tasa 10Y,-0.32850074507827776
2025-03-05,COP,Desvíos del modelo (z-score),Tasa 10Y,-0.21346165623190738
2025-03-06,COP,Desvíos del modelo (z-score),Tasa 10Y,-0.545050319782033
2025-03-07,COP,Desvíos del modelo (z-score),Tasa 10Y,-0.4601883137564418
2025-03-10,COP,Desvíos del modelo (z-score),Tasa 10Y,-0.46175699622092825
2025-03-11,COP,Desvíos del modelo (z-score),Tasa 10Y,-0.5292210827052359
2025-03-12,COP,Desvíos del modelo (z-score),Tasa 10Y,-0.35159047242364916
2025-03-13,COP,Desvíos del modelo (z-score),Tasa 10Y,-0.4014499048223456
2025-03-14,COP,Desvíos del modelo (z-score),Tasa 10Y,-0.25682919149590033
2025-03-17,COP,Desvíos del modelo (z-score),Tasa 10Y,-0.17542001108994174
2025-03-18,COP,Desvíos del modelo (z-score),Tasa 10Y,-0.017322381647480265
2025-03-19,COP,Desvíos del modelo (z-score),Tasa 10Y,0.40073495393014924
2025-03-20,COP,Desvíos del modelo (z-score),Tasa 10Y,0.3964434286998113
2025-03-21,COP,Desvíos del modelo (z-score),Tasa 10Y,0.09989305206441647
2025-03-24,COP,Desvíos del modelo (z-score),Tasa 10Y,0.1457144796856701
2025-03-25,COP,Desvíos del modelo (z-score),Tasa 10Y,0.23410886589103483
2025-03-26,COP,Desvíos del modelo (z-score),Tasa 10Y,0.23205738159015893
2025-03-27,COP,Desvíos del modelo (z-score),Tasa 10Y,0.3377060923968111
2025-03-28,COP,Desvíos del modelo (z-score),Tasa 10Y,0.32441878439698835
2025-03-31,COP,Desvíos del modelo (z-score),Tasa 10Y,0.28166697688373205
2025-04-01,COP,Desvíos del modelo (z-score),Tasa 10Y,0.3383609508456614
2025-04-02,COP,Desvíos del modelo (z-score),Tasa 10Y,0.40425853868947864
2025-04-03,COP,Desvíos del modelo (z-score),Tasa 10Y,-0.31307585839807944
2025-04-04,COP,Desvíos del modelo (z-score),Tasa 10Y,-1.0220698271977011
2025-04-07,COP,Desvíos del modelo (z-score),Tasa 10Y,-1.2292947275053798
2025-04-08,COP,Desvíos del modelo (z-score),Tasa 10Y,-1.4436886094011285
2025-04-09,COP,Desvíos del modelo (z-score),Tasa 10Y,-0.7154898938259971
2025-04-10,COP,Desvíos del modelo (z-score),Tasa 10Y,-1.3630205244097016
2025-04-11,COP,Desvíos del modelo (z-score),Tasa 10Y,-0.9672020338130716
2025-04-14,COP,Desvíos del modelo (z-score),Tasa 10Y,-0.6202011713461248
2025-04-15,COP,Desvíos del modelo (z-score),Tasa 10Y,-0.821189222690406
2025-04-16,COP,Desvíos del modelo (z-score),Tasa 10Y,-1.28050676303406
2025-04-17,COP,Desvíos del modelo (z-score),Tasa 10Y,-1.1166484887474053
2025-04-21,COP,Desvíos del modelo (z-score),Tasa 10Y,-1.3807986727422
2025-04-22,COP,Desvíos del modelo (z-score),Tasa 10Y,-1.417436520026111
2025-04-23,COP,Desvíos del modelo (z-score),Tasa 10Y,-1.2978625104061021
2025-04-24,COP,Desvíos del modelo (z-score),Tasa 10Y,-1.2563223127163197
2025-04-25,COP,Desvíos del modelo (z-score),Tasa 10Y,-0.9391591928700702
2025-04-28,COP,Desvíos del modelo (z-score),Tasa 10Y,-0.9224289572179055
2025-04-29,COP,Desvíos del modelo (z-score),Tasa 10Y,-0.6747931165631313
2025-04-30,COP,Desvíos del modelo (z-score),Tasa 10Y,-0.6728014892528819
2025-05-02,COP,Desvíos del modelo (z-score),Tasa 10Y,-0.7951734839017616
2025-05-05,COP,Desvíos del modelo (z-score),Tasa 10Y,-0.8823704270661136
2025-05-06,COP,Desvíos del modelo (z-score),Tasa 10Y,-0.8620801872539638
2025-05-07,COP,Desvíos del modelo (z-score),Tasa 10Y,-0.9768295144321341
2025-05-08,COP,Desvíos del modelo (z-score),Tasa 10Y,-0.9049820495482278
2025-05-09,COP,Desvíos del modelo (z-score),Tasa 10Y,-0.8381882702968593
2025-05-12,COP,Desvíos del modelo (z-score),Tasa 10Y,-0.09147981074293876
2025-05-13,COP,Desvíos del modelo (z-score),Tasa 10Y,0.09513372478448011
2025-05-14,COP,Desvíos del modelo (z-score),Tasa 10Y,-0.15547038690498918
2025-05-15,COP,Desvíos del modelo (z-score),Tasa 10Y,-0.2095708294917463
2025-05-16,COP,Desvíos del modelo (z-score),Tasa 10Y,-0.23739553356339688
2025-05-19,COP,Desvíos del modelo (z-score),Tasa 10Y,-0.20882766147492088
2025-05-20,COP,Desvíos del modelo (z-score),Tasa 10Y,-0.23470933602704125
2025-05-22,COP,Desvíos del modelo (z-score),Tasa 10Y,-0.23248165846968524
2025-05-23,COP,Desvíos del modelo (z-score),Tasa 10Y,-0.21283370963645998
2025-05-26,COP,Desvíos del modelo (z-score),Tasa 10Y,-0.18782213958451416
2025-05-27,COP,Desvíos del modelo (z-score),Tasa 10Y,0.03743041981295975
2025-05-28,COP,Desvíos del modelo (z-score),Tasa 10Y,0.08551249071188731
2025-05-29,COP,Desvíos del modelo (z-score),Tasa 10Y,0.17270899081701083
2025-05-30,COP,Desvíos del modelo (z-score),Tasa 10Y,0.10420741506636363
2025-06-02,COP,Desvíos del modelo (z-score),Tasa 10Y,0.05463963364571961
2025-06-03,COP,Desvíos del modelo (z-score),Tasa 10Y,0.2544193632000958
2025-06-04,COP,Desvíos del modelo (z-score),Tasa 10Y,0.32649479671643106
2025-06-05,COP,Desvíos del modelo (z-score),Tasa 10Y,0.12054003908052846
2025-06-06,COP,Desvíos del modelo (z-score),Tasa 10Y,0.10824057674752764
2025-06-09,COP,Desvíos del modelo (z-score),Tasa 10Y,0.23376036904341285
2025-06-10,COP,Desvíos del modelo (z-score),Tasa 10Y,0.29215955863485416
2025-06-11,COP,Desvíos del modelo (z-score),Tasa 10Y,0.48197408167673106
2025-06-12,COP,Desvíos del modelo (z-score),Tasa 10Y,0.5775949180091404
2025-06-13,COP,Desvíos del modelo (z-score),Tasa 10Y,0.4289783064315623
2025-06-16,COP,Desvíos del modelo (z-score),Tasa 10Y,0.35027725444943103
2025-06-17,COP,Desvíos del modelo (z-score),Tasa 10Y,0.08118275390271848
2025-06-18,COP,Desvíos del modelo (z-score),Tasa 10Y,-0.17178121296034007
2025-06-19,COP,Desvíos del modelo (z-score),Tasa 10Y,-0.20995659269036596
2025-06-23,COP,Desvíos del modelo (z-score),Tasa 10Y,-0.1528000794742177
2025-06-24,COP,Desvíos del modelo (z-score),Tasa 10Y,-0.07776411923022256
2025-06-25,COP,Desvíos del modelo (z-score),Tasa 10Y,-0.030736203952035756
2025-06-26,COP,Desvíos del modelo (z-score),Tasa 10Y,-0.04507672686401535
2025-06-27,COP,Desvíos del modelo (z-score),Tasa 10Y,-0.11050057080516493
2025-06-30,COP,Desvíos del modelo (z-score),Tasa 10Y,0.049206717702384474
2025-07-01,COP,Desvíos del modelo (z-score),Tasa 10Y,0.07032394635328822
2025-07-02,COP,Desvíos del modelo (z-score),Tasa 10Y,0.05537581552315784
2025-07-03,COP,Desvíos del modelo (z-score),Tasa 10Y,0.31434784786218695
2025-07-04,COP,Desvíos del modelo (z-score),Tasa 10Y,0.31878600635976334
2025-07-07,COP,Desvíos del modelo (z-score),Tasa 10Y,0.3135228770688501
2025-07-08,COP,Desvíos del modelo (z-score),Tasa 10Y,0.1621104998239861
2025-07-09,COP,Desvíos del modelo (z-score),Tasa 10Y,0.33306670913686093
2025-07-10,COP,Desvíos del modelo (z-score),Tasa 10Y,0.24000259185704614
2025-07-11,COP,Desvíos del modelo (z-score),Tasa 10Y,0.13000204445250171
2025-07-14,COP,Desvíos del modelo (z-score),Tasa 10Y,-0.09024739482126348
2025-07-15,COP,Desvíos del modelo (z-score),Tasa 10Y,-0.2203362240403036
2025-07-17,COP,Desvíos del modelo (z-score),Tasa 10Y,-0.47447127642914433
2025-07-18,COP,Desvíos del modelo (z-score),Tasa 10Y,-0.5302531449279931
2025-07-21,COP,Desvíos del modelo (z-score),Tasa 10Y,-0.49342791618781656
2025-07-22,COP,Desvíos del modelo (z-score),Tasa 10Y,-0.19656691916276475
2025-07-23,COP,Desvíos del modelo (z-score),Tasa 10Y,-0.009050337925387106
2025-07-24,COP,Desvíos del modelo (z-score),Tasa 10Y,0.0864752411613915
2025-07-25,COP,Desvíos del modelo (z-score),Tasa 10Y,0.10745660875080693
2025-07-28,COP,Desvíos del modelo (z-score),Tasa 10Y,0.27665060206853576
2025-07-29,COP,Desvíos del modelo (z-score),Tasa 10Y,0.22167852000731283
2025-07-30,COP,Desvíos del modelo (z-score),Tasa 10Y,0.24661266850343164
2025-07-31,COP,Desvíos del modelo (z-score),Tasa 10Y,0.44894633247242116
2025-08-01,COP,Desvíos del modelo (z-score),Tasa 10Y,0.24865490780191338
2025-08-04,COP,Desvíos del modelo (z-score),Tasa 10Y,0.4724461439081391
2025-08-05,COP,Desvíos del modelo (z-score),Tasa 10Y,0.10108998925401824
2025-08-06,COP,Desvíos del modelo (z-score),Tasa 10Y,0.05470862735751487
2025-08-07,COP,Desvíos del modelo (z-score),Tasa 10Y,0.17582795559569314
2025-08-08,COP,Desvíos del modelo (z-score),Tasa 10Y,0.30944953664768526
2025-08-11,COP,Desvíos del modelo (z-score),Tasa 10Y,0.49441891129194376
2025-08-12,COP,Desvíos del modelo (z-score),Tasa 10Y,0.6403525444664788
2025-08-13,COP,Desvíos del modelo (z-score),Tasa 10Y,0.7402721758213073
2025-08-14,COP,Desvíos del modelo (z-score),Tasa 10Y,0.7508396815062965
2025-08-18,COP,Desvíos del modelo (z-score),Tasa 10Y,0.739356602300053
2025-08-19,COP,Desvíos del modelo (z-score),Tasa 10Y,0.735773380662735
2025-08-20,COP,Desvíos del modelo (z-score),Tasa 10Y,0.5684436940106385
2025-08-21,COP,Desvíos del modelo (z-score),Tasa 10Y,0.4676125200364898
2025-08-22,COP,Desvíos del modelo (z-score),Tasa 10Y,0.5999663542420948
2025-08-25,COP,Desvíos del modelo (z-score),Tasa 10Y,0.26830574467892393
2025-08-26,COP,Desvíos del modelo (z-score),Tasa 10Y,0.20446496460307628
2025-08-27,COP,Desvíos del modelo (z-score),Tasa 10Y,0.1606529336945864
2025-08-28,COP,Desvíos del modelo (z-score),Tasa 10Y,0.5307327991592763
2025-08-29,COP,Desvíos del modelo (z-score),Tasa 10Y,0.341319772403204
2025-09-01,COP,Desvíos del modelo (z-score),Tasa 10Y,0.33109143498650884
2025-09-02,COP,Desvíos del modelo (z-score),Tasa 10Y,0.3393316082393651
2025-09-03,COP,Desvíos del modelo (z-score),Tasa 10Y,0.5996579269991106
2025-09-04,COP,Desvíos del modelo (z-score),Tasa 10Y,0.8461632447373832
2025-09-05,COP,Desvíos del modelo (z-score),Tasa 10Y,1.244816005909001
2025-09-08,COP,Desvíos del modelo (z-score),Tasa 10Y,1.2980917700465604
2025-09-09,COP,Desvíos del modelo (z-score),Tasa 10Y,1.2674931715156923
2025-09-10,COP,Desvíos del modelo (z-score),Tasa 10Y,1.482881724480689
2025-09-11,COP,Desvíos del modelo (z-score),Tasa 10Y,1.4608554460972403
2025-09-12,COP,Desvíos del modelo (z-score),Tasa 10Y,1.3853776781833265
2025-09-15,COP,Desvíos del modelo (z-score),Tasa 10Y,1.3144195848885858
2025-09-16,COP,Desvíos del modelo (z-score),Tasa 10Y,1.0415232905466694
2025-09-17,COP,Desvíos del modelo (z-score),Tasa 10Y,0.8036464629040994
2025-09-22,COP,Desvíos del modelo (z-score),Tasa 10Y,0.9990523718114679
2025-09-23,COP,Desvíos del modelo (z-score),Tasa 10Y,1.0266798542109634
2025-09-24,COP,Desvíos del modelo (z-score),Tasa 10Y,1.0472505254071236
2025-09-25,COP,Desvíos del modelo (z-score),Tasa 10Y,0.9925684547404022
2025-09-26,COP,Desvíos del modelo (z-score),Tasa 10Y,1.030420708559574
2025-09-29,COP,Desvíos del modelo (z-score),Tasa 10Y,0.8288554447005384
2025-09-30,COP,Desvíos del modelo (z-score),Tasa 10Y,0.8709822812686343
2025-10-01,COP,Desvíos del modelo (z-score),Tasa 10Y,0.9280237237146111
2025-10-02,COP,Desvíos del modelo (z-score),Tasa 10Y,0.9410069907038899
2025-10-03,COP,Desvíos del modelo (z-score),Tasa 10Y,1.0603025227155047
2025-10-06,COP,Desvíos del modelo (z-score),Tasa 10Y,1.17692514406833
2025-10-07,COP,Desvíos del modelo (z-score),Tasa 10Y,1.1417635955783334
2025-10-08,COP,Desvíos del modelo (z-score),Tasa 10Y,1.3439865016069328
2025-10-09,COP,Desvíos del modelo (z-score),Tasa 10Y,1.225327203502334
2025-10-10,COP,Desvíos del modelo (z-score),Tasa 10Y,1.1484364117138173
2025-10-13,COP,Desvíos del modelo (z-score),Tasa 10Y,1.2124642902593041
2025-10-14,COP,Desvíos del modelo (z-score),Tasa 10Y,1.0129628877121375
2025-10-15,COP,Desvíos del modelo (z-score),Tasa 10Y,1.030264033327485
2025-10-16,COP,Desvíos del modelo (z-score),Tasa 10Y,1.0245648693250098
2025-10-17,COP,Desvíos del modelo (z-score),Tasa 10Y,1.1662273521705588
2025-10-20,COP,Desvíos del modelo (z-score),Tasa 10Y,1.3572943603024787
2025-10-21,COP,Desvíos del modelo (z-score),Tasa 10Y,1.5199028311764649
2025-10-22,COP,Desvíos del modelo (z-score),Tasa 10Y,1.5121713253311768
2025-10-23,COP,Desvíos del modelo (z-score),Tasa 10Y,1.906733339360133
2025-10-24,COP,Desvíos del modelo (z-score),Tasa 10Y,1.8356412255690502
2025-10-27,COP,Desvíos del modelo (z-score),Tasa 10Y,1.7969977444398082
2025-10-28,COP,Desvíos del modelo (z-score),Tasa 10Y,1.8028388494248062
2025-10-29,COP,Desvíos del modelo (z-score),Tasa 10Y,1.782266557711074
2025-10-30,COP,Desvíos del modelo (z-score),Tasa 10Y,1.7719597760917731
2025-11-03,COP,Desvíos del modelo (z-score),Tasa 10Y,1.7744525775279836
2025-11-04,COP,Desvíos del modelo (z-score),Tasa 10Y,1.6418616598473388
2025-11-05,COP,Desvíos del modelo (z-score),Tasa 10Y,1.8302148552969675
2025-11-06,COP,Desvíos del modelo (z-score),Tasa 10Y,1.7843188026213537
2025-11-07,COP,Desvíos del modelo (z-score),Tasa 10Y,1.8156062588555206
2025-11-10,COP,Desvíos del modelo (z-score),Tasa 10Y,2.047448446051418
2025-11-11,COP,Desvíos del modelo (z-score),Tasa 10Y,2.1320942600721913
2025-11-12,COP,Desvíos del modelo (z-score),Tasa 10Y,2.392048261241153
2025-11-13,COP,Desvíos del modelo (z-score),Tasa 10Y,2.3155054242242126
2025-11-14,COP,Desvíos del modelo (z-score),Tasa 10Y,2.3888791451898337
2025-11-17,COP,Desvíos del modelo (z-score),Tasa 10Y,2.569034982965028
2025-11-18,COP,Desvíos del modelo (z-score),Tasa 10Y,2.5045530033553995
2025-11-19,COP,Desvíos del modelo (z-score),Tasa 10Y,2.6209003976038097
2025-11-20,COP,Desvíos del modelo (z-score),Tasa 10Y,2.402342054764666
2025-11-21,COP,Desvíos del modelo (z-score),Tasa 10Y,2.4692742683153512
2025-11-24,COP,Desvíos del modelo (z-score),Tasa 10Y,2.4631859061033867
2025-11-25,COP,Desvíos del modelo (z-score),Tasa 10Y,2.2989546009258914
2025-11-26,COP,Desvíos del modelo (z-score),Tasa 10Y,2.6608806591603615
2025-11-27,COP,Desvíos del modelo (z-score),Tasa 10Y,2.5575196448136075
2025-11-28,COP,Desvíos del modelo (z-score),Tasa 10Y,2.5996502619718025
2025-12-01,COP,Desvíos del modelo (z-score),Tasa 10Y,2.4462684455989585
2025-12-02,COP,Desvíos del modelo (z-score),Tasa 10Y,2.616327997859188
2025-12-03,COP,Desvíos del modelo (z-score),Tasa 10Y,2.4006633418926637
2025-12-04,COP,Desvíos del modelo (z-score),Tasa 10Y,2.0124534639403997
2025-12-05,COP,Desvíos del modelo (z-score),Tasa 10Y,1.8802408326429592
2025-12-09,COP,Desvíos del modelo (z-score),Tasa 10Y,1.5768878939660482
2025-12-10,COP,Desvíos del modelo (z-score),Tasa 10Y,2.1635122810511804
2025-12-11,COP,Desvíos del modelo (z-score),Tasa 10Y,2.2142962747489454
2025-12-12,COP,Desvíos del modelo (z-score),Tasa 10Y,2.107481608707337
2025-12-15,COP,Desvíos del modelo (z-score),Tasa 10Y,2.0070248596706084
2025-12-16,COP,Desvíos del modelo (z-score),Tasa 10Y,1.9521435354395535
2025-12-17,COP,Desvíos del modelo (z-score),Tasa 10Y,1.9446698168297059
2025-12-18,COP,Desvíos del modelo (z-score),Tasa 10Y,2.097241687176725
2025-12-19,COP,Desvíos del modelo (z-score),Tasa 10Y,2.0210033570095067
2025-12-22,COP,Desvíos del modelo (z-score),Tasa 10Y,1.53506210309709
2025-12-23,COP,Desvíos del modelo (z-score),Tasa 10Y,1.5315532116095614
2025-12-24,COP,Desvíos del modelo (z-score),Tasa 10Y,1.6125025758896707
2025-12-26,COP,Desvíos del modelo (z-score),Tasa 10Y,1.772487643538444
2025-12-29,COP,Desvíos del modelo (z-score),Tasa 10Y,2.4453705952503393
2025-12-30,COP,Desvíos del modelo (z-score),Tasa 10Y,2.438995180579448
2026-01-02,COP,Desvíos del modelo (z-score),Tasa 10Y,2.3856990518621672
2026-01-05,COP,Desvíos del modelo (z-score),Tasa 10Y,2.300963393739334
2026-01-06,COP,Desvíos del modelo (z-score),Tasa 10Y,2.141895617664432
2026-01-07,COP,Desvíos del modelo (z-score),Tasa 10Y,2.2009151174426167
2026-01-08,COP,Desvíos del modelo (z-score),Tasa 10Y,2.233960321229902
2026-01-09,COP,Desvíos del modelo (z-score),Tasa 10Y,2.2529193389573017
2026-01-12,COP,Desvíos del modelo (z-score),Tasa 10Y,2.257764458118352
2026-01-13,COP,Desvíos del modelo (z-score),Tasa 10Y,2.1754697924405186
2026-01-14,COP,Desvíos del modelo (z-score),Tasa 10Y,1.9146004893530497
2026-01-15,COP,Desvíos del modelo (z-score),Tasa 10Y,1.8345152967868996
2026-01-16,COP,Desvíos del modelo (z-score),Tasa 10Y,1.820827067863941
2026-01-19,COP,Desvíos del modelo (z-score),Tasa 10Y,1.7218990201674096
2026-01-20,COP,Desvíos del modelo (z-score),Tasa 10Y,1.5107958454034356
2026-01-21,COP,Desvíos del modelo (z-score),Tasa 10Y,1.881742214917701
2026-01-22,COP,Desvíos del modelo (z-score),Tasa 10Y,2.0668899818184165
2026-01-23,COP,Desvíos del modelo (z-score),Tasa 10Y,1.9621968687507876
2026-01-26,COP,Desvíos del modelo (z-score),Tasa 10Y,1.9776450635113116
2026-01-27,COP,Desvíos del modelo (z-score),Tasa 10Y,1.8633429785452549
2026-01-28,COP,Desvíos del modelo (z-score),Tasa 10Y,1.7387925283565167
2026-01-29,COP,Desvíos del modelo (z-score),Tasa 10Y,1.853803039352532
2026-01-30,COP,Desvíos del modelo (z-score),Tasa 10Y,1.960654063260655
2026-02-02,COP,Desvíos del modelo (z-score),Tasa 10Y,1.9560314526798703
2026-02-03,COP,Desvíos del modelo (z-score),Tasa 10Y,2.00630810827081
2026-02-04,COP,Desvíos del modelo (z-score),Tasa 10Y,2.3907522395615315
2026-02-05,COP,Desvíos del modelo (z-score),Tasa 10Y,2.285239866930782
2026-02-06,COP,Desvíos del modelo (z-score),Tasa 10Y,2.4850777332964213
2026-02-09,COP,Desvíos del modelo (z-score),Tasa 10Y,2.5913895559869946
2026-02-10,COP,Desvíos del modelo (z-score),Tasa 10Y,2.719163264270332
2026-02-11,COP,Desvíos del modelo (z-score),Tasa 10Y,2.7481093681385467
2026-02-12,COP,Desvíos del modelo (z-score),Tasa 10Y,2.6281255890800423
2026-02-13,COP,Desvíos del modelo (z-score),Tasa 10Y,2.51229649374573
2026-02-16,COP,Desvíos del modelo (z-score),Tasa 10Y,2.648629136323169
2026-02-17,COP,Desvíos del modelo (z-score),Tasa 10Y,2.850440387317344
2026-02-18,COP,Desvíos del modelo (z-score),Tasa 10Y,2.9722056108667183
2026-02-19,COP,Desvíos del modelo (z-score),Tasa 10Y,3.146813241573617
2026-02-20,COP,Desvíos del modelo (z-score),Tasa 10Y,3.219876442595906
2026-02-23,COP,Desvíos del modelo (z-score),Tasa 10Y,3.5962071747940008
2026-02-24,COP,Desvíos del modelo (z-score),Tasa 10Y,3.9282168685457206
2026-02-25,COP,Desvíos del modelo (z-score),Tasa 10Y,3.7267476075993784
2026-02-26,COP,Desvíos del modelo (z-score),Tasa 10Y,3.5589800956337023
2026-02-27,COP,Desvíos del modelo (z-score),Tasa 10Y,3.125347341444183
2026-03-02,COP,Desvíos del modelo (z-score),Tasa 10Y,3.0994437321810833
2026-03-03,COP,Desvíos del modelo (z-score),Tasa 10Y,3.0820160215299417
2026-03-04,COP,Desvíos del modelo (z-score),Tasa 10Y,3.0718515043354557
2026-03-05,COP,Desvíos del modelo (z-score),Tasa 10Y,2.6667922999851275
2026-03-06,COP,Desvíos del modelo (z-score),Tasa 10Y,2.4110380300549203
2026-03-09,COP,Desvíos del modelo (z-score),Tasa 10Y,2.606606039838073
2026-03-10,COP,Desvíos del modelo (z-score),Tasa 10Y,2.592871911218326
2026-03-11,COP,Desvíos del modelo (z-score),Tasa 10Y,2.6914509587773443
2026-03-12,COP,Desvíos del modelo (z-score),Tasa 10Y,2.6918221493162835
2026-03-13,COP,Desvíos del modelo (z-score),Tasa 10Y,2.7891544910342825
2026-03-16,COP,Desvíos del modelo (z-score),Tasa 10Y,2.8723798365290127
2026-03-17,COP,Desvíos del modelo (z-score),Tasa 10Y,2.7248249629627055
2026-03-18,COP,Desvíos del modelo (z-score),Tasa 10Y,2.5269183905822823
2026-03-19,COP,Desvíos del modelo (z-score),Tasa 10Y,2.4991935551233864
2026-03-20,COP,Desvíos del modelo (z-score),Tasa 10Y,2.318536517470771
2026-03-23,COP,Desvíos del modelo (z-score),Tasa 10Y,2.4289936689772973
2026-03-24,COP,Desvíos del modelo (z-score),Tasa 10Y,2.2470437994636345
2026-03-25,COP,Desvíos del modelo (z-score),Tasa 10Y,2.3179731367094245
2026-03-26,COP,Desvíos del modelo (z-score),Tasa 10Y,2.0835854076647506
2026-03-27,COP,Desvíos del modelo (z-score),Tasa 10Y,1.7974825310389224
2026-03-30,COP,Desvíos del modelo (z-score),Tasa 10Y,1.7195645842729115
2026-03-31,COP,Desvíos del modelo (z-score),Tasa 10Y,1.9785832665134135
2026-04-01,COP,Desvíos del modelo (z-score),Tasa 10Y,2.126198908648214
2026-04-02,COP,Desvíos del modelo (z-score),Tasa 10Y,2.1673021696406174
2026-04-06,COP,Desvíos del modelo (z-score),Tasa 10Y,2.198438293856402
2026-04-07,COP,Desvíos del modelo (z-score),Tasa 10Y,2.095054558278686
2026-04-08,COP,Desvíos del modelo (z-score),Tasa 10Y,2.470525478010848
2026-04-09,COP,Desvíos del modelo (z-score),Tasa 10Y,2.596465686665214
2026-04-10,COP,Desvíos del modelo (z-score),Tasa 10Y,2.5210154112161725
2026-04-13,COP,Desvíos del modelo (z-score),Tasa 10Y,2.6930642192781638
2026-04-14,COP,Desvíos del modelo (z-score),Tasa 10Y,2.8933885781458635
2026-04-15,COP,Desvíos del modelo (z-score),Tasa 10Y,3.171573960719922
2026-04-16,COP,Desvíos del modelo (z-score),Tasa 10Y,3.2795471658851296
2026-04-17,COP,Desvíos del modelo (z-score),Tasa 10Y,3.326385104405615
2026-04-20,COP,Desvíos del modelo (z-score),Tasa 10Y,3.3414782148669766
2026-04-21,COP,Desvíos del modelo (z-score),Tasa 10Y,3.180804319033428
2026-04-22,COP,Desvíos del modelo (z-score),Tasa 10Y,3.3127484464528565
2026-04-23,COP,Desvíos del modelo (z-score),Tasa 10Y,3.498317652467697
2026-04-24,COP,Desvíos del modelo (z-score),Tasa 10Y,3.2964760953142793
2026-04-27,COP,Desvíos del modelo (z-score),Tasa 10Y,3.678081524477727
2026-04-28,COP,Desvíos del modelo (z-score),Tasa 10Y,3.3871400612204323
2026-04-29,COP,Desvíos del modelo (z-score),Tasa 10Y,3.408251193182755
2026-04-30,COP,Desvíos del modelo (z-score),Tasa 10Y,3.6256740010625683
2026-05-04,COP,Desvíos del modelo (z-score),Tasa 10Y,3.503862739764363
2026-05-05,COP,Desvíos del modelo (z-score),Tasa 10Y,4.0239784293925895
2026-05-06,COP,Desvíos del modelo (z-score),Tasa 10Y,3.95646650628439
2026-05-07,COP,Desvíos del modelo (z-score),Tasa 10Y,3.730105157069839
2026-05-08,COP,Desvíos del modelo (z-score),Tasa 10Y,4.069970658081047
2026-05-11,COP,Desvíos del modelo (z-score),Tasa 10Y,3.90395768448886
2026-05-12,COP,Desvíos del modelo (z-score),Tasa 10Y,3.8629251570465315
2026-05-13,COP,Desvíos del modelo (z-score),Tasa 10Y,4.009407291863479
2026-05-14,COP,Desvíos del modelo (z-score),Tasa 10Y,3.876629979464572
2026-05-15,COP,Desvíos del modelo (z-score),Tasa 10Y,4.182526372756374
2026-05-18,COP,Desvíos del modelo (z-score),Tasa 10Y,4.422930847330494
2026-05-19,COP,Desvíos del modelo (z-score),Tasa 10Y,4.523965541270679
2026-05-20,COP,Desvíos del modelo (z-score),Tasa 10Y,4.218834132465867
2026-05-22,COP,Desvíos del modelo (z-score),Tasa 10Y,4.00373568856163
2026-05-25,COP,Desvíos del modelo (z-score),Tasa 10Y,3.7350834892032867
2026-05-26,COP,Desvíos del modelo (z-score),Tasa 10Y,3.781407532873278
2026-05-27,COP,Desvíos del modelo (z-score),Tasa 10Y,3.944020271919091
2026-05-28,COP,Desvíos del modelo (z-score),Tasa 10Y,3.82029913540775
2026-05-29,COP,Desvíos del modelo (z-score),Tasa 10Y,3.6277152706351745
2026-06-01,COP,Desvíos del modelo (z-score),Tasa 10Y,3.2545717219603114
2026-06-02,COP,Desvíos del modelo (z-score),Tasa 10Y,3.3143873450039427
2025-01-02,COP,Tasas (%),TPM,9.5
2025-01-03,COP,Tasas (%),TPM,9.5
2025-01-06,COP,Tasas (%),TPM,9.5
2025-01-07,COP,Tasas (%),TPM,9.5
2025-01-08,COP,Tasas (%),TPM,9.5
2025-01-09,COP,Tasas (%),TPM,9.5
2025-01-10,COP,Tasas (%),TPM,9.5
2025-01-13,COP,Tasas (%),TPM,9.5
2025-01-14,COP,Tasas (%),TPM,9.5
2025-01-15,COP,Tasas (%),TPM,9.5
2025-01-16,COP,Tasas (%),TPM,9.5
2025-01-17,COP,Tasas (%),TPM,9.5
2025-01-20,COP,Tasas (%),TPM,9.5
2025-01-21,COP,Tasas (%),TPM,9.5
2025-01-22,COP,Tasas (%),TPM,9.5
2025-01-23,COP,Tasas (%),TPM,9.5
2025-01-24,COP,Tasas (%),TPM,9.5
2025-01-27,COP,Tasas (%),TPM,9.5
2025-01-28,COP,Tasas (%),TPM,9.5
2025-01-29,COP,Tasas (%),TPM,9.5
2025-01-30,COP,Tasas (%),TPM,9.5
2025-01-31,COP,Tasas (%),TPM,9.5
2025-02-03,COP,Tasas (%),TPM,9.5
2025-02-04,COP,Tasas (%),TPM,9.5
2025-02-05,COP,Tasas (%),TPM,9.5
2025-02-06,COP,Tasas (%),TPM,9.5
2025-02-07,COP,Tasas (%),TPM,9.5
2025-02-10,COP,Tasas (%),TPM,9.5
2025-02-11,COP,Tasas (%),TPM,9.5
2025-02-12,COP,Tasas (%),TPM,9.5
2025-02-13,COP,Tasas (%),TPM,9.5
2025-02-14,COP,Tasas (%),TPM,9.5
2025-02-17,COP,Tasas (%),TPM,9.5
2025-02-18,COP,Tasas (%),TPM,9.5
2025-02-19,COP,Tasas (%),TPM,9.5
2025-02-20,COP,Tasas (%),TPM,9.5
2025-02-21,COP,Tasas (%),TPM,9.5
2025-02-24,COP,Tasas (%),TPM,9.5
2025-02-25,COP,Tasas (%),TPM,9.5
2025-02-26,COP,Tasas (%),TPM,9.5
2025-02-27,COP,Tasas (%),TPM,9.5
2025-02-28,COP,Tasas (%),TPM,9.5
2025-03-03,COP,Tasas (%),TPM,9.5
2025-03-04,COP,Tasas (%),TPM,9.5
2025-03-05,COP,Tasas (%),TPM,9.5
2025-03-06,COP,Tasas (%),TPM,9.5
2025-03-07,COP,Tasas (%),TPM,9.5
2025-03-10,COP,Tasas (%),TPM,9.5
2025-03-11,COP,Tasas (%),TPM,9.5
2025-03-12,COP,Tasas (%),TPM,9.5
2025-03-13,COP,Tasas (%),TPM,9.5
2025-03-14,COP,Tasas (%),TPM,9.5
2025-03-17,COP,Tasas (%),TPM,9.5
2025-03-18,COP,Tasas (%),TPM,9.5
2025-03-19,COP,Tasas (%),TPM,9.5
2025-03-20,COP,Tasas (%),TPM,9.5
2025-03-21,COP,Tasas (%),TPM,9.5
2025-03-24,COP,Tasas (%),TPM,9.5
2025-03-25,COP,Tasas (%),TPM,9.5
2025-03-26,COP,Tasas (%),TPM,9.5
2025-03-27,COP,Tasas (%),TPM,9.5
2025-03-28,COP,Tasas (%),TPM,9.5
2025-03-31,COP,Tasas (%),TPM,9.5
2025-04-01,COP,Tasas (%),TPM,9.5
2025-04-02,COP,Tasas (%),TPM,9.5
2025-04-03,COP,Tasas (%),TPM,9.5
2025-04-04,COP,Tasas (%),TPM,9.5
2025-04-07,COP,Tasas (%),TPM,9.5
2025-04-08,COP,Tasas (%),TPM,9.5
2025-04-09,COP,Tasas (%),TPM,9.5
2025-04-10,COP,Tasas (%),TPM,9.5
2025-04-11,COP,Tasas (%),TPM,9.5
2025-04-14,COP,Tasas (%),TPM,9.5
2025-04-15,COP,Tasas (%),TPM,9.5
2025-04-16,COP,Tasas (%),TPM,9.5
2025-04-17,COP,Tasas (%),TPM,9.5
2025-04-21,COP,Tasas (%),TPM,9.5
2025-04-22,COP,Tasas (%),TPM,9.5
2025-04-23,COP,Tasas (%),TPM,9.5
2025-04-24,COP,Tasas (%),TPM,9.5
2025-04-25,COP,Tasas (%),TPM,9.5
2025-04-28,COP,Tasas (%),TPM,9.5
2025-04-29,COP,Tasas (%),TPM,9.5
2025-04-30,COP,Tasas (%),TPM,9.25
2025-05-02,COP,Tasas (%),TPM,9.25
2025-05-05,COP,Tasas (%),TPM,9.25
2025-05-06,COP,Tasas (%),TPM,9.25
2025-05-07,COP,Tasas (%),TPM,9.25
2025-05-08,COP,Tasas (%),TPM,9.25
2025-05-09,COP,Tasas (%),TPM,9.25
2025-05-12,COP,Tasas (%),TPM,9.25
2025-05-13,COP,Tasas (%),TPM,9.25
2025-05-14,COP,Tasas (%),TPM,9.25
2025-05-15,COP,Tasas (%),TPM,9.25
2025-05-16,COP,Tasas (%),TPM,9.25
2025-05-19,COP,Tasas (%),TPM,9.25
2025-05-20,COP,Tasas (%),TPM,9.25
2025-05-22,COP,Tasas (%),TPM,9.25
2025-05-23,COP,Tasas (%),TPM,9.25
2025-05-26,COP,Tasas (%),TPM,9.25
2025-05-27,COP,Tasas (%),TPM,9.25
2025-05-28,COP,Tasas (%),TPM,9.25
2025-05-29,COP,Tasas (%),TPM,9.25
2025-05-30,COP,Tasas (%),TPM,9.25
2025-06-02,COP,Tasas (%),TPM,9.25
2025-06-03,COP,Tasas (%),TPM,9.25
2025-06-04,COP,Tasas (%),TPM,9.25
2025-06-05,COP,Tasas (%),TPM,9.25
2025-06-06,COP,Tasas (%),TPM,9.25
2025-06-09,COP,Tasas (%),TPM,9.25
2025-06-10,COP,Tasas (%),TPM,9.25
2025-06-11,COP,Tasas (%),TPM,9.25
2025-06-12,COP,Tasas (%),TPM,9.25
2025-06-13,COP,Tasas (%),TPM,9.25
2025-06-16,COP,Tasas (%),TPM,9.25
2025-06-17,COP,Tasas (%),TPM,9.25
2025-06-18,COP,Tasas (%),TPM,9.25
2025-06-19,COP,Tasas (%),TPM,9.25
2025-06-23,COP,Tasas (%),TPM,9.25
2025-06-24,COP,Tasas (%),TPM,9.25
2025-06-25,COP,Tasas (%),TPM,9.25
2025-06-26,COP,Tasas (%),TPM,9.25
2025-06-27,COP,Tasas (%),TPM,9.25
2025-06-30,COP,Tasas (%),TPM,9.25
2025-07-01,COP,Tasas (%),TPM,9.25
2025-07-02,COP,Tasas (%),TPM,9.25
2025-07-03,COP,Tasas (%),TPM,9.25
2025-07-04,COP,Tasas (%),TPM,9.25
2025-07-07,COP,Tasas (%),TPM,9.25
2025-07-08,COP,Tasas (%),TPM,9.25
2025-07-09,COP,Tasas (%),TPM,9.25
2025-07-10,COP,Tasas (%),TPM,9.25
2025-07-11,COP,Tasas (%),TPM,9.25
2025-07-14,COP,Tasas (%),TPM,9.25
2025-07-15,COP,Tasas (%),TPM,9.25
2025-07-17,COP,Tasas (%),TPM,9.25
2025-07-18,COP,Tasas (%),TPM,9.25
2025-07-21,COP,Tasas (%),TPM,9.25
2025-07-22,COP,Tasas (%),TPM,9.25
2025-07-23,COP,Tasas (%),TPM,9.25
2025-07-24,COP,Tasas (%),TPM,9.25
2025-07-25,COP,Tasas (%),TPM,9.25
2025-07-28,COP,Tasas (%),TPM,9.25
2025-07-29,COP,Tasas (%),TPM,9.25
2025-07-30,COP,Tasas (%),TPM,9.25
2025-07-31,COP,Tasas (%),TPM,9.25
2025-08-01,COP,Tasas (%),TPM,9.25
2025-08-04,COP,Tasas (%),TPM,9.25
2025-08-05,COP,Tasas (%),TPM,9.25
2025-08-06,COP,Tasas (%),TPM,9.25
2025-08-07,COP,Tasas (%),TPM,9.25
2025-08-08,COP,Tasas (%),TPM,9.25
2025-08-11,COP,Tasas (%),TPM,9.25
2025-08-12,COP,Tasas (%),TPM,9.25
2025-08-13,COP,Tasas (%),TPM,9.25
2025-08-14,COP,Tasas (%),TPM,9.25
2025-08-18,COP,Tasas (%),TPM,9.25
2025-08-19,COP,Tasas (%),TPM,9.25
2025-08-20,COP,Tasas (%),TPM,9.25
2025-08-21,COP,Tasas (%),TPM,9.25
2025-08-22,COP,Tasas (%),TPM,9.25
2025-08-25,COP,Tasas (%),TPM,9.25
2025-08-26,COP,Tasas (%),TPM,9.25
2025-08-27,COP,Tasas (%),TPM,9.25
2025-08-28,COP,Tasas (%),TPM,9.25
2025-08-29,COP,Tasas (%),TPM,9.25
2025-09-01,COP,Tasas (%),TPM,9.25
2025-09-02,COP,Tasas (%),TPM,9.25
2025-09-03,COP,Tasas (%),TPM,9.25
2025-09-04,COP,Tasas (%),TPM,9.25
2025-09-05,COP,Tasas (%),TPM,9.25
2025-09-08,COP,Tasas (%),TPM,9.25
2025-09-09,COP,Tasas (%),TPM,9.25
2025-09-10,COP,Tasas (%),TPM,9.25
2025-09-11,COP,Tasas (%),TPM,9.25
2025-09-12,COP,Tasas (%),TPM,9.25
2025-09-15,COP,Tasas (%),TPM,9.25
2025-09-16,COP,Tasas (%),TPM,9.25
2025-09-17,COP,Tasas (%),TPM,9.25
2025-09-22,COP,Tasas (%),TPM,9.25
2025-09-23,COP,Tasas (%),TPM,9.25
2025-09-24,COP,Tasas (%),TPM,9.25
2025-09-25,COP,Tasas (%),TPM,9.25
2025-09-26,COP,Tasas (%),TPM,9.25
2025-09-29,COP,Tasas (%),TPM,9.25
2025-09-30,COP,Tasas (%),TPM,9.25
2025-10-01,COP,Tasas (%),TPM,9.25
2025-10-02,COP,Tasas (%),TPM,9.25
2025-10-03,COP,Tasas (%),TPM,9.25
2025-10-06,COP,Tasas (%),TPM,9.25
2025-10-07,COP,Tasas (%),TPM,9.25
2025-10-08,COP,Tasas (%),TPM,9.25
2025-10-09,COP,Tasas (%),TPM,9.25
2025-10-10,COP,Tasas (%),TPM,9.25
2025-10-13,COP,Tasas (%),TPM,9.25
2025-10-14,COP,Tasas (%),TPM,9.25
2025-10-15,COP,Tasas (%),TPM,9.25
2025-10-16,COP,Tasas (%),TPM,9.25
2025-10-17,COP,Tasas (%),TPM,9.25
2025-10-20,COP,Tasas (%),TPM,9.25
2025-10-21,COP,Tasas (%),TPM,9.25
2025-10-22,COP,Tasas (%),TPM,9.25
2025-10-23,COP,Tasas (%),TPM,9.25
2025-10-24,COP,Tasas (%),TPM,9.25
2025-10-27,COP,Tasas (%),TPM,9.25
2025-10-28,COP,Tasas (%),TPM,9.25
2025-10-29,COP,Tasas (%),TPM,9.25
2025-10-30,COP,Tasas (%),TPM,9.25
2025-11-03,COP,Tasas (%),TPM,9.25
2025-11-04,COP,Tasas (%),TPM,9.25
2025-11-05,COP,Tasas (%),TPM,9.25
2025-11-06,COP,Tasas (%),TPM,9.25
2025-11-07,COP,Tasas (%),TPM,9.25
2025-11-10,COP,Tasas (%),TPM,9.25
2025-11-11,COP,Tasas (%),TPM,9.25
2025-11-12,COP,Tasas (%),TPM,9.25
2025-11-13,COP,Tasas (%),TPM,9.25
2025-11-14,COP,Tasas (%),TPM,9.25
2025-11-17,COP,Tasas (%),TPM,9.25
2025-11-18,COP,Tasas (%),TPM,9.25
2025-11-19,COP,Tasas (%),TPM,9.25
2025-11-20,COP,Tasas (%),TPM,9.25
2025-11-21,COP,Tasas (%),TPM,9.25
2025-11-24,COP,Tasas (%),TPM,9.25
2025-11-25,COP,Tasas (%),TPM,9.25
2025-11-26,COP,Tasas (%),TPM,9.25
2025-11-27,COP,Tasas (%),TPM,9.25
2025-11-28,COP,Tasas (%),TPM,9.25
2025-12-01,COP,Tasas (%),TPM,9.25
2025-12-02,COP,Tasas (%),TPM,9.25
2025-12-03,COP,Tasas (%),TPM,9.25
2025-12-04,COP,Tasas (%),TPM,9.25
2025-12-05,COP,Tasas (%),TPM,9.25
2025-12-09,COP,Tasas (%),TPM,9.25
2025-12-10,COP,Tasas (%),TPM,9.25
2025-12-11,COP,Tasas (%),TPM,9.25
2025-12-12,COP,Tasas (%),TPM,9.25
2025-12-15,COP,Tasas (%),TPM,9.25
2025-12-16,COP,Tasas (%),TPM,9.25
2025-12-17,COP,Tasas (%),TPM,9.25
2025-12-18,COP,Tasas (%),TPM,9.25
2025-12-19,COP,Tasas (%),TPM,9.25
2025-12-22,COP,Tasas (%),TPM,9.25
2025-12-23,COP,Tasas (%),TPM,9.25
2025-12-24,COP,Tasas (%),TPM,9.25
2025-12-26,COP,Tasas (%),TPM,9.25
2025-12-29,COP,Tasas (%),TPM,9.25
2025-12-30,COP,Tasas (%),TPM,9.25
2026-01-02,COP,Tasas (%),TPM,9.25
2026-01-05,COP,Tasas (%),TPM,9.25
2026-01-06,COP,Tasas (%),TPM,9.25
2026-01-07,COP,Tasas (%),TPM,9.25
2026-01-08,COP,Tasas (%),TPM,9.25
2026-01-09,COP,Tasas (%),TPM,9.25
2026-01-12,COP,Tasas (%),TPM,9.25
2026-01-13,COP,Tasas (%),TPM,9.25
2026-01-14,COP,Tasas (%),TPM,9.25
2026-01-15,COP,Tasas (%),TPM,9.25
2026-01-16,COP,Tasas (%),TPM,9.25
2026-01-19,COP,Tasas (%),TPM,9.25
2026-01-20,COP,Tasas (%),TPM,9.25
2026-01-21,COP,Tasas (%),TPM,9.25
2026-01-22,COP,Tasas (%),TPM,9.25
2026-01-23,COP,Tasas (%),TPM,9.25
2026-01-26,COP,Tasas (%),TPM,9.25
2026-01-27,COP,Tasas (%),TPM,9.25
2026-01-28,COP,Tasas (%),TPM,9.25
2026-01-29,COP,Tasas (%),TPM,9.25
2026-01-30,COP,Tasas (%),TPM,10.25
2026-02-02,COP,Tasas (%),TPM,10.25
2026-02-03,COP,Tasas (%),TPM,10.25
2026-02-04,COP,Tasas (%),TPM,10.25
2026-02-05,COP,Tasas (%),TPM,10.25
2026-02-06,COP,Tasas (%),TPM,10.25
2026-02-09,COP,Tasas (%),TPM,10.25
2026-02-10,COP,Tasas (%),TPM,10.25
2026-02-11,COP,Tasas (%),TPM,10.25
2026-02-12,COP,Tasas (%),TPM,10.25
2026-02-13,COP,Tasas (%),TPM,10.25
2026-02-16,COP,Tasas (%),TPM,10.25
2026-02-17,COP,Tasas (%),TPM,10.25
2026-02-18,COP,Tasas (%),TPM,10.25
2026-02-19,COP,Tasas (%),TPM,10.25
2026-02-20,COP,Tasas (%),TPM,10.25
2026-02-23,COP,Tasas (%),TPM,10.25
2026-02-24,COP,Tasas (%),TPM,10.25
2026-02-25,COP,Tasas (%),TPM,10.25
2026-02-26,COP,Tasas (%),TPM,10.25
2026-02-27,COP,Tasas (%),TPM,10.25
2026-03-02,COP,Tasas (%),TPM,10.25
2026-03-03,COP,Tasas (%),TPM,10.25
2026-03-04,COP,Tasas (%),TPM,10.25
2026-03-05,COP,Tasas (%),TPM,10.25
2026-03-06,COP,Tasas (%),TPM,10.25
2026-03-09,COP,Tasas (%),TPM,10.25
2026-03-10,COP,Tasas (%),TPM,10.25
2026-03-11,COP,Tasas (%),TPM,10.25
2026-03-12,COP,Tasas (%),TPM,10.25
2026-03-13,COP,Tasas (%),TPM,10.25
2026-03-16,COP,Tasas (%),TPM,10.25
2026-03-17,COP,Tasas (%),TPM,10.25
2026-03-18,COP,Tasas (%),TPM,10.25
2026-03-19,COP,Tasas (%),TPM,10.25
2026-03-20,COP,Tasas (%),TPM,10.25
2026-03-23,COP,Tasas (%),TPM,10.25
2026-03-24,COP,Tasas (%),TPM,10.25
2026-03-25,COP,Tasas (%),TPM,10.25
2026-03-26,COP,Tasas (%),TPM,10.25
2026-03-27,COP,Tasas (%),TPM,10.25
2026-03-30,COP,Tasas (%),TPM,10.25
2026-03-31,COP,Tasas (%),TPM,11.25
2026-04-01,COP,Tasas (%),TPM,11.25
2026-04-02,COP,Tasas (%),TPM,11.25
2026-04-06,COP,Tasas (%),TPM,11.25
2026-04-07,COP,Tasas (%),TPM,11.25
2026-04-08,COP,Tasas (%),TPM,11.25
2026-04-09,COP,Tasas (%),TPM,11.25
2026-04-10,COP,Tasas (%),TPM,11.25
2026-04-13,COP,Tasas (%),TPM,11.25
2026-04-14,COP,Tasas (%),TPM,11.25
2026-04-15,COP,Tasas (%),TPM,11.25
2026-04-16,COP,Tasas (%),TPM,11.25
2026-04-17,COP,Tasas (%),TPM,11.25
2026-04-20,COP,Tasas (%),TPM,11.25
2026-04-21,COP,Tasas (%),TPM,11.25
2026-04-22,COP,Tasas (%),TPM,11.25
2026-04-23,COP,Tasas (%),TPM,11.25
2026-04-24,COP,Tasas (%),TPM,11.25
2026-04-27,COP,Tasas (%),TPM,11.25
2026-04-28,COP,Tasas (%),TPM,11.25
2026-04-29,COP,Tasas (%),TPM,11.25
2026-04-30,COP,Tasas (%),TPM,11.25
2026-05-04,COP,Tasas (%),TPM,11.25
2026-05-05,COP,Tasas (%),TPM,11.25
2026-05-06,COP,Tasas (%),TPM,11.25
2026-05-07,COP,Tasas (%),TPM,11.25
2026-05-08,COP,Tasas (%),TPM,11.25
2026-05-11,COP,Tasas (%),TPM,11.25
2026-05-12,COP,Tasas (%),TPM,11.25
2026-05-13,COP,Tasas (%),TPM,11.25
2026-05-14,COP,Tasas (%),TPM,11.25
2026-05-15,COP,Tasas (%),TPM,11.25
2026-05-18,COP,Tasas (%),TPM,11.25
2026-05-19,COP,Tasas (%),TPM,11.25
2026-05-20,COP,Tasas (%),TPM,11.25
2026-05-22,COP,Tasas (%),TPM,11.25
2026-05-25,COP,Tasas (%),TPM,11.25
2026-05-26,COP,Tasas (%),TPM,11.25
2026-05-27,COP,Tasas (%),TPM,11.25
2026-05-28,COP,Tasas (%),TPM,11.25
2026-05-29,COP,Tasas (%),TPM,11.25
2026-06-01,COP,Tasas (%),TPM,11.25
2026-06-02,COP,Tasas (%),TPM,11.25
2025-01-02,COP,Tasas (%),Tasa 10Y,11.823
2025-01-03,COP,Tasas (%),Tasa 10Y,11.727
2025-01-06,COP,Tasas (%),Tasa 10Y,11.651
2025-01-07,COP,Tasas (%),Tasa 10Y,11.575
2025-01-08,COP,Tasas (%),Tasa 10Y,11.559
2025-01-09,COP,Tasas (%),Tasa 10Y,11.518
2025-01-10,COP,Tasas (%),Tasa 10Y,11.524
2025-01-13,COP,Tasas (%),Tasa 10Y,11.681
2025-01-14,COP,Tasas (%),Tasa 10Y,11.673
2025-01-15,COP,Tasas (%),Tasa 10Y,11.578
2025-01-16,COP,Tasas (%),Tasa 10Y,11.593
2025-01-17,COP,Tasas (%),Tasa 10Y,11.612
2025-01-20,COP,Tasas (%),Tasa 10Y,11.534500000000001
2025-01-21,COP,Tasas (%),Tasa 10Y,11.457
2025-01-22,COP,Tasas (%),Tasa 10Y,11.404
2025-01-23,COP,Tasas (%),Tasa 10Y,11.358
2025-01-24,COP,Tasas (%),Tasa 10Y,11.21
2025-01-27,COP,Tasas (%),Tasa 10Y,11.276
2025-01-28,COP,Tasas (%),Tasa 10Y,11.353
2025-01-29,COP,Tasas (%),Tasa 10Y,11.384
2025-01-30,COP,Tasas (%),Tasa 10Y,11.366
2025-01-31,COP,Tasas (%),Tasa 10Y,11.446
2025-02-03,COP,Tasas (%),Tasa 10Y,11.487
2025-02-04,COP,Tasas (%),Tasa 10Y,11.373
2025-02-05,COP,Tasas (%),Tasa 10Y,11.356
2025-02-06,COP,Tasas (%),Tasa 10Y,11.35
2025-02-07,COP,Tasas (%),Tasa 10Y,11.394
2025-02-10,COP,Tasas (%),Tasa 10Y,11.437
2025-02-11,COP,Tasas (%),Tasa 10Y,11.494
2025-02-12,COP,Tasas (%),Tasa 10Y,11.632
2025-02-13,COP,Tasas (%),Tasa 10Y,11.615
2025-02-14,COP,Tasas (%),Tasa 10Y,11.653
2025-02-17,COP,Tasas (%),Tasa 10Y,11.654
2025-02-18,COP,Tasas (%),Tasa 10Y,11.655
2025-02-19,COP,Tasas (%),Tasa 10Y,11.642
2025-02-20,COP,Tasas (%),Tasa 10Y,11.627
2025-02-21,COP,Tasas (%),Tasa 10Y,11.584
2025-02-24,COP,Tasas (%),Tasa 10Y,11.559
2025-02-25,COP,Tasas (%),Tasa 10Y,11.568
2025-02-26,COP,Tasas (%),Tasa 10Y,11.513
2025-02-27,COP,Tasas (%),Tasa 10Y,11.491
2025-02-28,COP,Tasas (%),Tasa 10Y,11.447
2025-03-03,COP,Tasas (%),Tasa 10Y,11.455
2025-03-04,COP,Tasas (%),Tasa 10Y,11.419
2025-03-05,COP,Tasas (%),Tasa 10Y,11.399
2025-03-06,COP,Tasas (%),Tasa 10Y,11.404
2025-03-07,COP,Tasas (%),Tasa 10Y,11.439
2025-03-10,COP,Tasas (%),Tasa 10Y,11.504
2025-03-11,COP,Tasas (%),Tasa 10Y,11.526
2025-03-12,COP,Tasas (%),Tasa 10Y,11.56
2025-03-13,COP,Tasas (%),Tasa 10Y,11.59
2025-03-14,COP,Tasas (%),Tasa 10Y,11.623
2025-03-17,COP,Tasas (%),Tasa 10Y,11.704
2025-03-18,COP,Tasas (%),Tasa 10Y,11.885
2025-03-19,COP,Tasas (%),Tasa 10Y,12.003
2025-03-20,COP,Tasas (%),Tasa 10Y,12.011
2025-03-21,COP,Tasas (%),Tasa 10Y,11.853
2025-03-24,COP,Tasas (%),Tasa 10Y,11.8925
2025-03-25,COP,Tasas (%),Tasa 10Y,11.932
2025-03-26,COP,Tasas (%),Tasa 10Y,12.018
2025-03-27,COP,Tasas (%),Tasa 10Y,12.157
2025-03-28,COP,Tasas (%),Tasa 10Y,12.277
2025-03-31,COP,Tasas (%),Tasa 10Y,12.254
2025-04-01,COP,Tasas (%),Tasa 10Y,12.142
2025-04-02,COP,Tasas (%),Tasa 10Y,12.091
2025-04-03,COP,Tasas (%),Tasa 10Y,12.026
2025-04-04,COP,Tasas (%),Tasa 10Y,11.97
2025-04-07,COP,Tasas (%),Tasa 10Y,12.109
2025-04-08,COP,Tasas (%),Tasa 10Y,12.18
2025-04-09,COP,Tasas (%),Tasa 10Y,12.083
2025-04-10,COP,Tasas (%),Tasa 10Y,12.146
2025-04-11,COP,Tasas (%),Tasa 10Y,12.612
2025-04-14,COP,Tasas (%),Tasa 10Y,12.62
2025-04-15,COP,Tasas (%),Tasa 10Y,12.576
2025-04-16,COP,Tasas (%),Tasa 10Y,12.542
2025-04-17,COP,Tasas (%),Tasa 10Y,12.5335
2025-04-21,COP,Tasas (%),Tasa 10Y,12.525
2025-04-22,COP,Tasas (%),Tasa 10Y,12.386
2025-04-23,COP,Tasas (%),Tasa 10Y,12.253
2025-04-24,COP,Tasas (%),Tasa 10Y,12.142
2025-04-25,COP,Tasas (%),Tasa 10Y,12.144
2025-04-28,COP,Tasas (%),Tasa 10Y,12.294
2025-04-29,COP,Tasas (%),Tasa 10Y,12.306
2025-04-30,COP,Tasas (%),Tasa 10Y,12.348
2025-05-02,COP,Tasas (%),Tasa 10Y,12.339
2025-05-05,COP,Tasas (%),Tasa 10Y,12.354
2025-05-06,COP,Tasas (%),Tasa 10Y,12.298
2025-05-07,COP,Tasas (%),Tasa 10Y,12.19
2025-05-08,COP,Tasas (%),Tasa 10Y,12.178
2025-05-09,COP,Tasas (%),Tasa 10Y,12.209
2025-05-12,COP,Tasas (%),Tasa 10Y,12.261
2025-05-13,COP,Tasas (%),Tasa 10Y,12.283
2025-05-14,COP,Tasas (%),Tasa 10Y,12.295
2025-05-15,COP,Tasas (%),Tasa 10Y,12.246
2025-05-16,COP,Tasas (%),Tasa 10Y,12.198
2025-05-19,COP,Tasas (%),Tasa 10Y,12.239
2025-05-20,COP,Tasas (%),Tasa 10Y,12.215
2025-05-22,COP,Tasas (%),Tasa 10Y,12.316
2025-05-23,COP,Tasas (%),Tasa 10Y,12.367
2025-05-26,COP,Tasas (%),Tasa 10Y,12.343
2025-05-27,COP,Tasas (%),Tasa 10Y,12.337
2025-05-28,COP,Tasas (%),Tasa 10Y,12.379
2025-05-29,COP,Tasas (%),Tasa 10Y,12.381
2025-05-30,COP,Tasas (%),Tasa 10Y,12.373
2025-06-02,COP,Tasas (%),Tasa 10Y,12.372
2025-06-03,COP,Tasas (%),Tasa 10Y,12.371
2025-06-04,COP,Tasas (%),Tasa 10Y,12.381
2025-06-05,COP,Tasas (%),Tasa 10Y,12.405
2025-06-06,COP,Tasas (%),Tasa 10Y,12.518
2025-06-09,COP,Tasas (%),Tasa 10Y,12.655
2025-06-10,COP,Tasas (%),Tasa 10Y,12.683
2025-06-11,COP,Tasas (%),Tasa 10Y,12.778
2025-06-12,COP,Tasas (%),Tasa 10Y,12.776
2025-06-13,COP,Tasas (%),Tasa 10Y,12.733
2025-06-16,COP,Tasas (%),Tasa 10Y,12.644
2025-06-17,COP,Tasas (%),Tasa 10Y,12.515
2025-06-18,COP,Tasas (%),Tasa 10Y,12.298
2025-06-19,COP,Tasas (%),Tasa 10Y,12.279666666666667
2025-06-23,COP,Tasas (%),Tasa 10Y,12.261333333333333
2025-06-24,COP,Tasas (%),Tasa 10Y,12.243
2025-06-25,COP,Tasas (%),Tasa 10Y,12.27
2025-06-26,COP,Tasas (%),Tasa 10Y,12.245
2025-06-27,COP,Tasas (%),Tasa 10Y,12.256
2025-06-30,COP,Tasas (%),Tasa 10Y,12.2695
2025-07-01,COP,Tasas (%),Tasa 10Y,12.283
2025-07-02,COP,Tasas (%),Tasa 10Y,12.22
2025-07-03,COP,Tasas (%),Tasa 10Y,12.159
2025-07-04,COP,Tasas (%),Tasa 10Y,12.193000000000001
2025-07-07,COP,Tasas (%),Tasa 10Y,12.227
2025-07-08,COP,Tasas (%),Tasa 10Y,12.254
2025-07-09,COP,Tasas (%),Tasa 10Y,12.182
2025-07-10,COP,Tasas (%),Tasa 10Y,12.122
2025-07-11,COP,Tasas (%),Tasa 10Y,12.103
2025-07-14,COP,Tasas (%),Tasa 10Y,11.997
2025-07-15,COP,Tasas (%),Tasa 10Y,11.878
2025-07-17,COP,Tasas (%),Tasa 10Y,11.674
2025-07-18,COP,Tasas (%),Tasa 10Y,11.543
2025-07-21,COP,Tasas (%),Tasa 10Y,11.521
2025-07-22,COP,Tasas (%),Tasa 10Y,11.695
2025-07-23,COP,Tasas (%),Tasa 10Y,11.733
2025-07-24,COP,Tasas (%),Tasa 10Y,11.779
2025-07-25,COP,Tasas (%),Tasa 10Y,11.783
2025-07-28,COP,Tasas (%),Tasa 10Y,11.851
2025-07-29,COP,Tasas (%),Tasa 10Y,11.765
2025-07-30,COP,Tasas (%),Tasa 10Y,11.835
2025-07-31,COP,Tasas (%),Tasa 10Y,11.917
2025-08-01,COP,Tasas (%),Tasa 10Y,11.983
2025-08-04,COP,Tasas (%),Tasa 10Y,11.937
2025-08-05,COP,Tasas (%),Tasa 10Y,11.708
2025-08-06,COP,Tasas (%),Tasa 10Y,11.659
2025-08-07,COP,Tasas (%),Tasa 10Y,11.721
2025-08-08,COP,Tasas (%),Tasa 10Y,11.783
2025-08-11,COP,Tasas (%),Tasa 10Y,11.818
2025-08-12,COP,Tasas (%),Tasa 10Y,11.73
2025-08-13,COP,Tasas (%),Tasa 10Y,11.741
2025-08-14,COP,Tasas (%),Tasa 10Y,11.77
2025-08-18,COP,Tasas (%),Tasa 10Y,11.7775
2025-08-19,COP,Tasas (%),Tasa 10Y,11.785
2025-08-20,COP,Tasas (%),Tasa 10Y,11.699
2025-08-21,COP,Tasas (%),Tasa 10Y,11.704
2025-08-22,COP,Tasas (%),Tasa 10Y,11.605
2025-08-25,COP,Tasas (%),Tasa 10Y,11.474
2025-08-26,COP,Tasas (%),Tasa 10Y,11.458
2025-08-27,COP,Tasas (%),Tasa 10Y,11.472
2025-08-28,COP,Tasas (%),Tasa 10Y,11.404
2025-08-29,COP,Tasas (%),Tasa 10Y,11.351
2025-09-01,COP,Tasas (%),Tasa 10Y,11.382000000000001
2025-09-02,COP,Tasas (%),Tasa 10Y,11.413
2025-09-03,COP,Tasas (%),Tasa 10Y,11.509
2025-09-04,COP,Tasas (%),Tasa 10Y,11.576
2025-09-05,COP,Tasas (%),Tasa 10Y,11.532
2025-09-08,COP,Tasas (%),Tasa 10Y,11.507
2025-09-09,COP,Tasas (%),Tasa 10Y,11.408
2025-09-10,COP,Tasas (%),Tasa 10Y,11.297
2025-09-11,COP,Tasas (%),Tasa 10Y,11.208
2025-09-12,COP,Tasas (%),Tasa 10Y,11.244
2025-09-15,COP,Tasas (%),Tasa 10Y,11.274
2025-09-16,COP,Tasas (%),Tasa 10Y,11.193
2025-09-17,COP,Tasas (%),Tasa 10Y,11.138
2025-09-22,COP,Tasas (%),Tasa 10Y,11.181
2025-09-23,COP,Tasas (%),Tasa 10Y,11.159
2025-09-24,COP,Tasas (%),Tasa 10Y,11.196
2025-09-25,COP,Tasas (%),Tasa 10Y,11.267
2025-09-26,COP,Tasas (%),Tasa 10Y,11.288
2025-09-29,COP,Tasas (%),Tasa 10Y,11.292
2025-09-30,COP,Tasas (%),Tasa 10Y,11.341
2025-10-01,COP,Tasas (%),Tasa 10Y,11.338
2025-10-02,COP,Tasas (%),Tasa 10Y,11.336
2025-10-03,COP,Tasas (%),Tasa 10Y,11.359
2025-10-06,COP,Tasas (%),Tasa 10Y,11.399
2025-10-07,COP,Tasas (%),Tasa 10Y,11.392
2025-10-08,COP,Tasas (%),Tasa 10Y,11.449
2025-10-09,COP,Tasas (%),Tasa 10Y,11.478
2025-10-10,COP,Tasas (%),Tasa 10Y,11.578
2025-10-13,COP,Tasas (%),Tasa 10Y,11.552
2025-10-14,COP,Tasas (%),Tasa 10Y,11.526
2025-10-15,COP,Tasas (%),Tasa 10Y,11.5
2025-10-16,COP,Tasas (%),Tasa 10Y,11.498
2025-10-17,COP,Tasas (%),Tasa 10Y,11.516
2025-10-20,COP,Tasas (%),Tasa 10Y,11.572
2025-10-21,COP,Tasas (%),Tasa 10Y,11.593
2025-10-22,COP,Tasas (%),Tasa 10Y,11.623
2025-10-23,COP,Tasas (%),Tasa 10Y,11.699
2025-10-24,COP,Tasas (%),Tasa 10Y,11.675
2025-10-27,COP,Tasas (%),Tasa 10Y,11.61
2025-10-28,COP,Tasas (%),Tasa 10Y,11.627
2025-10-29,COP,Tasas (%),Tasa 10Y,11.637
2025-10-30,COP,Tasas (%),Tasa 10Y,11.684
2025-11-03,COP,Tasas (%),Tasa 10Y,11.663
2025-11-04,COP,Tasas (%),Tasa 10Y,11.642
2025-11-05,COP,Tasas (%),Tasa 10Y,11.702
2025-11-06,COP,Tasas (%),Tasa 10Y,11.691
2025-11-07,COP,Tasas (%),Tasa 10Y,11.711
2025-11-10,COP,Tasas (%),Tasa 10Y,11.741
2025-11-11,COP,Tasas (%),Tasa 10Y,11.7975
2025-11-12,COP,Tasas (%),Tasa 10Y,11.854
2025-11-13,COP,Tasas (%),Tasa 10Y,11.969
2025-11-14,COP,Tasas (%),Tasa 10Y,12.113
2025-11-17,COP,Tasas (%),Tasa 10Y,12.132
2025-11-18,COP,Tasas (%),Tasa 10Y,12.151
2025-11-19,COP,Tasas (%),Tasa 10Y,12.259
2025-11-20,COP,Tasas (%),Tasa 10Y,12.267
2025-11-21,COP,Tasas (%),Tasa 10Y,12.345
2025-11-24,COP,Tasas (%),Tasa 10Y,12.382
2025-11-25,COP,Tasas (%),Tasa 10Y,12.422
2025-11-26,COP,Tasas (%),Tasa 10Y,12.646
2025-11-27,COP,Tasas (%),Tasa 10Y,12.584
2025-11-28,COP,Tasas (%),Tasa 10Y,12.522
2025-12-01,COP,Tasas (%),Tasa 10Y,12.536
2025-12-02,COP,Tasas (%),Tasa 10Y,12.524
2025-12-03,COP,Tasas (%),Tasa 10Y,12.349
2025-12-04,COP,Tasas (%),Tasa 10Y,12.133
2025-12-05,COP,Tasas (%),Tasa 10Y,12.049
2025-12-09,COP,Tasas (%),Tasa 10Y,12.225
2025-12-10,COP,Tasas (%),Tasa 10Y,12.54
2025-12-11,COP,Tasas (%),Tasa 10Y,12.483
2025-12-12,COP,Tasas (%),Tasa 10Y,12.443
2025-12-15,COP,Tasas (%),Tasa 10Y,12.38
2025-12-16,COP,Tasas (%),Tasa 10Y,12.39
2025-12-17,COP,Tasas (%),Tasa 10Y,12.462
2025-12-18,COP,Tasas (%),Tasa 10Y,12.504
2025-12-19,COP,Tasas (%),Tasa 10Y,12.317
2025-12-22,COP,Tasas (%),Tasa 10Y,11.794
2025-12-23,COP,Tasas (%),Tasa 10Y,11.808
2025-12-24,COP,Tasas (%),Tasa 10Y,11.895
2025-12-26,COP,Tasas (%),Tasa 10Y,11.984
2025-12-29,COP,Tasas (%),Tasa 10Y,12.416
2025-12-30,COP,Tasas (%),Tasa 10Y,12.618
2026-01-02,COP,Tasas (%),Tasa 10Y,12.711
2026-01-05,COP,Tasas (%),Tasa 10Y,12.635
2026-01-06,COP,Tasas (%),Tasa 10Y,12.457
2026-01-07,COP,Tasas (%),Tasa 10Y,12.52
2026-01-08,COP,Tasas (%),Tasa 10Y,12.547
2026-01-09,COP,Tasas (%),Tasa 10Y,12.513
2026-01-12,COP,Tasas (%),Tasa 10Y,12.483
2026-01-13,COP,Tasas (%),Tasa 10Y,12.453
2026-01-14,COP,Tasas (%),Tasa 10Y,12.205
2026-01-15,COP,Tasas (%),Tasa 10Y,12.019
2026-01-16,COP,Tasas (%),Tasa 10Y,12.032
2026-01-19,COP,Tasas (%),Tasa 10Y,12.039
2026-01-20,COP,Tasas (%),Tasa 10Y,12.046
2026-01-21,COP,Tasas (%),Tasa 10Y,12.207
2026-01-22,COP,Tasas (%),Tasa 10Y,12.247
2026-01-23,COP,Tasas (%),Tasa 10Y,12.197
2026-01-26,COP,Tasas (%),Tasa 10Y,12.315
2026-01-27,COP,Tasas (%),Tasa 10Y,12.354
2026-01-28,COP,Tasas (%),Tasa 10Y,12.316
2026-01-29,COP,Tasas (%),Tasa 10Y,12.335
2026-01-30,COP,Tasas (%),Tasa 10Y,12.389
2026-02-02,COP,Tasas (%),Tasa 10Y,12.372
2026-02-03,COP,Tasas (%),Tasa 10Y,12.442
2026-02-04,COP,Tasas (%),Tasa 10Y,12.571
2026-02-05,COP,Tasas (%),Tasa 10Y,12.632
2026-02-06,COP,Tasas (%),Tasa 10Y,12.639
2026-02-09,COP,Tasas (%),Tasa 10Y,12.655
2026-02-10,COP,Tasas (%),Tasa 10Y,12.727
2026-02-11,COP,Tasas (%),Tasa 10Y,12.794
2026-02-12,COP,Tasas (%),Tasa 10Y,12.747
2026-02-13,COP,Tasas (%),Tasa 10Y,12.614
2026-02-16,COP,Tasas (%),Tasa 10Y,12.721
2026-02-17,COP,Tasas (%),Tasa 10Y,12.828
2026-02-18,COP,Tasas (%),Tasa 10Y,12.931
2026-02-19,COP,Tasas (%),Tasa 10Y,13.051
2026-02-20,COP,Tasas (%),Tasa 10Y,13.104
2026-02-23,COP,Tasas (%),Tasa 10Y,13.397
2026-02-24,COP,Tasas (%),Tasa 10Y,13.517
2026-02-25,COP,Tasas (%),Tasa 10Y,13.449
2026-02-26,COP,Tasas (%),Tasa 10Y,13.546
2026-02-27,COP,Tasas (%),Tasa 10Y,13.413
2026-03-02,COP,Tasas (%),Tasa 10Y,13.462
2026-03-03,COP,Tasas (%),Tasa 10Y,13.522
2026-03-04,COP,Tasas (%),Tasa 10Y,13.391
2026-03-05,COP,Tasas (%),Tasa 10Y,13.264
2026-03-06,COP,Tasas (%),Tasa 10Y,13.318
2026-03-09,COP,Tasas (%),Tasa 10Y,13.23
2026-03-10,COP,Tasas (%),Tasa 10Y,13.061
2026-03-11,COP,Tasas (%),Tasa 10Y,13.134
2026-03-12,COP,Tasas (%),Tasa 10Y,13.256
2026-03-13,COP,Tasas (%),Tasa 10Y,13.291
2026-03-16,COP,Tasas (%),Tasa 10Y,13.179
2026-03-17,COP,Tasas (%),Tasa 10Y,13.062
2026-03-18,COP,Tasas (%),Tasa 10Y,12.987
2026-03-19,COP,Tasas (%),Tasa 10Y,12.996
2026-03-20,COP,Tasas (%),Tasa 10Y,13.055
2026-03-23,COP,Tasas (%),Tasa 10Y,13.0095
2026-03-24,COP,Tasas (%),Tasa 10Y,12.964
2026-03-25,COP,Tasas (%),Tasa 10Y,12.933
2026-03-26,COP,Tasas (%),Tasa 10Y,12.923
2026-03-27,COP,Tasas (%),Tasa 10Y,12.852
2026-03-30,COP,Tasas (%),Tasa 10Y,12.79
2026-03-31,COP,Tasas (%),Tasa 10Y,12.83
2026-04-01,COP,Tasas (%),Tasa 10Y,12.885
2026-04-02,COP,Tasas (%),Tasa 10Y,12.901499999999999
2026-04-06,COP,Tasas (%),Tasa 10Y,12.918
2026-04-07,COP,Tasas (%),Tasa 10Y,12.934
2026-04-08,COP,Tasas (%),Tasa 10Y,12.873
2026-04-09,COP,Tasas (%),Tasa 10Y,12.816
2026-04-10,COP,Tasas (%),Tasa 10Y,12.743
2026-04-13,COP,Tasas (%),Tasa 10Y,12.757
2026-04-14,COP,Tasas (%),Tasa 10Y,12.695
2026-04-15,COP,Tasas (%),Tasa 10Y,12.693
2026-04-16,COP,Tasas (%),Tasa 10Y,12.754
2026-04-17,COP,Tasas (%),Tasa 10Y,12.669
2026-04-20,COP,Tasas (%),Tasa 10Y,12.666
2026-04-21,COP,Tasas (%),Tasa 10Y,12.691
2026-04-22,COP,Tasas (%),Tasa 10Y,12.786
2026-04-23,COP,Tasas (%),Tasa 10Y,12.878
2026-04-24,COP,Tasas (%),Tasa 10Y,12.907
2026-04-27,COP,Tasas (%),Tasa 10Y,13.156
2026-04-28,COP,Tasas (%),Tasa 10Y,13.03
2026-04-29,COP,Tasas (%),Tasa 10Y,13.106
2026-04-30,COP,Tasas (%),Tasa 10Y,13.129
2026-05-04,COP,Tasas (%),Tasa 10Y,13.18
2026-05-05,COP,Tasas (%),Tasa 10Y,13.365
2026-05-06,COP,Tasas (%),Tasa 10Y,13.375
2026-05-07,COP,Tasas (%),Tasa 10Y,13.427
2026-05-08,COP,Tasas (%),Tasa 10Y,13.564
2026-05-11,COP,Tasas (%),Tasa 10Y,13.521
2026-05-12,COP,Tasas (%),Tasa 10Y,13.516
2026-05-13,COP,Tasas (%),Tasa 10Y,13.672
2026-05-14,COP,Tasas (%),Tasa 10Y,13.687
2026-05-15,COP,Tasas (%),Tasa 10Y,13.987
2026-05-18,COP,Tasas (%),Tasa 10Y,14.1465
2026-05-19,COP,Tasas (%),Tasa 10Y,14.306
2026-05-20,COP,Tasas (%),Tasa 10Y,14.039
2026-05-22,COP,Tasas (%),Tasa 10Y,13.68
2026-05-25,COP,Tasas (%),Tasa 10Y,13.471
2026-05-26,COP,Tasas (%),Tasa 10Y,13.364
2026-05-27,COP,Tasas (%),Tasa 10Y,13.441
2026-05-28,COP,Tasas (%),Tasa 10Y,13.317
2026-05-29,COP,Tasas (%),Tasa 10Y,13.245
2026-06-01,COP,Tasas (%),Tasa 10Y,12.554
2026-06-02,COP,Tasas (%),Tasa 10Y,12.554
