date,country,serie,z_score
2022-01-03,BRL,Tasa 10Y,0.5317831963823124
2022-01-04,BRL,Tasa 10Y,0.7376967713432279
2022-01-05,BRL,Tasa 10Y,0.7321352814361336
2022-01-06,BRL,Tasa 10Y,0.41374981369240277
2022-01-07,BRL,Tasa 10Y,0.43232031798853704
2022-01-10,BRL,Tasa 10Y,0.35494823880174275
2022-01-11,BRL,Tasa 10Y,0.45358690180254607
2022-01-12,BRL,Tasa 10Y,0.2521419228026876
2022-01-13,BRL,Tasa 10Y,0.1388097196219976
2022-01-14,BRL,Tasa 10Y,-0.03301896647466271
2022-01-17,BRL,Tasa 10Y,0.12400397976857808
2022-01-18,BRL,Tasa 10Y,0.06915357982115894
2022-01-19,BRL,Tasa 10Y,-0.04221942278713757
2022-01-20,BRL,Tasa 10Y,0.17000921188834775
2022-01-21,BRL,Tasa 10Y,0.28959964795916354
2022-01-24,BRL,Tasa 10Y,0.19399485010379924
2022-01-25,BRL,Tasa 10Y,0.20984454780455908
2022-01-26,BRL,Tasa 10Y,0.10425030533300479
2022-01-27,BRL,Tasa 10Y,0.24021438881748655
2022-01-28,BRL,Tasa 10Y,0.29872915513867443
2022-01-31,BRL,Tasa 10Y,0.16477039798175708
2022-02-01,BRL,Tasa 10Y,0.0878908889671719
2022-02-02,BRL,Tasa 10Y,0.03953239341897636
2022-02-03,BRL,Tasa 10Y,0.0877673144719816
2022-02-04,BRL,Tasa 10Y,0.17231814840795134
2022-02-07,BRL,Tasa 10Y,0.045366132303876844
2022-02-08,BRL,Tasa 10Y,0.20702240442791647
2022-02-09,BRL,Tasa 10Y,0.2790826562079797
2022-02-10,BRL,Tasa 10Y,0.06281357160055874
2022-02-11,BRL,Tasa 10Y,-0.17183914135473802
2022-02-14,BRL,Tasa 10Y,-0.0960651706690287
2022-02-15,BRL,Tasa 10Y,-0.2578279656185882
2022-02-16,BRL,Tasa 10Y,-0.396664943359411
2022-02-17,BRL,Tasa 10Y,-0.25173382846341924
2022-02-18,BRL,Tasa 10Y,-0.29186972841870107
2022-02-21,BRL,Tasa 10Y,-0.33534035728868955
2022-02-22,BRL,Tasa 10Y,-0.379157772767185
2022-02-23,BRL,Tasa 10Y,-0.5636816865789156
2022-02-24,BRL,Tasa 10Y,-0.2740802000001267
2022-02-25,BRL,Tasa 10Y,-0.0037580363298840257
2022-02-28,BRL,Tasa 10Y,0.0763926709193592
2022-03-01,BRL,Tasa 10Y,0.3054705904864111
2022-03-02,BRL,Tasa 10Y,0.3084775591161144
2022-03-03,BRL,Tasa 10Y,0.4299253083736666
2022-03-04,BRL,Tasa 10Y,0.5752579571967148
2022-03-07,BRL,Tasa 10Y,0.889231875310246
2022-03-08,BRL,Tasa 10Y,0.7920735652482046
2022-03-09,BRL,Tasa 10Y,0.8067585410866811
2022-03-10,BRL,Tasa 10Y,0.6624109760550383
2022-03-11,BRL,Tasa 10Y,1.0324662105187756
2022-03-14,BRL,Tasa 10Y,0.9323458536556725
2022-03-15,BRL,Tasa 10Y,0.7278009971626245
2022-03-16,BRL,Tasa 10Y,0.6571396443169301
2022-03-17,BRL,Tasa 10Y,1.0025007455379846
2022-03-18,BRL,Tasa 10Y,0.7581241878539614
2022-03-21,BRL,Tasa 10Y,0.593436336267476
2022-03-22,BRL,Tasa 10Y,0.33165321907517115
2022-03-23,BRL,Tasa 10Y,0.3103599236079532
2022-03-24,BRL,Tasa 10Y,0.07365400880869583
2022-03-25,BRL,Tasa 10Y,-0.08850870781924391
2022-03-28,BRL,Tasa 10Y,-0.06314617805567245
2022-03-29,BRL,Tasa 10Y,-0.04796753965755926
2022-03-30,BRL,Tasa 10Y,0.2418774269695751
2022-03-31,BRL,Tasa 10Y,0.06060989523906895
2022-04-01,BRL,Tasa 10Y,-0.26423175843803337
2022-04-04,BRL,Tasa 10Y,-0.2842990982901297
2022-04-05,BRL,Tasa 10Y,-0.3155893057419656
2022-04-06,BRL,Tasa 10Y,-0.2404628411618583
2022-04-07,BRL,Tasa 10Y,-0.5147610966503188
2022-04-08,BRL,Tasa 10Y,-0.2627296144802504
2022-04-11,BRL,Tasa 10Y,-0.4995179789956509
2022-04-12,BRL,Tasa 10Y,-0.3377890483741458
2022-04-13,BRL,Tasa 10Y,-0.11284153632295373
2022-04-14,BRL,Tasa 10Y,0.0013134442493093052
2022-04-18,BRL,Tasa 10Y,-0.07167969500376073
2022-04-19,BRL,Tasa 10Y,-0.074580862454035
2022-04-20,BRL,Tasa 10Y,0.16057648092932408
2022-04-21,BRL,Tasa 10Y,0.015062976222412336
2022-04-22,BRL,Tasa 10Y,0.09406809003067262
2022-04-25,BRL,Tasa 10Y,0.2627737859776158
2022-04-26,BRL,Tasa 10Y,0.4648058907792235
2022-04-27,BRL,Tasa 10Y,0.28853500748447364
2022-04-28,BRL,Tasa 10Y,0.33045266291492376
2022-04-29,BRL,Tasa 10Y,-0.17728793174703325
2022-05-02,BRL,Tasa 10Y,-0.21749250311334986
2022-05-03,BRL,Tasa 10Y,0.05539411340812443
2022-05-04,BRL,Tasa 10Y,0.009229687945773155
2022-05-05,BRL,Tasa 10Y,0.06961703723328991
2022-05-06,BRL,Tasa 10Y,0.13052374906637407
2022-05-09,BRL,Tasa 10Y,-0.0803570142560115
2022-05-10,BRL,Tasa 10Y,0.11777208006514438
2022-05-11,BRL,Tasa 10Y,0.363778072319225
2022-05-12,BRL,Tasa 10Y,0.6994360201354921
2022-05-13,BRL,Tasa 10Y,0.6089714061765868
2022-05-16,BRL,Tasa 10Y,0.33125892534514306
2022-05-17,BRL,Tasa 10Y,0.0014637708593927962
2022-05-18,BRL,Tasa 10Y,-0.047583018029599966
2022-05-19,BRL,Tasa 10Y,-0.023107881387183414
2022-05-20,BRL,Tasa 10Y,-0.2162542613358627
2022-05-23,BRL,Tasa 10Y,-0.3871218001295407
2022-05-24,BRL,Tasa 10Y,-0.02535439721064952
2022-05-25,BRL,Tasa 10Y,0.469175084415114
2022-05-26,BRL,Tasa 10Y,0.5666451823475868
2022-05-27,BRL,Tasa 10Y,0.5408641649668087
2022-05-30,BRL,Tasa 10Y,0.7055486692757048
2022-05-31,BRL,Tasa 10Y,0.43802681046581
2022-06-01,BRL,Tasa 10Y,0.4548672203630159
2022-06-02,BRL,Tasa 10Y,0.42777166283574075
2022-06-03,BRL,Tasa 10Y,0.13907056578028484
2022-06-06,BRL,Tasa 10Y,-0.011998835802771805
2022-06-07,BRL,Tasa 10Y,0.33070626418769644
2022-06-08,BRL,Tasa 10Y,0.16284240253795831
2022-06-09,BRL,Tasa 10Y,-0.09702008248755815
2022-06-10,BRL,Tasa 10Y,-0.31490923534006554
2022-06-13,BRL,Tasa 10Y,-0.7573749688724225
2022-06-14,BRL,Tasa 10Y,-0.6847591051381114
2022-06-15,BRL,Tasa 10Y,-0.5779287151255355
2022-06-16,BRL,Tasa 10Y,-0.7210430536299726
2022-06-17,BRL,Tasa 10Y,-0.8017576941693169
2022-06-20,BRL,Tasa 10Y,-0.9168671214324406
2022-06-22,BRL,Tasa 10Y,-0.8317740611651003
2022-06-23,BRL,Tasa 10Y,-0.7474165525488197
2022-06-24,BRL,Tasa 10Y,-0.6360842579630631
2022-06-28,BRL,Tasa 10Y,-0.6446487683018988
2022-06-29,BRL,Tasa 10Y,-0.7488823201753516
2022-06-30,BRL,Tasa 10Y,-0.6223512705783967
2022-07-01,BRL,Tasa 10Y,-0.303463950192048
2022-07-04,BRL,Tasa 10Y,-0.3054020231958305
2022-07-05,BRL,Tasa 10Y,-0.08755131083668705
2022-07-06,BRL,Tasa 10Y,0.1079403844644571
2022-07-07,BRL,Tasa 10Y,-0.11079803184266779
2022-07-08,BRL,Tasa 10Y,-0.11115154243459943
2022-07-11,BRL,Tasa 10Y,0.07240194678782463
2022-07-12,BRL,Tasa 10Y,-0.11794680474718637
2022-07-13,BRL,Tasa 10Y,-0.265201517217786
2022-07-14,BRL,Tasa 10Y,-0.2593064950213964
2022-07-15,BRL,Tasa 10Y,-0.1265461203741426
2022-07-18,BRL,Tasa 10Y,0.2036605478918839
2022-07-19,BRL,Tasa 10Y,0.6187368107071536
2022-07-20,BRL,Tasa 10Y,0.8457554159085934
2022-07-21,BRL,Tasa 10Y,1.1714526772256104
2022-07-22,BRL,Tasa 10Y,1.2189658144379758
2022-07-25,BRL,Tasa 10Y,1.1588879635109162
2022-07-26,BRL,Tasa 10Y,1.176292461345885
2022-07-27,BRL,Tasa 10Y,1.1317860385503549
2022-07-28,BRL,Tasa 10Y,1.4864773280831851
2022-07-29,BRL,Tasa 10Y,1.4468660822853718
2022-08-01,BRL,Tasa 10Y,1.2503232728794516
2022-08-02,BRL,Tasa 10Y,1.1814683448554288
2022-08-03,BRL,Tasa 10Y,1.1253136077778854
2022-08-04,BRL,Tasa 10Y,1.091633464211456
2022-08-05,BRL,Tasa 10Y,0.7009632245253752
2022-08-08,BRL,Tasa 10Y,0.5338850621142942
2022-08-09,BRL,Tasa 10Y,0.441155250493405
2022-08-10,BRL,Tasa 10Y,0.7908527110643613
2022-08-11,BRL,Tasa 10Y,0.6265016642411783
2022-08-12,BRL,Tasa 10Y,0.5144460438555386
2022-08-16,BRL,Tasa 10Y,0.3921942175746814
2022-08-17,BRL,Tasa 10Y,0.19877100688487354
2022-08-18,BRL,Tasa 10Y,0.4362627056244764
2022-08-19,BRL,Tasa 10Y,0.41246527816230844
2022-08-22,BRL,Tasa 10Y,0.2857477737031758
2022-08-23,BRL,Tasa 10Y,0.061976956984149276
2022-08-24,BRL,Tasa 10Y,0.34020866155482477
2022-08-25,BRL,Tasa 10Y,0.5313361869037891
2022-08-26,BRL,Tasa 10Y,0.3971722729974637
2022-08-29,BRL,Tasa 10Y,0.3408470052139469
2022-08-30,BRL,Tasa 10Y,0.35302519981004615
2022-08-31,BRL,Tasa 10Y,0.20041014608162502
2022-09-01,BRL,Tasa 10Y,-0.03353792936306284
2022-09-02,BRL,Tasa 10Y,0.006617503822887554
2022-09-05,BRL,Tasa 10Y,-0.0014789717953465939
2022-09-06,BRL,Tasa 10Y,-0.05569487948628707
2022-09-07,BRL,Tasa 10Y,0.11416455735825125
2022-09-08,BRL,Tasa 10Y,-0.02355387202597087
2022-09-09,BRL,Tasa 10Y,-0.038156780868401324
2022-09-12,BRL,Tasa 10Y,-0.09719328110252036
2022-09-13,BRL,Tasa 10Y,-0.08510374826898069
2022-09-14,BRL,Tasa 10Y,0.10235805010689926
2022-09-15,BRL,Tasa 10Y,0.23317654703469987
2022-09-20,BRL,Tasa 10Y,-0.4552249303251634
2022-09-21,BRL,Tasa 10Y,-0.3949050762028318
2022-09-22,BRL,Tasa 10Y,-0.7966612653795533
2022-09-23,BRL,Tasa 10Y,-0.6236365641719177
2022-09-26,BRL,Tasa 10Y,-1.0149683165085834
2022-09-27,BRL,Tasa 10Y,-1.2504855426491395
2022-09-28,BRL,Tasa 10Y,-0.43255420801521943
2022-09-29,BRL,Tasa 10Y,-0.8872295945421631
2022-09-30,BRL,Tasa 10Y,-0.8740423421485323
2022-10-03,BRL,Tasa 10Y,-0.5715693946431503
2022-10-04,BRL,Tasa 10Y,-0.34197794349462185
2022-10-05,BRL,Tasa 10Y,-0.7419210866914968
2022-10-06,BRL,Tasa 10Y,-0.8269772573371967
2022-10-07,BRL,Tasa 10Y,-1.0064821709011131
2022-10-11,BRL,Tasa 10Y,-1.0090017779085423
2022-10-12,BRL,Tasa 10Y,-0.9694274424554241
2022-10-13,BRL,Tasa 10Y,-1.1732083234098036
2022-10-14,BRL,Tasa 10Y,-1.1125921344520984
2022-10-17,BRL,Tasa 10Y,-1.1477375497274658
2022-10-18,BRL,Tasa 10Y,-1.1538141503820658
2022-10-19,BRL,Tasa 10Y,-1.169717904307177
2022-10-20,BRL,Tasa 10Y,-1.1295237898317985
2022-10-21,BRL,Tasa 10Y,-0.898709417025735
2022-10-24,BRL,Tasa 10Y,-0.6117168059049886
2022-10-25,BRL,Tasa 10Y,-0.40417002711381417
2022-10-26,BRL,Tasa 10Y,-0.5162601907115709
2022-10-27,BRL,Tasa 10Y,-0.6117237608199212
2022-10-28,BRL,Tasa 10Y,-0.5176915714374632
2022-11-02,BRL,Tasa 10Y,-0.511926588033544
2022-11-03,BRL,Tasa 10Y,-0.5045962109348672
2022-11-04,BRL,Tasa 10Y,-0.744960714971767
2022-11-07,BRL,Tasa 10Y,-0.5116628817604487
2022-11-08,BRL,Tasa 10Y,-0.43943592169701834
2022-11-09,BRL,Tasa 10Y,-0.5613192683901354
2022-11-10,BRL,Tasa 10Y,0.6834564223732027
2022-11-11,BRL,Tasa 10Y,0.3968400074389349
2022-11-14,BRL,Tasa 10Y,0.04102585988781118
2022-11-15,BRL,Tasa 10Y,0.4972944158785443
2022-11-16,BRL,Tasa 10Y,0.8126041265419217
2022-11-17,BRL,Tasa 10Y,0.7081994444748952
2022-11-18,BRL,Tasa 10Y,0.9129892800569805
2022-11-21,BRL,Tasa 10Y,1.0464274843304733
2022-11-22,BRL,Tasa 10Y,1.3486003960798216
2022-11-23,BRL,Tasa 10Y,1.7078050372697808
2022-11-24,BRL,Tasa 10Y,1.3360636027454411
2022-11-25,BRL,Tasa 10Y,1.4908425870374704
2022-11-28,BRL,Tasa 10Y,1.469788021630772
2022-11-29,BRL,Tasa 10Y,1.1125946580781498
2022-11-30,BRL,Tasa 10Y,0.9691342517066442
2022-12-01,BRL,Tasa 10Y,1.2929031222839076
2022-12-02,BRL,Tasa 10Y,0.9786654805229219
2022-12-05,BRL,Tasa 10Y,1.074987006411526
2022-12-06,BRL,Tasa 10Y,1.0083863300684228
2022-12-07,BRL,Tasa 10Y,1.224991337471861
2022-12-09,BRL,Tasa 10Y,1.3937749789488991
2022-12-12,BRL,Tasa 10Y,1.2711488595097684
2022-12-13,BRL,Tasa 10Y,1.8051988075093468
2022-12-14,BRL,Tasa 10Y,1.6420285569446627
2022-12-15,BRL,Tasa 10Y,1.5764873186368755
2022-12-16,BRL,Tasa 10Y,1.4654572588339028
2022-12-19,BRL,Tasa 10Y,1.1664607001567253
2022-12-20,BRL,Tasa 10Y,0.5989220672715269
2022-12-21,BRL,Tasa 10Y,0.7240416621858342
2022-12-22,BRL,Tasa 10Y,0.5939426491714357
2022-12-23,BRL,Tasa 10Y,0.3164522557750985
2022-12-26,BRL,Tasa 10Y,0.40389626490219827
2022-12-27,BRL,Tasa 10Y,0.32775596179981553
2022-12-28,BRL,Tasa 10Y,0.11626507755974944
2022-12-29,BRL,Tasa 10Y,0.03245850121919927
2022-12-30,BRL,Tasa 10Y,0.11403487216419772
2023-01-03,BRL,Tasa 10Y,0.7287878159163554
2023-01-04,BRL,Tasa 10Y,0.7027886128609966
2023-01-05,BRL,Tasa 10Y,0.4744619349044334
2023-01-06,BRL,Tasa 10Y,0.6320609818526591
2023-01-09,BRL,Tasa 10Y,0.3040310162614051
2023-01-10,BRL,Tasa 10Y,0.05913688464338681
2023-01-11,BRL,Tasa 10Y,-0.05044093773818769
2023-01-12,BRL,Tasa 10Y,0.13527235037500349
2023-01-13,BRL,Tasa 10Y,0.0343996398013637
2023-01-16,BRL,Tasa 10Y,0.2754115563499627
2023-01-17,BRL,Tasa 10Y,0.16885846495813278
2023-01-18,BRL,Tasa 10Y,0.5381965047058478
2023-01-19,BRL,Tasa 10Y,0.7391483385954247
2023-01-20,BRL,Tasa 10Y,0.9325907175188123
2023-01-23,BRL,Tasa 10Y,1.0487840080487802
2023-01-24,BRL,Tasa 10Y,0.8790923846818837
2023-01-25,BRL,Tasa 10Y,0.7439551443848691
2023-01-26,BRL,Tasa 10Y,0.743039275468355
2023-01-27,BRL,Tasa 10Y,0.8357231033529272
2023-01-30,BRL,Tasa 10Y,0.6546113485141074
2023-01-31,BRL,Tasa 10Y,0.6776177746271504
2023-02-01,BRL,Tasa 10Y,0.8268583426214553
2023-02-02,BRL,Tasa 10Y,1.004488846342202
2023-02-03,BRL,Tasa 10Y,1.1219602523742742
2023-02-06,BRL,Tasa 10Y,1.0743922455640504
2023-02-07,BRL,Tasa 10Y,1.2086538705926484
2023-02-08,BRL,Tasa 10Y,0.920786660976638
2023-02-09,BRL,Tasa 10Y,1.0931199193135668
2023-02-10,BRL,Tasa 10Y,0.8968959071404703
2023-02-13,BRL,Tasa 10Y,0.9500108462882347
2023-02-14,BRL,Tasa 10Y,0.8561059620319315
2023-02-15,BRL,Tasa 10Y,0.7140195891792068
2023-02-16,BRL,Tasa 10Y,0.5351943271289792
2023-02-17,BRL,Tasa 10Y,0.5113073601180327
2023-02-20,BRL,Tasa 10Y,0.44004458664735674
2023-02-21,BRL,Tasa 10Y,0.25089777784066825
2023-02-22,BRL,Tasa 10Y,0.38186014903955967
2023-02-23,BRL,Tasa 10Y,0.6354669638176569
2023-02-24,BRL,Tasa 10Y,0.8973995813680253
2023-02-27,BRL,Tasa 10Y,0.7913943874816826
2023-02-28,BRL,Tasa 10Y,0.7995579610002801
2023-03-01,BRL,Tasa 10Y,0.5765570098782411
2023-03-02,BRL,Tasa 10Y,0.7635238151747025
2023-03-03,BRL,Tasa 10Y,0.9295027161610889
2023-03-06,BRL,Tasa 10Y,0.8761438829708188
2023-03-07,BRL,Tasa 10Y,0.7144701073678081
2023-03-08,BRL,Tasa 10Y,0.5530474054013139
2023-03-09,BRL,Tasa 10Y,0.28686107439845365
2023-03-10,BRL,Tasa 10Y,0.7142223992390206
2023-03-13,BRL,Tasa 10Y,0.33562043772661987
2023-03-14,BRL,Tasa 10Y,0.501196458294214
2023-03-15,BRL,Tasa 10Y,0.7161523306953247
2023-03-16,BRL,Tasa 10Y,0.8083435165721877
2023-03-17,BRL,Tasa 10Y,0.6993031360290776
2023-03-20,BRL,Tasa 10Y,0.7255487255159567
2023-03-21,BRL,Tasa 10Y,0.7335378708463713
2023-03-22,BRL,Tasa 10Y,0.779624283649281
2023-03-23,BRL,Tasa 10Y,0.7397915085669801
2023-03-24,BRL,Tasa 10Y,0.8886804826895198
2023-03-27,BRL,Tasa 10Y,0.7354328070193024
2023-03-28,BRL,Tasa 10Y,0.5190130419163294
2023-03-29,BRL,Tasa 10Y,0.6905802808390714
2023-03-30,BRL,Tasa 10Y,0.5408454951542229
2023-03-31,BRL,Tasa 10Y,0.673071350376832
2023-04-03,BRL,Tasa 10Y,0.7451776749788314
2023-04-04,BRL,Tasa 10Y,0.7899488946476052
2023-04-05,BRL,Tasa 10Y,0.60740151727141245
2023-04-06,BRL,Tasa 10Y,0.7046589632109049
2023-04-10,BRL,Tasa 10Y,0.5226439984275518
2023-04-11,BRL,Tasa 10Y,0.3601028616746089
2023-04-12,BRL,Tasa 10Y,0.3772433930250007
2023-04-13,BRL,Tasa 10Y,0.06312272600846792
2023-04-14,BRL,Tasa 10Y,0.0668210377628324
2023-04-17,BRL,Tasa 10Y,-0.06492789012977773
2023-04-18,BRL,Tasa 10Y,0.20235437456167946
2023-04-19,BRL,Tasa 10Y,0.409237132127142
2023-04-20,BRL,Tasa 10Y,0.3406962985765887
2023-04-21,BRL,Tasa 10Y,0.25503996316027244
2023-04-24,BRL,Tasa 10Y,0.2917036566231002
2023-04-25,BRL,Tasa 10Y,0.24729232672399332
2023-04-26,BRL,Tasa 10Y,0.10410892398669887
2023-04-27,BRL,Tasa 10Y,0.022605390066983307
2023-04-28,BRL,Tasa 10Y,0.3389632230970387
2023-05-02,BRL,Tasa 10Y,0.17281484557875812
2023-05-03,BRL,Tasa 10Y,0.037383819980692366
2023-05-04,BRL,Tasa 10Y,-0.12453145877476834
2023-05-05,BRL,Tasa 10Y,-0.1595682720034419
2023-05-08,BRL,Tasa 10Y,-0.03927119168686485
2023-05-09,BRL,Tasa 10Y,0.15473187691433185
2023-05-10,BRL,Tasa 10Y,-0.016799508353125332
2023-05-11,BRL,Tasa 10Y,-0.0754857281230791
2023-05-12,BRL,Tasa 10Y,-0.309753616960779
2023-05-15,BRL,Tasa 10Y,-0.5852825014787543
2023-05-16,BRL,Tasa 10Y,-0.3806948333013099
2023-05-17,BRL,Tasa 10Y,-0.34684500104584504
2023-05-18,BRL,Tasa 10Y,-0.2155624224496055
2023-05-19,BRL,Tasa 10Y,-0.2919441657759901
2023-05-22,BRL,Tasa 10Y,-0.32077252093860437
2023-05-23,BRL,Tasa 10Y,-0.3982280825853721
2023-05-24,BRL,Tasa 10Y,-0.614428861603051
2023-05-25,BRL,Tasa 10Y,-0.5613952398222684
2023-05-26,BRL,Tasa 10Y,-0.6987998523469063
2023-05-29,BRL,Tasa 10Y,-0.6231659438071925
2023-05-30,BRL,Tasa 10Y,-0.4352255122562977
2023-05-31,BRL,Tasa 10Y,-0.4471223284105929
2023-06-01,BRL,Tasa 10Y,-0.4716623359686938
2023-06-02,BRL,Tasa 10Y,-0.7078601266763742
2023-06-05,BRL,Tasa 10Y,-0.7569520956333898
2023-06-06,BRL,Tasa 10Y,-0.7323070671940991
2023-06-07,BRL,Tasa 10Y,-0.7807478224971353
2023-06-08,BRL,Tasa 10Y,-0.6823867675886188
2023-06-09,BRL,Tasa 10Y,-0.7534113028293262
2023-06-12,BRL,Tasa 10Y,-0.6550879877884158
2023-06-13,BRL,Tasa 10Y,-0.5063570319626177
2023-06-14,BRL,Tasa 10Y,-0.7877064142477627
2023-06-15,BRL,Tasa 10Y,-0.626399671166029
2023-06-16,BRL,Tasa 10Y,-0.8272003038292282
2023-06-19,BRL,Tasa 10Y,-0.8007442976050427
2023-06-20,BRL,Tasa 10Y,-0.6684058141994711
2023-06-22,BRL,Tasa 10Y,-0.8562947355349425
2023-06-23,BRL,Tasa 10Y,-0.8454893285218099
2023-06-27,BRL,Tasa 10Y,-0.9676564087609061
2023-06-28,BRL,Tasa 10Y,-0.8003214845004444
2023-06-29,BRL,Tasa 10Y,-1.0628751624332526
2023-06-30,BRL,Tasa 10Y,-1.2586124429261583
2023-07-03,BRL,Tasa 10Y,-1.3878234722592833
2023-07-04,BRL,Tasa 10Y,-1.3066895268295342
2023-07-05,BRL,Tasa 10Y,-1.163356590990555
2023-07-06,BRL,Tasa 10Y,-1.472922338882817
2023-07-07,BRL,Tasa 10Y,-1.699186101200661
2023-07-10,BRL,Tasa 10Y,-1.6570780274957422
2023-07-11,BRL,Tasa 10Y,-1.6321578652950555
2023-07-12,BRL,Tasa 10Y,-1.4207172480662316
2023-07-13,BRL,Tasa 10Y,-1.3230891020202922
2023-07-14,BRL,Tasa 10Y,-1.3046620268583489
2023-07-17,BRL,Tasa 10Y,-1.3151698760089858
2023-07-18,BRL,Tasa 10Y,-1.2250495360797444
2023-07-19,BRL,Tasa 10Y,-0.986503997446709
2023-07-20,BRL,Tasa 10Y,-1.1050192235102057
2023-07-21,BRL,Tasa 10Y,-0.911277336682081
2023-07-24,BRL,Tasa 10Y,-0.9655531715922553
2023-07-25,BRL,Tasa 10Y,-1.1265732502293995
2023-07-26,BRL,Tasa 10Y,-0.8647148951614345
2023-07-27,BRL,Tasa 10Y,-0.968238830744016
2023-07-28,BRL,Tasa 10Y,-0.8781817934038865
2023-07-31,BRL,Tasa 10Y,-0.9240710484419744
2023-08-01,BRL,Tasa 10Y,-1.0018353935313267
2023-08-02,BRL,Tasa 10Y,-1.3721601624631867
2023-08-03,BRL,Tasa 10Y,-1.3153659139464082
2023-08-04,BRL,Tasa 10Y,-1.1842693648075953
2023-08-07,BRL,Tasa 10Y,-1.4325542273451175
2023-08-08,BRL,Tasa 10Y,-1.2896650316407898
2023-08-09,BRL,Tasa 10Y,-0.9950725367178201
2023-08-10,BRL,Tasa 10Y,-1.1649632958528198
2023-08-11,BRL,Tasa 10Y,-1.2518749230605337
2023-08-14,BRL,Tasa 10Y,-1.3014219259018942
2023-08-16,BRL,Tasa 10Y,-1.3988232769426798
2023-08-17,BRL,Tasa 10Y,-1.413156834516384
2023-08-18,BRL,Tasa 10Y,-1.2400486033697151
2023-08-21,BRL,Tasa 10Y,-1.3268347400427767
2023-08-22,BRL,Tasa 10Y,-1.4311966646163672
2023-08-23,BRL,Tasa 10Y,-1.1170165519462392
2023-08-24,BRL,Tasa 10Y,-1.279981116177804
2023-08-25,BRL,Tasa 10Y,-1.1642872623334535
2023-08-28,BRL,Tasa 10Y,-1.1870206090757243
2023-08-29,BRL,Tasa 10Y,-1.0707538692921614
2023-08-30,BRL,Tasa 10Y,-1.005958198381316
2023-08-31,BRL,Tasa 10Y,-0.8212956747804661
2023-09-01,BRL,Tasa 10Y,-1.05636768986682
2023-09-04,BRL,Tasa 10Y,-0.9645383463756935
2023-09-05,BRL,Tasa 10Y,-0.9898260758272321
2023-09-06,BRL,Tasa 10Y,-0.9844793406802226
2023-09-07,BRL,Tasa 10Y,-0.7758769240559911
2023-09-08,BRL,Tasa 10Y,-0.8286285565462352
2023-09-11,BRL,Tasa 10Y,-1.032481670604604
2023-09-12,BRL,Tasa 10Y,-1.0294314262645516
2023-09-13,BRL,Tasa 10Y,-1.0145474615698196
2023-09-14,BRL,Tasa 10Y,-1.0690988704143103
2023-09-15,BRL,Tasa 10Y,-1.202714192410584
2023-09-20,BRL,Tasa 10Y,-1.162642510493076
2023-09-21,BRL,Tasa 10Y,-1.2215775095777919
2023-09-22,BRL,Tasa 10Y,-1.0073460407681436
2023-09-25,BRL,Tasa 10Y,-1.16554385308826
2023-09-26,BRL,Tasa 10Y,-0.8089889610366109
2023-09-27,BRL,Tasa 10Y,-0.930076245059074
2023-09-28,BRL,Tasa 10Y,-0.9371485354556911
2023-09-29,BRL,Tasa 10Y,-1.0702748067060466
2023-10-02,BRL,Tasa 10Y,-1.1738749043862367
2023-10-03,BRL,Tasa 10Y,-1.2352776046888132
2023-10-04,BRL,Tasa 10Y,-1.2461020547347246
2023-10-05,BRL,Tasa 10Y,-1.0962147794707169
2023-10-06,BRL,Tasa 10Y,-1.335251354462881
2023-10-10,BRL,Tasa 10Y,-1.1829767030457277
2023-10-11,BRL,Tasa 10Y,-0.8751319042700205
2023-10-12,BRL,Tasa 10Y,-1.2172049942154537
2023-10-13,BRL,Tasa 10Y,-0.8964658096592336
2023-10-16,BRL,Tasa 10Y,-1.1923895128257778
2023-10-17,BRL,Tasa 10Y,-1.3427832497440413
2023-10-18,BRL,Tasa 10Y,-1.5754726938806745
2023-10-19,BRL,Tasa 10Y,-1.6069756532152273
2023-10-20,BRL,Tasa 10Y,-1.4651241381657873
2023-10-23,BRL,Tasa 10Y,-1.2972982859228324
2023-10-24,BRL,Tasa 10Y,-1.2664783459340059
2023-10-25,BRL,Tasa 10Y,-1.722076310082555
2023-10-26,BRL,Tasa 10Y,-1.7470806671789525
2023-10-30,BRL,Tasa 10Y,-1.3278123821459007
2023-10-31,BRL,Tasa 10Y,-1.5642687115778138
2023-11-02,BRL,Tasa 10Y,-1.0853843293158556
2023-11-03,BRL,Tasa 10Y,-1.227886227374323
2023-11-06,BRL,Tasa 10Y,-1.4943549295422596
2023-11-07,BRL,Tasa 10Y,-1.5126337730728983
2023-11-08,BRL,Tasa 10Y,-1.3295695931788178
2023-11-09,BRL,Tasa 10Y,-1.4997846611059258
2023-11-10,BRL,Tasa 10Y,-1.7302563653931058
2023-11-13,BRL,Tasa 10Y,-1.6828332359031788
2023-11-14,BRL,Tasa 10Y,-1.3192708962719308
2023-11-15,BRL,Tasa 10Y,-1.8235016336608234
2023-11-16,BRL,Tasa 10Y,-1.6048557701158297
2023-11-17,BRL,Tasa 10Y,-1.6472037198871807
2023-11-20,BRL,Tasa 10Y,-1.623931613981976
2023-11-21,BRL,Tasa 10Y,-1.5136465188263735
2023-11-22,BRL,Tasa 10Y,-1.5588696921012923
2023-11-23,BRL,Tasa 10Y,-1.4733646222928083
2023-11-24,BRL,Tasa 10Y,-1.6808925640446428
2023-11-27,BRL,Tasa 10Y,-1.6592320988363782
2023-11-28,BRL,Tasa 10Y,-1.4737451174244596
2023-11-29,BRL,Tasa 10Y,-1.3356535198434059
2023-11-30,BRL,Tasa 10Y,-1.5087906872447507
2023-12-01,BRL,Tasa 10Y,-1.1693335203261355
2023-12-04,BRL,Tasa 10Y,-1.2708476632645258
2023-12-05,BRL,Tasa 10Y,-1.041973321006677
2023-12-06,BRL,Tasa 10Y,-0.9338481909674343
2023-12-07,BRL,Tasa 10Y,-1.0321853229300475
2023-12-11,BRL,Tasa 10Y,-1.101612697485311
2023-12-12,BRL,Tasa 10Y,-1.202564777426587
2023-12-13,BRL,Tasa 10Y,-0.9125484313501872
2023-12-14,BRL,Tasa 10Y,-0.8341817552435177
2023-12-15,BRL,Tasa 10Y,-0.8612198412232719
2023-12-18,BRL,Tasa 10Y,-0.9274378474370008
2023-12-19,BRL,Tasa 10Y,-1.100545837855366
2023-12-20,BRL,Tasa 10Y,-0.9065731450132747
2023-12-21,BRL,Tasa 10Y,-1.0642129704540795
2023-12-22,BRL,Tasa 10Y,-1.1616288430033719
2023-12-26,BRL,Tasa 10Y,-1.4307730676980948
2023-12-27,BRL,Tasa 10Y,-1.1153557018719413
2023-12-28,BRL,Tasa 10Y,-1.245660515444661
2023-12-29,BRL,Tasa 10Y,-1.2485549021680717
2024-01-02,BRL,Tasa 10Y,-1.5627053171350864
2024-01-03,BRL,Tasa 10Y,-1.3733914977696746
2024-01-04,BRL,Tasa 10Y,-1.4372741933382844
2024-01-05,BRL,Tasa 10Y,-1.4470385422850338
2024-01-08,BRL,Tasa 10Y,-1.3359402623518573
2024-01-09,BRL,Tasa 10Y,-1.0890048033118904
2024-01-10,BRL,Tasa 10Y,-1.1140811497765937
2024-01-11,BRL,Tasa 10Y,-0.969667696769759
2024-01-12,BRL,Tasa 10Y,-0.922239119903821
2024-01-15,BRL,Tasa 10Y,-0.7848021836288696
2024-01-16,BRL,Tasa 10Y,-0.8363012402454919
2024-01-17,BRL,Tasa 10Y,-0.7834555241083113
2024-01-18,BRL,Tasa 10Y,-0.9298691958402304
2024-01-19,BRL,Tasa 10Y,-1.2150876932817785
2024-01-22,BRL,Tasa 10Y,-1.2010102745837592
2024-01-23,BRL,Tasa 10Y,-1.2368075315888165
2024-01-24,BRL,Tasa 10Y,-1.4737826401386132
2024-01-25,BRL,Tasa 10Y,-1.3563972522501915
2024-01-26,BRL,Tasa 10Y,-1.4535703149632158
2024-01-29,BRL,Tasa 10Y,-1.2685314821901783
2024-01-30,BRL,Tasa 10Y,-1.2065810072799965
2024-01-31,BRL,Tasa 10Y,-1.4347697220920022
2024-02-01,BRL,Tasa 10Y,-1.269227814096154
2024-02-02,BRL,Tasa 10Y,-1.4827956902509032
2024-02-05,BRL,Tasa 10Y,-1.5289310656460229
2024-02-06,BRL,Tasa 10Y,-1.3920922145144865
2024-02-07,BRL,Tasa 10Y,-1.4714560686011318
2024-02-08,BRL,Tasa 10Y,-1.3548735756024928
2024-02-09,BRL,Tasa 10Y,-1.4294515103827643
2024-02-12,BRL,Tasa 10Y,-1.4311704770262301
2024-02-13,BRL,Tasa 10Y,-1.6607619524216721
2024-02-14,BRL,Tasa 10Y,-1.4697946693223483
2024-02-15,BRL,Tasa 10Y,-1.4334579937104084
2024-02-16,BRL,Tasa 10Y,-1.5313368204899873
2024-02-19,BRL,Tasa 10Y,-1.5582659092259292
2024-02-20,BRL,Tasa 10Y,-1.5831960017589446
2024-02-21,BRL,Tasa 10Y,-1.6332217809723795
2024-02-22,BRL,Tasa 10Y,-1.5556741921218054
2024-02-23,BRL,Tasa 10Y,-1.3589992295516637
2024-02-26,BRL,Tasa 10Y,-1.3277094827931515
2024-02-27,BRL,Tasa 10Y,-1.4374935727457512
2024-02-28,BRL,Tasa 10Y,-1.3961225532480954
2024-02-29,BRL,Tasa 10Y,-1.4268266277745005
2024-03-01,BRL,Tasa 10Y,-1.291961719430998
2024-03-04,BRL,Tasa 10Y,-1.451752323463485
2024-03-05,BRL,Tasa 10Y,-1.4465186202764586
2024-03-06,BRL,Tasa 10Y,-1.3971270635234012
2024-03-07,BRL,Tasa 10Y,-1.4695422049184474
2024-03-08,BRL,Tasa 10Y,-1.3551773209900018
2024-03-11,BRL,Tasa 10Y,-1.4643328306497998
2024-03-12,BRL,Tasa 10Y,-1.5144344561519583
2024-03-13,BRL,Tasa 10Y,-1.4922972683472246
2024-03-14,BRL,Tasa 10Y,-1.5643986546829054
2024-03-15,BRL,Tasa 10Y,-1.4612684305755632
2024-03-18,BRL,Tasa 10Y,-1.4027877006235299
2024-03-19,BRL,Tasa 10Y,-1.3818199460402865
2024-03-20,BRL,Tasa 10Y,-1.4450229751643064
2024-03-21,BRL,Tasa 10Y,-1.2271684253897348
2024-03-22,BRL,Tasa 10Y,-0.9967163158417512
2024-03-25,BRL,Tasa 10Y,-1.1732617835140202
2024-03-26,BRL,Tasa 10Y,-1.1130303302311488
2024-03-27,BRL,Tasa 10Y,-1.0186741182895238
2024-03-28,BRL,Tasa 10Y,-1.0122936674100456
2024-04-01,BRL,Tasa 10Y,-1.1222605797805665
2024-04-02,BRL,Tasa 10Y,-1.2027486644170855
2024-04-03,BRL,Tasa 10Y,-1.245474544057014
2024-04-04,BRL,Tasa 10Y,-1.107411775958996
2024-04-05,BRL,Tasa 10Y,-1.1958764011963596
2024-04-08,BRL,Tasa 10Y,-1.2717067919123293
2024-04-09,BRL,Tasa 10Y,-1.3054066324231752
2024-04-10,BRL,Tasa 10Y,-1.4432852187356315
2024-04-11,BRL,Tasa 10Y,-1.3560995117597439
2024-04-12,BRL,Tasa 10Y,-1.3531902092189054
2024-04-15,BRL,Tasa 10Y,-1.3981987608008446
2024-04-16,BRL,Tasa 10Y,-1.3432253110490968
2024-04-17,BRL,Tasa 10Y,-1.4152210437830202
2024-04-18,BRL,Tasa 10Y,-1.5934761652996938
2024-04-19,BRL,Tasa 10Y,-1.5479250264222275
2024-04-22,BRL,Tasa 10Y,-1.3813982415031716
2024-04-23,BRL,Tasa 10Y,-1.3742426813493256
2024-04-24,BRL,Tasa 10Y,-1.439168547255114
2024-04-25,BRL,Tasa 10Y,-1.4788410259105045
2024-04-26,BRL,Tasa 10Y,-1.3760480856293829
2024-04-29,BRL,Tasa 10Y,-1.3036810027756711
2024-04-30,BRL,Tasa 10Y,-1.2327876377949911
2024-05-02,BRL,Tasa 10Y,-1.1401383620834282
2024-05-03,BRL,Tasa 10Y,-1.099228132938685
2024-05-06,BRL,Tasa 10Y,-0.9395871978015309
2024-05-07,BRL,Tasa 10Y,-0.9872474764368726
2024-05-08,BRL,Tasa 10Y,-1.0030663768238322
2024-05-09,BRL,Tasa 10Y,-0.8069913444520829
2024-05-10,BRL,Tasa 10Y,-0.8782764040964125
2024-05-13,BRL,Tasa 10Y,-0.9771151241750892
2024-05-14,BRL,Tasa 10Y,-1.1120577281428816
2024-05-15,BRL,Tasa 10Y,-1.026202643635768
2024-05-16,BRL,Tasa 10Y,-1.0204567742032749
2024-05-17,BRL,Tasa 10Y,-1.0084860066430021
2024-05-20,BRL,Tasa 10Y,-0.91128759704968
2024-05-22,BRL,Tasa 10Y,-0.8364733759385288
2024-05-23,BRL,Tasa 10Y,-1.0842016942677177
2024-05-24,BRL,Tasa 10Y,-0.913979023000918
2024-05-27,BRL,Tasa 10Y,-1.0777508907052007
2024-05-28,BRL,Tasa 10Y,-1.2946033002034274
2024-05-29,BRL,Tasa 10Y,-1.1366933737244198
2024-05-30,BRL,Tasa 10Y,-0.9656999150382993
2024-05-31,BRL,Tasa 10Y,-0.8413637088222244
2024-06-03,BRL,Tasa 10Y,-0.7106659304485203
2024-06-04,BRL,Tasa 10Y,-0.5635146695066874
2024-06-05,BRL,Tasa 10Y,-0.58977710401572
2024-06-06,BRL,Tasa 10Y,-0.7221466912658672
2024-06-07,BRL,Tasa 10Y,-0.6302668009789998
2024-06-10,BRL,Tasa 10Y,-0.6202035842007007
2024-06-11,BRL,Tasa 10Y,-0.5788020976890421
2024-06-12,BRL,Tasa 10Y,-0.021475640196512366
2024-06-13,BRL,Tasa 10Y,-0.18554122751968435
2024-06-14,BRL,Tasa 10Y,-0.37310945600914386
2024-06-17,BRL,Tasa 10Y,-0.5257011703164819
2024-06-18,BRL,Tasa 10Y,-0.3444573412475939
2024-06-19,BRL,Tasa 10Y,-0.4615475289710904
2024-06-21,BRL,Tasa 10Y,-0.5371820041463038
2024-06-24,BRL,Tasa 10Y,-0.5884217061023516
2024-06-25,BRL,Tasa 10Y,-0.524369634165692
2024-06-26,BRL,Tasa 10Y,-0.5063705699406554
2024-06-27,BRL,Tasa 10Y,-0.29832758307429896
2024-06-28,BRL,Tasa 10Y,-0.399853225440774
2024-07-01,BRL,Tasa 10Y,-0.6333150444643301
2024-07-02,BRL,Tasa 10Y,-0.6056326363559125
2024-07-03,BRL,Tasa 10Y,-0.5626022857577518
2024-07-04,BRL,Tasa 10Y,-0.7552020694063502
2024-07-05,BRL,Tasa 10Y,-0.6135639831308808
2024-07-08,BRL,Tasa 10Y,-0.5198237940045574
2024-07-09,BRL,Tasa 10Y,-0.6336533714722846
2024-07-10,BRL,Tasa 10Y,-0.7767623390663105
2024-07-11,BRL,Tasa 10Y,-0.4321560562224747
2024-07-12,BRL,Tasa 10Y,-0.5905693176992715
2024-07-15,BRL,Tasa 10Y,-0.5541975466193585
2024-07-17,BRL,Tasa 10Y,-0.537320403272675
2024-07-18,BRL,Tasa 10Y,-0.471533988335523
2024-07-19,BRL,Tasa 10Y,-0.3777886116176209
2024-07-22,BRL,Tasa 10Y,-0.4438197657209559
2024-07-23,BRL,Tasa 10Y,-0.366465601424205
2024-07-24,BRL,Tasa 10Y,-0.21979729759802863
2024-07-25,BRL,Tasa 10Y,-0.17435816037134913
2024-07-26,BRL,Tasa 10Y,-0.16250510826389072
2024-07-29,BRL,Tasa 10Y,-0.06864658409171272
2024-07-30,BRL,Tasa 10Y,-0.15439455334765648
2024-07-31,BRL,Tasa 10Y,-0.22875856996604602
2024-08-01,BRL,Tasa 10Y,-0.10245257745371719
2024-08-02,BRL,Tasa 10Y,-0.28770974886671924
2024-08-05,BRL,Tasa 10Y,-0.782728486944883
2024-08-06,BRL,Tasa 10Y,-0.5210368842186296
2024-08-07,BRL,Tasa 10Y,-0.46729493869918054
2024-08-08,BRL,Tasa 10Y,-0.5912814503568672
2024-08-09,BRL,Tasa 10Y,-0.6778884565201758
2024-08-12,BRL,Tasa 10Y,-0.5645676337781402
2024-08-13,BRL,Tasa 10Y,-0.6502781077811274
2024-08-14,BRL,Tasa 10Y,-0.48311765908336063
2024-08-16,BRL,Tasa 10Y,-0.47058223665891646
2024-08-19,BRL,Tasa 10Y,-0.4462441608926767
2024-08-20,BRL,Tasa 10Y,-0.3204482156253017
2024-08-21,BRL,Tasa 10Y,-0.19084397584298135
2024-08-22,BRL,Tasa 10Y,-0.08163640051368769
2024-08-23,BRL,Tasa 10Y,-0.0835843836788564
2024-08-26,BRL,Tasa 10Y,-0.12736837525959463
2024-08-27,BRL,Tasa 10Y,-0.02808686047446978
2024-08-28,BRL,Tasa 10Y,0.126429221102489
2024-08-29,BRL,Tasa 10Y,0.14636844576202787
2024-08-30,BRL,Tasa 10Y,0.3108173004365752
2024-09-02,BRL,Tasa 10Y,0.33755529098893394
2024-09-03,BRL,Tasa 10Y,0.22513896009889553
2024-09-04,BRL,Tasa 10Y,0.22882709288714473
2024-09-05,BRL,Tasa 10Y,-0.03221784130499951
2024-09-06,BRL,Tasa 10Y,-0.06309229127656749
2024-09-09,BRL,Tasa 10Y,0.021973212339801148
2024-09-10,BRL,Tasa 10Y,0.1627587910212603
2024-09-11,BRL,Tasa 10Y,0.14375335490544724
2024-09-12,BRL,Tasa 10Y,0.4575959609466709
2024-09-13,BRL,Tasa 10Y,0.4319526673947711
2024-09-16,BRL,Tasa 10Y,0.42535277496463425
2024-09-17,BRL,Tasa 10Y,0.46928915130536675
2024-09-23,BRL,Tasa 10Y,0.775918227577197
2024-09-24,BRL,Tasa 10Y,0.5237453445119831
2024-09-25,BRL,Tasa 10Y,0.355555229645294
2024-09-26,BRL,Tasa 10Y,0.39004597535167296
2024-09-27,BRL,Tasa 10Y,0.4670985763560745
2024-09-30,BRL,Tasa 10Y,0.612702476724067
2024-10-01,BRL,Tasa 10Y,0.661223278420999
2024-10-02,BRL,Tasa 10Y,0.7299299820007032
2024-10-03,BRL,Tasa 10Y,0.7599635021334522
2024-10-04,BRL,Tasa 10Y,0.5133006155591923
2024-10-07,BRL,Tasa 10Y,0.22827780781250315
2024-10-08,BRL,Tasa 10Y,0.22857120567646827
2024-10-09,BRL,Tasa 10Y,0.2901845698505599
2024-10-10,BRL,Tasa 10Y,0.31136894280495453
2024-10-11,BRL,Tasa 10Y,0.3418752869287623
2024-10-14,BRL,Tasa 10Y,0.31893458132651387
2024-10-15,BRL,Tasa 10Y,0.3495378357075688
2024-10-16,BRL,Tasa 10Y,0.8425523559074611
2024-10-17,BRL,Tasa 10Y,0.9386347943210253
2024-10-18,BRL,Tasa 10Y,0.8834335679027668
2024-10-21,BRL,Tasa 10Y,0.690076748636082
2024-10-22,BRL,Tasa 10Y,0.5531513423302479
2024-10-23,BRL,Tasa 10Y,0.49670202162407145
2024-10-24,BRL,Tasa 10Y,0.36793264488512173
2024-10-25,BRL,Tasa 10Y,0.45718645644958644
2024-10-28,BRL,Tasa 10Y,0.48994687559612576
2024-10-29,BRL,Tasa 10Y,0.6562986584792527
2024-10-30,BRL,Tasa 10Y,0.5256620525108922
2024-11-04,BRL,Tasa 10Y,0.3269849087444972
2024-11-05,BRL,Tasa 10Y,0.07742660930038528
2024-11-06,BRL,Tasa 10Y,0.15056676664022067
2024-11-07,BRL,Tasa 10Y,0.21542706257709018
2024-11-08,BRL,Tasa 10Y,0.4044997332577283
2024-11-11,BRL,Tasa 10Y,0.5934703868581191
2024-11-12,BRL,Tasa 10Y,0.5733392038277663
2024-11-13,BRL,Tasa 10Y,0.4694079342748529
2024-11-14,BRL,Tasa 10Y,0.6332280083000461
2024-11-15,BRL,Tasa 10Y,0.38315679366121563
2024-11-18,BRL,Tasa 10Y,0.42859506596698227
2024-11-19,BRL,Tasa 10Y,0.4482341411986657
2024-11-20,BRL,Tasa 10Y,0.5477801901706196
2024-11-21,BRL,Tasa 10Y,0.6616886542501588
2024-11-22,BRL,Tasa 10Y,0.8981081274702044
2024-11-25,BRL,Tasa 10Y,0.9273583732521912
2024-11-26,BRL,Tasa 10Y,0.8351654544806763
2024-11-27,BRL,Tasa 10Y,1.2563934826475478
2024-11-28,BRL,Tasa 10Y,1.3188436213739614
2024-11-29,BRL,Tasa 10Y,1.2348146805661078
2024-12-02,BRL,Tasa 10Y,1.365451733090211
2024-12-03,BRL,Tasa 10Y,1.5479294181635972
2024-12-04,BRL,Tasa 10Y,1.565797758141482
2024-12-05,BRL,Tasa 10Y,1.644622663992231
2024-12-06,BRL,Tasa 10Y,1.8506943956875639
2024-12-09,BRL,Tasa 10Y,1.884264007549661
2024-12-10,BRL,Tasa 10Y,1.4790498044809472
2024-12-11,BRL,Tasa 10Y,1.158732965782334
2024-12-12,BRL,Tasa 10Y,1.3798531757088173
2024-12-13,BRL,Tasa 10Y,1.6908520405984278
2024-12-16,BRL,Tasa 10Y,1.927861449435689
2024-12-17,BRL,Tasa 10Y,1.4221772916643447
2024-12-18,BRL,Tasa 10Y,1.1321933618133817
2024-12-19,BRL,Tasa 10Y,0.75657660393518
2024-12-20,BRL,Tasa 10Y,0.8776905861819514
2024-12-23,BRL,Tasa 10Y,1.0710645766113087
2024-12-24,BRL,Tasa 10Y,1.212502209044049
2024-12-26,BRL,Tasa 10Y,1.3294472329633396
2024-12-27,BRL,Tasa 10Y,1.6356734651131155
2024-12-30,BRL,Tasa 10Y,1.6698996022527526
2025-01-02,BRL,Tasa 10Y,1.3514582472333294
2025-01-03,BRL,Tasa 10Y,1.6773105276196083
2025-01-06,BRL,Tasa 10Y,1.1524339738156468
2025-01-07,BRL,Tasa 10Y,1.3246181644168278
2025-01-08,BRL,Tasa 10Y,1.3586139160898876
2025-01-09,BRL,Tasa 10Y,1.528095371460615
2025-01-10,BRL,Tasa 10Y,1.689150763978281
2025-01-13,BRL,Tasa 10Y,1.6050089366838667
2025-01-14,BRL,Tasa 10Y,1.3633565712445714
2025-01-15,BRL,Tasa 10Y,1.5310394556218883
2025-01-16,BRL,Tasa 10Y,2.089454666464628
2025-01-17,BRL,Tasa 10Y,2.322484143148949
2025-01-20,BRL,Tasa 10Y,2.1909346069065823
2025-01-21,BRL,Tasa 10Y,2.204843312391504
2025-01-22,BRL,Tasa 10Y,2.067574948216515
2025-01-23,BRL,Tasa 10Y,2.365923083486419
2025-01-24,BRL,Tasa 10Y,2.132220870869693
2025-01-27,BRL,Tasa 10Y,2.0496513428669187
2025-01-28,BRL,Tasa 10Y,2.145316651555279
2025-01-29,BRL,Tasa 10Y,2.0916225184666724
2025-01-30,BRL,Tasa 10Y,2.109830052104193
2025-01-31,BRL,Tasa 10Y,1.8815951576709122
2025-02-03,BRL,Tasa 10Y,1.6960417432023867
2025-02-04,BRL,Tasa 10Y,1.7855735048335004
2025-02-05,BRL,Tasa 10Y,2.2364541266072266
2025-02-06,BRL,Tasa 10Y,2.217443501704712
2025-02-07,BRL,Tasa 10Y,2.266217453066007
2025-02-10,BRL,Tasa 10Y,2.2871975487379737
2025-02-11,BRL,Tasa 10Y,2.1105462441332112
2025-02-12,BRL,Tasa 10Y,2.0658839724872697
2025-02-13,BRL,Tasa 10Y,2.313058022010052
2025-02-14,BRL,Tasa 10Y,1.9716843463988714
2025-02-17,BRL,Tasa 10Y,1.8233054865129958
2025-02-18,BRL,Tasa 10Y,1.719529486936122
2025-02-19,BRL,Tasa 10Y,1.916754107687909
2025-02-20,BRL,Tasa 10Y,1.8818354492284532
2025-02-21,BRL,Tasa 10Y,1.9456929482965535
2025-02-24,BRL,Tasa 10Y,2.077285980113221
2025-02-25,BRL,Tasa 10Y,2.2666654054778275
2025-02-26,BRL,Tasa 10Y,2.6949837625210966
2025-02-27,BRL,Tasa 10Y,2.640098974710408
2025-02-28,BRL,Tasa 10Y,2.8281831356132683
2025-03-03,BRL,Tasa 10Y,2.7284618611511466
2025-03-04,BRL,Tasa 10Y,2.495776503299262
2025-03-05,BRL,Tasa 10Y,2.4781453338814665
2025-03-06,BRL,Tasa 10Y,2.427625579460249
2025-03-07,BRL,Tasa 10Y,2.136847188988195
2025-03-10,BRL,Tasa 10Y,2.3851915651654663
2025-03-11,BRL,Tasa 10Y,2.0674824919178163
2025-03-12,BRL,Tasa 10Y,2.2282476410440224
2025-03-13,BRL,Tasa 10Y,2.04538680631581
2025-03-14,BRL,Tasa 10Y,2.05880085813236
2025-03-17,BRL,Tasa 10Y,1.9988312527974699
2025-03-18,BRL,Tasa 10Y,1.9138239431786097
2025-03-19,BRL,Tasa 10Y,2.0107317616371008
2025-03-20,BRL,Tasa 10Y,2.49675371172187
2025-03-21,BRL,Tasa 10Y,2.445414268256513
2025-03-24,BRL,Tasa 10Y,2.559639707632601
2025-03-25,BRL,Tasa 10Y,2.5299844414471138
2025-03-26,BRL,Tasa 10Y,2.644490081515998
2025-03-27,BRL,Tasa 10Y,2.520980415606096
2025-03-28,BRL,Tasa 10Y,2.6706806042204687
2025-03-31,BRL,Tasa 10Y,2.6336838807960787
2025-04-01,BRL,Tasa 10Y,2.604645685061063
2025-04-02,BRL,Tasa 10Y,2.747967685794308
2025-04-03,BRL,Tasa 10Y,2.2836767724343585
2025-04-04,BRL,Tasa 10Y,2.019005057839339
2025-04-07,BRL,Tasa 10Y,2.057509046705527
2025-04-08,BRL,Tasa 10Y,1.9181851212502956
2025-04-09,BRL,Tasa 10Y,2.1273804913088625
2025-04-10,BRL,Tasa 10Y,2.1107923948560123
2025-04-11,BRL,Tasa 10Y,1.4370672330248313
2025-04-14,BRL,Tasa 10Y,1.4360061571225249
2025-04-15,BRL,Tasa 10Y,1.414349402739293
2025-04-16,BRL,Tasa 10Y,1.2353338973085666
2025-04-17,BRL,Tasa 10Y,1.1867742184662042
2025-04-21,BRL,Tasa 10Y,1.1949452942238599
2025-04-22,BRL,Tasa 10Y,1.3127244348682252
2025-04-23,BRL,Tasa 10Y,1.3455891266609326
2025-04-24,BRL,Tasa 10Y,1.2876129987276215
2025-04-25,BRL,Tasa 10Y,1.6303506156451133
2025-04-28,BRL,Tasa 10Y,1.6199426482787989
2025-04-29,BRL,Tasa 10Y,1.6399600652191246
2025-04-30,BRL,Tasa 10Y,1.303568244353616
2025-05-02,BRL,Tasa 10Y,1.0902419422572343
2025-05-05,BRL,Tasa 10Y,0.8670091814222752
2025-05-06,BRL,Tasa 10Y,0.839376452873042
2025-05-07,BRL,Tasa 10Y,0.7430544548309379
2025-05-08,BRL,Tasa 10Y,0.7046848798657513
2025-05-09,BRL,Tasa 10Y,0.6808809541770456
2025-05-12,BRL,Tasa 10Y,0.7413718115369508
2025-05-13,BRL,Tasa 10Y,0.9222790723454647
2025-05-14,BRL,Tasa 10Y,0.8572002503375912
2025-05-15,BRL,Tasa 10Y,0.8089253136079649
2025-05-16,BRL,Tasa 10Y,0.7985333636404328
2025-05-19,BRL,Tasa 10Y,0.7590946341097484
2025-05-20,BRL,Tasa 10Y,0.8217186514249173
2025-05-22,BRL,Tasa 10Y,0.7950048959280552
2025-05-23,BRL,Tasa 10Y,0.6534575493296639
2025-05-26,BRL,Tasa 10Y,0.6335237691552714
2025-05-27,BRL,Tasa 10Y,0.6681073181928082
2025-05-28,BRL,Tasa 10Y,0.6503117864196019
2025-05-29,BRL,Tasa 10Y,0.7210128725393219
2025-05-30,BRL,Tasa 10Y,0.7363718207931579
2025-06-02,BRL,Tasa 10Y,0.6357930230602269
2025-06-03,BRL,Tasa 10Y,0.6759917958273367
2025-06-04,BRL,Tasa 10Y,0.7856332475859247
2025-06-05,BRL,Tasa 10Y,0.8605345247709213
2025-06-06,BRL,Tasa 10Y,0.7593740228159617
2025-06-09,BRL,Tasa 10Y,0.7312174308616071
2025-06-10,BRL,Tasa 10Y,0.7739766816634681
2025-06-11,BRL,Tasa 10Y,0.7824243885927237
2025-06-12,BRL,Tasa 10Y,0.6769771634515142
2025-06-13,BRL,Tasa 10Y,0.605938507857359
2025-06-16,BRL,Tasa 10Y,0.5372788868673197
2025-06-17,BRL,Tasa 10Y,0.5769280791164212
2025-06-18,BRL,Tasa 10Y,0.6775679285058002
2025-06-19,BRL,Tasa 10Y,0.6212047672955827
2025-06-23,BRL,Tasa 10Y,0.7381570415378347
2025-06-24,BRL,Tasa 10Y,0.8057165925460992
2025-06-25,BRL,Tasa 10Y,0.8474743007043395
2025-06-26,BRL,Tasa 10Y,0.690309573549366
2025-06-27,BRL,Tasa 10Y,0.6496175378464222
2025-06-30,BRL,Tasa 10Y,0.49716738549799694
2025-07-01,BRL,Tasa 10Y,0.5616776376916477
2025-07-02,BRL,Tasa 10Y,0.5790344357063638
2025-07-03,BRL,Tasa 10Y,0.6338928457802117
2025-07-04,BRL,Tasa 10Y,0.6153248738186647
2025-07-07,BRL,Tasa 10Y,0.7184075485811238
2025-07-08,BRL,Tasa 10Y,0.6355154662827647
2025-07-09,BRL,Tasa 10Y,0.9767817863540762
2025-07-10,BRL,Tasa 10Y,0.9530037812291438
2025-07-11,BRL,Tasa 10Y,0.8064548933871115
2025-07-14,BRL,Tasa 10Y,0.7923250345937468
2025-07-15,BRL,Tasa 10Y,0.9568817733939451
2025-07-17,BRL,Tasa 10Y,1.06737716248713
2025-07-18,BRL,Tasa 10Y,1.106029321438437
2025-07-21,BRL,Tasa 10Y,1.0458679962467186
2025-07-22,BRL,Tasa 10Y,0.9362015017473141
2025-07-23,BRL,Tasa 10Y,1.0200493149332726
2025-07-24,BRL,Tasa 10Y,1.1184731819358333
2025-07-25,BRL,Tasa 10Y,1.0908548394314759
2025-07-28,BRL,Tasa 10Y,1.0887446646797434
2025-07-29,BRL,Tasa 10Y,1.0541164004855068
2025-07-30,BRL,Tasa 10Y,1.0298282323848826
2025-07-31,BRL,Tasa 10Y,1.1588788362560078
2025-08-01,BRL,Tasa 10Y,1.295212469089073
2025-08-04,BRL,Tasa 10Y,1.1676637212522583
2025-08-05,BRL,Tasa 10Y,1.2957902471027256
2025-08-06,BRL,Tasa 10Y,1.2827431811610528
2025-08-07,BRL,Tasa 10Y,1.1782048438814527
2025-08-08,BRL,Tasa 10Y,1.2798993758408095
2025-08-11,BRL,Tasa 10Y,1.2596292620112
2025-08-12,BRL,Tasa 10Y,1.3748539899309136
2025-08-13,BRL,Tasa 10Y,1.486032905481574
2025-08-14,BRL,Tasa 10Y,1.3701288446177335
2025-08-18,BRL,Tasa 10Y,1.415021587540388
2025-08-19,BRL,Tasa 10Y,1.6300494392777978
2025-08-20,BRL,Tasa 10Y,1.4307249839286444
2025-08-21,BRL,Tasa 10Y,1.4145704884562205
2025-08-22,BRL,Tasa 10Y,1.5864121058336824
2025-08-25,BRL,Tasa 10Y,1.3959286432849904
2025-08-26,BRL,Tasa 10Y,1.378534019040623
2025-08-27,BRL,Tasa 10Y,1.5276464905570408
2025-08-28,BRL,Tasa 10Y,1.3821312522284726
2025-08-29,BRL,Tasa 10Y,1.4591434051679306
2025-09-01,BRL,Tasa 10Y,1.4674706983859442
2025-09-02,BRL,Tasa 10Y,1.558609232925374
2025-09-03,BRL,Tasa 10Y,1.6083025120671548
2025-09-04,BRL,Tasa 10Y,1.6977314223918618
2025-09-05,BRL,Tasa 10Y,1.7484001662079922
2025-09-08,BRL,Tasa 10Y,1.6794446714348497
2025-09-09,BRL,Tasa 10Y,1.5693612989277184
2025-09-10,BRL,Tasa 10Y,1.759494420852865
2025-09-11,BRL,Tasa 10Y,2.017777132392247
2025-09-12,BRL,Tasa 10Y,1.7218273975174012
2025-09-15,BRL,Tasa 10Y,1.6997042786731011
2025-09-16,BRL,Tasa 10Y,1.6173881397989616
2025-09-17,BRL,Tasa 10Y,1.436482285032644
2025-09-22,BRL,Tasa 10Y,1.5419470895484304
2025-09-23,BRL,Tasa 10Y,1.5433134402575865
2025-09-24,BRL,Tasa 10Y,1.584248799406565
2025-09-25,BRL,Tasa 10Y,1.5494640076966475
2025-09-26,BRL,Tasa 10Y,1.6874547162120754
2025-09-29,BRL,Tasa 10Y,1.6749953890279923
2025-09-30,BRL,Tasa 10Y,1.5092827231388866
2025-10-01,BRL,Tasa 10Y,1.5293087634696982
2025-10-02,BRL,Tasa 10Y,1.6607888121805758
2025-10-03,BRL,Tasa 10Y,1.627176149606104
2025-10-06,BRL,Tasa 10Y,1.6683773272726914
2025-10-07,BRL,Tasa 10Y,1.7819235862829272
2025-10-08,BRL,Tasa 10Y,1.7333652359890326
2025-10-09,BRL,Tasa 10Y,1.4899406650151614
2025-10-10,BRL,Tasa 10Y,1.268584050081678
2025-10-13,BRL,Tasa 10Y,1.3220860728251707
2025-10-14,BRL,Tasa 10Y,1.6012549700116216
2025-10-15,BRL,Tasa 10Y,1.6788238711503292
2025-10-16,BRL,Tasa 10Y,1.7661648623181143
2025-10-17,BRL,Tasa 10Y,1.7316148118057437
2025-10-20,BRL,Tasa 10Y,1.8173925902573251
2025-10-21,BRL,Tasa 10Y,1.8633831965803491
2025-10-22,BRL,Tasa 10Y,1.7032006500627586
2025-10-23,BRL,Tasa 10Y,1.6476793805041061
2025-10-24,BRL,Tasa 10Y,1.590119877000099
2025-10-27,BRL,Tasa 10Y,1.6200608490550783
2025-10-28,BRL,Tasa 10Y,1.6767682685395857
2025-10-29,BRL,Tasa 10Y,1.6233102657647012
2025-10-30,BRL,Tasa 10Y,1.6904821176589606
2025-11-03,BRL,Tasa 10Y,1.620995549236213
2025-11-04,BRL,Tasa 10Y,1.7546282348481848
2025-11-05,BRL,Tasa 10Y,1.5463080259840347
2025-11-06,BRL,Tasa 10Y,1.559119040567798
2025-11-07,BRL,Tasa 10Y,1.4850424133545044
2025-11-10,BRL,Tasa 10Y,1.4314384646506217
2025-11-11,BRL,Tasa 10Y,1.378547872637416
2025-11-12,BRL,Tasa 10Y,1.3485967658045372
2025-11-13,BRL,Tasa 10Y,1.263867074618887
2025-11-14,BRL,Tasa 10Y,1.1855971769691942
2025-11-17,BRL,Tasa 10Y,1.2210386453427171
2025-11-18,BRL,Tasa 10Y,1.208854762183679
2025-11-19,BRL,Tasa 10Y,1.1469640836880475
2025-11-20,BRL,Tasa 10Y,1.2185805054637098
2025-11-21,BRL,Tasa 10Y,1.2188147639544675
2025-11-24,BRL,Tasa 10Y,1.2360817505725612
2025-11-25,BRL,Tasa 10Y,1.291216603223113
2025-11-26,BRL,Tasa 10Y,1.2304611423105094
2025-11-27,BRL,Tasa 10Y,1.1836662268993776
2025-11-28,BRL,Tasa 10Y,1.1313916301718945
2025-12-01,BRL,Tasa 10Y,0.9484983976041096
2025-12-02,BRL,Tasa 10Y,0.9048005070991557
2025-12-03,BRL,Tasa 10Y,0.979550948208224
2025-12-04,BRL,Tasa 10Y,0.9049626452853434
2025-12-05,BRL,Tasa 10Y,1.241931290217857
2025-12-09,BRL,Tasa 10Y,0.9615173406025986
2025-12-10,BRL,Tasa 10Y,1.1777093321664085
2025-12-11,BRL,Tasa 10Y,1.0336936465404267
2025-12-12,BRL,Tasa 10Y,0.9615758218081112
2025-12-15,BRL,Tasa 10Y,0.9342997646657385
2025-12-16,BRL,Tasa 10Y,1.0178793961823018
2025-12-17,BRL,Tasa 10Y,1.1082914440208715
2025-12-18,BRL,Tasa 10Y,1.2100140274704954
2025-12-19,BRL,Tasa 10Y,1.1674811585816531
2025-12-22,BRL,Tasa 10Y,1.2554464171273645
2025-12-23,BRL,Tasa 10Y,1.1682224668420407
2025-12-24,BRL,Tasa 10Y,1.1071148324583509
2025-12-26,BRL,Tasa 10Y,1.1473885290845853
2025-12-29,BRL,Tasa 10Y,1.1531560578727729
2025-12-30,BRL,Tasa 10Y,1.0023080527665476
2026-01-02,BRL,Tasa 10Y,0.8622707543974224
2026-01-05,BRL,Tasa 10Y,0.9358148335513213
2026-01-06,BRL,Tasa 10Y,0.8954304196714671
2026-01-07,BRL,Tasa 10Y,0.8828035459440436
2026-01-08,BRL,Tasa 10Y,0.9062438558987096
2026-01-09,BRL,Tasa 10Y,0.9542943466292383
2026-01-12,BRL,Tasa 10Y,0.8883672126514083
2026-01-13,BRL,Tasa 10Y,0.8503211237485216
2026-01-14,BRL,Tasa 10Y,1.0207875765081142
2026-01-15,BRL,Tasa 10Y,1.1666477522482956
2026-01-16,BRL,Tasa 10Y,1.1672766465242974
2026-01-19,BRL,Tasa 10Y,1.1012854285275535
2026-01-20,BRL,Tasa 10Y,1.0635675954072699
2026-01-21,BRL,Tasa 10Y,1.0626992581432095
2026-01-22,BRL,Tasa 10Y,1.1024512702533515
2026-01-23,BRL,Tasa 10Y,1.0469865183777367
2026-01-26,BRL,Tasa 10Y,0.8421941399683288
2026-01-27,BRL,Tasa 10Y,0.5688484820923339
2026-01-28,BRL,Tasa 10Y,0.44870528263168036
2026-01-29,BRL,Tasa 10Y,0.47771668799175354
2026-01-30,BRL,Tasa 10Y,0.6136840580881597
2026-02-02,BRL,Tasa 10Y,0.6714766675318629
2026-02-03,BRL,Tasa 10Y,0.6491334854363536
2026-02-04,BRL,Tasa 10Y,0.648969807944383
2026-02-05,BRL,Tasa 10Y,0.7686789698933065
2026-02-06,BRL,Tasa 10Y,0.9333758412505886
2026-02-09,BRL,Tasa 10Y,0.699083090600252
2026-02-10,BRL,Tasa 10Y,0.6553085076177853
2026-02-11,BRL,Tasa 10Y,0.6736785455043153
2026-02-12,BRL,Tasa 10Y,0.6175989292992394
2026-02-13,BRL,Tasa 10Y,0.752527367274486
2026-02-16,BRL,Tasa 10Y,0.7323589845347889
2026-02-17,BRL,Tasa 10Y,0.7691699977459275
2026-02-18,BRL,Tasa 10Y,0.67387673096795
2026-02-19,BRL,Tasa 10Y,0.8529612950256669
2026-02-20,BRL,Tasa 10Y,0.7894569175336269
2026-02-23,BRL,Tasa 10Y,0.8613697791414151
2026-02-24,BRL,Tasa 10Y,0.8233855036503666
2026-02-25,BRL,Tasa 10Y,0.799931854837092
2026-02-26,BRL,Tasa 10Y,0.7555710378381927
2026-02-27,BRL,Tasa 10Y,0.8598042502481941
2026-03-02,BRL,Tasa 10Y,0.8031501890318103
2026-03-03,BRL,Tasa 10Y,0.9848706772108969
2026-03-04,BRL,Tasa 10Y,0.9170849895567486
2026-03-05,BRL,Tasa 10Y,1.0000964263141514
2026-03-06,BRL,Tasa 10Y,1.178705369830515
2026-03-09,BRL,Tasa 10Y,0.9359110858116574
2026-03-10,BRL,Tasa 10Y,0.7976999477826103
2026-03-11,BRL,Tasa 10Y,0.7951529850653204
2026-03-12,BRL,Tasa 10Y,1.01341003357302
2026-03-13,BRL,Tasa 10Y,1.151182004657578
2026-03-16,BRL,Tasa 10Y,0.8549383361720327
2026-03-17,BRL,Tasa 10Y,0.8180102580810513
2026-03-18,BRL,Tasa 10Y,0.8600354934575873
2026-03-19,BRL,Tasa 10Y,0.8719868373474102
2026-03-20,BRL,Tasa 10Y,0.6799229814453069
2026-03-23,BRL,Tasa 10Y,0.7255183870472631
2026-03-24,BRL,Tasa 10Y,0.790008260809016
2026-03-25,BRL,Tasa 10Y,0.9180749809552919
2026-03-26,BRL,Tasa 10Y,0.8877350903022604
2026-03-27,BRL,Tasa 10Y,0.8058179100654029
2026-03-30,BRL,Tasa 10Y,0.9317223060597277
2026-03-31,BRL,Tasa 10Y,0.8643782401532105
2026-04-01,BRL,Tasa 10Y,0.8479246988708885
2026-04-02,BRL,Tasa 10Y,0.8640625721165315
2026-04-06,BRL,Tasa 10Y,0.8167544687954418
2026-04-07,BRL,Tasa 10Y,0.6714130115745962
2026-04-08,BRL,Tasa 10Y,0.47393831234303097
2026-04-09,BRL,Tasa 10Y,0.6535785982437854
2026-04-10,BRL,Tasa 10Y,0.4294212523137166
2026-04-13,BRL,Tasa 10Y,0.46600574388682225
2026-04-14,BRL,Tasa 10Y,0.5227872815504685
2026-04-15,BRL,Tasa 10Y,0.5053789198566008
2026-04-16,BRL,Tasa 10Y,0.4750778142618327
2026-04-17,BRL,Tasa 10Y,0.48360478654447375
2026-04-20,BRL,Tasa 10Y,0.42340699963675676
2026-04-21,BRL,Tasa 10Y,0.4633854153474401
2026-04-22,BRL,Tasa 10Y,0.5972131328811185
2026-04-23,BRL,Tasa 10Y,0.7460468903957997
2026-04-24,BRL,Tasa 10Y,0.6698665032688286
2026-04-27,BRL,Tasa 10Y,0.6916617740224256
2026-04-28,BRL,Tasa 10Y,0.7086097324450779
2026-04-29,BRL,Tasa 10Y,0.8092764313215385
2026-04-30,BRL,Tasa 10Y,0.914543989813493
2026-05-04,BRL,Tasa 10Y,0.9062862012461348
2026-05-05,BRL,Tasa 10Y,0.9629952759386898
2026-05-06,BRL,Tasa 10Y,0.8282328817761603
2026-05-07,BRL,Tasa 10Y,0.8076391476775389
2026-05-08,BRL,Tasa 10Y,0.7429764577128625
2026-05-11,BRL,Tasa 10Y,0.8081247171793634
2026-05-12,BRL,Tasa 10Y,0.7277787184774486
2026-05-13,BRL,Tasa 10Y,0.8045287800592679
2026-05-14,BRL,Tasa 10Y,0.8038305534252697
2026-05-15,BRL,Tasa 10Y,0.7632786251726061
2026-05-18,BRL,Tasa 10Y,0.5313868234183994
2026-05-19,BRL,Tasa 10Y,0.5190613966297176
2026-05-20,BRL,Tasa 10Y,0.635971445210275
2026-05-22,BRL,Tasa 10Y,0.579970434991913
2026-05-25,BRL,Tasa 10Y,0.46165637065358517
2026-05-26,BRL,Tasa 10Y,0.5548904698163102
2026-05-27,BRL,Tasa 10Y,0.6136609373726138
2026-05-28,BRL,Tasa 10Y,0.8392281424837154
2026-05-29,BRL,Tasa 10Y,0.7468904066396289
2026-06-01,BRL,Tasa 10Y,0.7758740352602732
2022-01-03,CLP,Tasa 10Y,2.6875106818000485
2022-01-04,CLP,Tasa 10Y,2.8744920240449976
2022-01-05,CLP,Tasa 10Y,2.548092391192381
2022-01-06,CLP,Tasa 10Y,2.544698959711868
2022-01-07,CLP,Tasa 10Y,2.6457524420851612
2022-01-10,CLP,Tasa 10Y,2.7978762458553916
2022-01-11,CLP,Tasa 10Y,3.0094978235356322
2022-01-12,CLP,Tasa 10Y,3.0345337986220056
2022-01-13,CLP,Tasa 10Y,2.997448720670876
2022-01-14,CLP,Tasa 10Y,2.9243388510806043
2022-01-17,CLP,Tasa 10Y,2.8617632393430656
2022-01-18,CLP,Tasa 10Y,2.659703983636971
2022-01-19,CLP,Tasa 10Y,2.7308310495351713
2022-01-20,CLP,Tasa 10Y,2.689270128838481
2022-01-21,CLP,Tasa 10Y,2.136057831916908
2022-01-24,CLP,Tasa 10Y,1.812457674286574
2022-01-25,CLP,Tasa 10Y,1.9026520237370599
2022-01-26,CLP,Tasa 10Y,1.8671379011034386
2022-01-27,CLP,Tasa 10Y,2.194051919856854
2022-01-28,CLP,Tasa 10Y,2.129849464768972
2022-01-31,CLP,Tasa 10Y,2.0571997635950483
2022-02-01,CLP,Tasa 10Y,2.018884317239602
2022-02-02,CLP,Tasa 10Y,1.933051243143454
2022-02-03,CLP,Tasa 10Y,1.9755647342335927
2022-02-04,CLP,Tasa 10Y,1.8511633728742398
2022-02-07,CLP,Tasa 10Y,1.8470292107726245
2022-02-08,CLP,Tasa 10Y,2.103589885562234
2022-02-09,CLP,Tasa 10Y,2.230883524556796
2022-02-10,CLP,Tasa 10Y,2.151053389216078
2022-02-11,CLP,Tasa 10Y,2.1238878456917565
2022-02-14,CLP,Tasa 10Y,2.1050285114388085
2022-02-15,CLP,Tasa 10Y,2.0145695179154592
2022-02-16,CLP,Tasa 10Y,1.9768577068584243
2022-02-17,CLP,Tasa 10Y,1.8789357840661471
2022-02-18,CLP,Tasa 10Y,1.9763091749614579
2022-02-21,CLP,Tasa 10Y,1.9496410784343197
2022-02-22,CLP,Tasa 10Y,1.8512834048349098
2022-02-23,CLP,Tasa 10Y,1.736176012684293
2022-02-24,CLP,Tasa 10Y,1.6822940623784746
2022-02-25,CLP,Tasa 10Y,1.767155441544163
2022-02-28,CLP,Tasa 10Y,1.7786923464758462
2022-03-01,CLP,Tasa 10Y,1.7359727582604105
2022-03-02,CLP,Tasa 10Y,1.7439843035839342
2022-03-03,CLP,Tasa 10Y,1.9416458265247232
2022-03-04,CLP,Tasa 10Y,1.995585836322094
2022-03-07,CLP,Tasa 10Y,1.9293303060118427
2022-03-08,CLP,Tasa 10Y,1.8817704794901973
2022-03-09,CLP,Tasa 10Y,1.9294283482588386
2022-03-10,CLP,Tasa 10Y,1.9562279224444208
2022-03-11,CLP,Tasa 10Y,2.030439370920474
2022-03-14,CLP,Tasa 10Y,2.025839154949288
2022-03-15,CLP,Tasa 10Y,2.161946804158125
2022-03-16,CLP,Tasa 10Y,2.1718591017777196
2022-03-17,CLP,Tasa 10Y,2.3447960444707814
2022-03-18,CLP,Tasa 10Y,2.39812640275956
2022-03-21,CLP,Tasa 10Y,2.3107272070506295
2022-03-22,CLP,Tasa 10Y,2.2856470111468505
2022-03-23,CLP,Tasa 10Y,2.5098415870292663
2022-03-24,CLP,Tasa 10Y,2.6932940453375185
2022-03-25,CLP,Tasa 10Y,2.573197036489749
2022-03-28,CLP,Tasa 10Y,2.660432134393972
2022-03-29,CLP,Tasa 10Y,2.767087205507953
2022-03-30,CLP,Tasa 10Y,2.4434463691209576
2022-03-31,CLP,Tasa 10Y,2.2740035847306967
2022-04-01,CLP,Tasa 10Y,2.0954056486910106
2022-04-04,CLP,Tasa 10Y,2.1817002794895153
2022-04-05,CLP,Tasa 10Y,2.0019218989342358
2022-04-06,CLP,Tasa 10Y,2.1389783810673393
2022-04-07,CLP,Tasa 10Y,2.119750087948821
2022-04-08,CLP,Tasa 10Y,2.3966207887246225
2022-04-11,CLP,Tasa 10Y,2.1320776933186
2022-04-12,CLP,Tasa 10Y,2.2547448956795475
2022-04-13,CLP,Tasa 10Y,2.261722537010183
2022-04-14,CLP,Tasa 10Y,2.1557722175170917
2022-04-18,CLP,Tasa 10Y,2.3128750876079764
2022-04-19,CLP,Tasa 10Y,2.2005342383154485
2022-04-20,CLP,Tasa 10Y,2.392296500338892
2022-04-21,CLP,Tasa 10Y,2.2508809346232006
2022-04-22,CLP,Tasa 10Y,2.2316115730601433
2022-04-25,CLP,Tasa 10Y,2.5047444628056237
2022-04-26,CLP,Tasa 10Y,2.475113751627772
2022-04-27,CLP,Tasa 10Y,2.29844600566343
2022-04-28,CLP,Tasa 10Y,2.414812832852297
2022-04-29,CLP,Tasa 10Y,2.0747093478982137
2022-05-02,CLP,Tasa 10Y,2.0018541922679356
2022-05-03,CLP,Tasa 10Y,2.096229671286703
2022-05-04,CLP,Tasa 10Y,2.254912650889407
2022-05-05,CLP,Tasa 10Y,2.0203539799384393
2022-05-06,CLP,Tasa 10Y,2.137734094987957
2022-05-09,CLP,Tasa 10Y,2.225087647637809
2022-05-10,CLP,Tasa 10Y,2.328358931137241
2022-05-11,CLP,Tasa 10Y,2.336183299055321
2022-05-12,CLP,Tasa 10Y,2.4339283622294112
2022-05-13,CLP,Tasa 10Y,2.4962664842760702
2022-05-16,CLP,Tasa 10Y,2.4899478537419983
2022-05-17,CLP,Tasa 10Y,2.3602979528300536
2022-05-18,CLP,Tasa 10Y,2.270299397574908
2022-05-19,CLP,Tasa 10Y,2.2656535783769507
2022-05-20,CLP,Tasa 10Y,2.083912139384745
2022-05-23,CLP,Tasa 10Y,1.9685416717841115
2022-05-24,CLP,Tasa 10Y,1.8398349489954218
2022-05-25,CLP,Tasa 10Y,1.9562383854981171
2022-05-26,CLP,Tasa 10Y,2.010429461840105
2022-05-27,CLP,Tasa 10Y,2.0195822837028103
2022-05-30,CLP,Tasa 10Y,1.9381157843073507
2022-05-31,CLP,Tasa 10Y,1.8851559862572267
2022-06-01,CLP,Tasa 10Y,1.812881310920756
2022-06-02,CLP,Tasa 10Y,1.8978265138716972
2022-06-03,CLP,Tasa 10Y,1.8757350930926602
2022-06-06,CLP,Tasa 10Y,1.7719860422078557
2022-06-07,CLP,Tasa 10Y,1.9213147652601812
2022-06-08,CLP,Tasa 10Y,1.9510009157273658
2022-06-09,CLP,Tasa 10Y,1.8176551508403278
2022-06-10,CLP,Tasa 10Y,1.7380848017964063
2022-06-13,CLP,Tasa 10Y,1.4350584233987382
2022-06-14,CLP,Tasa 10Y,1.3754820359304498
2022-06-15,CLP,Tasa 10Y,1.6650604696577702
2022-06-16,CLP,Tasa 10Y,1.6382303765630533
2022-06-17,CLP,Tasa 10Y,1.521061843921119
2022-06-20,CLP,Tasa 10Y,1.4685522726321096
2022-06-22,CLP,Tasa 10Y,1.4439730741810948
2022-06-23,CLP,Tasa 10Y,1.4713323183424343
2022-06-24,CLP,Tasa 10Y,1.524350920573773
2022-06-28,CLP,Tasa 10Y,1.4164084557045522
2022-06-29,CLP,Tasa 10Y,1.6008047086935893
2022-06-30,CLP,Tasa 10Y,1.7039530232346545
2022-07-01,CLP,Tasa 10Y,1.7737579319783614
2022-07-04,CLP,Tasa 10Y,1.7803861086975163
2022-07-05,CLP,Tasa 10Y,1.863083858707161
2022-07-06,CLP,Tasa 10Y,1.8358955567433775
2022-07-07,CLP,Tasa 10Y,2.0926542379091853
2022-07-08,CLP,Tasa 10Y,1.833522099878049
2022-07-11,CLP,Tasa 10Y,2.1770320866058843
2022-07-12,CLP,Tasa 10Y,2.4591920025960197
2022-07-13,CLP,Tasa 10Y,2.447458212584775
2022-07-14,CLP,Tasa 10Y,2.598226704046627
2022-07-15,CLP,Tasa 10Y,2.6391050732068053
2022-07-18,CLP,Tasa 10Y,2.168923564551094
2022-07-19,CLP,Tasa 10Y,2.2562456584441724
2022-07-20,CLP,Tasa 10Y,2.325811588678438
2022-07-21,CLP,Tasa 10Y,2.5497526101475034
2022-07-22,CLP,Tasa 10Y,2.767191486926845
2022-07-25,CLP,Tasa 10Y,2.7615889734138017
2022-07-26,CLP,Tasa 10Y,2.6645613915609063
2022-07-27,CLP,Tasa 10Y,2.7604511616670933
2022-07-28,CLP,Tasa 10Y,2.879268406729828
2022-07-29,CLP,Tasa 10Y,2.967973805287251
2022-08-01,CLP,Tasa 10Y,2.7889561969586665
2022-08-02,CLP,Tasa 10Y,2.5825153064847504
2022-08-03,CLP,Tasa 10Y,2.9393850457707007
2022-08-04,CLP,Tasa 10Y,2.957626037485301
2022-08-05,CLP,Tasa 10Y,2.797558150464583
2022-08-08,CLP,Tasa 10Y,2.8564898694273215
2022-08-09,CLP,Tasa 10Y,2.825963992195851
2022-08-10,CLP,Tasa 10Y,2.736393631845935
2022-08-11,CLP,Tasa 10Y,2.5701270433453036
2022-08-12,CLP,Tasa 10Y,2.67155022339537
2022-08-16,CLP,Tasa 10Y,2.937003618044581
2022-08-17,CLP,Tasa 10Y,2.8458183249312308
2022-08-18,CLP,Tasa 10Y,2.945009623864168
2022-08-19,CLP,Tasa 10Y,2.9436616740721093
2022-08-22,CLP,Tasa 10Y,2.903495825280269
2022-08-23,CLP,Tasa 10Y,2.777962240146749
2022-08-24,CLP,Tasa 10Y,2.8213312406093456
2022-08-25,CLP,Tasa 10Y,2.849432190275158
2022-08-26,CLP,Tasa 10Y,2.497740550213383
2022-08-29,CLP,Tasa 10Y,2.6448556717977496
2022-08-30,CLP,Tasa 10Y,2.3840903112398193
2022-08-31,CLP,Tasa 10Y,2.1874140658294023
2022-09-01,CLP,Tasa 10Y,2.0483930549734275
2022-09-02,CLP,Tasa 10Y,2.0098376275570113
2022-09-05,CLP,Tasa 10Y,1.8580606492734753
2022-09-06,CLP,Tasa 10Y,1.7438012108843233
2022-09-07,CLP,Tasa 10Y,1.9844416634964248
2022-09-08,CLP,Tasa 10Y,2.089130014477212
2022-09-09,CLP,Tasa 10Y,1.9748446773710047
2022-09-12,CLP,Tasa 10Y,1.8028451715016933
2022-09-13,CLP,Tasa 10Y,1.563862131507947
2022-09-14,CLP,Tasa 10Y,1.7060027483585674
2022-09-15,CLP,Tasa 10Y,1.6945716881563861
2022-09-20,CLP,Tasa 10Y,1.5719918899914875
2022-09-21,CLP,Tasa 10Y,1.7058227045861267
2022-09-22,CLP,Tasa 10Y,1.619828764958629
2022-09-23,CLP,Tasa 10Y,1.7774484714086902
2022-09-26,CLP,Tasa 10Y,1.5682593444413773
2022-09-27,CLP,Tasa 10Y,1.7694401044371473
2022-09-28,CLP,Tasa 10Y,2.1501461143597216
2022-09-29,CLP,Tasa 10Y,1.7976393452607229
2022-09-30,CLP,Tasa 10Y,1.6432584994205104
2022-10-03,CLP,Tasa 10Y,1.8032550932982316
2022-10-04,CLP,Tasa 10Y,1.977794308174768
2022-10-05,CLP,Tasa 10Y,1.929901449432639
2022-10-06,CLP,Tasa 10Y,1.8376159051122725
2022-10-07,CLP,Tasa 10Y,1.634245539337301
2022-10-11,CLP,Tasa 10Y,1.3986819556584265
2022-10-12,CLP,Tasa 10Y,1.3526354443038158
2022-10-13,CLP,Tasa 10Y,1.1098732447261355
2022-10-14,CLP,Tasa 10Y,0.8916490846038223
2022-10-17,CLP,Tasa 10Y,0.7311393370500067
2022-10-18,CLP,Tasa 10Y,0.7946814503748869
2022-10-19,CLP,Tasa 10Y,0.877955798228618
2022-10-20,CLP,Tasa 10Y,0.9321898096315075
2022-10-21,CLP,Tasa 10Y,1.0427321612984402
2022-10-24,CLP,Tasa 10Y,0.851883933885556
2022-10-25,CLP,Tasa 10Y,1.0578437191177434
2022-10-26,CLP,Tasa 10Y,1.0861339743632992
2022-10-27,CLP,Tasa 10Y,1.1596464647905356
2022-10-28,CLP,Tasa 10Y,1.3385393364844222
2022-11-02,CLP,Tasa 10Y,1.1436177510502863
2022-11-03,CLP,Tasa 10Y,1.1577173887072776
2022-11-04,CLP,Tasa 10Y,0.9289394413706673
2022-11-07,CLP,Tasa 10Y,0.8066333180334926
2022-11-08,CLP,Tasa 10Y,0.44000645575270225
2022-11-09,CLP,Tasa 10Y,0.20571264840045977
2022-11-10,CLP,Tasa 10Y,0.4541114600016625
2022-11-11,CLP,Tasa 10Y,0.09956987660373057
2022-11-14,CLP,Tasa 10Y,-0.02675521185631994
2022-11-15,CLP,Tasa 10Y,-0.42877410684492584
2022-11-16,CLP,Tasa 10Y,-0.312903426659395
2022-11-17,CLP,Tasa 10Y,-0.02768703723729398
2022-11-18,CLP,Tasa 10Y,-0.08346399597647801
2022-11-21,CLP,Tasa 10Y,-0.260585891466752
2022-11-22,CLP,Tasa 10Y,-0.15368141342386404
2022-11-23,CLP,Tasa 10Y,-0.03360918484517084
2022-11-24,CLP,Tasa 10Y,-0.10106500775227788
2022-11-25,CLP,Tasa 10Y,0.07466136085800275
2022-11-28,CLP,Tasa 10Y,0.11326184021568761
2022-11-29,CLP,Tasa 10Y,0.053650124771297776
2022-11-30,CLP,Tasa 10Y,0.023898531060749746
2022-12-01,CLP,Tasa 10Y,0.1434270991167963
2022-12-02,CLP,Tasa 10Y,0.05647582669848883
2022-12-05,CLP,Tasa 10Y,-0.12553947353360756
2022-12-06,CLP,Tasa 10Y,-0.10699504616019685
2022-12-07,CLP,Tasa 10Y,0.21318960722666733
2022-12-09,CLP,Tasa 10Y,-0.02756642797630918
2022-12-12,CLP,Tasa 10Y,-0.1294818571330306
2022-12-13,CLP,Tasa 10Y,0.005931039248268716
2022-12-14,CLP,Tasa 10Y,-0.06499608598896468
2022-12-15,CLP,Tasa 10Y,-0.029865360513054415
2022-12-16,CLP,Tasa 10Y,0.06709245524985205
2022-12-19,CLP,Tasa 10Y,-0.03892527693398849
2022-12-20,CLP,Tasa 10Y,-0.1411136516298332
2022-12-21,CLP,Tasa 10Y,-0.0767008538427005
2022-12-22,CLP,Tasa 10Y,-0.13815265095585547
2022-12-23,CLP,Tasa 10Y,-0.16725604841350655
2022-12-26,CLP,Tasa 10Y,-0.17411468039674458
2022-12-27,CLP,Tasa 10Y,-0.36271470131034483
2022-12-28,CLP,Tasa 10Y,-0.46611011051076306
2022-12-29,CLP,Tasa 10Y,-0.3945007992407815
2022-12-30,CLP,Tasa 10Y,-0.549116178029692
2023-01-03,CLP,Tasa 10Y,-0.3867990751437247
2023-01-04,CLP,Tasa 10Y,-0.37188662505158465
2023-01-05,CLP,Tasa 10Y,-0.45606829464633475
2023-01-06,CLP,Tasa 10Y,-0.20986044910749893
2023-01-09,CLP,Tasa 10Y,-0.40767790521430686
2023-01-10,CLP,Tasa 10Y,-0.4647304615696016
2023-01-11,CLP,Tasa 10Y,-0.4515836287314798
2023-01-12,CLP,Tasa 10Y,-0.3246527577413832
2023-01-13,CLP,Tasa 10Y,-0.24478526505792111
2023-01-16,CLP,Tasa 10Y,-0.27154509404564076
2023-01-17,CLP,Tasa 10Y,-0.2768735783713611
2023-01-18,CLP,Tasa 10Y,-0.08836540933834576
2023-01-19,CLP,Tasa 10Y,-0.03024360262846881
2023-01-20,CLP,Tasa 10Y,-0.07843722817589704
2023-01-23,CLP,Tasa 10Y,-0.1441931756814528
2023-01-24,CLP,Tasa 10Y,-0.015767063126540932
2023-01-25,CLP,Tasa 10Y,0.0434033183688873
2023-01-26,CLP,Tasa 10Y,0.03658212489845729
2023-01-27,CLP,Tasa 10Y,0.049537202431177284
2023-01-30,CLP,Tasa 10Y,-0.13411476877230033
2023-01-31,CLP,Tasa 10Y,0.13762947155540312
2023-02-01,CLP,Tasa 10Y,0.24735672082116605
2023-02-02,CLP,Tasa 10Y,0.1819098719318645
2023-02-03,CLP,Tasa 10Y,0.17248474758920088
2023-02-06,CLP,Tasa 10Y,0.26216038818489895
2023-02-07,CLP,Tasa 10Y,0.18538646867245842
2023-02-08,CLP,Tasa 10Y,0.2948356816456343
2023-02-09,CLP,Tasa 10Y,0.13580702665594074
2023-02-10,CLP,Tasa 10Y,0.19086674251468544
2023-02-13,CLP,Tasa 10Y,0.32114846667400354
2023-02-14,CLP,Tasa 10Y,0.26474208079676437
2023-02-15,CLP,Tasa 10Y,0.2716960312623537
2023-02-16,CLP,Tasa 10Y,0.13495775817747552
2023-02-17,CLP,Tasa 10Y,0.19143121118597148
2023-02-20,CLP,Tasa 10Y,0.07042347392543133
2023-02-21,CLP,Tasa 10Y,-0.044308918465106234
2023-02-22,CLP,Tasa 10Y,7.133516322474532e-4
2023-02-23,CLP,Tasa 10Y,0.12805485470516978
2023-02-24,CLP,Tasa 10Y,0.11748370582444745
2023-02-27,CLP,Tasa 10Y,0.18926653181818556
2023-02-28,CLP,Tasa 10Y,0.16037867189661267
2023-03-01,CLP,Tasa 10Y,0.11315850658004988
2023-03-02,CLP,Tasa 10Y,0.2758017814412472
2023-03-03,CLP,Tasa 10Y,0.29489489749903
2023-03-06,CLP,Tasa 10Y,0.30527991855176934
2023-03-07,CLP,Tasa 10Y,0.25532347493477686
2023-03-08,CLP,Tasa 10Y,0.05470514488962367
2023-03-09,CLP,Tasa 10Y,-0.01528483093806077
2023-03-10,CLP,Tasa 10Y,-0.04340008437540175
2023-03-13,CLP,Tasa 10Y,-0.3378588799561125
2023-03-14,CLP,Tasa 10Y,-0.18111637561049615
2023-03-15,CLP,Tasa 10Y,-0.10080707976587726
2023-03-16,CLP,Tasa 10Y,-0.17524813566247213
2023-03-17,CLP,Tasa 10Y,-0.15034289243842228
2023-03-20,CLP,Tasa 10Y,-0.2574010062937007
2023-03-21,CLP,Tasa 10Y,-0.28094688792665756
2023-03-22,CLP,Tasa 10Y,-0.07826808203811819
2023-03-23,CLP,Tasa 10Y,-0.2972200112712903
2023-03-24,CLP,Tasa 10Y,-0.21407033717549856
2023-03-27,CLP,Tasa 10Y,-0.2148575990136205
2023-03-28,CLP,Tasa 10Y,-0.2767282225129793
2023-03-29,CLP,Tasa 10Y,-0.1974747849351598
2023-03-30,CLP,Tasa 10Y,-0.18510251999545008
2023-03-31,CLP,Tasa 10Y,-0.1035540132026553
2023-04-03,CLP,Tasa 10Y,-0.03871229132504946
2023-04-04,CLP,Tasa 10Y,0.09925308120635105
2023-04-05,CLP,Tasa 10Y,0.2254225104224502
2023-04-06,CLP,Tasa 10Y,0.39229252801320524
2023-04-10,CLP,Tasa 10Y,0.2725476731036246
2023-04-11,CLP,Tasa 10Y,0.4093647466882105
2023-04-12,CLP,Tasa 10Y,0.5295693156313581
2023-04-13,CLP,Tasa 10Y,0.28878324644921227
2023-04-14,CLP,Tasa 10Y,0.3127159921346965
2023-04-17,CLP,Tasa 10Y,0.3434402570842065
2023-04-18,CLP,Tasa 10Y,0.3998900811825759
2023-04-19,CLP,Tasa 10Y,0.5075595518248127
2023-04-20,CLP,Tasa 10Y,0.4262260004788451
2023-04-21,CLP,Tasa 10Y,0.42196180308999165
2023-04-24,CLP,Tasa 10Y,0.5321129339667315
2023-04-25,CLP,Tasa 10Y,0.37318113229458294
2023-04-26,CLP,Tasa 10Y,0.3863788220275932
2023-04-27,CLP,Tasa 10Y,0.46209880251511176
2023-04-28,CLP,Tasa 10Y,0.5764935358821355
2023-05-02,CLP,Tasa 10Y,0.34346351917852214
2023-05-03,CLP,Tasa 10Y,0.403476165627332
2023-05-04,CLP,Tasa 10Y,0.2255944675888009
2023-05-05,CLP,Tasa 10Y,0.26416703564177246
2023-05-08,CLP,Tasa 10Y,0.21400178801772454
2023-05-09,CLP,Tasa 10Y,0.3201664516890157
2023-05-10,CLP,Tasa 10Y,0.48574136242866156
2023-05-11,CLP,Tasa 10Y,0.4893705956792918
2023-05-12,CLP,Tasa 10Y,0.4311830541059166
2023-05-15,CLP,Tasa 10Y,0.47853577157727617
2023-05-16,CLP,Tasa 10Y,0.401106432793032
2023-05-17,CLP,Tasa 10Y,0.4057399589412931
2023-05-18,CLP,Tasa 10Y,0.4991496247618202
2023-05-19,CLP,Tasa 10Y,0.4624351748932907
2023-05-22,CLP,Tasa 10Y,0.36679610657672884
2023-05-23,CLP,Tasa 10Y,0.3917316051666822
2023-05-24,CLP,Tasa 10Y,0.19535273874871653
2023-05-25,CLP,Tasa 10Y,0.26346047502177317
2023-05-26,CLP,Tasa 10Y,0.2568300380471825
2023-05-29,CLP,Tasa 10Y,0.2761303623014612
2023-05-30,CLP,Tasa 10Y,0.3599661354975144
2023-05-31,CLP,Tasa 10Y,0.26926175377326333
2023-06-01,CLP,Tasa 10Y,0.34882745509913804
2023-06-02,CLP,Tasa 10Y,0.22769948064720233
2023-06-05,CLP,Tasa 10Y,0.19374812627775617
2023-06-06,CLP,Tasa 10Y,0.27022888398946254
2023-06-07,CLP,Tasa 10Y,0.12635579662331684
2023-06-08,CLP,Tasa 10Y,0.14685672815061276
2023-06-09,CLP,Tasa 10Y,0.04345355980834496
2023-06-12,CLP,Tasa 10Y,-0.0636087047119971
2023-06-13,CLP,Tasa 10Y,-0.15425302735129512
2023-06-14,CLP,Tasa 10Y,-0.10861830472766693
2023-06-15,CLP,Tasa 10Y,-0.11341248105210025
2023-06-16,CLP,Tasa 10Y,-0.16907346491840508
2023-06-19,CLP,Tasa 10Y,-0.14839669489099205
2023-06-20,CLP,Tasa 10Y,-0.1447239616553701
2023-06-22,CLP,Tasa 10Y,-0.09820333479313503
2023-06-23,CLP,Tasa 10Y,0.0030576553973536546
2023-06-27,CLP,Tasa 10Y,-0.05878938729566006
2023-06-28,CLP,Tasa 10Y,0.06027329328252436
2023-06-29,CLP,Tasa 10Y,-0.0768005834502075
2023-06-30,CLP,Tasa 10Y,-0.008394321711467234
2023-07-03,CLP,Tasa 10Y,-0.05018092019173386
2023-07-04,CLP,Tasa 10Y,-0.07757264470785297
2023-07-05,CLP,Tasa 10Y,-0.1511993598901435
2023-07-06,CLP,Tasa 10Y,-0.3312639156839524
2023-07-07,CLP,Tasa 10Y,-0.379298310140942
2023-07-10,CLP,Tasa 10Y,-0.3270599407216598
2023-07-11,CLP,Tasa 10Y,-0.28809814086592395
2023-07-12,CLP,Tasa 10Y,-0.14755431858136311
2023-07-13,CLP,Tasa 10Y,-0.1505725995919493
2023-07-14,CLP,Tasa 10Y,-0.21428340801263077
2023-07-17,CLP,Tasa 10Y,-0.16087145862101587
2023-07-18,CLP,Tasa 10Y,-0.13081973696689714
2023-07-19,CLP,Tasa 10Y,0.011257653300674431
2023-07-20,CLP,Tasa 10Y,-0.1412774710356531
2023-07-21,CLP,Tasa 10Y,0.012507963947608258
2023-07-24,CLP,Tasa 10Y,0.023668562204301274
2023-07-25,CLP,Tasa 10Y,-0.04223462844716739
2023-07-26,CLP,Tasa 10Y,0.05144577515646152
2023-07-27,CLP,Tasa 10Y,-0.16680403609228153
2023-07-28,CLP,Tasa 10Y,-0.041753377976560035
2023-07-31,CLP,Tasa 10Y,-0.18896614471091988
2023-08-01,CLP,Tasa 10Y,-0.14609974537133308
2023-08-02,CLP,Tasa 10Y,-0.276550896040003
2023-08-03,CLP,Tasa 10Y,-0.3046893312171711
2023-08-04,CLP,Tasa 10Y,-0.18921677030696862
2023-08-07,CLP,Tasa 10Y,-0.22043020147525189
2023-08-08,CLP,Tasa 10Y,-0.13228007763177496
2023-08-09,CLP,Tasa 10Y,-0.02307362973392752
2023-08-10,CLP,Tasa 10Y,-0.18425545806673602
2023-08-11,CLP,Tasa 10Y,-0.001121665301112833
2023-08-14,CLP,Tasa 10Y,-0.07734315896578639
2023-08-16,CLP,Tasa 10Y,-0.27010688051096776
2023-08-17,CLP,Tasa 10Y,-0.2859788377935294
2023-08-18,CLP,Tasa 10Y,-0.09714229804064117
2023-08-21,CLP,Tasa 10Y,-0.1047857405937883
2023-08-22,CLP,Tasa 10Y,-0.004942610839819699
2023-08-23,CLP,Tasa 10Y,0.17966778251342286
2023-08-24,CLP,Tasa 10Y,-0.08860034423376881
2023-08-25,CLP,Tasa 10Y,0.04333599656243631
2023-08-28,CLP,Tasa 10Y,0.1259918715296015
2023-08-29,CLP,Tasa 10Y,0.30010370943424974
2023-08-30,CLP,Tasa 10Y,0.33816050523836316
2023-08-31,CLP,Tasa 10Y,0.4076708127611936
2023-09-01,CLP,Tasa 10Y,0.32202914995443543
2023-09-04,CLP,Tasa 10Y,0.2890673220205579
2023-09-05,CLP,Tasa 10Y,0.21154189936818726
2023-09-06,CLP,Tasa 10Y,0.2099009160705874
2023-09-07,CLP,Tasa 10Y,0.3248409081991509
2023-09-08,CLP,Tasa 10Y,0.3364661053251859
2023-09-11,CLP,Tasa 10Y,0.2008745808062886
2023-09-12,CLP,Tasa 10Y,0.23516632461223255
2023-09-13,CLP,Tasa 10Y,0.27418506123887626
2023-09-14,CLP,Tasa 10Y,0.27002421143805666
2023-09-15,CLP,Tasa 10Y,0.15335936601202058
2023-09-20,CLP,Tasa 10Y,0.08084847493746566
2023-09-21,CLP,Tasa 10Y,-0.036563400134223024
2023-09-22,CLP,Tasa 10Y,0.10730071478272354
2023-09-25,CLP,Tasa 10Y,-0.020405659378836902
2023-09-26,CLP,Tasa 10Y,0.19455328504714428
2023-09-27,CLP,Tasa 10Y,0.20723435267363133
2023-09-28,CLP,Tasa 10Y,0.5820959272839704
2023-09-29,CLP,Tasa 10Y,0.4662103155777895
2023-10-02,CLP,Tasa 10Y,0.43296630285597565
2023-10-03,CLP,Tasa 10Y,0.31509130791061374
2023-10-04,CLP,Tasa 10Y,0.3821129429694119
2023-10-05,CLP,Tasa 10Y,0.4605268399120082
2023-10-06,CLP,Tasa 10Y,0.3420488312016701
2023-10-10,CLP,Tasa 10Y,0.49615496415424415
2023-10-11,CLP,Tasa 10Y,0.5623664654476473
2023-10-12,CLP,Tasa 10Y,0.3177219158087616
2023-10-13,CLP,Tasa 10Y,0.2973808518482184
2023-10-16,CLP,Tasa 10Y,0.33538666934886363
2023-10-17,CLP,Tasa 10Y,0.1711866655946084
2023-10-18,CLP,Tasa 10Y,0.10137191230858397
2023-10-19,CLP,Tasa 10Y,0.0047754322825240385
2023-10-20,CLP,Tasa 10Y,0.15769962959783956
2023-10-23,CLP,Tasa 10Y,0.3610406434121045
2023-10-24,CLP,Tasa 10Y,0.4895423543327274
2023-10-25,CLP,Tasa 10Y,0.517523877011929
2023-10-26,CLP,Tasa 10Y,0.48194981846179225
2023-10-30,CLP,Tasa 10Y,0.44861840314921453
2023-10-31,CLP,Tasa 10Y,0.19588327578855336
2023-11-02,CLP,Tasa 10Y,0.5330833287731634
2023-11-03,CLP,Tasa 10Y,0.4012337637598891
2023-11-06,CLP,Tasa 10Y,0.27161679203449174
2023-11-07,CLP,Tasa 10Y,0.26200662371342875
2023-11-08,CLP,Tasa 10Y,0.307187075041837
2023-11-09,CLP,Tasa 10Y,-0.009743081485828567
2023-11-10,CLP,Tasa 10Y,0.06787420147312088
2023-11-13,CLP,Tasa 10Y,0.1364964917931731
2023-11-14,CLP,Tasa 10Y,0.19181367055200027
2023-11-15,CLP,Tasa 10Y,-0.23815587780577746
2023-11-16,CLP,Tasa 10Y,-0.3623530510978949
2023-11-17,CLP,Tasa 10Y,-0.2729571772309673
2023-11-20,CLP,Tasa 10Y,-0.1056503256809372
2023-11-21,CLP,Tasa 10Y,-0.20556776368175247
2023-11-22,CLP,Tasa 10Y,-0.2467268413275167
2023-11-23,CLP,Tasa 10Y,-0.2828584490081165
2023-11-24,CLP,Tasa 10Y,-0.2245317505718608
2023-11-27,CLP,Tasa 10Y,-0.11124804399726414
2023-11-28,CLP,Tasa 10Y,-0.042907244751999106
2023-11-29,CLP,Tasa 10Y,-0.100702910534557
2023-11-30,CLP,Tasa 10Y,-0.16337164777637095
2023-12-01,CLP,Tasa 10Y,0.08438408266813384
2023-12-04,CLP,Tasa 10Y,-0.1104031572956313
2023-12-05,CLP,Tasa 10Y,-0.01351820184989648
2023-12-06,CLP,Tasa 10Y,0.0632454201213746
2023-12-07,CLP,Tasa 10Y,-2.924060831789325e-4
2023-12-11,CLP,Tasa 10Y,-0.06496136518995621
2023-12-12,CLP,Tasa 10Y,-0.11936901300206326
2023-12-13,CLP,Tasa 10Y,0.17957570852531862
2023-12-14,CLP,Tasa 10Y,0.04003556120550824
2023-12-15,CLP,Tasa 10Y,0.017465929142200017
2023-12-18,CLP,Tasa 10Y,-0.04600895531419196
2023-12-19,CLP,Tasa 10Y,-0.08426953067004013
2023-12-20,CLP,Tasa 10Y,-0.15440977734346598
2023-12-21,CLP,Tasa 10Y,-0.21530176723262456
2023-12-22,CLP,Tasa 10Y,-0.2111495424141501
2023-12-26,CLP,Tasa 10Y,-0.304688032043164
2023-12-27,CLP,Tasa 10Y,-0.06110563158805044
2023-12-28,CLP,Tasa 10Y,-0.17569915331901242
2023-12-29,CLP,Tasa 10Y,-0.08063425343066775
2024-01-02,CLP,Tasa 10Y,-0.15633237309474
2024-01-03,CLP,Tasa 10Y,0.003060007808535468
2024-01-04,CLP,Tasa 10Y,-0.038815209288940104
2024-01-05,CLP,Tasa 10Y,-0.006670694186807031
2024-01-08,CLP,Tasa 10Y,0.0014560031917421137
2024-01-09,CLP,Tasa 10Y,0.0824578254534221
2024-01-10,CLP,Tasa 10Y,0.061178050415588665
2024-01-11,CLP,Tasa 10Y,0.09848045938269165
2024-01-12,CLP,Tasa 10Y,0.10359399669215419
2024-01-15,CLP,Tasa 10Y,0.00881113878525039
2024-01-16,CLP,Tasa 10Y,-0.13229671479658187
2024-01-17,CLP,Tasa 10Y,-0.17725930285637986
2024-01-18,CLP,Tasa 10Y,-0.2085223767785597
2024-01-19,CLP,Tasa 10Y,-0.06862336424905915
2024-01-22,CLP,Tasa 10Y,-0.15347024313941662
2024-01-23,CLP,Tasa 10Y,-0.0397080878282523
2024-01-24,CLP,Tasa 10Y,-0.24832195308599433
2024-01-25,CLP,Tasa 10Y,-0.1620580145409077
2024-01-26,CLP,Tasa 10Y,-0.1132071912614899
2024-01-29,CLP,Tasa 10Y,-0.07776564970980926
2024-01-30,CLP,Tasa 10Y,-0.02754407495450964
2024-01-31,CLP,Tasa 10Y,-0.04191864190293939
2024-02-01,CLP,Tasa 10Y,-0.05036119875129714
2024-02-02,CLP,Tasa 10Y,-0.2888341970311713
2024-02-05,CLP,Tasa 10Y,-0.3426193815689525
2024-02-06,CLP,Tasa 10Y,-0.19961077318186335
2024-02-07,CLP,Tasa 10Y,-0.2939626986693428
2024-02-08,CLP,Tasa 10Y,-0.28099192744871043
2024-02-09,CLP,Tasa 10Y,-0.34632100114078956
2024-02-12,CLP,Tasa 10Y,-0.4051259514847629
2024-02-13,CLP,Tasa 10Y,-0.6664212041000162
2024-02-14,CLP,Tasa 10Y,-0.4563604976938252
2024-02-15,CLP,Tasa 10Y,-0.3763278327895163
2024-02-16,CLP,Tasa 10Y,-0.44996132525135113
2024-02-19,CLP,Tasa 10Y,-0.4589105675503882
2024-02-20,CLP,Tasa 10Y,-0.5582851499700455
2024-02-21,CLP,Tasa 10Y,-0.5972913801221938
2024-02-22,CLP,Tasa 10Y,-0.5481218382472035
2024-02-23,CLP,Tasa 10Y,-0.34658562713492036
2024-02-26,CLP,Tasa 10Y,-0.3096776791485054
2024-02-27,CLP,Tasa 10Y,-0.24446794176301537
2024-02-28,CLP,Tasa 10Y,-0.15020741760848386
2024-02-29,CLP,Tasa 10Y,-0.07018041066773767
2024-03-01,CLP,Tasa 10Y,0.0780934258022227
2024-03-04,CLP,Tasa 10Y,0.08708116973339403
2024-03-05,CLP,Tasa 10Y,0.099231623464882
2024-03-06,CLP,Tasa 10Y,0.09133818478976563
2024-03-07,CLP,Tasa 10Y,0.0057752421434828505
2024-03-08,CLP,Tasa 10Y,-0.006184033892129081
2024-03-11,CLP,Tasa 10Y,-0.015713157480975404
2024-03-12,CLP,Tasa 10Y,0.09035002089721342
2024-03-13,CLP,Tasa 10Y,-0.001893513691695035
2024-03-14,CLP,Tasa 10Y,-0.0987840064305456
2024-03-15,CLP,Tasa 10Y,-0.06560004103690935
2024-03-18,CLP,Tasa 10Y,0.014315250655116745
2024-03-19,CLP,Tasa 10Y,0.1526151506762894
2024-03-20,CLP,Tasa 10Y,0.20486224937102004
2024-03-21,CLP,Tasa 10Y,0.23761231093603916
2024-03-22,CLP,Tasa 10Y,0.35553300659519593
2024-03-25,CLP,Tasa 10Y,0.3289399721155485
2024-03-26,CLP,Tasa 10Y,0.3160936575599996
2024-03-27,CLP,Tasa 10Y,0.4064720633029153
2024-03-28,CLP,Tasa 10Y,0.3912360997978428
2024-04-01,CLP,Tasa 10Y,0.21770485903021056
2024-04-02,CLP,Tasa 10Y,0.2394139895441932
2024-04-03,CLP,Tasa 10Y,0.34112667710394917
2024-04-04,CLP,Tasa 10Y,0.2729427446408256
2024-04-05,CLP,Tasa 10Y,0.21226498071280803
2024-04-08,CLP,Tasa 10Y,0.3213256000341963
2024-04-09,CLP,Tasa 10Y,0.40781565784075713
2024-04-10,CLP,Tasa 10Y,0.21077307635971043
2024-04-11,CLP,Tasa 10Y,0.2663412328187461
2024-04-12,CLP,Tasa 10Y,0.2245593834829969
2024-04-15,CLP,Tasa 10Y,0.18597791468183467
2024-04-16,CLP,Tasa 10Y,0.16823767506320392
2024-04-17,CLP,Tasa 10Y,0.43067229356650505
2024-04-18,CLP,Tasa 10Y,0.37740770674216334
2024-04-19,CLP,Tasa 10Y,0.24818767668599573
2024-04-22,CLP,Tasa 10Y,0.2762154000035288
2024-04-23,CLP,Tasa 10Y,0.2566438591483598
2024-04-24,CLP,Tasa 10Y,0.15206867183941775
2024-04-25,CLP,Tasa 10Y,0.17023030766647568
2024-04-26,CLP,Tasa 10Y,0.19282366472772902
2024-04-29,CLP,Tasa 10Y,0.20541936371387012
2024-04-30,CLP,Tasa 10Y,0.06673060915705659
2024-05-02,CLP,Tasa 10Y,0.2431988825067775
2024-05-03,CLP,Tasa 10Y,0.2702615060147397
2024-05-06,CLP,Tasa 10Y,0.17417430268400128
2024-05-07,CLP,Tasa 10Y,0.1503318097699938
2024-05-08,CLP,Tasa 10Y,0.3254250841776588
2024-05-09,CLP,Tasa 10Y,0.3514615009959044
2024-05-10,CLP,Tasa 10Y,0.37502486799598506
2024-05-13,CLP,Tasa 10Y,0.29414496510236987
2024-05-14,CLP,Tasa 10Y,0.4357472418257866
2024-05-15,CLP,Tasa 10Y,0.5395805329354777
2024-05-16,CLP,Tasa 10Y,0.3822059861999285
2024-05-17,CLP,Tasa 10Y,0.3796999084828347
2024-05-20,CLP,Tasa 10Y,0.2783851511028102
2024-05-22,CLP,Tasa 10Y,0.3478917865295136
2024-05-23,CLP,Tasa 10Y,0.35664096530768186
2024-05-24,CLP,Tasa 10Y,0.4552656374518705
2024-05-27,CLP,Tasa 10Y,0.40236981696355445
2024-05-28,CLP,Tasa 10Y,0.31360774356108223
2024-05-29,CLP,Tasa 10Y,0.34391862767231485
2024-05-30,CLP,Tasa 10Y,0.49580719056083505
2024-05-31,CLP,Tasa 10Y,0.46827310847771025
2024-06-03,CLP,Tasa 10Y,0.5948117354509515
2024-06-04,CLP,Tasa 10Y,0.5982371262211482
2024-06-05,CLP,Tasa 10Y,0.6195916018428264
2024-06-06,CLP,Tasa 10Y,0.5249500380827314
2024-06-07,CLP,Tasa 10Y,0.417550541604859
2024-06-10,CLP,Tasa 10Y,0.4080659226936915
2024-06-11,CLP,Tasa 10Y,0.5197032160296393
2024-06-12,CLP,Tasa 10Y,0.6432774046640223
2024-06-13,CLP,Tasa 10Y,0.7468801667285652
2024-06-14,CLP,Tasa 10Y,0.7321010829484697
2024-06-17,CLP,Tasa 10Y,0.7075013040240546
2024-06-18,CLP,Tasa 10Y,0.8992653681993811
2024-06-19,CLP,Tasa 10Y,0.9312762925531465
2024-06-21,CLP,Tasa 10Y,0.9188523233740532
2024-06-24,CLP,Tasa 10Y,0.991800076041662
2024-06-25,CLP,Tasa 10Y,1.004628182327823
2024-06-26,CLP,Tasa 10Y,1.1336460050022854
2024-06-27,CLP,Tasa 10Y,1.2217048857457513
2024-06-28,CLP,Tasa 10Y,0.9938335917180705
2024-07-01,CLP,Tasa 10Y,0.9149812905759536
2024-07-02,CLP,Tasa 10Y,1.0169248655814924
2024-07-03,CLP,Tasa 10Y,1.0317311632883757
2024-07-04,CLP,Tasa 10Y,0.9712195973844332
2024-07-05,CLP,Tasa 10Y,1.0433991285193434
2024-07-08,CLP,Tasa 10Y,1.0379895111753403
2024-07-09,CLP,Tasa 10Y,1.0265159668320298
2024-07-10,CLP,Tasa 10Y,1.0310166536011263
2024-07-11,CLP,Tasa 10Y,0.9931434572987464
2024-07-12,CLP,Tasa 10Y,0.9762649285181725
2024-07-15,CLP,Tasa 10Y,0.8958707691617546
2024-07-17,CLP,Tasa 10Y,0.8007608710493537
2024-07-18,CLP,Tasa 10Y,0.6998660189397937
2024-07-19,CLP,Tasa 10Y,0.6797746888067429
2024-07-22,CLP,Tasa 10Y,0.7334073778698713
2024-07-23,CLP,Tasa 10Y,0.7687866088343945
2024-07-24,CLP,Tasa 10Y,0.5910343839177218
2024-07-25,CLP,Tasa 10Y,0.578404311725462
2024-07-26,CLP,Tasa 10Y,0.7448409816482778
2024-07-29,CLP,Tasa 10Y,0.9069387628014498
2024-07-30,CLP,Tasa 10Y,0.8888297134234469
2024-07-31,CLP,Tasa 10Y,0.9556913085862476
2024-08-01,CLP,Tasa 10Y,0.8448996127363365
2024-08-02,CLP,Tasa 10Y,0.7633399008922341
2024-08-05,CLP,Tasa 10Y,0.07187420284645574
2024-08-06,CLP,Tasa 10Y,0.3515206421185757
2024-08-07,CLP,Tasa 10Y,0.37475007891208345
2024-08-08,CLP,Tasa 10Y,0.4179531180513112
2024-08-09,CLP,Tasa 10Y,0.5019126714287486
2024-08-12,CLP,Tasa 10Y,0.5623367314576323
2024-08-13,CLP,Tasa 10Y,0.6652602597788485
2024-08-14,CLP,Tasa 10Y,0.6485356894030689
2024-08-16,CLP,Tasa 10Y,0.6927472016340975
2024-08-19,CLP,Tasa 10Y,0.6442771251491488
2024-08-20,CLP,Tasa 10Y,0.6330731554814862
2024-08-21,CLP,Tasa 10Y,0.6025739117177147
2024-08-22,CLP,Tasa 10Y,0.5517245406004103
2024-08-23,CLP,Tasa 10Y,0.6140089753202443
2024-08-26,CLP,Tasa 10Y,0.516614420466304
2024-08-27,CLP,Tasa 10Y,0.593310320493235
2024-08-28,CLP,Tasa 10Y,0.49373498201705573
2024-08-29,CLP,Tasa 10Y,0.49093210870980203
2024-08-30,CLP,Tasa 10Y,0.3711836017425877
2024-09-02,CLP,Tasa 10Y,0.3893152536807288
2024-09-03,CLP,Tasa 10Y,0.19268062755430237
2024-09-04,CLP,Tasa 10Y,0.20072723327525385
2024-09-05,CLP,Tasa 10Y,0.19466830799051396
2024-09-06,CLP,Tasa 10Y,0.060522247479207245
2024-09-09,CLP,Tasa 10Y,0.20851479515957363
2024-09-10,CLP,Tasa 10Y,0.17919915188203273
2024-09-11,CLP,Tasa 10Y,0.12960478679055348
2024-09-12,CLP,Tasa 10Y,0.14580565936987652
2024-09-13,CLP,Tasa 10Y,0.047383657986141754
2024-09-16,CLP,Tasa 10Y,0.0403263262343164
2024-09-17,CLP,Tasa 10Y,-0.01233914166568018
2024-09-23,CLP,Tasa 10Y,-0.08250485586000263
2024-09-24,CLP,Tasa 10Y,-0.08179913255013431
2024-09-25,CLP,Tasa 10Y,-0.13376714317690155
2024-09-26,CLP,Tasa 10Y,-0.17285891262119338
2024-09-27,CLP,Tasa 10Y,-0.39405423666061856
2024-09-30,CLP,Tasa 10Y,-0.36409638599201144
2024-10-01,CLP,Tasa 10Y,-0.297497894623803
2024-10-02,CLP,Tasa 10Y,-0.30500177526461
2024-10-03,CLP,Tasa 10Y,-0.32072874537586615
2024-10-04,CLP,Tasa 10Y,-0.27248688433445095
2024-10-07,CLP,Tasa 10Y,-0.3996239422068499
2024-10-08,CLP,Tasa 10Y,-0.31292406096420666
2024-10-09,CLP,Tasa 10Y,-0.25615726218852103
2024-10-10,CLP,Tasa 10Y,-0.1660124776631164
2024-10-11,CLP,Tasa 10Y,-0.21686182328603304
2024-10-14,CLP,Tasa 10Y,-0.14913625262021893
2024-10-15,CLP,Tasa 10Y,-0.14860490069864418
2024-10-16,CLP,Tasa 10Y,-0.10122436410645544
2024-10-17,CLP,Tasa 10Y,-0.22002843464652994
2024-10-18,CLP,Tasa 10Y,-0.14680917569707969
2024-10-21,CLP,Tasa 10Y,-0.08013662223912801
2024-10-22,CLP,Tasa 10Y,0.01720714120282796
2024-10-23,CLP,Tasa 10Y,0.07025692150926484
2024-10-24,CLP,Tasa 10Y,-0.025239845601450848
2024-10-25,CLP,Tasa 10Y,-0.07588925297789241
2024-10-28,CLP,Tasa 10Y,-0.051222341278288425
2024-10-29,CLP,Tasa 10Y,0.03977354261643763
2024-10-30,CLP,Tasa 10Y,-0.07118380995526088
2024-11-04,CLP,Tasa 10Y,-0.22458941018083386
2024-11-05,CLP,Tasa 10Y,-0.14417195403435182
2024-11-06,CLP,Tasa 10Y,0.05361595823167762
2024-11-07,CLP,Tasa 10Y,0.13401969513161407
2024-11-08,CLP,Tasa 10Y,0.22735927467222045
2024-11-11,CLP,Tasa 10Y,0.36324719457515164
2024-11-12,CLP,Tasa 10Y,0.34603362104375024
2024-11-13,CLP,Tasa 10Y,0.3562871989548048
2024-11-14,CLP,Tasa 10Y,0.5154242533811715
2024-11-15,CLP,Tasa 10Y,0.2970039164822381
2024-11-18,CLP,Tasa 10Y,0.3742455784470902
2024-11-19,CLP,Tasa 10Y,0.31159942947692676
2024-11-20,CLP,Tasa 10Y,0.28152566346857316
2024-11-21,CLP,Tasa 10Y,0.18814536561712575
2024-11-22,CLP,Tasa 10Y,0.3603917505107126
2024-11-25,CLP,Tasa 10Y,0.4449781835467489
2024-11-26,CLP,Tasa 10Y,0.33429655564314276
2024-11-27,CLP,Tasa 10Y,0.2879436407219249
2024-11-28,CLP,Tasa 10Y,0.3223065102172587
2024-11-29,CLP,Tasa 10Y,0.38160969520489835
2024-12-02,CLP,Tasa 10Y,0.4149006711442495
2024-12-03,CLP,Tasa 10Y,0.3347862251056797
2024-12-04,CLP,Tasa 10Y,0.34774615971380285
2024-12-05,CLP,Tasa 10Y,0.3116336147091473
2024-12-06,CLP,Tasa 10Y,0.32081047909338417
2024-12-09,CLP,Tasa 10Y,0.2115457982189409
2024-12-10,CLP,Tasa 10Y,0.2426777349508563
2024-12-11,CLP,Tasa 10Y,0.22818706816806283
2024-12-12,CLP,Tasa 10Y,0.24883661851897343
2024-12-13,CLP,Tasa 10Y,0.16024553638572234
2024-12-16,CLP,Tasa 10Y,0.1461849769330028
2024-12-17,CLP,Tasa 10Y,0.1360353768310403
2024-12-18,CLP,Tasa 10Y,-0.4053460159641197
2024-12-19,CLP,Tasa 10Y,-0.18381857799810145
2024-12-20,CLP,Tasa 10Y,0.058214272950108045
2024-12-23,CLP,Tasa 10Y,0.14353810624591143
2024-12-24,CLP,Tasa 10Y,0.2849615924402437
2024-12-26,CLP,Tasa 10Y,0.33344526000851726
2024-12-27,CLP,Tasa 10Y,0.2760146605888786
2024-12-30,CLP,Tasa 10Y,0.22511703251089016
2025-01-02,CLP,Tasa 10Y,0.17571535525570714
2025-01-03,CLP,Tasa 10Y,0.2662921597613358
2025-01-06,CLP,Tasa 10Y,0.207506210461093
2025-01-07,CLP,Tasa 10Y,0.09612792827619601
2025-01-08,CLP,Tasa 10Y,0.15907060039654472
2025-01-09,CLP,Tasa 10Y,0.16303343298846437
2025-01-10,CLP,Tasa 10Y,-0.011246807483949179
2025-01-13,CLP,Tasa 10Y,2.5853237525678583e-4
2025-01-14,CLP,Tasa 10Y,-0.03658931532522318
2025-01-15,CLP,Tasa 10Y,0.26639444882577584
2025-01-16,CLP,Tasa 10Y,0.254365408798419
2025-01-17,CLP,Tasa 10Y,0.1799911065721944
2025-01-20,CLP,Tasa 10Y,0.12615290924157552
2025-01-21,CLP,Tasa 10Y,0.18116319329791442
2025-01-22,CLP,Tasa 10Y,0.1527880693647968
2025-01-23,CLP,Tasa 10Y,0.2150854528986769
2025-01-24,CLP,Tasa 10Y,0.22231343184554916
2025-01-27,CLP,Tasa 10Y,0.08487690993770713
2025-01-28,CLP,Tasa 10Y,0.25529059746168287
2025-01-29,CLP,Tasa 10Y,0.28986234807715405
2025-01-30,CLP,Tasa 10Y,0.37569341924258526
2025-01-31,CLP,Tasa 10Y,0.3279514176370734
2025-02-03,CLP,Tasa 10Y,0.2735493102263031
2025-02-04,CLP,Tasa 10Y,0.300266807753518
2025-02-05,CLP,Tasa 10Y,0.4247121943245034
2025-02-06,CLP,Tasa 10Y,0.44279132434386786
2025-02-07,CLP,Tasa 10Y,0.31456980207374713
2025-02-10,CLP,Tasa 10Y,0.40122773854944566
2025-02-11,CLP,Tasa 10Y,0.3485076421047567
2025-02-12,CLP,Tasa 10Y,0.24885185008715974
2025-02-13,CLP,Tasa 10Y,0.4343684718443849
2025-02-14,CLP,Tasa 10Y,0.5114763659784352
2025-02-17,CLP,Tasa 10Y,0.5097536400869304
2025-02-18,CLP,Tasa 10Y,0.46946986960819936
2025-02-19,CLP,Tasa 10Y,0.531625726884241
2025-02-20,CLP,Tasa 10Y,0.4769666584575459
2025-02-21,CLP,Tasa 10Y,0.34850048591623783
2025-02-24,CLP,Tasa 10Y,0.26701248101504244
2025-02-25,CLP,Tasa 10Y,0.32641548161188677
2025-02-26,CLP,Tasa 10Y,0.4339481038049768
2025-02-27,CLP,Tasa 10Y,0.3906259968401857
2025-02-28,CLP,Tasa 10Y,0.5042944836446696
2025-03-03,CLP,Tasa 10Y,0.458830378826629
2025-03-04,CLP,Tasa 10Y,0.1862606532314148
2025-03-05,CLP,Tasa 10Y,0.1530693445691834
2025-03-06,CLP,Tasa 10Y,-0.06233991248512049
2025-03-07,CLP,Tasa 10Y,-0.1251613046473925
2025-03-10,CLP,Tasa 10Y,-0.1526056030777386
2025-03-11,CLP,Tasa 10Y,-0.22783380204868178
2025-03-12,CLP,Tasa 10Y,-0.1637910787760412
2025-03-13,CLP,Tasa 10Y,-0.21268350373740003
2025-03-14,CLP,Tasa 10Y,-0.13630563180565794
2025-03-17,CLP,Tasa 10Y,-0.08517944644236648
2025-03-18,CLP,Tasa 10Y,-0.09881596916169441
2025-03-19,CLP,Tasa 10Y,0.03184130550191672
2025-03-20,CLP,Tasa 10Y,-0.061487997822287595
2025-03-21,CLP,Tasa 10Y,0.005972826420552273
2025-03-24,CLP,Tasa 10Y,0.012834512363358393
2025-03-25,CLP,Tasa 10Y,0.1011918643273519
2025-03-26,CLP,Tasa 10Y,0.08822337700241137
2025-03-27,CLP,Tasa 10Y,0.1500426144105327
2025-03-28,CLP,Tasa 10Y,0.1581717651899425
2025-03-31,CLP,Tasa 10Y,0.19594859318707475
2025-04-01,CLP,Tasa 10Y,0.3038741644249253
2025-04-02,CLP,Tasa 10Y,0.300256715403011
2025-04-03,CLP,Tasa 10Y,-0.15487516822055028
2025-04-04,CLP,Tasa 10Y,-0.6397534724153299
2025-04-07,CLP,Tasa 10Y,-0.757501802584837
2025-04-08,CLP,Tasa 10Y,-0.9921925014594786
2025-04-09,CLP,Tasa 10Y,-0.8053416194569003
2025-04-10,CLP,Tasa 10Y,-1.0241315748753812
2025-04-11,CLP,Tasa 10Y,-1.0832693131262872
2025-04-14,CLP,Tasa 10Y,-0.8443719072526467
2025-04-15,CLP,Tasa 10Y,-0.9726802150439025
2025-04-16,CLP,Tasa 10Y,-1.0616937961184343
2025-04-17,CLP,Tasa 10Y,-0.9741364712671299
2025-04-21,CLP,Tasa 10Y,-1.0492087782729431
2025-04-22,CLP,Tasa 10Y,-0.8678883073105528
2025-04-23,CLP,Tasa 10Y,-0.7356196717220392
2025-04-24,CLP,Tasa 10Y,-0.5643891208109997
2025-04-25,CLP,Tasa 10Y,-0.34271851522950864
2025-04-28,CLP,Tasa 10Y,-0.32714439648084886
2025-04-29,CLP,Tasa 10Y,-0.22860856917584343
2025-04-30,CLP,Tasa 10Y,-0.27683538296624016
2025-05-02,CLP,Tasa 10Y,-0.3239587927111973
2025-05-05,CLP,Tasa 10Y,-0.3680774435704363
2025-05-06,CLP,Tasa 10Y,-0.3697054602019838
2025-05-07,CLP,Tasa 10Y,-0.2850384384155067
2025-05-08,CLP,Tasa 10Y,-0.3483500942864006
2025-05-09,CLP,Tasa 10Y,-0.3530303686636266
2025-05-12,CLP,Tasa 10Y,-0.2686730311274268
2025-05-13,CLP,Tasa 10Y,-0.22490666836260587
2025-05-14,CLP,Tasa 10Y,-0.35892436520409865
2025-05-15,CLP,Tasa 10Y,-0.24991512031441637
2025-05-16,CLP,Tasa 10Y,-0.36070950496176213
2025-05-19,CLP,Tasa 10Y,-0.35549950613403175
2025-05-20,CLP,Tasa 10Y,-0.354314644518512
2025-05-22,CLP,Tasa 10Y,-0.5262734078569796
2025-05-23,CLP,Tasa 10Y,-0.6262140375201267
2025-05-26,CLP,Tasa 10Y,-0.5097183144886756
2025-05-27,CLP,Tasa 10Y,-0.37905840125920054
2025-05-28,CLP,Tasa 10Y,-0.3717921297863627
2025-05-29,CLP,Tasa 10Y,-0.3138842190834042
2025-05-30,CLP,Tasa 10Y,-0.3532367185156409
2025-06-02,CLP,Tasa 10Y,-0.3287591363321102
2025-06-03,CLP,Tasa 10Y,-0.3796950954997616
2025-06-04,CLP,Tasa 10Y,-0.28236183115295466
2025-06-05,CLP,Tasa 10Y,-0.38879462293022965
2025-06-06,CLP,Tasa 10Y,-0.39771906075845925
2025-06-09,CLP,Tasa 10Y,-0.3492947619436284
2025-06-10,CLP,Tasa 10Y,-0.3918131508344876
2025-06-11,CLP,Tasa 10Y,-0.3784999396617462
2025-06-12,CLP,Tasa 10Y,-0.42452433985356725
2025-06-13,CLP,Tasa 10Y,-0.44837051036857306
2025-06-16,CLP,Tasa 10Y,-0.49929446307439307
2025-06-17,CLP,Tasa 10Y,-0.5587100842870374
2025-06-18,CLP,Tasa 10Y,-0.4801110686802162
2025-06-19,CLP,Tasa 10Y,-0.5494466676593197
2025-06-23,CLP,Tasa 10Y,-0.3909498001071488
2025-06-24,CLP,Tasa 10Y,-0.30727045109959766
2025-06-25,CLP,Tasa 10Y,-0.28468045417353305
2025-06-26,CLP,Tasa 10Y,-0.35410319389270645
2025-06-27,CLP,Tasa 10Y,-0.31315028734324263
2025-06-30,CLP,Tasa 10Y,-0.2757537336031487
2025-07-01,CLP,Tasa 10Y,-0.34063654114950404
2025-07-02,CLP,Tasa 10Y,-0.28955105556067373
2025-07-03,CLP,Tasa 10Y,-0.3914324848392767
2025-07-04,CLP,Tasa 10Y,-0.45592339635777596
2025-07-07,CLP,Tasa 10Y,-0.48962704051991257
2025-07-08,CLP,Tasa 10Y,-0.5191449533104994
2025-07-09,CLP,Tasa 10Y,-0.4135633886212653
2025-07-10,CLP,Tasa 10Y,-0.4285509712254505
2025-07-11,CLP,Tasa 10Y,-0.5442888974065463
2025-07-14,CLP,Tasa 10Y,-0.6285872240755821
2025-07-15,CLP,Tasa 10Y,-0.6601845336760473
2025-07-17,CLP,Tasa 10Y,-0.5706776906533831
2025-07-18,CLP,Tasa 10Y,-0.5163864346170526
2025-07-21,CLP,Tasa 10Y,-0.49424350379286913
2025-07-22,CLP,Tasa 10Y,-0.49253718796520524
2025-07-23,CLP,Tasa 10Y,-0.48925434116190153
2025-07-24,CLP,Tasa 10Y,-0.508551113430685
2025-07-25,CLP,Tasa 10Y,-0.4798001625918332
2025-07-28,CLP,Tasa 10Y,-0.45939665397916024
2025-07-29,CLP,Tasa 10Y,-0.35702258932573294
2025-07-30,CLP,Tasa 10Y,-0.387122924929665
2025-07-31,CLP,Tasa 10Y,-0.3860457802546603
2025-08-01,CLP,Tasa 10Y,-0.3539641195479813
2025-08-04,CLP,Tasa 10Y,-0.28701842512083375
2025-08-05,CLP,Tasa 10Y,-0.30121714004828914
2025-08-06,CLP,Tasa 10Y,-0.2960021808927996
2025-08-07,CLP,Tasa 10Y,-0.34577603956589953
2025-08-08,CLP,Tasa 10Y,-0.24351939767942918
2025-08-11,CLP,Tasa 10Y,-0.28429882111697424
2025-08-12,CLP,Tasa 10Y,-0.2141419142526538
2025-08-13,CLP,Tasa 10Y,-0.18688525899629185
2025-08-14,CLP,Tasa 10Y,-0.257572797404665
2025-08-18,CLP,Tasa 10Y,-0.29185843247081594
2025-08-19,CLP,Tasa 10Y,-0.3055850976424169
2025-08-20,CLP,Tasa 10Y,-0.31898217692769265
2025-08-21,CLP,Tasa 10Y,-0.3723872939439078
2025-08-22,CLP,Tasa 10Y,-0.18356765434583613
2025-08-25,CLP,Tasa 10Y,-0.21507354039502216
2025-08-26,CLP,Tasa 10Y,-0.11759802762039755
2025-08-27,CLP,Tasa 10Y,-0.15674466377605115
2025-08-28,CLP,Tasa 10Y,-0.13160671563340864
2025-08-29,CLP,Tasa 10Y,-0.15768108340516065
2025-09-01,CLP,Tasa 10Y,-0.1926613375764631
2025-09-02,CLP,Tasa 10Y,-0.17036142125006853
2025-09-03,CLP,Tasa 10Y,-0.13173683212978118
2025-09-04,CLP,Tasa 10Y,0.014645272574553784
2025-09-05,CLP,Tasa 10Y,0.10918487706224296
2025-09-08,CLP,Tasa 10Y,0.09647443005256387
2025-09-09,CLP,Tasa 10Y,0.051392601429647744
2025-09-10,CLP,Tasa 10Y,0.16250271578427736
2025-09-11,CLP,Tasa 10Y,0.22094665743510902
2025-09-12,CLP,Tasa 10Y,0.07676528939101683
2025-09-15,CLP,Tasa 10Y,0.007216953617934262
2025-09-16,CLP,Tasa 10Y,-0.026586996098869786
2025-09-17,CLP,Tasa 10Y,-0.0724482151732763
2025-09-22,CLP,Tasa 10Y,-0.12157587746980954
2025-09-23,CLP,Tasa 10Y,-0.09050167479348108
2025-09-24,CLP,Tasa 10Y,-0.09993070863543765
2025-09-25,CLP,Tasa 10Y,-0.17655620398006258
2025-09-26,CLP,Tasa 10Y,-0.03959461363927392
2025-09-29,CLP,Tasa 10Y,-0.05080142431969591
2025-09-30,CLP,Tasa 10Y,-0.06638721832524547
2025-10-01,CLP,Tasa 10Y,-0.009619505232454924
2025-10-02,CLP,Tasa 10Y,-0.024067458798411805
2025-10-03,CLP,Tasa 10Y,-0.061027323434319866
2025-10-06,CLP,Tasa 10Y,-0.08379494027276126
2025-10-07,CLP,Tasa 10Y,-0.10630434542317248
2025-10-08,CLP,Tasa 10Y,-0.07631499372949081
2025-10-09,CLP,Tasa 10Y,-0.1233797556700468
2025-10-10,CLP,Tasa 10Y,-0.21782765531223292
2025-10-13,CLP,Tasa 10Y,-0.10758385590954334
2025-10-14,CLP,Tasa 10Y,-0.13488149566783705
2025-10-15,CLP,Tasa 10Y,-0.14891430411900514
2025-10-16,CLP,Tasa 10Y,-0.26966205743160854
2025-10-17,CLP,Tasa 10Y,-0.1700610487113614
2025-10-20,CLP,Tasa 10Y,-0.013057543332291881
2025-10-21,CLP,Tasa 10Y,0.09366771142308404
2025-10-22,CLP,Tasa 10Y,0.053725994700091956
2025-10-23,CLP,Tasa 10Y,0.005228817468386743
2025-10-24,CLP,Tasa 10Y,0.05660286672382473
2025-10-27,CLP,Tasa 10Y,0.07196539601274167
2025-10-28,CLP,Tasa 10Y,-0.006659000325221055
2025-10-29,CLP,Tasa 10Y,-0.09980890795381785
2025-10-30,CLP,Tasa 10Y,-0.05634467651134863
2025-11-03,CLP,Tasa 10Y,-0.11080341712712714
2025-11-04,CLP,Tasa 10Y,-0.1682100129301497
2025-11-05,CLP,Tasa 10Y,-0.19337408366888323
2025-11-06,CLP,Tasa 10Y,-0.19485270305025135
2025-11-07,CLP,Tasa 10Y,-0.2562957991912841
2025-11-10,CLP,Tasa 10Y,-0.2815602780079802
2025-11-11,CLP,Tasa 10Y,-0.31618632551981873
2025-11-12,CLP,Tasa 10Y,-0.2992557460343616
2025-11-13,CLP,Tasa 10Y,-0.5327082104308718
2025-11-14,CLP,Tasa 10Y,-0.6126316044242853
2025-11-17,CLP,Tasa 10Y,-0.7992392470751414
2025-11-18,CLP,Tasa 10Y,-0.8185253686660768
2025-11-19,CLP,Tasa 10Y,-0.778271612884403
2025-11-20,CLP,Tasa 10Y,-0.717795478921512
2025-11-21,CLP,Tasa 10Y,-0.6194686944025967
2025-11-24,CLP,Tasa 10Y,-0.52835878771902
2025-11-25,CLP,Tasa 10Y,-0.4495188674167126
2025-11-26,CLP,Tasa 10Y,-0.394722324034895
2025-11-27,CLP,Tasa 10Y,-0.3941918633318858
2025-11-28,CLP,Tasa 10Y,-0.3638971662201611
2025-12-01,CLP,Tasa 10Y,-0.4936270382612045
2025-12-02,CLP,Tasa 10Y,-0.4335575672481937
2025-12-03,CLP,Tasa 10Y,-0.3913801108207172
2025-12-04,CLP,Tasa 10Y,-0.40631333290261007
2025-12-05,CLP,Tasa 10Y,-0.46520280606776326
2025-12-09,CLP,Tasa 10Y,-0.6225153596767594
2025-12-10,CLP,Tasa 10Y,-0.5091483376131978
2025-12-11,CLP,Tasa 10Y,-0.5045467139292957
2025-12-12,CLP,Tasa 10Y,-0.5646892262018643
2025-12-15,CLP,Tasa 10Y,-0.5414666325587125
2025-12-16,CLP,Tasa 10Y,-0.538862515212202
2025-12-17,CLP,Tasa 10Y,-0.49065162334648765
2025-12-18,CLP,Tasa 10Y,-0.4561556203563182
2025-12-19,CLP,Tasa 10Y,-0.37125352100830855
2025-12-22,CLP,Tasa 10Y,-0.34997185849557955
2025-12-23,CLP,Tasa 10Y,-0.4079848976103913
2025-12-24,CLP,Tasa 10Y,-0.33349499213200123
2025-12-26,CLP,Tasa 10Y,-0.3397289128812225
2025-12-29,CLP,Tasa 10Y,-0.3418436314079836
2025-12-30,CLP,Tasa 10Y,-0.3871758908771831
2026-01-02,CLP,Tasa 10Y,-0.46792517597420086
2026-01-05,CLP,Tasa 10Y,-0.4814583815354363
2026-01-06,CLP,Tasa 10Y,-0.5022838316953167
2026-01-07,CLP,Tasa 10Y,-0.5521848013867459
2026-01-08,CLP,Tasa 10Y,-0.6314833382398
2026-01-09,CLP,Tasa 10Y,-0.5877681627545425
2026-01-12,CLP,Tasa 10Y,-0.6567402910405209
2026-01-13,CLP,Tasa 10Y,-0.6926177003522164
2026-01-14,CLP,Tasa 10Y,-0.6921708859064467
2026-01-15,CLP,Tasa 10Y,-0.6525560538280837
2026-01-16,CLP,Tasa 10Y,-0.6964460185512663
2026-01-19,CLP,Tasa 10Y,-0.841180461272905
2026-01-20,CLP,Tasa 10Y,-0.9923289523104225
2026-01-21,CLP,Tasa 10Y,-0.8251200352624917
2026-01-22,CLP,Tasa 10Y,-0.7172232021882629
2026-01-23,CLP,Tasa 10Y,-0.7545605583896795
2026-01-26,CLP,Tasa 10Y,-0.7800566891833062
2026-01-27,CLP,Tasa 10Y,-0.8914876633729435
2026-01-28,CLP,Tasa 10Y,-0.9332250559235684
2026-01-29,CLP,Tasa 10Y,-0.9031923433042331
2026-01-30,CLP,Tasa 10Y,-0.9128790378022282
2026-02-02,CLP,Tasa 10Y,-0.8659568831715465
2026-02-03,CLP,Tasa 10Y,-0.9520393990859312
2026-02-04,CLP,Tasa 10Y,-0.9786663589660198
2026-02-05,CLP,Tasa 10Y,-0.9801684904972209
2026-02-06,CLP,Tasa 10Y,-0.8515246454229327
2026-02-09,CLP,Tasa 10Y,-0.8703600880343697
2026-02-10,CLP,Tasa 10Y,-0.8839999076038145
2026-02-11,CLP,Tasa 10Y,-0.9141998564257433
2026-02-12,CLP,Tasa 10Y,-0.9795463797953713
2026-02-13,CLP,Tasa 10Y,-0.8874941688558282
2026-02-16,CLP,Tasa 10Y,-0.9192006410290318
2026-02-17,CLP,Tasa 10Y,-0.8955256806306718
2026-02-18,CLP,Tasa 10Y,-0.908621943184853
2026-02-19,CLP,Tasa 10Y,-0.8548732486535247
2026-02-20,CLP,Tasa 10Y,-0.8540963400143342
2026-02-23,CLP,Tasa 10Y,-0.8618018774013251
2026-02-24,CLP,Tasa 10Y,-0.821686557207995
2026-02-25,CLP,Tasa 10Y,-0.8216906148494335
2026-02-26,CLP,Tasa 10Y,-0.8482002693338409
2026-02-27,CLP,Tasa 10Y,-0.800181141945794
2026-03-02,CLP,Tasa 10Y,-0.898304970232333
2026-03-03,CLP,Tasa 10Y,-0.9516832900408566
2026-03-04,CLP,Tasa 10Y,-0.8838796043650028
2026-03-05,CLP,Tasa 10Y,-0.9618980318171003
2026-03-06,CLP,Tasa 10Y,-1.0881521340139606
2026-03-09,CLP,Tasa 10Y,-0.8908430092224745
2026-03-10,CLP,Tasa 10Y,-0.9467425048430096
2026-03-11,CLP,Tasa 10Y,-0.991978618429408
2026-03-12,CLP,Tasa 10Y,-1.0638558511000589
2026-03-13,CLP,Tasa 10Y,-1.0066303887272012
2026-03-16,CLP,Tasa 10Y,-0.7254350959441938
2026-03-17,CLP,Tasa 10Y,-0.760505328381709
2026-03-18,CLP,Tasa 10Y,-0.8484852706781519
2026-03-19,CLP,Tasa 10Y,-0.6071807851435477
2026-03-20,CLP,Tasa 10Y,-0.8963988224325461
2026-03-23,CLP,Tasa 10Y,-0.7479880520729977
2026-03-24,CLP,Tasa 10Y,-0.7495923188977347
2026-03-25,CLP,Tasa 10Y,-0.6632472414734472
2026-03-26,CLP,Tasa 10Y,-0.926003158962512
2026-03-27,CLP,Tasa 10Y,-1.0012241891537557
2026-03-30,CLP,Tasa 10Y,-0.9600980822320915
2026-03-31,CLP,Tasa 10Y,-0.8046358060472453
2026-04-01,CLP,Tasa 10Y,-0.9249949740217784
2026-04-02,CLP,Tasa 10Y,-0.8517842252083977
2026-04-06,CLP,Tasa 10Y,-0.9003538875023198
2026-04-07,CLP,Tasa 10Y,-0.9636393073488758
2026-04-08,CLP,Tasa 10Y,-0.9270796228702746
2026-04-09,CLP,Tasa 10Y,-0.9237324133261048
2026-04-10,CLP,Tasa 10Y,-0.9551513099169847
2026-04-13,CLP,Tasa 10Y,-0.958085819567138
2026-04-14,CLP,Tasa 10Y,-0.9732455468507375
2026-04-15,CLP,Tasa 10Y,-1.035124995949451
2026-04-16,CLP,Tasa 10Y,-1.0109307243061987
2026-04-17,CLP,Tasa 10Y,-1.0122890468115606
2026-04-20,CLP,Tasa 10Y,-1.0512940154929775
2026-04-21,CLP,Tasa 10Y,-1.0640079329649736
2026-04-22,CLP,Tasa 10Y,-0.9693571577694721
2026-04-23,CLP,Tasa 10Y,-0.9404810661746034
2026-04-24,CLP,Tasa 10Y,-0.8402691467063537
2026-04-27,CLP,Tasa 10Y,-0.8225936138509383
2026-04-28,CLP,Tasa 10Y,-0.7332685039072702
2026-04-29,CLP,Tasa 10Y,-0.8685559142983167
2026-04-30,CLP,Tasa 10Y,-0.6487513056706578
2026-05-04,CLP,Tasa 10Y,-0.7258861554496705
2026-05-05,CLP,Tasa 10Y,-0.6566124760514703
2026-05-06,CLP,Tasa 10Y,-0.7068443636694166
2026-05-07,CLP,Tasa 10Y,-0.7900091315632458
2026-05-08,CLP,Tasa 10Y,-0.8157636268474115
2026-05-11,CLP,Tasa 10Y,-1.0183281823442392
2026-05-12,CLP,Tasa 10Y,-1.0031286584633539
2026-05-13,CLP,Tasa 10Y,-1.0626346809487277
2026-05-14,CLP,Tasa 10Y,-1.053948223229859
2026-05-15,CLP,Tasa 10Y,-1.1904303215928584
2026-05-18,CLP,Tasa 10Y,-1.160574028687226
2026-05-19,CLP,Tasa 10Y,-1.2251106004002472
2026-05-20,CLP,Tasa 10Y,-1.029064533661189
2026-05-22,CLP,Tasa 10Y,-0.9708381703418886
2026-05-25,CLP,Tasa 10Y,-1.0366909247215552
2026-05-26,CLP,Tasa 10Y,-0.9885560926197712
2026-05-27,CLP,Tasa 10Y,-0.9437010246733751
2026-05-28,CLP,Tasa 10Y,-0.9442382578264777
2026-05-29,CLP,Tasa 10Y,-0.9074738101232633
2026-06-01,CLP,Tasa 10Y,-0.9254471494999611
2022-01-03,COP,Tasa 10Y,-0.29931807638342395
2022-01-04,COP,Tasa 10Y,-0.21312912696778677
2022-01-05,COP,Tasa 10Y,-0.22837395964811183
2022-01-06,COP,Tasa 10Y,-0.19983145640639083
2022-01-07,COP,Tasa 10Y,-0.011986912944740968
2022-01-10,COP,Tasa 10Y,-0.07256901719113519
2022-01-11,COP,Tasa 10Y,0.0973871245494167
2022-01-12,COP,Tasa 10Y,0.10149908747019742
2022-01-13,COP,Tasa 10Y,-0.06312000723076931
2022-01-14,COP,Tasa 10Y,-0.10304389537051684
2022-01-17,COP,Tasa 10Y,0.02615051283420122
2022-01-18,COP,Tasa 10Y,-0.018573490919579733
2022-01-19,COP,Tasa 10Y,0.004899450233320269
2022-01-20,COP,Tasa 10Y,-0.24889826555362143
2022-01-21,COP,Tasa 10Y,-0.5654957191212364
2022-01-24,COP,Tasa 10Y,-0.4798171940737162
2022-01-25,COP,Tasa 10Y,-0.6569849315322197
2022-01-26,COP,Tasa 10Y,-0.8301361726813753
2022-01-27,COP,Tasa 10Y,-0.7052766778975257
2022-01-28,COP,Tasa 10Y,-0.6994057144562089
2022-01-31,COP,Tasa 10Y,-0.5821359144169617
2022-02-01,COP,Tasa 10Y,-0.8022801311949465
2022-02-02,COP,Tasa 10Y,-0.7112520906514095
2022-02-03,COP,Tasa 10Y,-0.822171129722806
2022-02-04,COP,Tasa 10Y,-1.0973796455547393
2022-02-07,COP,Tasa 10Y,-1.086992460541622
2022-02-08,COP,Tasa 10Y,-0.7632887315460247
2022-02-09,COP,Tasa 10Y,-0.23093303025805423
2022-02-10,COP,Tasa 10Y,-0.32520940842950996
2022-02-11,COP,Tasa 10Y,-0.6198948814217374
2022-02-14,COP,Tasa 10Y,-0.607784190505171
2022-02-15,COP,Tasa 10Y,-0.5926151650824635
2022-02-16,COP,Tasa 10Y,-0.8250803709936946
2022-02-17,COP,Tasa 10Y,-1.0253872891888058
2022-02-18,COP,Tasa 10Y,-1.1673593410290735
2022-02-21,COP,Tasa 10Y,-1.1233477669184047
2022-02-22,COP,Tasa 10Y,-1.230653910975157
2022-02-23,COP,Tasa 10Y,-1.345972707835605
2022-02-24,COP,Tasa 10Y,-0.7831439872621356
2022-02-25,COP,Tasa 10Y,-0.5185704454181771
2022-02-28,COP,Tasa 10Y,-0.25332292000863527
2022-03-01,COP,Tasa 10Y,-0.5404432106740176
2022-03-02,COP,Tasa 10Y,-0.4965079022200705
2022-03-03,COP,Tasa 10Y,-0.8207699411580937
2022-03-04,COP,Tasa 10Y,-0.8182349977822577
2022-03-07,COP,Tasa 10Y,-0.9912186373881546
2022-03-08,COP,Tasa 10Y,-0.5221509189400007
2022-03-09,COP,Tasa 10Y,-0.22048640876766626
2022-03-10,COP,Tasa 10Y,-0.1506418447248135
2022-03-11,COP,Tasa 10Y,-0.15305702551577158
2022-03-14,COP,Tasa 10Y,-0.1834741502938251
2022-03-15,COP,Tasa 10Y,0.10624939988136474
2022-03-16,COP,Tasa 10Y,0.2944851279039386
2022-03-17,COP,Tasa 10Y,0.6360114341692412
2022-03-18,COP,Tasa 10Y,0.6560393042591375
2022-03-21,COP,Tasa 10Y,0.293730112742023
2022-03-22,COP,Tasa 10Y,0.21948909936493605
2022-03-23,COP,Tasa 10Y,0.35704426030222336
2022-03-24,COP,Tasa 10Y,0.6332762016047693
2022-03-25,COP,Tasa 10Y,0.8657604143183395
2022-03-28,COP,Tasa 10Y,1.0030312300354156
2022-03-29,COP,Tasa 10Y,0.8284058762887274
2022-03-30,COP,Tasa 10Y,0.6714065861645931
2022-03-31,COP,Tasa 10Y,0.42054071153020367
2022-04-01,COP,Tasa 10Y,0.07784469169989139
2022-04-04,COP,Tasa 10Y,0.46584817404943996
2022-04-05,COP,Tasa 10Y,-0.006241819674833762
2022-04-06,COP,Tasa 10Y,-0.10709924859679014
2022-04-07,COP,Tasa 10Y,-0.37859925346956524
2022-04-08,COP,Tasa 10Y,-0.12654777645837229
2022-04-11,COP,Tasa 10Y,-0.5117335076977835
2022-04-12,COP,Tasa 10Y,-0.8087362534867854
2022-04-13,COP,Tasa 10Y,-0.72550986056744
2022-04-14,COP,Tasa 10Y,-0.7876995270040533
2022-04-18,COP,Tasa 10Y,-0.7627994314712361
2022-04-19,COP,Tasa 10Y,-0.6474208608375743
2022-04-20,COP,Tasa 10Y,-0.507142612529951
2022-04-21,COP,Tasa 10Y,-0.6479224794741192
2022-04-22,COP,Tasa 10Y,-0.6948990596826197
2022-04-25,COP,Tasa 10Y,-0.5328194137671088
2022-04-26,COP,Tasa 10Y,-0.36430293257086394
2022-04-27,COP,Tasa 10Y,-0.3899193914917028
2022-04-28,COP,Tasa 10Y,-0.26023625409945067
2022-04-29,COP,Tasa 10Y,-0.6628765056516711
2022-05-02,COP,Tasa 10Y,-0.5722645356533381
2022-05-03,COP,Tasa 10Y,-0.7602870957883922
2022-05-04,COP,Tasa 10Y,-0.47110425933973393
2022-05-05,COP,Tasa 10Y,-0.5015553148630424
2022-05-06,COP,Tasa 10Y,-0.45487876717414455
2022-05-09,COP,Tasa 10Y,-0.8795604123598177
2022-05-10,COP,Tasa 10Y,-0.28026178798932166
2022-05-11,COP,Tasa 10Y,0.05124851275948579
2022-05-12,COP,Tasa 10Y,0.3488144547200852
2022-05-13,COP,Tasa 10Y,0.47879954895054655
2022-05-16,COP,Tasa 10Y,0.8196429523153655
2022-05-17,COP,Tasa 10Y,0.9757160927149752
2022-05-18,COP,Tasa 10Y,0.6935088469366993
2022-05-19,COP,Tasa 10Y,0.46118876923268237
2022-05-20,COP,Tasa 10Y,0.36001361260806913
2022-05-23,COP,Tasa 10Y,0.5404032600980239
2022-05-24,COP,Tasa 10Y,0.8242385366257848
2022-05-25,COP,Tasa 10Y,1.0661020353107433
2022-05-26,COP,Tasa 10Y,0.9346643749404852
2022-05-27,COP,Tasa 10Y,1.1130213682537367
2022-05-30,COP,Tasa 10Y,1.0827510834443932
2022-05-31,COP,Tasa 10Y,1.3929406507408413
2022-06-01,COP,Tasa 10Y,0.9729498036173662
2022-06-02,COP,Tasa 10Y,0.6135035148562519
2022-06-03,COP,Tasa 10Y,0.4834059007537002
2022-06-06,COP,Tasa 10Y,0.7972345791586084
2022-06-07,COP,Tasa 10Y,1.1705447921278622
2022-06-08,COP,Tasa 10Y,1.1102082344519133
2022-06-09,COP,Tasa 10Y,0.5040938893860143
2022-06-10,COP,Tasa 10Y,0.24981438637290146
2022-06-13,COP,Tasa 10Y,-0.32592916445203396
2022-06-14,COP,Tasa 10Y,-0.3774676521800402
2022-06-15,COP,Tasa 10Y,0.34503346540227886
2022-06-16,COP,Tasa 10Y,0.12054746320433149
2022-06-17,COP,Tasa 10Y,0.22564963826887363
2022-06-20,COP,Tasa 10Y,0.48329982705935765
2022-06-22,COP,Tasa 10Y,0.3168132488843437
2022-06-23,COP,Tasa 10Y,0.3244024030387901
2022-06-24,COP,Tasa 10Y,0.009111655615978414
2022-06-28,COP,Tasa 10Y,-1.0313890396081073
2022-06-29,COP,Tasa 10Y,-1.0626995866401463
2022-06-30,COP,Tasa 10Y,-0.627512745381919
2022-07-01,COP,Tasa 10Y,-0.3754507605696375
2022-07-04,COP,Tasa 10Y,-0.5952118064116043
2022-07-05,COP,Tasa 10Y,-0.6499110955213979
2022-07-06,COP,Tasa 10Y,-0.4998251257439007
2022-07-07,COP,Tasa 10Y,-0.1913894339879112
2022-07-08,COP,Tasa 10Y,0.14041864429845033
2022-07-11,COP,Tasa 10Y,0.5882294478834058
2022-07-12,COP,Tasa 10Y,0.9943512293285331
2022-07-13,COP,Tasa 10Y,0.79680155100383
2022-07-14,COP,Tasa 10Y,2.1606270253723334
2022-07-15,COP,Tasa 10Y,1.7792773630270413
2022-07-18,COP,Tasa 10Y,1.2244740049074674
2022-07-19,COP,Tasa 10Y,1.7548636799499724
2022-07-20,COP,Tasa 10Y,2.3913579812460153
2022-07-21,COP,Tasa 10Y,2.4070016360924438
2022-07-22,COP,Tasa 10Y,2.204430217553341
2022-07-25,COP,Tasa 10Y,2.4183107817956144
2022-07-26,COP,Tasa 10Y,2.376457216943877
2022-07-27,COP,Tasa 10Y,2.5740358954220284
2022-07-28,COP,Tasa 10Y,2.5896441011442084
2022-07-29,COP,Tasa 10Y,2.3085327785536154
2022-08-01,COP,Tasa 10Y,1.5089013585541025
2022-08-02,COP,Tasa 10Y,1.1264607035633198
2022-08-03,COP,Tasa 10Y,1.2230078968425568
2022-08-04,COP,Tasa 10Y,1.2488389773455923
2022-08-05,COP,Tasa 10Y,1.9442809876377696
2022-08-08,COP,Tasa 10Y,2.1450654506903226
2022-08-09,COP,Tasa 10Y,1.8925859495836466
2022-08-10,COP,Tasa 10Y,1.8043811127068288
2022-08-11,COP,Tasa 10Y,1.9003293086749404
2022-08-12,COP,Tasa 10Y,1.8698281488420498
2022-08-16,COP,Tasa 10Y,1.7437256791540174
2022-08-17,COP,Tasa 10Y,1.4708912942700079
2022-08-18,COP,Tasa 10Y,1.5808379930271457
2022-08-19,COP,Tasa 10Y,1.3806253562963968
2022-08-22,COP,Tasa 10Y,1.4399396708888657
2022-08-23,COP,Tasa 10Y,1.3997048295621777
2022-08-24,COP,Tasa 10Y,1.575920807428204
2022-08-25,COP,Tasa 10Y,1.599020891479001
2022-08-26,COP,Tasa 10Y,1.2187402627728525
2022-08-29,COP,Tasa 10Y,0.9245040375383643
2022-08-30,COP,Tasa 10Y,0.8005370634476284
2022-08-31,COP,Tasa 10Y,0.6368385609244894
2022-09-01,COP,Tasa 10Y,0.7347035563516896
2022-09-02,COP,Tasa 10Y,0.6796569531325316
2022-09-05,COP,Tasa 10Y,0.8143206379525586
2022-09-06,COP,Tasa 10Y,0.8050388417445494
2022-09-07,COP,Tasa 10Y,0.8822859565113094
2022-09-08,COP,Tasa 10Y,1.0726932163302991
2022-09-09,COP,Tasa 10Y,1.4294888991065893
2022-09-12,COP,Tasa 10Y,2.0070926598632086
2022-09-13,COP,Tasa 10Y,1.6622062812279448
2022-09-14,COP,Tasa 10Y,1.6350577439611418
2022-09-15,COP,Tasa 10Y,1.4237041768097995
2022-09-20,COP,Tasa 10Y,0.5063542034775037
2022-09-21,COP,Tasa 10Y,0.6535353401956683
2022-09-22,COP,Tasa 10Y,0.3905176096605757
2022-09-23,COP,Tasa 10Y,0.23713591230697134
2022-09-26,COP,Tasa 10Y,-0.19728786996164274
2022-09-27,COP,Tasa 10Y,-0.4385896282652439
2022-09-28,COP,Tasa 10Y,0.028994499303638108
2022-09-29,COP,Tasa 10Y,-0.3079671903423482
2022-09-30,COP,Tasa 10Y,-0.2303756807848288
2022-10-03,COP,Tasa 10Y,0.2045165389494746
2022-10-04,COP,Tasa 10Y,0.8301387390281174
2022-10-05,COP,Tasa 10Y,0.5193513917761483
2022-10-06,COP,Tasa 10Y,0.7444955318636963
2022-10-07,COP,Tasa 10Y,0.18446747266381555
2022-10-11,COP,Tasa 10Y,-0.15452183181962298
2022-10-12,COP,Tasa 10Y,0.1371495053968384
2022-10-13,COP,Tasa 10Y,0.3580706280501288
2022-10-14,COP,Tasa 10Y,1.2701119099141076
2022-10-17,COP,Tasa 10Y,1.0897251452838745
2022-10-18,COP,Tasa 10Y,0.8793530044381117
2022-10-19,COP,Tasa 10Y,0.5247288342216969
2022-10-20,COP,Tasa 10Y,1.3468123147205502
2022-10-21,COP,Tasa 10Y,1.111918271124316
2022-10-24,COP,Tasa 10Y,0.9234162015260676
2022-10-25,COP,Tasa 10Y,1.2394562632217194
2022-10-26,COP,Tasa 10Y,0.5802857433597732
2022-10-27,COP,Tasa 10Y,1.399908988404036
2022-10-28,COP,Tasa 10Y,1.4726767028931345
2022-11-02,COP,Tasa 10Y,1.4362339981274523
2022-11-03,COP,Tasa 10Y,1.5284863588115079
2022-11-04,COP,Tasa 10Y,1.6756700956087394
2022-11-07,COP,Tasa 10Y,1.768737426162451
2022-11-08,COP,Tasa 10Y,1.729684496891871
2022-11-09,COP,Tasa 10Y,1.269391324835132
2022-11-10,COP,Tasa 10Y,1.7426366326544813
2022-11-11,COP,Tasa 10Y,1.5783565255030387
2022-11-14,COP,Tasa 10Y,1.7251140533558533
2022-11-15,COP,Tasa 10Y,1.72884249529835
2022-11-16,COP,Tasa 10Y,1.954457100724685
2022-11-17,COP,Tasa 10Y,1.7171152283294322
2022-11-18,COP,Tasa 10Y,1.8033392747131542
2022-11-21,COP,Tasa 10Y,1.992285265208704
2022-11-22,COP,Tasa 10Y,1.9352435333913804
2022-11-23,COP,Tasa 10Y,1.558825920991048
2022-11-24,COP,Tasa 10Y,1.4651964110869284
2022-11-25,COP,Tasa 10Y,1.635943854703548
2022-11-28,COP,Tasa 10Y,1.7625615518347513
2022-11-29,COP,Tasa 10Y,1.313915962889348
2022-11-30,COP,Tasa 10Y,1.43644350011842
2022-12-01,COP,Tasa 10Y,1.4041121911914112
2022-12-02,COP,Tasa 10Y,1.0349471988360694
2022-12-05,COP,Tasa 10Y,1.0692273188899577
2022-12-06,COP,Tasa 10Y,0.9734049131571315
2022-12-07,COP,Tasa 10Y,1.2416127037975866
2022-12-09,COP,Tasa 10Y,1.5707257501129965
2022-12-12,COP,Tasa 10Y,2.110935872343093
2022-12-13,COP,Tasa 10Y,2.5245044139520476
2022-12-14,COP,Tasa 10Y,2.284317657467389
2022-12-15,COP,Tasa 10Y,1.9897875647887389
2022-12-16,COP,Tasa 10Y,1.6863873536731406
2022-12-19,COP,Tasa 10Y,1.5517536334222
2022-12-20,COP,Tasa 10Y,1.2329430870334865
2022-12-21,COP,Tasa 10Y,1.6721678717619852
2022-12-22,COP,Tasa 10Y,1.5061390509550159
2022-12-23,COP,Tasa 10Y,1.475214081261204
2022-12-26,COP,Tasa 10Y,1.614858251820916
2022-12-27,COP,Tasa 10Y,1.6309452632133261
2022-12-28,COP,Tasa 10Y,1.6721889770462068
2022-12-29,COP,Tasa 10Y,1.7241222076017282
2022-12-30,COP,Tasa 10Y,1.8687921559381762
2023-01-03,COP,Tasa 10Y,2.379813252581282
2023-01-04,COP,Tasa 10Y,2.5472126218536424
2023-01-05,COP,Tasa 10Y,2.338424235050017
2023-01-06,COP,Tasa 10Y,2.5377857182528163
2023-01-09,COP,Tasa 10Y,2.255240105452892
2023-01-10,COP,Tasa 10Y,1.91160833103741
2023-01-11,COP,Tasa 10Y,1.4911762176931649
2023-01-12,COP,Tasa 10Y,0.9962222593131592
2023-01-13,COP,Tasa 10Y,0.8105826368705755
2023-01-16,COP,Tasa 10Y,0.4579980737325602
2023-01-17,COP,Tasa 10Y,1.0357017375579078
2023-01-18,COP,Tasa 10Y,1.5012676358012524
2023-01-19,COP,Tasa 10Y,1.4853834835521236
2023-01-20,COP,Tasa 10Y,1.4860248414440853
2023-01-23,COP,Tasa 10Y,1.6935593239928932
2023-01-24,COP,Tasa 10Y,1.186691030256905
2023-01-25,COP,Tasa 10Y,1.03689757176841
2023-01-26,COP,Tasa 10Y,1.0800990057641482
2023-01-27,COP,Tasa 10Y,0.9816265257800924
2023-01-30,COP,Tasa 10Y,0.7909898634301362
2023-01-31,COP,Tasa 10Y,0.8431394983009557
2023-02-01,COP,Tasa 10Y,0.8158838901488722
2023-02-02,COP,Tasa 10Y,0.7063715395245076
2023-02-03,COP,Tasa 10Y,0.5381978812054404
2023-02-06,COP,Tasa 10Y,0.44480626068986795
2023-02-07,COP,Tasa 10Y,0.3322031853644436
2023-02-08,COP,Tasa 10Y,0.23388883384883596
2023-02-09,COP,Tasa 10Y,0.271263226755723
2023-02-10,COP,Tasa 10Y,0.40651619603475847
2023-02-13,COP,Tasa 10Y,0.5985505200530586
2023-02-14,COP,Tasa 10Y,0.48359821798098374
2023-02-15,COP,Tasa 10Y,0.6712804285683553
2023-02-16,COP,Tasa 10Y,0.7380423767615345
2023-02-17,COP,Tasa 10Y,0.9216287303617515
2023-02-20,COP,Tasa 10Y,1.2328725238103522
2023-02-21,COP,Tasa 10Y,0.9000521742177735
2023-02-22,COP,Tasa 10Y,0.6326138341546887
2023-02-23,COP,Tasa 10Y,1.013618318325459
2023-02-24,COP,Tasa 10Y,1.2513595721181967
2023-02-27,COP,Tasa 10Y,1.373444985595443
2023-02-28,COP,Tasa 10Y,1.384137076807342
2023-03-01,COP,Tasa 10Y,1.0814097743190552
2023-03-02,COP,Tasa 10Y,0.9324016647778425
2023-03-03,COP,Tasa 10Y,1.2671287231324204
2023-03-06,COP,Tasa 10Y,0.22696851802824128
2023-03-07,COP,Tasa 10Y,0.22256702158203653
2023-03-08,COP,Tasa 10Y,0.428093290710102
2023-03-09,COP,Tasa 10Y,0.03462840454055426
2023-03-10,COP,Tasa 10Y,-0.27050160185403144
2023-03-13,COP,Tasa 10Y,-0.1818863119287106
2023-03-14,COP,Tasa 10Y,-0.03130131154926616
2023-03-15,COP,Tasa 10Y,-0.12488131761848488
2023-03-16,COP,Tasa 10Y,0.012787666577827294
2023-03-17,COP,Tasa 10Y,-0.3144739729641388
2023-03-20,COP,Tasa 10Y,-0.32148739967555584
2023-03-21,COP,Tasa 10Y,-0.06791587895976947
2023-03-22,COP,Tasa 10Y,-0.17505529915237059
2023-03-23,COP,Tasa 10Y,-0.2767283763589582
2023-03-24,COP,Tasa 10Y,-0.11198592911519192
2023-03-27,COP,Tasa 10Y,-0.25257618206857596
2023-03-28,COP,Tasa 10Y,-0.2096639404780237
2023-03-29,COP,Tasa 10Y,0.09450319350583024
2023-03-30,COP,Tasa 10Y,0.027230621049813056
2023-03-31,COP,Tasa 10Y,0.13275416766571865
2023-04-03,COP,Tasa 10Y,0.2423295868372149
2023-04-04,COP,Tasa 10Y,-0.1718634925538954
2023-04-05,COP,Tasa 10Y,-0.22196128189222145
2023-04-06,COP,Tasa 10Y,-0.15746785065297605
2023-04-10,COP,Tasa 10Y,-0.13314259149459726
2023-04-11,COP,Tasa 10Y,-0.31175400563358086
2023-04-12,COP,Tasa 10Y,-0.4882671495057605
2023-04-13,COP,Tasa 10Y,-0.6768127340524069
2023-04-14,COP,Tasa 10Y,-0.7653937103529569
2023-04-17,COP,Tasa 10Y,-0.6461190747967478
2023-04-18,COP,Tasa 10Y,-0.733940317743403
2023-04-19,COP,Tasa 10Y,-0.6738931682905872
2023-04-20,COP,Tasa 10Y,-0.9068975059381963
2023-04-21,COP,Tasa 10Y,-0.8656343636214194
2023-04-24,COP,Tasa 10Y,-0.8940872869097075
2023-04-25,COP,Tasa 10Y,-0.8931349515443777
2023-04-26,COP,Tasa 10Y,-1.5008647091711695
2023-04-27,COP,Tasa 10Y,-0.8186626361161243
2023-04-28,COP,Tasa 10Y,-0.4994452315457686
2023-05-02,COP,Tasa 10Y,-0.44373826938390176
2023-05-03,COP,Tasa 10Y,-0.34102871996380774
2023-05-04,COP,Tasa 10Y,-1.0865331616864569
2023-05-05,COP,Tasa 10Y,-1.1573016816012878
2023-05-08,COP,Tasa 10Y,-1.482834348835544
2023-05-09,COP,Tasa 10Y,-1.4968304533075147
2023-05-10,COP,Tasa 10Y,-1.1802264089705183
2023-05-11,COP,Tasa 10Y,-1.201092418561365
2023-05-12,COP,Tasa 10Y,-1.4279505071786054
2023-05-15,COP,Tasa 10Y,-1.6449688067395858
2023-05-16,COP,Tasa 10Y,-1.8167243015558592
2023-05-17,COP,Tasa 10Y,-1.637870972685793
2023-05-18,COP,Tasa 10Y,-1.4847260661520514
2023-05-19,COP,Tasa 10Y,-1.3271174220008402
2023-05-22,COP,Tasa 10Y,-1.3638701582934751
2023-05-23,COP,Tasa 10Y,-1.3962661514240047
2023-05-24,COP,Tasa 10Y,-1.4669998959966044
2023-05-25,COP,Tasa 10Y,-1.2675108033405078
2023-05-26,COP,Tasa 10Y,-1.3092580268424365
2023-05-29,COP,Tasa 10Y,-1.5760915526606103
2023-05-30,COP,Tasa 10Y,-1.4677162034076137
2023-05-31,COP,Tasa 10Y,-1.439918313197648
2023-06-01,COP,Tasa 10Y,-1.1802475432503676
2023-06-02,COP,Tasa 10Y,-1.0595520716742846
2023-06-05,COP,Tasa 10Y,-0.7702119686942634
2023-06-06,COP,Tasa 10Y,-0.6333265183432102
2023-06-07,COP,Tasa 10Y,-0.9870751414494484
2023-06-08,COP,Tasa 10Y,-1.3002335438689978
2023-06-09,COP,Tasa 10Y,-1.337685254094746
2023-06-12,COP,Tasa 10Y,-1.3246072715387707
2023-06-13,COP,Tasa 10Y,-1.1822609172492229
2023-06-14,COP,Tasa 10Y,-1.0568754459072982
2023-06-15,COP,Tasa 10Y,-1.1985372386856084
2023-06-16,COP,Tasa 10Y,-1.123136150814607
2023-06-19,COP,Tasa 10Y,-1.200964183818658
2023-06-20,COP,Tasa 10Y,-1.3293361912595791
2023-06-22,COP,Tasa 10Y,-1.4821216374487693
2023-06-23,COP,Tasa 10Y,-1.473597396688329
2023-06-27,COP,Tasa 10Y,-1.7206919139585297
2023-06-28,COP,Tasa 10Y,-2.019055029015923
2023-06-29,COP,Tasa 10Y,-2.166807672873582
2023-06-30,COP,Tasa 10Y,-2.114553908120538
2023-07-03,COP,Tasa 10Y,-2.078732036739214
2023-07-04,COP,Tasa 10Y,-2.1433888701246153
2023-07-05,COP,Tasa 10Y,-2.2144595477302302
2023-07-06,COP,Tasa 10Y,-2.3510088621885536
2023-07-07,COP,Tasa 10Y,-2.4472975662325203
2023-07-10,COP,Tasa 10Y,-2.5221894681413666
2023-07-11,COP,Tasa 10Y,-2.7676750841596833
2023-07-12,COP,Tasa 10Y,-2.5511277331215587
2023-07-13,COP,Tasa 10Y,-2.0643061926355823
2023-07-14,COP,Tasa 10Y,-1.7455131246268227
2023-07-17,COP,Tasa 10Y,-1.8123719175419724
2023-07-18,COP,Tasa 10Y,-1.6278315415167275
2023-07-19,COP,Tasa 10Y,-1.567860030463494
2023-07-20,COP,Tasa 10Y,-1.7199182371387514
2023-07-21,COP,Tasa 10Y,-1.6070832384983318
2023-07-24,COP,Tasa 10Y,-1.115728482062686
2023-07-25,COP,Tasa 10Y,-1.1970293810821218
2023-07-26,COP,Tasa 10Y,-1.1980511608422277
2023-07-27,COP,Tasa 10Y,-1.1994536787738523
2023-07-28,COP,Tasa 10Y,-1.1644308699940253
2023-07-31,COP,Tasa 10Y,-1.3524858312760317
2023-08-01,COP,Tasa 10Y,-1.3320958879957563
2023-08-02,COP,Tasa 10Y,-1.2625919148715008
2023-08-03,COP,Tasa 10Y,-1.1641747369733517
2023-08-04,COP,Tasa 10Y,-1.167515952885301
2023-08-07,COP,Tasa 10Y,-1.3945640205114007
2023-08-08,COP,Tasa 10Y,-1.3784033686556636
2023-08-09,COP,Tasa 10Y,-1.124664715308094
2023-08-10,COP,Tasa 10Y,-1.3070780690109451
2023-08-11,COP,Tasa 10Y,-1.2987359008714856
2023-08-14,COP,Tasa 10Y,-1.3263198597319266
2023-08-16,COP,Tasa 10Y,-1.3164280452471586
2023-08-17,COP,Tasa 10Y,-1.1668940057101402
2023-08-18,COP,Tasa 10Y,-1.2357975175719105
2023-08-21,COP,Tasa 10Y,-1.3383388620882026
2023-08-22,COP,Tasa 10Y,-1.2597384015504665
2023-08-23,COP,Tasa 10Y,-1.3276322398527804
2023-08-24,COP,Tasa 10Y,-1.7927951465772296
2023-08-25,COP,Tasa 10Y,-1.679880085469483
2023-08-28,COP,Tasa 10Y,-1.6050117800775496
2023-08-29,COP,Tasa 10Y,-1.1837557135120496
2023-08-30,COP,Tasa 10Y,-1.0626292887418056
2023-08-31,COP,Tasa 10Y,-0.9929691969132165
2023-09-01,COP,Tasa 10Y,-0.9338274504733403
2023-09-04,COP,Tasa 10Y,-0.9123027488838044
2023-09-05,COP,Tasa 10Y,-1.090077783396304
2023-09-06,COP,Tasa 10Y,-1.0081463229156047
2023-09-07,COP,Tasa 10Y,-1.0883148652075447
2023-09-08,COP,Tasa 10Y,-1.1879573680936157
2023-09-11,COP,Tasa 10Y,-1.2156860651479335
2023-09-12,COP,Tasa 10Y,-1.1461253325876715
2023-09-13,COP,Tasa 10Y,-1.0858450451539952
2023-09-14,COP,Tasa 10Y,-1.1170544601278236
2023-09-15,COP,Tasa 10Y,-1.2145538820712036
2023-09-20,COP,Tasa 10Y,-0.7737471117256055
2023-09-21,COP,Tasa 10Y,-0.7189702438927027
2023-09-22,COP,Tasa 10Y,-0.3760529948647804
2023-09-25,COP,Tasa 10Y,-0.35603065754804814
2023-09-26,COP,Tasa 10Y,-0.0062991861496211375
2023-09-27,COP,Tasa 10Y,0.18666057693621524
2023-09-28,COP,Tasa 10Y,0.11406795268628919
2023-09-29,COP,Tasa 10Y,-0.5377529720446484
2023-10-02,COP,Tasa 10Y,-0.774497879028656
2023-10-03,COP,Tasa 10Y,-0.7009908033221155
2023-10-04,COP,Tasa 10Y,-0.9259102247860302
2023-10-05,COP,Tasa 10Y,-0.6712516018989836
2023-10-06,COP,Tasa 10Y,-0.5157967458718739
2023-10-10,COP,Tasa 10Y,-0.44831331225723925
2023-10-11,COP,Tasa 10Y,-0.8902207666564597
2023-10-12,COP,Tasa 10Y,-1.0799745794002165
2023-10-13,COP,Tasa 10Y,-0.8854639186990108
2023-10-16,COP,Tasa 10Y,-0.8290702790451091
2023-10-17,COP,Tasa 10Y,-1.019823319154235
2023-10-18,COP,Tasa 10Y,-1.0874201794749137
2023-10-19,COP,Tasa 10Y,-1.3941394632638386
2023-10-20,COP,Tasa 10Y,-1.1644151012147677
2023-10-23,COP,Tasa 10Y,-0.8377119168366631
2023-10-24,COP,Tasa 10Y,-0.6694836055781701
2023-10-25,COP,Tasa 10Y,-0.8581930515574354
2023-10-26,COP,Tasa 10Y,-0.8542305202934694
2023-10-30,COP,Tasa 10Y,-0.5873012705082816
2023-10-31,COP,Tasa 10Y,-0.7620959680083386
2023-11-02,COP,Tasa 10Y,-0.5305060471593444
2023-11-03,COP,Tasa 10Y,-0.8965560924596859
2023-11-06,COP,Tasa 10Y,-1.2000405630082058
2023-11-07,COP,Tasa 10Y,-1.1085879509322731
2023-11-08,COP,Tasa 10Y,-1.0810107976116916
2023-11-09,COP,Tasa 10Y,-1.1978932042262078
2023-11-10,COP,Tasa 10Y,-1.060318658955676
2023-11-13,COP,Tasa 10Y,-1.1283735519908547
2023-11-14,COP,Tasa 10Y,-1.0513463680013309
2023-11-15,COP,Tasa 10Y,-1.700818569055851
2023-11-16,COP,Tasa 10Y,-1.5294614184571795
2023-11-17,COP,Tasa 10Y,-1.3809773706743216
2023-11-20,COP,Tasa 10Y,-1.352344110027513
2023-11-21,COP,Tasa 10Y,-1.3982318046470297
2023-11-22,COP,Tasa 10Y,-1.319293352398505
2023-11-23,COP,Tasa 10Y,-1.0948886388774421
2023-11-24,COP,Tasa 10Y,-1.165213423178977
2023-11-27,COP,Tasa 10Y,-1.0223065597873933
2023-11-28,COP,Tasa 10Y,-0.81787358450727
2023-11-29,COP,Tasa 10Y,-0.8762920930502784
2023-11-30,COP,Tasa 10Y,-0.6934857082849976
2023-12-01,COP,Tasa 10Y,-0.46272457189082883
2023-12-04,COP,Tasa 10Y,-0.5753087595980683
2023-12-05,COP,Tasa 10Y,-0.4417161165164251
2023-12-06,COP,Tasa 10Y,-0.39522166540306136
2023-12-07,COP,Tasa 10Y,-0.445049567230541
2023-12-11,COP,Tasa 10Y,-0.3910369301945564
2023-12-12,COP,Tasa 10Y,-0.46943797573317925
2023-12-13,COP,Tasa 10Y,-0.0022768710406336694
2023-12-14,COP,Tasa 10Y,-0.4759217365727838
2023-12-15,COP,Tasa 10Y,-0.5154599588462659
2023-12-18,COP,Tasa 10Y,-0.5243679168911966
2023-12-19,COP,Tasa 10Y,-0.6540078607637917
2023-12-20,COP,Tasa 10Y,-0.5674677080632334
2023-12-21,COP,Tasa 10Y,-0.6445742147511919
2023-12-22,COP,Tasa 10Y,-0.6803114112280821
2023-12-26,COP,Tasa 10Y,-0.8509875859359056
2023-12-27,COP,Tasa 10Y,-0.553809570184462
2023-12-28,COP,Tasa 10Y,-0.599904841696309
2023-12-29,COP,Tasa 10Y,-0.5628476375487019
2024-01-02,COP,Tasa 10Y,-1.2346331906993626
2024-01-03,COP,Tasa 10Y,-1.0171022160196235
2024-01-04,COP,Tasa 10Y,-1.0999039351890572
2024-01-05,COP,Tasa 10Y,-1.4701632706796102
2024-01-08,COP,Tasa 10Y,-1.588513551920269
2024-01-09,COP,Tasa 10Y,-1.4371652068230834
2024-01-10,COP,Tasa 10Y,-1.6491459044473962
2024-01-11,COP,Tasa 10Y,-1.595228210340277
2024-01-12,COP,Tasa 10Y,-1.643500326253526
2024-01-15,COP,Tasa 10Y,-1.7415372490441614
2024-01-16,COP,Tasa 10Y,-1.9669920994534216
2024-01-17,COP,Tasa 10Y,-1.9966937508296705
2024-01-18,COP,Tasa 10Y,-2.137711850594136
2024-01-19,COP,Tasa 10Y,-2.043711745311173
2024-01-22,COP,Tasa 10Y,-2.28501639399198
2024-01-23,COP,Tasa 10Y,-2.0701274813026416
2024-01-24,COP,Tasa 10Y,-2.239606462534336
2024-01-25,COP,Tasa 10Y,-2.038167979737808
2024-01-26,COP,Tasa 10Y,-1.9112843738081131
2024-01-29,COP,Tasa 10Y,-1.8160134435162023
2024-01-30,COP,Tasa 10Y,-1.8061602133428754
2024-01-31,COP,Tasa 10Y,-2.04225324126349
2024-02-01,COP,Tasa 10Y,-2.151326898735192
2024-02-02,COP,Tasa 10Y,-1.9653463833151155
2024-02-05,COP,Tasa 10Y,-1.9283769623176397
2024-02-06,COP,Tasa 10Y,-2.130404726144966
2024-02-07,COP,Tasa 10Y,-2.108417347984149
2024-02-08,COP,Tasa 10Y,-2.1766505352509284
2024-02-09,COP,Tasa 10Y,-2.259169291654636
2024-02-12,COP,Tasa 10Y,-2.2725695230953056
2024-02-13,COP,Tasa 10Y,-2.358091445515313
2024-02-14,COP,Tasa 10Y,-2.104458298481391
2024-02-15,COP,Tasa 10Y,-1.974759161427129
2024-02-16,COP,Tasa 10Y,-2.071527432596072
2024-02-19,COP,Tasa 10Y,-2.0258810813363226
2024-02-20,COP,Tasa 10Y,-2.1050864062406887
2024-02-21,COP,Tasa 10Y,-2.095156699761306
2024-02-22,COP,Tasa 10Y,-1.8455150078191427
2024-02-23,COP,Tasa 10Y,-1.6506003919019052
2024-02-26,COP,Tasa 10Y,-1.600035436220756
2024-02-27,COP,Tasa 10Y,-1.5388615963286871
2024-02-28,COP,Tasa 10Y,-1.5531501986302005
2024-02-29,COP,Tasa 10Y,-1.6256409683515196
2024-03-01,COP,Tasa 10Y,-1.5793026292302508
2024-03-04,COP,Tasa 10Y,-1.622592940616218
2024-03-05,COP,Tasa 10Y,-1.7022323353048634
2024-03-06,COP,Tasa 10Y,-1.631587369244101
2024-03-07,COP,Tasa 10Y,-1.7214822987175056
2024-03-08,COP,Tasa 10Y,-1.7231258309215303
2024-03-11,COP,Tasa 10Y,-1.678448683194269
2024-03-12,COP,Tasa 10Y,-1.5034258510741656
2024-03-13,COP,Tasa 10Y,-1.367056365005751
2024-03-14,COP,Tasa 10Y,-1.411208376726484
2024-03-15,COP,Tasa 10Y,-1.463041191405315
2024-03-18,COP,Tasa 10Y,-1.4152493913583766
2024-03-19,COP,Tasa 10Y,-1.4672278734733681
2024-03-20,COP,Tasa 10Y,-1.2293021568650022
2024-03-21,COP,Tasa 10Y,-1.0962201212383906
2024-03-22,COP,Tasa 10Y,-1.0962800962212746
2024-03-25,COP,Tasa 10Y,-1.1817519900565712
2024-03-26,COP,Tasa 10Y,-1.2286085976938423
2024-03-27,COP,Tasa 10Y,-1.0615252320051387
2024-03-28,COP,Tasa 10Y,-0.9581532606413283
2024-04-01,COP,Tasa 10Y,-0.9644997209800386
2024-04-02,COP,Tasa 10Y,-0.9387654431522663
2024-04-03,COP,Tasa 10Y,-0.8560816776045224
2024-04-04,COP,Tasa 10Y,-1.0800021395404429
2024-04-05,COP,Tasa 10Y,-1.1355606072659294
2024-04-08,COP,Tasa 10Y,-0.6087167476640339
2024-04-09,COP,Tasa 10Y,-0.5016780152224706
2024-04-10,COP,Tasa 10Y,-0.2849127569330173
2024-04-11,COP,Tasa 10Y,-0.32486511138661356
2024-04-12,COP,Tasa 10Y,-0.5838436573538173
2024-04-15,COP,Tasa 10Y,-0.6896818722731841
2024-04-16,COP,Tasa 10Y,-0.3896688974156725
2024-04-17,COP,Tasa 10Y,-0.7330300293446228
2024-04-18,COP,Tasa 10Y,-1.0400997998785784
2024-04-19,COP,Tasa 10Y,-1.2620493132767048
2024-04-22,COP,Tasa 10Y,-1.2244910196908767
2024-04-23,COP,Tasa 10Y,-1.1732860321528031
2024-04-24,COP,Tasa 10Y,-1.2053697553932732
2024-04-25,COP,Tasa 10Y,-1.214639439668753
2024-04-26,COP,Tasa 10Y,-1.0067279722867035
2024-04-29,COP,Tasa 10Y,-1.2493905448085854
2024-04-30,COP,Tasa 10Y,-1.6213837594791023
2024-05-02,COP,Tasa 10Y,-1.273921267178451
2024-05-03,COP,Tasa 10Y,-1.0502158538752129
2024-05-06,COP,Tasa 10Y,-0.7038430479522587
2024-05-07,COP,Tasa 10Y,-0.876109371858413
2024-05-08,COP,Tasa 10Y,-0.9439890105988622
2024-05-09,COP,Tasa 10Y,-0.6373940546829587
2024-05-10,COP,Tasa 10Y,-0.5654029032985523
2024-05-13,COP,Tasa 10Y,-0.6269837463042438
2024-05-14,COP,Tasa 10Y,-0.606439459068212
2024-05-15,COP,Tasa 10Y,-0.39298828863264834
2024-05-16,COP,Tasa 10Y,-0.8906002228918349
2024-05-17,COP,Tasa 10Y,-0.9712473937792276
2024-05-20,COP,Tasa 10Y,-0.786866567883526
2024-05-22,COP,Tasa 10Y,-0.8392857157054908
2024-05-23,COP,Tasa 10Y,-0.9515933345380874
2024-05-24,COP,Tasa 10Y,-0.755157715936541
2024-05-27,COP,Tasa 10Y,-0.848650595608829
2024-05-28,COP,Tasa 10Y,-1.0938793512903084
2024-05-29,COP,Tasa 10Y,-0.9456210793566178
2024-05-30,COP,Tasa 10Y,-0.7135341301049083
2024-05-31,COP,Tasa 10Y,-0.6049819065329781
2024-06-03,COP,Tasa 10Y,-0.5507131800951881
2024-06-04,COP,Tasa 10Y,-0.6052338914768165
2024-06-05,COP,Tasa 10Y,-0.5563068494265435
2024-06-06,COP,Tasa 10Y,-0.6771450090784313
2024-06-07,COP,Tasa 10Y,-0.6977759323594351
2024-06-10,COP,Tasa 10Y,-0.6831471565431163
2024-06-11,COP,Tasa 10Y,-0.673397437645488
2024-06-12,COP,Tasa 10Y,-0.24491534251841304
2024-06-13,COP,Tasa 10Y,-0.2940835521442922
2024-06-14,COP,Tasa 10Y,-0.4350625419706631
2024-06-17,COP,Tasa 10Y,-0.6373353941539605
2024-06-18,COP,Tasa 10Y,-0.4379605524926256
2024-06-19,COP,Tasa 10Y,-0.4727397901693056
2024-06-21,COP,Tasa 10Y,-0.613059850713251
2024-06-24,COP,Tasa 10Y,-0.6308892991091691
2024-06-25,COP,Tasa 10Y,-0.44416410000269035
2024-06-26,COP,Tasa 10Y,-0.4466484102639744
2024-06-27,COP,Tasa 10Y,-0.4738898930600018
2024-06-28,COP,Tasa 10Y,-0.5120408596806652
2024-07-01,COP,Tasa 10Y,-0.8651431425014118
2024-07-02,COP,Tasa 10Y,-0.7645134918174419
2024-07-03,COP,Tasa 10Y,-0.42374361012103817
2024-07-04,COP,Tasa 10Y,-0.4699228788635555
2024-07-05,COP,Tasa 10Y,-0.349738620223012
2024-07-08,COP,Tasa 10Y,-0.22210309750890456
2024-07-09,COP,Tasa 10Y,-0.3537606003923694
2024-07-10,COP,Tasa 10Y,-0.24350993759291908
2024-07-11,COP,Tasa 10Y,-0.2500034112369082
2024-07-12,COP,Tasa 10Y,-0.24354550962429747
2024-07-15,COP,Tasa 10Y,-0.47364297508794884
2024-07-17,COP,Tasa 10Y,-0.7325816699091249
2024-07-18,COP,Tasa 10Y,-0.7906290301765047
2024-07-19,COP,Tasa 10Y,-0.7582392058959958
2024-07-22,COP,Tasa 10Y,-0.6069442612785295
2024-07-23,COP,Tasa 10Y,-0.5428204731713547
2024-07-24,COP,Tasa 10Y,-0.7435121629607314
2024-07-25,COP,Tasa 10Y,-0.6187614650808616
2024-07-26,COP,Tasa 10Y,-0.4246292022780849
2024-07-29,COP,Tasa 10Y,-0.3354043300217387
2024-07-30,COP,Tasa 10Y,-0.4313933403426217
2024-07-31,COP,Tasa 10Y,-0.4733535332811451
2024-08-01,COP,Tasa 10Y,-0.9472716785082309
2024-08-02,COP,Tasa 10Y,-1.2167732442212207
2024-08-05,COP,Tasa 10Y,-1.57494942974608
2024-08-06,COP,Tasa 10Y,-1.4448984525343838
2024-08-07,COP,Tasa 10Y,-1.3757986871815697
2024-08-08,COP,Tasa 10Y,-1.3217901614491157
2024-08-09,COP,Tasa 10Y,-1.1262896742092943
2024-08-12,COP,Tasa 10Y,-1.3613425135942145
2024-08-13,COP,Tasa 10Y,-1.2539621949255644
2024-08-14,COP,Tasa 10Y,-1.4029872215742905
2024-08-16,COP,Tasa 10Y,-1.2527456147614633
2024-08-19,COP,Tasa 10Y,-1.2073222845902685
2024-08-20,COP,Tasa 10Y,-1.1731036250840288
2024-08-21,COP,Tasa 10Y,-1.0852488110275196
2024-08-22,COP,Tasa 10Y,-1.124265310686565
2024-08-23,COP,Tasa 10Y,-1.0581492420231766
2024-08-26,COP,Tasa 10Y,-1.213635302647554
2024-08-27,COP,Tasa 10Y,-1.1746907552357932
2024-08-28,COP,Tasa 10Y,-1.3214542871746304
2024-08-29,COP,Tasa 10Y,-1.410526101295302
2024-08-30,COP,Tasa 10Y,-1.2128377532477834
2024-09-02,COP,Tasa 10Y,-1.1691071614943798
2024-09-03,COP,Tasa 10Y,-1.3797944543053684
2024-09-04,COP,Tasa 10Y,-1.1612617355188593
2024-09-05,COP,Tasa 10Y,-1.2575679917192977
2024-09-06,COP,Tasa 10Y,-1.6072079169749347
2024-09-09,COP,Tasa 10Y,-1.8318426174317795
2024-09-10,COP,Tasa 10Y,-1.7380927028028474
2024-09-11,COP,Tasa 10Y,-1.8285562391402062
2024-09-12,COP,Tasa 10Y,-1.7109822356599496
2024-09-13,COP,Tasa 10Y,-1.7232183860234875
2024-09-16,COP,Tasa 10Y,-1.7087048056804222
2024-09-17,COP,Tasa 10Y,-1.6036579049243516
2024-09-23,COP,Tasa 10Y,-1.411588875967095
2024-09-24,COP,Tasa 10Y,-1.2193234099419332
2024-09-25,COP,Tasa 10Y,-1.209605492052229
2024-09-26,COP,Tasa 10Y,-1.2930374221736753
2024-09-27,COP,Tasa 10Y,-1.330757514490261
2024-09-30,COP,Tasa 10Y,-1.3276053401435897
2024-10-01,COP,Tasa 10Y,-1.1912595226862759
2024-10-02,COP,Tasa 10Y,-1.1925328383001048
2024-10-03,COP,Tasa 10Y,-1.0962357491528134
2024-10-04,COP,Tasa 10Y,-0.9987799547638069
2024-10-07,COP,Tasa 10Y,-1.1772607393207595
2024-10-08,COP,Tasa 10Y,-1.2079686934548548
2024-10-09,COP,Tasa 10Y,-1.2029171763407398
2024-10-10,COP,Tasa 10Y,-1.222157341417963
2024-10-11,COP,Tasa 10Y,-1.2058421300708864
2024-10-14,COP,Tasa 10Y,-1.1704925759407605
2024-10-15,COP,Tasa 10Y,-1.173599320739623
2024-10-16,COP,Tasa 10Y,-0.9026690017829444
2024-10-17,COP,Tasa 10Y,-0.7453879887526162
2024-10-18,COP,Tasa 10Y,-0.6010537511760189
2024-10-21,COP,Tasa 10Y,-0.6624637797718782
2024-10-22,COP,Tasa 10Y,-0.7407094819805368
2024-10-23,COP,Tasa 10Y,-0.654815333605221
2024-10-24,COP,Tasa 10Y,-0.7091338658715319
2024-10-25,COP,Tasa 10Y,-0.6965681197038126
2024-10-28,COP,Tasa 10Y,-0.5321648601372923
2024-10-29,COP,Tasa 10Y,-0.6187092537427827
2024-10-30,COP,Tasa 10Y,-0.8737073451815837
2024-11-04,COP,Tasa 10Y,-1.2468888003748082
2024-11-05,COP,Tasa 10Y,-1.1280423974835667
2024-11-06,COP,Tasa 10Y,-0.9187071416729071
2024-11-07,COP,Tasa 10Y,-0.6268040958667521
2024-11-08,COP,Tasa 10Y,-0.9115323772278927
2024-11-11,COP,Tasa 10Y,-0.7410445156335357
2024-11-12,COP,Tasa 10Y,-0.7294438929493182
2024-11-13,COP,Tasa 10Y,-0.7957870877341519
2024-11-14,COP,Tasa 10Y,-1.0173192436464171
2024-11-15,COP,Tasa 10Y,-1.379523076765287
2024-11-18,COP,Tasa 10Y,-1.2668802756595114
2024-11-19,COP,Tasa 10Y,-1.1762331714735357
2024-11-20,COP,Tasa 10Y,-1.09372846638971
2024-11-21,COP,Tasa 10Y,-1.247751664111712
2024-11-22,COP,Tasa 10Y,-0.9873511199986116
2024-11-25,COP,Tasa 10Y,-0.989750814390818
2024-11-26,COP,Tasa 10Y,-0.7314727317746796
2024-11-27,COP,Tasa 10Y,-0.5726379601188266
2024-11-28,COP,Tasa 10Y,-0.7491181372478691
2024-11-29,COP,Tasa 10Y,-0.569742657806963
2024-12-02,COP,Tasa 10Y,-0.6400012750386262
2024-12-03,COP,Tasa 10Y,-0.595619373001648
2024-12-04,COP,Tasa 10Y,-0.631273862608849
2024-12-05,COP,Tasa 10Y,-0.631222916648849
2024-12-06,COP,Tasa 10Y,-0.5697790316311001
2024-12-09,COP,Tasa 10Y,-0.4504981222750044
2024-12-10,COP,Tasa 10Y,-0.38605622247433957
2024-12-11,COP,Tasa 10Y,-0.18628787357008902
2024-12-12,COP,Tasa 10Y,0.21604003179527545
2024-12-13,COP,Tasa 10Y,-0.025185053530050742
2024-12-16,COP,Tasa 10Y,-0.037906294431169024
2024-12-17,COP,Tasa 10Y,0.0490887676385936
2024-12-18,COP,Tasa 10Y,-0.35244889014348646
2024-12-19,COP,Tasa 10Y,-0.37990295017166226
2024-12-20,COP,Tasa 10Y,-0.2087036217385306
2024-12-23,COP,Tasa 10Y,-0.09238534920028277
2024-12-24,COP,Tasa 10Y,0.008516275724693686
2024-12-26,COP,Tasa 10Y,0.23884268254146077
2024-12-27,COP,Tasa 10Y,0.2725991809842129
2024-12-30,COP,Tasa 10Y,0.27797883829768333
2025-01-02,COP,Tasa 10Y,0.19927146454346903
2025-01-03,COP,Tasa 10Y,0.2217097131395145
2025-01-06,COP,Tasa 10Y,0.034313667174547674
2025-01-07,COP,Tasa 10Y,-0.18730232040111755
2025-01-08,COP,Tasa 10Y,-0.337440001163645
2025-01-09,COP,Tasa 10Y,-0.40003446510802304
2025-01-10,COP,Tasa 10Y,-0.5271496980986767
2025-01-13,COP,Tasa 10Y,-0.26652432128130216
2025-01-14,COP,Tasa 10Y,-0.25469989578996616
2025-01-15,COP,Tasa 10Y,0.06410919641327988
2025-01-16,COP,Tasa 10Y,0.21525102988419817
2025-01-17,COP,Tasa 10Y,0.23959207942983798
2025-01-20,COP,Tasa 10Y,0.13385886462544389
2025-01-21,COP,Tasa 10Y,-0.0015444622939138307
2025-01-22,COP,Tasa 10Y,-0.05260408056591331
2025-01-23,COP,Tasa 10Y,-0.20495594735587028
2025-01-24,COP,Tasa 10Y,-0.3984193631111761
2025-01-27,COP,Tasa 10Y,-0.4739101838119753
2025-01-28,COP,Tasa 10Y,-0.27070041845231363
2025-01-29,COP,Tasa 10Y,-0.3098853690034702
2025-01-30,COP,Tasa 10Y,-0.1623777622162156
2025-01-31,COP,Tasa 10Y,-0.24088755527329134
2025-02-03,COP,Tasa 10Y,-0.1754256058927879
2025-02-04,COP,Tasa 10Y,-0.39325304419289475
2025-02-05,COP,Tasa 10Y,-0.28249178614071585
2025-02-06,COP,Tasa 10Y,-0.2962390067640975
2025-02-07,COP,Tasa 10Y,-0.3188956252434701
2025-02-10,COP,Tasa 10Y,-0.15262537678015956
2025-02-11,COP,Tasa 10Y,-0.14021399465089648
2025-02-12,COP,Tasa 10Y,0.012870892673209382
2025-02-13,COP,Tasa 10Y,0.16285768397216513
2025-02-14,COP,Tasa 10Y,0.3795322336933658
2025-02-17,COP,Tasa 10Y,0.36229078877139076
2025-02-18,COP,Tasa 10Y,0.28728897800491954
2025-02-19,COP,Tasa 10Y,0.25886105296263395
2025-02-20,COP,Tasa 10Y,0.1779015846152479
2025-02-21,COP,Tasa 10Y,-0.03281153685966139
2025-02-24,COP,Tasa 10Y,-0.09946890869043447
2025-02-25,COP,Tasa 10Y,-0.019667950900197705
2025-02-26,COP,Tasa 10Y,0.02607877894086715
2025-02-27,COP,Tasa 10Y,-0.1433456858054402
2025-02-28,COP,Tasa 10Y,-0.10838108661257524
2025-03-03,COP,Tasa 10Y,-0.16229171258971198
2025-03-04,COP,Tasa 10Y,-0.3240699369097553
2025-03-05,COP,Tasa 10Y,-0.20879172543423513
2025-03-06,COP,Tasa 10Y,-0.5407160691074764
2025-03-07,COP,Tasa 10Y,-0.45581558504883435
2025-03-10,COP,Tasa 10Y,-0.4573484103653993
2025-03-11,COP,Tasa 10Y,-0.524762637519497
2025-03-12,COP,Tasa 10Y,-0.347111400862528
2025-03-13,COP,Tasa 10Y,-0.3974732129311033
2025-03-14,COP,Tasa 10Y,-0.25281016319968974
2025-03-17,COP,Tasa 10Y,-0.17176996103057104
2025-03-18,COP,Tasa 10Y,-0.013474629236351326
2025-03-19,COP,Tasa 10Y,0.40485100088979303
2025-03-20,COP,Tasa 10Y,0.40036601754096673
2025-03-21,COP,Tasa 10Y,0.10322556883667584
2025-03-24,COP,Tasa 10Y,0.14908772396652656
2025-03-25,COP,Tasa 10Y,0.2373925141723997
2025-03-26,COP,Tasa 10Y,0.23558999179662907
2025-03-27,COP,Tasa 10Y,0.34131825568350344
2025-03-28,COP,Tasa 10Y,0.3277547174830523
2025-03-31,COP,Tasa 10Y,0.2849166701587929
2025-04-01,COP,Tasa 10Y,0.3416894501954615
2025-04-02,COP,Tasa 10Y,0.40769295873495953
2025-04-03,COP,Tasa 10Y,-0.3107308111908274
2025-04-04,COP,Tasa 10Y,-1.0197371934712123
2025-04-07,COP,Tasa 10Y,-1.2268226944203398
2025-04-08,COP,Tasa 10Y,-1.4410674665468148
2025-04-09,COP,Tasa 10Y,-0.7122679007411037
2025-04-10,COP,Tasa 10Y,-1.3603554167050012
2025-04-11,COP,Tasa 10Y,-0.9644995284343886
2025-04-14,COP,Tasa 10Y,-0.6183289656789239
2025-04-15,COP,Tasa 10Y,-0.8198964205178445
2025-04-16,COP,Tasa 10Y,-1.2801279084535286
2025-04-17,COP,Tasa 10Y,-1.1162177486499303
2025-04-21,COP,Tasa 10Y,-1.38050629930279
2025-04-22,COP,Tasa 10Y,-1.4174516919504732
2025-04-23,COP,Tasa 10Y,-1.297415267383854
2025-04-24,COP,Tasa 10Y,-1.2561451871936695
2025-04-25,COP,Tasa 10Y,-0.938779119701956
2025-04-28,COP,Tasa 10Y,-0.9225668190270606
2025-04-29,COP,Tasa 10Y,-0.6744655198536796
2025-04-30,COP,Tasa 10Y,-0.6724842916589866
2025-05-02,COP,Tasa 10Y,-0.7947576015844406
2025-05-05,COP,Tasa 10Y,-0.881847580103941
2025-05-06,COP,Tasa 10Y,-0.8610651750579225
2025-05-07,COP,Tasa 10Y,-0.9763567962730351
2025-05-08,COP,Tasa 10Y,-0.9039057989685763
2025-05-09,COP,Tasa 10Y,-0.8371603719534464
2025-05-12,COP,Tasa 10Y,-0.08833749212881531
2025-05-13,COP,Tasa 10Y,0.09879194304740595
2025-05-14,COP,Tasa 10Y,-0.15207421362510565
2025-05-15,COP,Tasa 10Y,-0.2071331579410722
2025-05-16,COP,Tasa 10Y,-0.23477391568422715
2025-05-19,COP,Tasa 10Y,-0.20614293184122054
2025-05-20,COP,Tasa 10Y,-0.2318799062778571
2025-05-22,COP,Tasa 10Y,-0.22896758507706383
2025-05-23,COP,Tasa 10Y,-0.20886555179644556
2025-05-26,COP,Tasa 10Y,-0.184343126785551
2025-05-27,COP,Tasa 10Y,0.04095656374326609
2025-05-28,COP,Tasa 10Y,0.08937460706644823
2025-05-29,COP,Tasa 10Y,0.1764883960611563
2025-05-30,COP,Tasa 10Y,0.10745325971587355
2025-06-02,COP,Tasa 10Y,0.05789340098291967
2025-06-03,COP,Tasa 10Y,0.2582721336232599
2025-06-04,COP,Tasa 10Y,0.3299375076920661
2025-06-05,COP,Tasa 10Y,0.12379254414031683
2025-06-06,COP,Tasa 10Y,0.11126988308530418
2025-06-09,COP,Tasa 10Y,0.23676142843314618
2025-06-10,COP,Tasa 10Y,0.29517811563643787
2025-06-11,COP,Tasa 10Y,0.4850990165042487
2025-06-12,COP,Tasa 10Y,0.5809994561794908
2025-06-13,COP,Tasa 10Y,0.4330457942085154
2025-06-16,COP,Tasa 10Y,0.3541942674816799
2025-06-17,COP,Tasa 10Y,0.08495691105270177
2025-06-18,COP,Tasa 10Y,-0.1686203208788184
2025-06-19,COP,Tasa 10Y,-0.2062743476644973
2025-06-23,COP,Tasa 10Y,-0.1497966676419023
2025-06-24,COP,Tasa 10Y,-0.07540129246461791
2025-06-25,COP,Tasa 10Y,-0.02856273163624899
2025-06-26,COP,Tasa 10Y,-0.043169809318042436
2025-06-27,COP,Tasa 10Y,-0.10869864996599213
2025-06-30,COP,Tasa 10Y,0.051395330246524144
2025-07-01,COP,Tasa 10Y,0.07269898913736109
2025-07-02,COP,Tasa 10Y,0.05796319054064524
2025-07-03,COP,Tasa 10Y,0.31833037908724926
2025-07-04,COP,Tasa 10Y,0.323048277613567
2025-07-07,COP,Tasa 10Y,0.3178929352671082
2025-07-08,COP,Tasa 10Y,0.16570383317049234
2025-07-09,COP,Tasa 10Y,0.3366897943680664
2025-07-10,COP,Tasa 10Y,0.2435850139104736
2025-07-11,COP,Tasa 10Y,0.13391009146581717
2025-07-14,COP,Tasa 10Y,-0.08629075647926017
2025-07-15,COP,Tasa 10Y,-0.21613013959591884
2025-07-17,COP,Tasa 10Y,-0.4709755917388121
2025-07-18,COP,Tasa 10Y,-0.5267831431347286
2025-07-21,COP,Tasa 10Y,-0.48989670367612265
2025-07-22,COP,Tasa 10Y,-0.19285037938439126
2025-07-23,COP,Tasa 10Y,-0.004941244920409476
2025-07-24,COP,Tasa 10Y,0.0908775762111989
2025-07-25,COP,Tasa 10Y,0.11163007495126877
2025-07-28,COP,Tasa 10Y,0.28131974561867873
2025-07-29,COP,Tasa 10Y,0.2262093603526159
2025-07-30,COP,Tasa 10Y,0.2511189631871777
2025-07-31,COP,Tasa 10Y,0.4542658945610399
2025-08-01,COP,Tasa 10Y,0.2532063708051551
2025-08-04,COP,Tasa 10Y,0.47708017889508697
2025-08-05,COP,Tasa 10Y,0.10532893221953352
2025-08-06,COP,Tasa 10Y,0.05873105046417788
2025-08-07,COP,Tasa 10Y,0.1801694674275627
2025-08-08,COP,Tasa 10Y,0.31371252299813074
2025-08-11,COP,Tasa 10Y,0.4995859327685492
2025-08-12,COP,Tasa 10Y,0.6457114653550297
2025-08-13,COP,Tasa 10Y,0.7455679650673266
2025-08-14,COP,Tasa 10Y,0.7565504570759565
2025-08-18,COP,Tasa 10Y,0.7452955921522731
2025-08-19,COP,Tasa 10Y,0.7416835354094793
2025-08-20,COP,Tasa 10Y,0.5740170467163256
2025-08-21,COP,Tasa 10Y,0.4733840055272396
2025-08-22,COP,Tasa 10Y,0.6051501268142689
2025-08-25,COP,Tasa 10Y,0.2732978681706025
2025-08-26,COP,Tasa 10Y,0.20916339908970685
2025-08-27,COP,Tasa 10Y,0.16509111606539026
2025-08-28,COP,Tasa 10Y,0.5363852508615485
2025-08-29,COP,Tasa 10Y,0.3469893817315654
2025-09-01,COP,Tasa 10Y,0.33690333637706193
2025-09-02,COP,Tasa 10Y,0.3455743070551123
2025-09-03,COP,Tasa 10Y,0.6059331131828135
2025-09-04,COP,Tasa 10Y,0.8523690364432401
2025-09-05,COP,Tasa 10Y,1.2518660400651915
2025-09-08,COP,Tasa 10Y,1.305212275490837
2025-09-09,COP,Tasa 10Y,1.275115292547072
2025-09-10,COP,Tasa 10Y,1.4913723081623587
2025-09-11,COP,Tasa 10Y,1.4691475902729165
2025-09-12,COP,Tasa 10Y,1.393649796135198
2025-09-15,COP,Tasa 10Y,1.3226269063480722
2025-09-16,COP,Tasa 10Y,1.049327181939086
2025-09-17,COP,Tasa 10Y,0.8110260628529152
2025-09-22,COP,Tasa 10Y,1.0074726606851145
2025-09-23,COP,Tasa 10Y,1.035166835096572
2025-09-24,COP,Tasa 10Y,1.0556694529085215
2025-09-25,COP,Tasa 10Y,1.0009497805676189
2025-09-26,COP,Tasa 10Y,1.0382920714250417
2025-09-29,COP,Tasa 10Y,0.8362989121194961
2025-09-30,COP,Tasa 10Y,0.8785675656161681
2025-10-01,COP,Tasa 10Y,0.9355122462766006
2025-10-02,COP,Tasa 10Y,0.9485948942679431
2025-10-03,COP,Tasa 10Y,1.0684110647876537
2025-10-06,COP,Tasa 10Y,1.1854195070714824
2025-10-07,COP,Tasa 10Y,1.150270868518583
2025-10-08,COP,Tasa 10Y,1.3526541739040718
2025-10-09,COP,Tasa 10Y,1.2336852253952888
2025-10-10,COP,Tasa 10Y,1.1571400654386947
2025-10-13,COP,Tasa 10Y,1.2207106788838513
2025-10-14,COP,Tasa 10Y,1.0211040663907869
2025-10-15,COP,Tasa 10Y,1.038570167882629
2025-10-16,COP,Tasa 10Y,1.0337414127776294
2025-10-17,COP,Tasa 10Y,1.1748732490038865
2025-10-20,COP,Tasa 10Y,1.3654828024354246
2025-10-21,COP,Tasa 10Y,1.5283474716468815
2025-10-22,COP,Tasa 10Y,1.5205830289273368
2025-10-23,COP,Tasa 10Y,1.9160953599281503
2025-10-24,COP,Tasa 10Y,1.8445842461773805
2025-10-27,COP,Tasa 10Y,1.805826045416595
2025-10-28,COP,Tasa 10Y,1.8119186389183866
2025-10-29,COP,Tasa 10Y,1.7920668415024594
2025-10-30,COP,Tasa 10Y,1.7815605501180842
2025-11-03,COP,Tasa 10Y,1.7842926632727392
2025-11-04,COP,Tasa 10Y,1.6516855695255719
2025-11-05,COP,Tasa 10Y,1.8405994908598982
2025-11-06,COP,Tasa 10Y,1.7945789965023202
2025-11-07,COP,Tasa 10Y,1.825845398459295
2025-11-10,COP,Tasa 10Y,2.058070695018294
2025-11-11,COP,Tasa 10Y,2.142708376988585
2025-11-12,COP,Tasa 10Y,2.4031243687258628
2025-11-13,COP,Tasa 10Y,2.3271265022923457
2025-11-14,COP,Tasa 10Y,2.400450845814816
2025-11-17,COP,Tasa 10Y,2.5816877336368935
2025-11-18,COP,Tasa 10Y,2.517313237570493
2025-11-19,COP,Tasa 10Y,2.633635451393943
2025-11-20,COP,Tasa 10Y,2.4145976939852485
2025-11-21,COP,Tasa 10Y,2.480745693027148
2025-11-24,COP,Tasa 10Y,2.473748355407409
2025-11-25,COP,Tasa 10Y,2.308162869659577
2025-11-26,COP,Tasa 10Y,2.6701968123628297
2025-11-27,COP,Tasa 10Y,2.5666848322679106
2025-11-28,COP,Tasa 10Y,2.608998025584225
2025-12-01,COP,Tasa 10Y,2.455843170697138
2025-12-02,COP,Tasa 10Y,2.62627454171003
2025-12-03,COP,Tasa 10Y,2.4101551203353773
2025-12-04,COP,Tasa 10Y,2.0213930770155284
2025-12-05,COP,Tasa 10Y,1.8891023063012238
2025-12-09,COP,Tasa 10Y,1.5852045482685728
2025-12-10,COP,Tasa 10Y,2.172150005577005
2025-12-11,COP,Tasa 10Y,2.2229672798545193
2025-12-12,COP,Tasa 10Y,2.1163852178533173
2025-12-15,COP,Tasa 10Y,2.016028476742796
2025-12-16,COP,Tasa 10Y,1.9608120409517877
2025-12-17,COP,Tasa 10Y,1.9534705809058535
2025-12-18,COP,Tasa 10Y,2.1060364281452713
2025-12-19,COP,Tasa 10Y,2.029557237092626
2025-12-22,COP,Tasa 10Y,1.5433744183549238
2025-12-23,COP,Tasa 10Y,1.5398595627129341
2025-12-24,COP,Tasa 10Y,1.6205070343178611
2025-12-26,COP,Tasa 10Y,1.7807813476764989
2025-12-29,COP,Tasa 10Y,2.4547149232110304
2025-12-30,COP,Tasa 10Y,2.447943221963598
2026-01-02,COP,Tasa 10Y,2.3946613119942763
2026-01-05,COP,Tasa 10Y,2.3099348019263597
2026-01-06,COP,Tasa 10Y,2.1509166772863684
2026-01-07,COP,Tasa 10Y,2.2100181456515564
2026-01-08,COP,Tasa 10Y,2.2432629810577063
2026-01-09,COP,Tasa 10Y,2.2620163362286188
2026-01-12,COP,Tasa 10Y,2.2673495215372754
2026-01-13,COP,Tasa 10Y,2.1852100398347276
2026-01-14,COP,Tasa 10Y,1.9241963912328433
2026-01-15,COP,Tasa 10Y,1.844326711226333
2026-01-16,COP,Tasa 10Y,1.8308642182869679
2026-01-19,COP,Tasa 10Y,1.732620783189674
2026-01-20,COP,Tasa 10Y,1.521606631272344
2026-01-21,COP,Tasa 10Y,1.8919584156932914
2026-01-22,COP,Tasa 10Y,2.0770943410856555
2026-01-23,COP,Tasa 10Y,1.972344250966248
2026-01-26,COP,Tasa 10Y,1.98753234063824
2026-01-27,COP,Tasa 10Y,1.8730597048139155
2026-01-28,COP,Tasa 10Y,1.748277840440415
2026-01-29,COP,Tasa 10Y,1.8636941132337157
2026-01-30,COP,Tasa 10Y,1.9708867255624332
2026-02-02,COP,Tasa 10Y,1.9662202683831274
2026-02-03,COP,Tasa 10Y,2.0169293651080835
2026-02-04,COP,Tasa 10Y,2.4024028939919093
2026-02-05,COP,Tasa 10Y,2.2966963469796684
2026-02-06,COP,Tasa 10Y,2.4961835732845543
2026-02-09,COP,Tasa 10Y,2.602758853974504
2026-02-10,COP,Tasa 10Y,2.7305564203635884
2026-02-11,COP,Tasa 10Y,2.7595380870810957
2026-02-12,COP,Tasa 10Y,2.63983885380554
2026-02-13,COP,Tasa 10Y,2.5236026924151354
2026-02-16,COP,Tasa 10Y,2.6602371677853833
2026-02-17,COP,Tasa 10Y,2.86218830249403
2026-02-18,COP,Tasa 10Y,2.9840212420154635
2026-02-19,COP,Tasa 10Y,3.1589148398778826
2026-02-20,COP,Tasa 10Y,3.2318515617965606
2026-02-23,COP,Tasa 10Y,3.6087542628132803
2026-02-24,COP,Tasa 10Y,3.9412378861494144
2026-02-25,COP,Tasa 10Y,3.739075114793406
2026-02-26,COP,Tasa 10Y,3.5705639781421383
2026-02-27,COP,Tasa 10Y,3.1358019886327475
2026-03-02,COP,Tasa 10Y,3.110565251037271
2026-03-03,COP,Tasa 10Y,3.0934307960380507
2026-03-04,COP,Tasa 10Y,3.0832970936956583
2026-03-05,COP,Tasa 10Y,2.6782115587137696
2026-03-06,COP,Tasa 10Y,2.4227187701733985
2026-03-09,COP,Tasa 10Y,2.6180199111412774
2026-03-10,COP,Tasa 10Y,2.6051883584402784
2026-03-11,COP,Tasa 10Y,2.704210542560379
2026-03-12,COP,Tasa 10Y,2.7050383534769153
2026-03-13,COP,Tasa 10Y,2.8024386627428384
2026-03-16,COP,Tasa 10Y,2.885075984893373
2026-03-17,COP,Tasa 10Y,2.7370624729280024
2026-03-18,COP,Tasa 10Y,2.5397572596564664
2026-03-19,COP,Tasa 10Y,2.5114889623468635
2026-03-20,COP,Tasa 10Y,2.3314622585305123
2026-03-23,COP,Tasa 10Y,2.4421117870785496
2026-03-24,COP,Tasa 10Y,2.2599644452077485
2026-03-25,COP,Tasa 10Y,2.330654481669826
2026-03-26,COP,Tasa 10Y,2.0963468056137713
2026-03-27,COP,Tasa 10Y,1.810256856654268
2026-03-30,COP,Tasa 10Y,1.7316943395806763
2026-03-31,COP,Tasa 10Y,1.9903110819129082
2026-04-01,COP,Tasa 10Y,2.1382841914360537
2026-04-02,COP,Tasa 10Y,2.1790918319510197
2026-04-06,COP,Tasa 10Y,2.210654238425256
2026-04-07,COP,Tasa 10Y,2.107187195369368
2026-04-08,COP,Tasa 10Y,2.4830802278840363
2026-04-09,COP,Tasa 10Y,2.6090275764445163
2026-04-10,COP,Tasa 10Y,2.5337761182591474
2026-04-13,COP,Tasa 10Y,2.7061754853974245
2026-04-14,COP,Tasa 10Y,2.906984075623295
2026-04-15,COP,Tasa 10Y,3.186240050540937
2026-04-16,COP,Tasa 10Y,3.294486461325047
2026-04-17,COP,Tasa 10Y,3.341244204988584
2026-04-20,COP,Tasa 10Y,3.3568808312795513
2026-04-21,COP,Tasa 10Y,3.196055403202007
2026-04-22,COP,Tasa 10Y,3.3280427022124357
2026-04-23,COP,Tasa 10Y,3.514092728439458
2026-04-24,COP,Tasa 10Y,3.311263095827087
2026-04-27,COP,Tasa 10Y,3.6934628159096055
2026-04-28,COP,Tasa 10Y,3.401800124838348
2026-04-29,COP,Tasa 10Y,3.423614609116315
2026-04-30,COP,Tasa 10Y,3.640733526187906
2026-05-04,COP,Tasa 10Y,3.519287764169213
2026-05-05,COP,Tasa 10Y,4.040176391028979
2026-05-06,COP,Tasa 10Y,3.972180388678281
2026-05-07,COP,Tasa 10Y,3.745128002145291
2026-05-08,COP,Tasa 10Y,4.085602960554738
2026-05-11,COP,Tasa 10Y,3.919972263698738
2026-05-12,COP,Tasa 10Y,3.8789845248206913
2026-05-13,COP,Tasa 10Y,4.02554088606743
2026-05-14,COP,Tasa 10Y,3.8922519528606347
2026-05-15,COP,Tasa 10Y,4.199088662074781
2026-05-18,COP,Tasa 10Y,4.439605405386116
2026-05-19,COP,Tasa 10Y,4.540982584341724
2026-05-20,COP,Tasa 10Y,4.235045549847225
2026-05-22,COP,Tasa 10Y,4.019928653339978
2026-05-25,COP,Tasa 10Y,3.750860763625097
2026-05-26,COP,Tasa 10Y,3.7975889203618105
2026-05-27,COP,Tasa 10Y,3.9602493103563297
2026-05-28,COP,Tasa 10Y,3.8361248906694985
2026-05-29,COP,Tasa 10Y,3.643002059685734
2026-06-01,COP,Tasa 10Y,3.271052936696173
2022-01-03,MXN,Tasa 10Y,2.1703563149291143
2022-01-04,MXN,Tasa 10Y,2.334366342972498
2022-01-05,MXN,Tasa 10Y,2.2283269410410793
2022-01-06,MXN,Tasa 10Y,2.1913999761642327
2022-01-07,MXN,Tasa 10Y,2.0805123341552303
2022-01-10,MXN,Tasa 10Y,2.187165010406819
2022-01-11,MXN,Tasa 10Y,2.141253602333043
2022-01-12,MXN,Tasa 10Y,2.0987625845033175
2022-01-13,MXN,Tasa 10Y,1.9122029024122167
2022-01-14,MXN,Tasa 10Y,1.781016423173832
2022-01-17,MXN,Tasa 10Y,1.7798660360379117
2022-01-18,MXN,Tasa 10Y,1.665081301027196
2022-01-19,MXN,Tasa 10Y,1.617085854825218
2022-01-20,MXN,Tasa 10Y,1.6433229025335376
2022-01-21,MXN,Tasa 10Y,1.6718931703594593
2022-01-24,MXN,Tasa 10Y,1.5623642254315355
2022-01-25,MXN,Tasa 10Y,1.5574797171441128
2022-01-26,MXN,Tasa 10Y,1.4246886494009037
2022-01-27,MXN,Tasa 10Y,1.6258801514129515
2022-01-28,MXN,Tasa 10Y,1.6244572589681436
2022-01-31,MXN,Tasa 10Y,1.6193802166809694
2022-02-01,MXN,Tasa 10Y,1.7419655832845267
2022-02-02,MXN,Tasa 10Y,1.618590436897259
2022-02-03,MXN,Tasa 10Y,1.5101277603090966
2022-02-04,MXN,Tasa 10Y,1.3814191919866747
2022-02-07,MXN,Tasa 10Y,1.3602229557422816
2022-02-08,MXN,Tasa 10Y,1.2684949380648347
2022-02-09,MXN,Tasa 10Y,1.4400838548184167
2022-02-10,MXN,Tasa 10Y,1.3118633452711497
2022-02-11,MXN,Tasa 10Y,1.4527961360155532
2022-02-14,MXN,Tasa 10Y,1.3835491610221025
2022-02-15,MXN,Tasa 10Y,1.376321578219438
2022-02-16,MXN,Tasa 10Y,1.3642373860472043
2022-02-17,MXN,Tasa 10Y,1.4632589666839841
2022-02-18,MXN,Tasa 10Y,1.5278300841240482
2022-02-21,MXN,Tasa 10Y,1.5246026349736577
2022-02-22,MXN,Tasa 10Y,1.5590982235196085
2022-02-23,MXN,Tasa 10Y,1.5306463407514455
2022-02-24,MXN,Tasa 10Y,1.637756017623101
2022-02-25,MXN,Tasa 10Y,1.716239253871519
2022-02-28,MXN,Tasa 10Y,1.9910821344691139
2022-03-01,MXN,Tasa 10Y,2.1914251045568807
2022-03-02,MXN,Tasa 10Y,1.8924364175402477
2022-03-03,MXN,Tasa 10Y,2.044947971989003
2022-03-04,MXN,Tasa 10Y,2.366773172006915
2022-03-07,MXN,Tasa 10Y,2.7546733614540457
2022-03-08,MXN,Tasa 10Y,2.9233541953817057
2022-03-09,MXN,Tasa 10Y,2.655016999840215
2022-03-10,MXN,Tasa 10Y,2.861563757539018
2022-03-11,MXN,Tasa 10Y,2.9069317903316807
2022-03-14,MXN,Tasa 10Y,2.939356603697885
2022-03-15,MXN,Tasa 10Y,2.8102880713169127
2022-03-16,MXN,Tasa 10Y,2.679905236304055
2022-03-17,MXN,Tasa 10Y,2.5754407976181874
2022-03-18,MXN,Tasa 10Y,2.358971989321271
2022-03-21,MXN,Tasa 10Y,2.222659720031741
2022-03-22,MXN,Tasa 10Y,2.150213138475165
2022-03-23,MXN,Tasa 10Y,2.153516095602073
2022-03-24,MXN,Tasa 10Y,2.263147598313654
2022-03-25,MXN,Tasa 10Y,2.373577554341567
2022-03-28,MXN,Tasa 10Y,2.313635601377138
2022-03-29,MXN,Tasa 10Y,2.197374410339479
2022-03-30,MXN,Tasa 10Y,2.12553223303766
2022-03-31,MXN,Tasa 10Y,1.983993838591172
2022-04-01,MXN,Tasa 10Y,2.0018874289878057
2022-04-04,MXN,Tasa 10Y,2.127971667054228
2022-04-05,MXN,Tasa 10Y,1.9574134992787802
2022-04-06,MXN,Tasa 10Y,2.025204609004906
2022-04-07,MXN,Tasa 10Y,2.0369253339426847
2022-04-08,MXN,Tasa 10Y,2.1686464974632
2022-04-11,MXN,Tasa 10Y,2.2203329785410166
2022-04-12,MXN,Tasa 10Y,2.3045690300297395
2022-04-13,MXN,Tasa 10Y,2.4140710886954495
2022-04-14,MXN,Tasa 10Y,2.225320683718711
2022-04-18,MXN,Tasa 10Y,2.1693436544861755
2022-04-19,MXN,Tasa 10Y,1.9872975552732595
2022-04-20,MXN,Tasa 10Y,2.0413739763101195
2022-04-21,MXN,Tasa 10Y,1.663570245177419
2022-04-22,MXN,Tasa 10Y,1.4885472569330953
2022-04-25,MXN,Tasa 10Y,1.7522035254713277
2022-04-26,MXN,Tasa 10Y,2.01049623103473
2022-04-27,MXN,Tasa 10Y,1.8838747844439985
2022-04-28,MXN,Tasa 10Y,1.9694439531873977
2022-04-29,MXN,Tasa 10Y,1.756292868687001
2022-05-02,MXN,Tasa 10Y,1.651176176200211
2022-05-03,MXN,Tasa 10Y,1.7964833093174355
2022-05-04,MXN,Tasa 10Y,1.9016841781920646
2022-05-05,MXN,Tasa 10Y,1.7093090435812137
2022-05-06,MXN,Tasa 10Y,1.5199445568154175
2022-05-09,MXN,Tasa 10Y,1.5015098572113024
2022-05-10,MXN,Tasa 10Y,1.3367596310452317
2022-05-11,MXN,Tasa 10Y,1.216859147301028
2022-05-12,MXN,Tasa 10Y,1.1425870751069926
2022-05-13,MXN,Tasa 10Y,0.9818917087288368
2022-05-16,MXN,Tasa 10Y,1.0631815784440917
2022-05-17,MXN,Tasa 10Y,1.1115010813799902
2022-05-18,MXN,Tasa 10Y,1.1244195877069953
2022-05-19,MXN,Tasa 10Y,1.1535866521001268
2022-05-20,MXN,Tasa 10Y,1.0803601341778988
2022-05-23,MXN,Tasa 10Y,1.03195756841658
2022-05-24,MXN,Tasa 10Y,1.1963012244812699
2022-05-25,MXN,Tasa 10Y,1.1235334261667063
2022-05-26,MXN,Tasa 10Y,1.1367303848533827
2022-05-27,MXN,Tasa 10Y,1.0533290444134138
2022-05-30,MXN,Tasa 10Y,1.0828269235519443
2022-05-31,MXN,Tasa 10Y,1.1312629843756667
2022-06-01,MXN,Tasa 10Y,1.0600446213881494
2022-06-02,MXN,Tasa 10Y,1.0147223674403196
2022-06-03,MXN,Tasa 10Y,1.2195204585893975
2022-06-06,MXN,Tasa 10Y,1.317173008074202
2022-06-07,MXN,Tasa 10Y,1.3956657167471898
2022-06-08,MXN,Tasa 10Y,1.4629492162455904
2022-06-09,MXN,Tasa 10Y,1.3340356262391497
2022-06-10,MXN,Tasa 10Y,1.1035340824876119
2022-06-13,MXN,Tasa 10Y,0.81546090278889
2022-06-14,MXN,Tasa 10Y,0.6834805737923294
2022-06-15,MXN,Tasa 10Y,0.9339182092234002
2022-06-16,MXN,Tasa 10Y,1.1751258803548947
2022-06-17,MXN,Tasa 10Y,1.0973731885338294
2022-06-20,MXN,Tasa 10Y,1.0746430168915875
2022-06-22,MXN,Tasa 10Y,1.1077216355739716
2022-06-23,MXN,Tasa 10Y,0.878431007905451
2022-06-24,MXN,Tasa 10Y,0.829968912921234
2022-06-28,MXN,Tasa 10Y,0.9028981581399558
2022-06-29,MXN,Tasa 10Y,1.0364468266434677
2022-06-30,MXN,Tasa 10Y,1.0003737673765896
2022-07-01,MXN,Tasa 10Y,1.1529326068657444
2022-07-04,MXN,Tasa 10Y,1.1351355550735875
2022-07-05,MXN,Tasa 10Y,1.0920287850506063
2022-07-06,MXN,Tasa 10Y,0.9865511837789764
2022-07-07,MXN,Tasa 10Y,0.971412872763192
2022-07-08,MXN,Tasa 10Y,0.8611856247268566
2022-07-11,MXN,Tasa 10Y,0.9968062470662825
2022-07-12,MXN,Tasa 10Y,1.0321328918632937
2022-07-13,MXN,Tasa 10Y,1.0153522104931318
2022-07-14,MXN,Tasa 10Y,0.8310789417445705
2022-07-15,MXN,Tasa 10Y,0.9620083286775637
2022-07-18,MXN,Tasa 10Y,1.0656194042627294
2022-07-19,MXN,Tasa 10Y,1.206763061054251
2022-07-20,MXN,Tasa 10Y,1.2133440935177857
2022-07-21,MXN,Tasa 10Y,1.3284879518424475
2022-07-22,MXN,Tasa 10Y,1.3408240465877261
2022-07-25,MXN,Tasa 10Y,1.0241265833062334
2022-07-26,MXN,Tasa 10Y,0.9954817722471812
2022-07-27,MXN,Tasa 10Y,1.0427901651904727
2022-07-28,MXN,Tasa 10Y,1.0393935391097326
2022-07-29,MXN,Tasa 10Y,0.920355599246183
2022-08-01,MXN,Tasa 10Y,0.7583613081628394
2022-08-02,MXN,Tasa 10Y,0.5717648327076871
2022-08-03,MXN,Tasa 10Y,0.4499625672191926
2022-08-04,MXN,Tasa 10Y,0.4899334766531476
2022-08-05,MXN,Tasa 10Y,0.3768573153168503
2022-08-08,MXN,Tasa 10Y,0.3012885409659977
2022-08-09,MXN,Tasa 10Y,0.5053114958201637
2022-08-10,MXN,Tasa 10Y,0.6121043550651964
2022-08-11,MXN,Tasa 10Y,0.5041405639361316
2022-08-12,MXN,Tasa 10Y,0.5910058867551724
2022-08-16,MXN,Tasa 10Y,0.466335618424135
2022-08-17,MXN,Tasa 10Y,0.3982707976893917
2022-08-18,MXN,Tasa 10Y,0.7504646493567075
2022-08-19,MXN,Tasa 10Y,0.7986698504334031
2022-08-22,MXN,Tasa 10Y,0.6803441800877286
2022-08-23,MXN,Tasa 10Y,0.6902766335339494
2022-08-24,MXN,Tasa 10Y,0.7077836819737228
2022-08-25,MXN,Tasa 10Y,0.7185947457448812
2022-08-26,MXN,Tasa 10Y,0.6971088023723877
2022-08-29,MXN,Tasa 10Y,0.6222039556470614
2022-08-30,MXN,Tasa 10Y,0.8533178498289222
2022-08-31,MXN,Tasa 10Y,0.5612008389889782
2022-09-01,MXN,Tasa 10Y,0.517593647854238
2022-09-02,MXN,Tasa 10Y,0.4494134395021073
2022-09-05,MXN,Tasa 10Y,0.34549497960030523
2022-09-06,MXN,Tasa 10Y,0.1386095233488129
2022-09-07,MXN,Tasa 10Y,0.2572859034559771
2022-09-08,MXN,Tasa 10Y,0.17240674345409224
2022-09-09,MXN,Tasa 10Y,0.1155798049916485
2022-09-12,MXN,Tasa 10Y,-0.03600710710377435
2022-09-13,MXN,Tasa 10Y,0.01300795680168532
2022-09-14,MXN,Tasa 10Y,0.08637637281240715
2022-09-15,MXN,Tasa 10Y,0.17139735427226982
2022-09-20,MXN,Tasa 10Y,0.09363254163273177
2022-09-21,MXN,Tasa 10Y,-0.0032573459558150213
2022-09-22,MXN,Tasa 10Y,-0.20791434852757376
2022-09-23,MXN,Tasa 10Y,-0.09712279224258233
2022-09-26,MXN,Tasa 10Y,0.020873296582197956
2022-09-27,MXN,Tasa 10Y,-0.04674169081589462
2022-09-28,MXN,Tasa 10Y,-0.08719761820863915
2022-09-29,MXN,Tasa 10Y,-0.006405187266115982
2022-09-30,MXN,Tasa 10Y,-0.11993625142643753
2022-10-03,MXN,Tasa 10Y,0.137027087772652
2022-10-04,MXN,Tasa 10Y,0.23764017599137874
2022-10-05,MXN,Tasa 10Y,0.10052072930328275
2022-10-06,MXN,Tasa 10Y,0.07381696102441208
2022-10-07,MXN,Tasa 10Y,-4.2759449095588933e-4
2022-10-11,MXN,Tasa 10Y,-0.0051852364618668375
2022-10-12,MXN,Tasa 10Y,0.04957400812310359
2022-10-13,MXN,Tasa 10Y,-0.04309782597806025
2022-10-14,MXN,Tasa 10Y,-0.03847673159629632
2022-10-17,MXN,Tasa 10Y,-0.06786707959852659
2022-10-18,MXN,Tasa 10Y,0.07391554931123726
2022-10-19,MXN,Tasa 10Y,-0.14383119507396522
2022-10-20,MXN,Tasa 10Y,-0.21733257603923867
2022-10-21,MXN,Tasa 10Y,-0.33879166115999293
2022-10-24,MXN,Tasa 10Y,-0.23804247572008463
2022-10-25,MXN,Tasa 10Y,-0.07745153352268976
2022-10-26,MXN,Tasa 10Y,0.19476284090899273
2022-10-27,MXN,Tasa 10Y,0.1295055833590871
2022-10-28,MXN,Tasa 10Y,0.009782471716293584
2022-11-02,MXN,Tasa 10Y,0.027942159999142468
2022-11-03,MXN,Tasa 10Y,0.023374226795232784
2022-11-04,MXN,Tasa 10Y,0.162660152436066
2022-11-07,MXN,Tasa 10Y,0.17071563445806825
2022-11-08,MXN,Tasa 10Y,0.06402079944025937
2022-11-09,MXN,Tasa 10Y,-0.20394295980250265
2022-11-10,MXN,Tasa 10Y,-0.446012958149277
2022-11-11,MXN,Tasa 10Y,-0.2858526576187759
2022-11-14,MXN,Tasa 10Y,-0.23845209942233525
2022-11-15,MXN,Tasa 10Y,-0.15651155346231152
2022-11-16,MXN,Tasa 10Y,-0.1632282346688329
2022-11-17,MXN,Tasa 10Y,-0.10479442125659964
2022-11-18,MXN,Tasa 10Y,-0.16147573956429048
2022-11-21,MXN,Tasa 10Y,-0.3098605582995892
2022-11-22,MXN,Tasa 10Y,-0.23877055783215473
2022-11-23,MXN,Tasa 10Y,-0.1900773795454599
2022-11-24,MXN,Tasa 10Y,-0.21735400121166817
2022-11-25,MXN,Tasa 10Y,-0.17481769650268544
2022-11-28,MXN,Tasa 10Y,-0.09241949874762714
2022-11-29,MXN,Tasa 10Y,0.15450614689355707
2022-11-30,MXN,Tasa 10Y,0.3291175153425579
2022-12-01,MXN,Tasa 10Y,0.20181948803653502
2022-12-02,MXN,Tasa 10Y,0.18303095978909395
2022-12-05,MXN,Tasa 10Y,0.44459165447830945
2022-12-06,MXN,Tasa 10Y,0.3632118324706057
2022-12-07,MXN,Tasa 10Y,0.2731009029435717
2022-12-09,MXN,Tasa 10Y,0.050057181622764686
2022-12-12,MXN,Tasa 10Y,-0.3165597581706791
2022-12-13,MXN,Tasa 10Y,-0.15421074487386924
2022-12-14,MXN,Tasa 10Y,-0.09770831486453403
2022-12-15,MXN,Tasa 10Y,-0.04266272474821587
2022-12-16,MXN,Tasa 10Y,-0.25227805263726166
2022-12-19,MXN,Tasa 10Y,-0.3189718499262854
2022-12-20,MXN,Tasa 10Y,-0.41292830628178345
2022-12-21,MXN,Tasa 10Y,-0.36693431398433096
2022-12-22,MXN,Tasa 10Y,-0.3845578268045754
2022-12-23,MXN,Tasa 10Y,-0.3882590657139562
2022-12-26,MXN,Tasa 10Y,-0.3092116803109164
2022-12-27,MXN,Tasa 10Y,-0.32894449374234835
2022-12-28,MXN,Tasa 10Y,-0.4030672927812884
2022-12-29,MXN,Tasa 10Y,-0.23353632939980845
2022-12-30,MXN,Tasa 10Y,-0.20782761865097502
2023-01-03,MXN,Tasa 10Y,-0.1592292212057644
2023-01-04,MXN,Tasa 10Y,-0.1697990117216532
2023-01-05,MXN,Tasa 10Y,-0.4547197600320483
2023-01-06,MXN,Tasa 10Y,-0.5841673310431279
2023-01-09,MXN,Tasa 10Y,-0.5066580605865957
2023-01-10,MXN,Tasa 10Y,-0.5027501711079576
2023-01-11,MXN,Tasa 10Y,-0.3853507840620845
2023-01-12,MXN,Tasa 10Y,-0.1404625927673637
2023-01-13,MXN,Tasa 10Y,-0.26266872832011634
2023-01-16,MXN,Tasa 10Y,-0.24903556547544242
2023-01-17,MXN,Tasa 10Y,-0.16935342420703725
2023-01-18,MXN,Tasa 10Y,0.2477850198616342
2023-01-19,MXN,Tasa 10Y,0.13908087180616585
2023-01-20,MXN,Tasa 10Y,0.04045479994182751
2023-01-23,MXN,Tasa 10Y,-0.018715599357413258
2023-01-24,MXN,Tasa 10Y,0.2173545124082382
2023-01-25,MXN,Tasa 10Y,0.2284760676965998
2023-01-26,MXN,Tasa 10Y,0.24029446408994032
2023-01-27,MXN,Tasa 10Y,0.31160153044353395
2023-01-30,MXN,Tasa 10Y,0.26263625033802546
2023-01-31,MXN,Tasa 10Y,0.22635252146623983
2023-02-01,MXN,Tasa 10Y,0.29406062561229185
2023-02-02,MXN,Tasa 10Y,0.1936779672347949
2023-02-03,MXN,Tasa 10Y,0.018310618754044185
2023-02-06,MXN,Tasa 10Y,-0.29707904549094194
2023-02-07,MXN,Tasa 10Y,-0.305235135603205
2023-02-08,MXN,Tasa 10Y,-0.2086893755042518
2023-02-09,MXN,Tasa 10Y,-3.012308976775192e-4
2023-02-10,MXN,Tasa 10Y,-0.18231384728963135
2023-02-13,MXN,Tasa 10Y,-0.0718657142912939
2023-02-14,MXN,Tasa 10Y,0.187126312711219
2023-02-15,MXN,Tasa 10Y,-0.021697293547705457
2023-02-16,MXN,Tasa 10Y,-0.004233708406949852
2023-02-17,MXN,Tasa 10Y,0.15288950739265506
2023-02-20,MXN,Tasa 10Y,0.3114186383928542
2023-02-21,MXN,Tasa 10Y,0.5248803229910257
2023-02-22,MXN,Tasa 10Y,0.5257155773848999
2023-02-23,MXN,Tasa 10Y,0.49172638727390455
2023-02-24,MXN,Tasa 10Y,0.29530508504482106
2023-02-27,MXN,Tasa 10Y,0.31508221839256856
2023-02-28,MXN,Tasa 10Y,0.3806387329398497
2023-03-01,MXN,Tasa 10Y,0.34905296847583556
2023-03-02,MXN,Tasa 10Y,0.24956963447934913
2023-03-03,MXN,Tasa 10Y,0.32192887523867103
2023-03-06,MXN,Tasa 10Y,0.3169545741029228
2023-03-07,MXN,Tasa 10Y,0.40110156285353554
2023-03-08,MXN,Tasa 10Y,0.23850935230504777
2023-03-09,MXN,Tasa 10Y,-0.18579533712215304
2023-03-10,MXN,Tasa 10Y,-0.05117549873677849
2023-03-13,MXN,Tasa 10Y,0.4105648276967452
2023-03-14,MXN,Tasa 10Y,0.1854496514798531
2023-03-15,MXN,Tasa 10Y,0.2896228892003119
2023-03-16,MXN,Tasa 10Y,0.26753250784371174
2023-03-17,MXN,Tasa 10Y,0.30649026480540836
2023-03-20,MXN,Tasa 10Y,0.36178825134155707
2023-03-21,MXN,Tasa 10Y,0.39649397754815235
2023-03-22,MXN,Tasa 10Y,0.3624278815331191
2023-03-23,MXN,Tasa 10Y,0.3092337823613005
2023-03-24,MXN,Tasa 10Y,0.19695074998079928
2023-03-27,MXN,Tasa 10Y,0.1670312501533523
2023-03-28,MXN,Tasa 10Y,0.15946502624566286
2023-03-29,MXN,Tasa 10Y,0.13203988172738476
2023-03-30,MXN,Tasa 10Y,0.011413943761407622
2023-03-31,MXN,Tasa 10Y,0.191001158120848
2023-04-03,MXN,Tasa 10Y,0.4454071988008625
2023-04-04,MXN,Tasa 10Y,0.40477722706603825
2023-04-05,MXN,Tasa 10Y,0.44043299789057305
2023-04-06,MXN,Tasa 10Y,0.4596417446509109
2023-04-10,MXN,Tasa 10Y,0.2418847396734829
2023-04-11,MXN,Tasa 10Y,0.15127800785874757
2023-04-12,MXN,Tasa 10Y,0.22614505641778254
2023-04-13,MXN,Tasa 10Y,0.2488532119384376
2023-04-14,MXN,Tasa 10Y,0.30513158586695893
2023-04-17,MXN,Tasa 10Y,0.23160407417214102
2023-04-18,MXN,Tasa 10Y,0.23426706479453285
2023-04-19,MXN,Tasa 10Y,0.24092245386479094
2023-04-20,MXN,Tasa 10Y,0.32263770191079827
2023-04-21,MXN,Tasa 10Y,0.24479708657870114
2023-04-24,MXN,Tasa 10Y,0.33925737593150973
2023-04-25,MXN,Tasa 10Y,0.3103010550082841
2023-04-26,MXN,Tasa 10Y,0.14711307681165137
2023-04-27,MXN,Tasa 10Y,-3.147299762781774e-4
2023-04-28,MXN,Tasa 10Y,0.20167676174371452
2023-05-02,MXN,Tasa 10Y,0.12071882882171012
2023-05-03,MXN,Tasa 10Y,0.2170833477456231
2023-05-04,MXN,Tasa 10Y,0.040173902681527526
2023-05-05,MXN,Tasa 10Y,-0.00870051564102641
2023-05-08,MXN,Tasa 10Y,-0.03309502876313693
2023-05-09,MXN,Tasa 10Y,-0.15326307660396185
2023-05-10,MXN,Tasa 10Y,-0.06555707655004217
2023-05-11,MXN,Tasa 10Y,0.030318862820134216
2023-05-12,MXN,Tasa 10Y,-0.09085336346952101
2023-05-15,MXN,Tasa 10Y,-0.29817096550584204
2023-05-16,MXN,Tasa 10Y,-0.3800270900971215
2023-05-17,MXN,Tasa 10Y,-0.482405502935006
2023-05-18,MXN,Tasa 10Y,-0.5882771174256869
2023-05-19,MXN,Tasa 10Y,-0.5213742350570196
2023-05-22,MXN,Tasa 10Y,-0.5192114435509833
2023-05-23,MXN,Tasa 10Y,-0.4600578247693269
2023-05-24,MXN,Tasa 10Y,-0.5480187516193421
2023-05-25,MXN,Tasa 10Y,-0.633684879746177
2023-05-26,MXN,Tasa 10Y,-0.6884109869685954
2023-05-29,MXN,Tasa 10Y,-0.8063045672738878
2023-05-30,MXN,Tasa 10Y,-0.688848877240848
2023-05-31,MXN,Tasa 10Y,-0.7838129920900201
2023-06-01,MXN,Tasa 10Y,-0.6171076763858673
2023-06-02,MXN,Tasa 10Y,-0.5216314054417306
2023-06-05,MXN,Tasa 10Y,-0.6485889754578683
2023-06-06,MXN,Tasa 10Y,-0.5448371931722449
2023-06-07,MXN,Tasa 10Y,-0.6813885525196678
2023-06-08,MXN,Tasa 10Y,-0.680142533613461
2023-06-09,MXN,Tasa 10Y,-0.6278102265971739
2023-06-12,MXN,Tasa 10Y,-0.7531342577213188
2023-06-13,MXN,Tasa 10Y,-0.8606341846896457
2023-06-14,MXN,Tasa 10Y,-0.8306483006562809
2023-06-15,MXN,Tasa 10Y,-0.8469755521834276
2023-06-16,MXN,Tasa 10Y,-0.7514843292696748
2023-06-19,MXN,Tasa 10Y,-0.8358844725992471
2023-06-20,MXN,Tasa 10Y,-0.8223624926589409
2023-06-22,MXN,Tasa 10Y,-1.0461588948975433
2023-06-23,MXN,Tasa 10Y,-1.1550944221727006
2023-06-27,MXN,Tasa 10Y,-1.3002524147652557
2023-06-28,MXN,Tasa 10Y,-1.2354014434522005
2023-06-29,MXN,Tasa 10Y,-1.2769821014318925
2023-06-30,MXN,Tasa 10Y,-1.3795012956404382
2023-07-03,MXN,Tasa 10Y,-1.3279228392878444
2023-07-04,MXN,Tasa 10Y,-1.2219399181613444
2023-07-05,MXN,Tasa 10Y,-1.2838130113338442
2023-07-06,MXN,Tasa 10Y,-1.2980507460287225
2023-07-07,MXN,Tasa 10Y,-1.2461321036756992
2023-07-10,MXN,Tasa 10Y,-1.0461907601522646
2023-07-11,MXN,Tasa 10Y,-0.9379523816530363
2023-07-12,MXN,Tasa 10Y,-1.0096686996225228
2023-07-13,MXN,Tasa 10Y,-0.8797771744846179
2023-07-14,MXN,Tasa 10Y,-0.8432399433276275
2023-07-17,MXN,Tasa 10Y,-1.0020217754919407
2023-07-18,MXN,Tasa 10Y,-0.9306555699393879
2023-07-19,MXN,Tasa 10Y,-0.9097592709503382
2023-07-20,MXN,Tasa 10Y,-0.9474276303730659
2023-07-21,MXN,Tasa 10Y,-0.955833694443653
2023-07-24,MXN,Tasa 10Y,-0.9774005347001623
2023-07-25,MXN,Tasa 10Y,-0.9525244275729305
2023-07-26,MXN,Tasa 10Y,-0.9366384652654526
2023-07-27,MXN,Tasa 10Y,-0.9797218520659383
2023-07-28,MXN,Tasa 10Y,-0.8939015195774797
2023-07-31,MXN,Tasa 10Y,-1.038581485864717
2023-08-01,MXN,Tasa 10Y,-1.1956527383739686
2023-08-02,MXN,Tasa 10Y,-1.3004721027294381
2023-08-03,MXN,Tasa 10Y,-1.3077598735438798
2023-08-04,MXN,Tasa 10Y,-1.035021566127102
2023-08-07,MXN,Tasa 10Y,-1.1234925887432243
2023-08-08,MXN,Tasa 10Y,-1.0949666003602063
2023-08-09,MXN,Tasa 10Y,-0.937820796241328
2023-08-10,MXN,Tasa 10Y,-1.1186869045369396
2023-08-11,MXN,Tasa 10Y,-1.1056966344098387
2023-08-14,MXN,Tasa 10Y,-1.073324907859081
2023-08-16,MXN,Tasa 10Y,-1.312636355011602
2023-08-17,MXN,Tasa 10Y,-1.118301654966481
2023-08-18,MXN,Tasa 10Y,-0.9378060977422323
2023-08-21,MXN,Tasa 10Y,-0.8422861610073299
2023-08-22,MXN,Tasa 10Y,-0.8188869454090869
2023-08-23,MXN,Tasa 10Y,-0.9801338011604521
2023-08-24,MXN,Tasa 10Y,-0.9976019748740373
2023-08-25,MXN,Tasa 10Y,-0.9759187402916474
2023-08-28,MXN,Tasa 10Y,-0.8583081839050628
2023-08-29,MXN,Tasa 10Y,-0.7278493147744153
2023-08-30,MXN,Tasa 10Y,-0.5254260448922741
2023-08-31,MXN,Tasa 10Y,-0.5170729683594368
2023-09-01,MXN,Tasa 10Y,-0.5039458196018977
2023-09-04,MXN,Tasa 10Y,-0.5381683891033681
2023-09-05,MXN,Tasa 10Y,-0.6325885081676653
2023-09-06,MXN,Tasa 10Y,-0.5128322898275216
2023-09-07,MXN,Tasa 10Y,-0.41183901957673985
2023-09-08,MXN,Tasa 10Y,-0.3848932620734294
2023-09-11,MXN,Tasa 10Y,0.10089824403689951
2023-09-12,MXN,Tasa 10Y,0.17557722672032117
2023-09-13,MXN,Tasa 10Y,0.15273039973056096
2023-09-14,MXN,Tasa 10Y,0.09035683633905837
2023-09-15,MXN,Tasa 10Y,-0.11666518790025021
2023-09-20,MXN,Tasa 10Y,-0.2868282446735217
2023-09-21,MXN,Tasa 10Y,-0.4481661035287506
2023-09-22,MXN,Tasa 10Y,-0.28387764559818135
2023-09-25,MXN,Tasa 10Y,-0.29381871133715465
2023-09-26,MXN,Tasa 10Y,-0.3212053233807972
2023-09-27,MXN,Tasa 10Y,-0.07110045418302477
2023-09-28,MXN,Tasa 10Y,-0.27744688111157206
2023-09-29,MXN,Tasa 10Y,-0.4394265579175855
2023-10-02,MXN,Tasa 10Y,-0.6267938217806731
2023-10-03,MXN,Tasa 10Y,-0.8723764203613928
2023-10-04,MXN,Tasa 10Y,-1.0146036796203592
2023-10-05,MXN,Tasa 10Y,-0.8827172511772442
2023-10-06,MXN,Tasa 10Y,-1.0874758578339483
2023-10-10,MXN,Tasa 10Y,-1.057717814109774
2023-10-11,MXN,Tasa 10Y,-0.8176402915242397
2023-10-12,MXN,Tasa 10Y,-0.9054525671388147
2023-10-13,MXN,Tasa 10Y,-0.87811367837636
2023-10-16,MXN,Tasa 10Y,-0.8940582748432697
2023-10-17,MXN,Tasa 10Y,-1.0453278686725582
2023-10-18,MXN,Tasa 10Y,-0.9712134408370173
2023-10-19,MXN,Tasa 10Y,-1.2556336187830581
2023-10-20,MXN,Tasa 10Y,-1.192038097426143
2023-10-23,MXN,Tasa 10Y,-0.9115400152293399
2023-10-24,MXN,Tasa 10Y,-0.7469799689889384
2023-10-25,MXN,Tasa 10Y,-0.5483582910148151
2023-10-26,MXN,Tasa 10Y,-0.5961805302460416
2023-10-30,MXN,Tasa 10Y,-0.43613800746035025
2023-10-31,MXN,Tasa 10Y,-0.5698611865169999
2023-11-02,MXN,Tasa 10Y,-0.21920502618020773
2023-11-03,MXN,Tasa 10Y,-0.5132703512711753
2023-11-06,MXN,Tasa 10Y,-0.5543763288045049
2023-11-07,MXN,Tasa 10Y,-0.6544031663441947
2023-11-08,MXN,Tasa 10Y,-0.5939221940615925
2023-11-09,MXN,Tasa 10Y,-0.8893695781955101
2023-11-10,MXN,Tasa 10Y,-1.0776361614013485
2023-11-13,MXN,Tasa 10Y,-0.9458152660371386
2023-11-14,MXN,Tasa 10Y,-0.9550758829634965
2023-11-15,MXN,Tasa 10Y,-1.0821722470771837
2023-11-16,MXN,Tasa 10Y,-1.0620684378458276
2023-11-17,MXN,Tasa 10Y,-0.8145320810823253
2023-11-20,MXN,Tasa 10Y,-0.6108925145129248
2023-11-21,MXN,Tasa 10Y,-0.39026803288530304
2023-11-22,MXN,Tasa 10Y,-0.31798436663378205
2023-11-23,MXN,Tasa 10Y,-0.2901092712395157
2023-11-24,MXN,Tasa 10Y,-0.28581088991310366
2023-11-27,MXN,Tasa 10Y,-0.3166264046621584
2023-11-28,MXN,Tasa 10Y,-0.47484355439502035
2023-11-29,MXN,Tasa 10Y,-0.6192116168192514
2023-11-30,MXN,Tasa 10Y,-0.4979936080947655
2023-12-01,MXN,Tasa 10Y,-0.46438855113540634
2023-12-04,MXN,Tasa 10Y,-0.3293895827700782
2023-12-05,MXN,Tasa 10Y,-0.4003033007512528
2023-12-06,MXN,Tasa 10Y,-0.4555501511027981
2023-12-07,MXN,Tasa 10Y,-0.6437549805804438
2023-12-11,MXN,Tasa 10Y,-0.4121759898402152
2023-12-12,MXN,Tasa 10Y,-0.522906842882887
2023-12-13,MXN,Tasa 10Y,-0.27871030921529744
2023-12-14,MXN,Tasa 10Y,-0.29940705582740046
2023-12-15,MXN,Tasa 10Y,-0.2594998774687003
2023-12-18,MXN,Tasa 10Y,-0.11299978306437264
2023-12-19,MXN,Tasa 10Y,-0.21529978103877132
2023-12-20,MXN,Tasa 10Y,-0.15894096434887245
2023-12-21,MXN,Tasa 10Y,-0.1876357591956592
2023-12-22,MXN,Tasa 10Y,-0.14762095283503704
2023-12-26,MXN,Tasa 10Y,-0.1950244517529609
2023-12-27,MXN,Tasa 10Y,-0.09166297289530967
2023-12-28,MXN,Tasa 10Y,-0.12911787930445393
2023-12-29,MXN,Tasa 10Y,-0.35953685946211833
2024-01-02,MXN,Tasa 10Y,-0.4331368488753021
2024-01-03,MXN,Tasa 10Y,-0.3662787940933792
2024-01-04,MXN,Tasa 10Y,-0.2638451174840753
2024-01-05,MXN,Tasa 10Y,-0.44415145404748263
2024-01-08,MXN,Tasa 10Y,-0.555604733916389
2024-01-09,MXN,Tasa 10Y,-0.3048558445747667
2024-01-10,MXN,Tasa 10Y,-0.3916140354875522
2024-01-11,MXN,Tasa 10Y,-0.30621828461176476
2024-01-12,MXN,Tasa 10Y,-0.580250873192818
2024-01-15,MXN,Tasa 10Y,-0.5020508715578311
2024-01-16,MXN,Tasa 10Y,-0.6566392144115469
2024-01-17,MXN,Tasa 10Y,-0.5431380506984768
2024-01-18,MXN,Tasa 10Y,-0.5142859092175127
2024-01-19,MXN,Tasa 10Y,-0.36587166726307524
2024-01-22,MXN,Tasa 10Y,-0.43510381056088254
2024-01-23,MXN,Tasa 10Y,-0.3947845536038428
2024-01-24,MXN,Tasa 10Y,-0.4758439598980603
2024-01-25,MXN,Tasa 10Y,-0.41757608444267963
2024-01-26,MXN,Tasa 10Y,-0.35345833768512824
2024-01-29,MXN,Tasa 10Y,-0.2618967734112253
2024-01-30,MXN,Tasa 10Y,-0.12838609101093512
2024-01-31,MXN,Tasa 10Y,-0.21322585863660498
2024-02-01,MXN,Tasa 10Y,-0.3261094933657145
2024-02-02,MXN,Tasa 10Y,-0.13612746858110872
2024-02-05,MXN,Tasa 10Y,-0.46563094466558425
2024-02-06,MXN,Tasa 10Y,-0.25293071911461623
2024-02-07,MXN,Tasa 10Y,-0.3719165145055282
2024-02-08,MXN,Tasa 10Y,-0.53435520602517
2024-02-09,MXN,Tasa 10Y,-0.739770491801021
2024-02-12,MXN,Tasa 10Y,-0.8424065650616158
2024-02-13,MXN,Tasa 10Y,-0.8344007621971095
2024-02-14,MXN,Tasa 10Y,-0.8392631988732975
2024-02-15,MXN,Tasa 10Y,-0.7757894986947401
2024-02-16,MXN,Tasa 10Y,-0.7335664234248322
2024-02-19,MXN,Tasa 10Y,-0.7260707401059909
2024-02-20,MXN,Tasa 10Y,-0.7760135729518014
2024-02-21,MXN,Tasa 10Y,-0.9511483592826512
2024-02-22,MXN,Tasa 10Y,-0.9862212297814051
2024-02-23,MXN,Tasa 10Y,-0.8498260322567012
2024-02-26,MXN,Tasa 10Y,-0.8478216732641675
2024-02-27,MXN,Tasa 10Y,-0.8144579540976888
2024-02-28,MXN,Tasa 10Y,-0.8813327122800728
2024-02-29,MXN,Tasa 10Y,-0.9534589283042467
2024-03-01,MXN,Tasa 10Y,-0.7850282704466943
2024-03-04,MXN,Tasa 10Y,-0.7553605666097758
2024-03-05,MXN,Tasa 10Y,-0.7058824518868064
2024-03-06,MXN,Tasa 10Y,-0.6808875710440836
2024-03-07,MXN,Tasa 10Y,-0.6313182957421752
2024-03-08,MXN,Tasa 10Y,-0.5530612701622202
2024-03-11,MXN,Tasa 10Y,-0.5527131295045491
2024-03-12,MXN,Tasa 10Y,-0.6422683052826563
2024-03-13,MXN,Tasa 10Y,-0.7189011827138778
2024-03-14,MXN,Tasa 10Y,-0.7549617377702239
2024-03-15,MXN,Tasa 10Y,-0.6353798254677248
2024-03-18,MXN,Tasa 10Y,-0.6994138036044636
2024-03-19,MXN,Tasa 10Y,-0.6720548620744685
2024-03-20,MXN,Tasa 10Y,-0.7281504565766855
2024-03-21,MXN,Tasa 10Y,-0.7418046542772969
2024-03-22,MXN,Tasa 10Y,-0.5921000549778874
2024-03-25,MXN,Tasa 10Y,-0.47559451527222835
2024-03-26,MXN,Tasa 10Y,-0.48379064651183784
2024-03-27,MXN,Tasa 10Y,-0.49648048099616904
2024-03-28,MXN,Tasa 10Y,-0.380335344089764
2024-04-01,MXN,Tasa 10Y,-0.5147657909865466
2024-04-02,MXN,Tasa 10Y,-0.45666435979944303
2024-04-03,MXN,Tasa 10Y,-0.4222288797188678
2024-04-04,MXN,Tasa 10Y,-0.3601129986356305
2024-04-05,MXN,Tasa 10Y,-0.3672029579212804
2024-04-08,MXN,Tasa 10Y,-0.205892470057604
2024-04-09,MXN,Tasa 10Y,-0.11873317280040535
2024-04-10,MXN,Tasa 10Y,-0.025574438433799643
2024-04-11,MXN,Tasa 10Y,-0.179509508705101
2024-04-12,MXN,Tasa 10Y,-0.21544765080798003
2024-04-15,MXN,Tasa 10Y,-0.13455322769974534
2024-04-16,MXN,Tasa 10Y,-0.03931811633202349
2024-04-17,MXN,Tasa 10Y,-0.09810028348959698
2024-04-18,MXN,Tasa 10Y,-0.15346275247606575
2024-04-19,MXN,Tasa 10Y,-0.3673478760960885
2024-04-22,MXN,Tasa 10Y,-0.13354867197425085
2024-04-23,MXN,Tasa 10Y,-0.0523944490737593
2024-04-24,MXN,Tasa 10Y,-0.042006349171813964
2024-04-25,MXN,Tasa 10Y,-0.08305221295822215
2024-04-26,MXN,Tasa 10Y,0.07658211281386788
2024-04-29,MXN,Tasa 10Y,0.13632123738300753
2024-04-30,MXN,Tasa 10Y,-0.019956413805755517
2024-05-02,MXN,Tasa 10Y,-0.2560210170958345
2024-05-03,MXN,Tasa 10Y,-0.4742871789668359
2024-05-06,MXN,Tasa 10Y,-0.38357249921087055
2024-05-07,MXN,Tasa 10Y,-0.28522349679693665
2024-05-08,MXN,Tasa 10Y,-0.3221603170350849
2024-05-09,MXN,Tasa 10Y,-0.14338587817816623
2024-05-10,MXN,Tasa 10Y,0.01699085528667565
2024-05-13,MXN,Tasa 10Y,-0.006403573311075648
2024-05-14,MXN,Tasa 10Y,0.027496477964360777
2024-05-15,MXN,Tasa 10Y,0.15898510502578572
2024-05-16,MXN,Tasa 10Y,0.1424862305202192
2024-05-17,MXN,Tasa 10Y,0.08329228889944972
2024-05-20,MXN,Tasa 10Y,0.10332157656892232
2024-05-22,MXN,Tasa 10Y,0.13102281791556547
2024-05-23,MXN,Tasa 10Y,0.07008370576570908
2024-05-24,MXN,Tasa 10Y,0.07587125878939865
2024-05-27,MXN,Tasa 10Y,-0.07317532067132718
2024-05-28,MXN,Tasa 10Y,-0.1250118829702602
2024-05-29,MXN,Tasa 10Y,-0.19308297153837248
2024-05-30,MXN,Tasa 10Y,-0.028275035616965764
2024-05-31,MXN,Tasa 10Y,0.010765046314803567
2024-06-03,MXN,Tasa 10Y,0.5467669312226703
2024-06-04,MXN,Tasa 10Y,0.6462030877527397
2024-06-05,MXN,Tasa 10Y,0.49981342931844897
2024-06-06,MXN,Tasa 10Y,0.32312729546003843
2024-06-07,MXN,Tasa 10Y,0.5681428436525364
2024-06-10,MXN,Tasa 10Y,0.9332367406039994
2024-06-11,MXN,Tasa 10Y,1.0697555187805041
2024-06-12,MXN,Tasa 10Y,1.5372148245828856
2024-06-13,MXN,Tasa 10Y,1.2302711284019803
2024-06-14,MXN,Tasa 10Y,1.2365361781761497
2024-06-17,MXN,Tasa 10Y,1.1660595450900915
2024-06-18,MXN,Tasa 10Y,0.93356935600516
2024-06-19,MXN,Tasa 10Y,0.9382394465200062
2024-06-21,MXN,Tasa 10Y,0.7162508774972158
2024-06-24,MXN,Tasa 10Y,0.718823691141163
2024-06-25,MXN,Tasa 10Y,0.619677017951844
2024-06-26,MXN,Tasa 10Y,0.508354579222175
2024-06-27,MXN,Tasa 10Y,0.4869721740671546
2024-06-28,MXN,Tasa 10Y,0.24374727915334202
2024-07-01,MXN,Tasa 10Y,0.1878282471685821
2024-07-02,MXN,Tasa 10Y,0.334518536062759
2024-07-03,MXN,Tasa 10Y,0.3828726680410405
2024-07-04,MXN,Tasa 10Y,0.3910892452824874
2024-07-05,MXN,Tasa 10Y,0.6898124753505126
2024-07-08,MXN,Tasa 10Y,0.6916675494325442
2024-07-09,MXN,Tasa 10Y,0.6244166299886803
2024-07-10,MXN,Tasa 10Y,0.4481015096642896
2024-07-11,MXN,Tasa 10Y,0.4611010368145607
2024-07-12,MXN,Tasa 10Y,0.5330633226047904
2024-07-15,MXN,Tasa 10Y,0.3128478662592303
2024-07-17,MXN,Tasa 10Y,0.40743664935815543
2024-07-18,MXN,Tasa 10Y,0.6276763946904025
2024-07-19,MXN,Tasa 10Y,0.6947616097624181
2024-07-22,MXN,Tasa 10Y,0.6156884405221043
2024-07-23,MXN,Tasa 10Y,0.7019527182341837
2024-07-24,MXN,Tasa 10Y,0.5984894011439995
2024-07-25,MXN,Tasa 10Y,0.6480484997116658
2024-07-26,MXN,Tasa 10Y,0.5655297102796502
2024-07-29,MXN,Tasa 10Y,0.5640180214485293
2024-07-30,MXN,Tasa 10Y,0.5529810913195476
2024-07-31,MXN,Tasa 10Y,0.6758294220957783
2024-08-01,MXN,Tasa 10Y,0.8339112295818065
2024-08-02,MXN,Tasa 10Y,0.7078505237811348
2024-08-05,MXN,Tasa 10Y,0.6012484599179663
2024-08-06,MXN,Tasa 10Y,0.6788446339080427
2024-08-07,MXN,Tasa 10Y,0.34824628335758057
2024-08-08,MXN,Tasa 10Y,0.14101412479101746
2024-08-09,MXN,Tasa 10Y,0.12001795440000655
2024-08-12,MXN,Tasa 10Y,0.14925889751640964
2024-08-13,MXN,Tasa 10Y,0.3579296075041839
2024-08-14,MXN,Tasa 10Y,0.5710020071811733
2024-08-16,MXN,Tasa 10Y,0.42172217042170596
2024-08-19,MXN,Tasa 10Y,0.5213208676536918
2024-08-20,MXN,Tasa 10Y,0.7192748522739174
2024-08-21,MXN,Tasa 10Y,0.7872105952282887
2024-08-22,MXN,Tasa 10Y,1.0793868204088
2024-08-23,MXN,Tasa 10Y,0.8191816897810843
2024-08-26,MXN,Tasa 10Y,0.9144351954951377
2024-08-27,MXN,Tasa 10Y,1.085201287951015
2024-08-28,MXN,Tasa 10Y,0.9917196190128529
2024-08-29,MXN,Tasa 10Y,1.184644305244894
2024-08-30,MXN,Tasa 10Y,0.9787253847623492
2024-09-02,MXN,Tasa 10Y,0.942775307714918
2024-09-03,MXN,Tasa 10Y,0.9218608138675093
2024-09-04,MXN,Tasa 10Y,0.8346430925761142
2024-09-05,MXN,Tasa 10Y,0.7910441920252218
2024-09-06,MXN,Tasa 10Y,0.7438024874252552
2024-09-09,MXN,Tasa 10Y,0.6141306205881681
2024-09-10,MXN,Tasa 10Y,0.9440370682687199
2024-09-11,MXN,Tasa 10Y,0.7273260970058135
2024-09-12,MXN,Tasa 10Y,0.6711515468859178
2024-09-13,MXN,Tasa 10Y,0.63306846273248
2024-09-16,MXN,Tasa 10Y,0.5228730395893911
2024-09-17,MXN,Tasa 10Y,0.2906969051241846
2024-09-23,MXN,Tasa 10Y,0.290413292524362
2024-09-24,MXN,Tasa 10Y,0.41870180255151157
2024-09-25,MXN,Tasa 10Y,0.4090134977147812
2024-09-26,MXN,Tasa 10Y,0.5038280418556851
2024-09-27,MXN,Tasa 10Y,0.6163952691307896
2024-09-30,MXN,Tasa 10Y,0.6224019613335002
2024-10-01,MXN,Tasa 10Y,0.6693190073093807
2024-10-02,MXN,Tasa 10Y,0.6459376888544158
2024-10-03,MXN,Tasa 10Y,0.5651620494816884
2024-10-04,MXN,Tasa 10Y,0.586079293493614
2024-10-07,MXN,Tasa 10Y,0.4774366864807647
2024-10-08,MXN,Tasa 10Y,0.3807375558154316
2024-10-09,MXN,Tasa 10Y,0.3876653685112245
2024-10-10,MXN,Tasa 10Y,0.5623757171932353
2024-10-11,MXN,Tasa 10Y,0.4092859077605
2024-10-14,MXN,Tasa 10Y,0.3845483681387888
2024-10-15,MXN,Tasa 10Y,0.4984464850084411
2024-10-16,MXN,Tasa 10Y,0.9933117985648953
2024-10-17,MXN,Tasa 10Y,0.7201611949524138
2024-10-18,MXN,Tasa 10Y,1.0140620325875145
2024-10-21,MXN,Tasa 10Y,1.1241643604222464
2024-10-22,MXN,Tasa 10Y,1.0964314858631405
2024-10-23,MXN,Tasa 10Y,0.9917030085621259
2024-10-24,MXN,Tasa 10Y,1.0307303044005074
2024-10-25,MXN,Tasa 10Y,0.9800433840355683
2024-10-28,MXN,Tasa 10Y,0.9682167236119789
2024-10-29,MXN,Tasa 10Y,0.838868600062152
2024-10-30,MXN,Tasa 10Y,0.7280787955058081
2024-11-04,MXN,Tasa 10Y,0.8983769218687404
2024-11-05,MXN,Tasa 10Y,0.6874240671180997
2024-11-06,MXN,Tasa 10Y,0.24114187662249692
2024-11-07,MXN,Tasa 10Y,0.4317821738659477
2024-11-08,MXN,Tasa 10Y,0.6951523212478443
2024-11-11,MXN,Tasa 10Y,0.6114992497352133
2024-11-12,MXN,Tasa 10Y,0.5273071667755119
2024-11-13,MXN,Tasa 10Y,0.4396722166724722
2024-11-14,MXN,Tasa 10Y,0.2677682485682093
2024-11-15,MXN,Tasa 10Y,0.15761830074598746
2024-11-18,MXN,Tasa 10Y,0.027341114836878098
2024-11-19,MXN,Tasa 10Y,-0.05048440972367277
2024-11-20,MXN,Tasa 10Y,-0.08343958959820996
2024-11-21,MXN,Tasa 10Y,0.0966554000052088
2024-11-22,MXN,Tasa 10Y,0.31554808367685844
2024-11-25,MXN,Tasa 10Y,0.6351701462830694
2024-11-26,MXN,Tasa 10Y,0.5796431556259146
2024-11-27,MXN,Tasa 10Y,0.6796944147977504
2024-11-28,MXN,Tasa 10Y,0.6795632897623034
2024-11-29,MXN,Tasa 10Y,0.8372160771737341
2024-12-02,MXN,Tasa 10Y,0.6605053594420729
2024-12-03,MXN,Tasa 10Y,0.5693358022983799
2024-12-04,MXN,Tasa 10Y,0.7264799631359844
2024-12-05,MXN,Tasa 10Y,0.8663216029280862
2024-12-06,MXN,Tasa 10Y,1.0572195225575698
2024-12-09,MXN,Tasa 10Y,0.7461840831139527
2024-12-10,MXN,Tasa 10Y,0.6293330262546653
2024-12-11,MXN,Tasa 10Y,0.6204192436514281
2024-12-12,MXN,Tasa 10Y,0.6087659097443364
2024-12-13,MXN,Tasa 10Y,0.5151737931127992
2024-12-16,MXN,Tasa 10Y,0.47037410407539226
2024-12-17,MXN,Tasa 10Y,0.456759565029724
2024-12-18,MXN,Tasa 10Y,0.03403863617287018
2024-12-19,MXN,Tasa 10Y,0.14269998364005193
2024-12-20,MXN,Tasa 10Y,0.5830094949759406
2024-12-23,MXN,Tasa 10Y,0.6302863543667788
2024-12-24,MXN,Tasa 10Y,0.6200586598064848
2024-12-26,MXN,Tasa 10Y,0.6628785327159055
2024-12-27,MXN,Tasa 10Y,0.6388958608503512
2024-12-30,MXN,Tasa 10Y,0.7579636228614919
2025-01-02,MXN,Tasa 10Y,0.3576690675285085
2025-01-03,MXN,Tasa 10Y,0.4897718581906607
2025-01-06,MXN,Tasa 10Y,0.49630333195376075
2025-01-07,MXN,Tasa 10Y,0.17004369965761124
2025-01-08,MXN,Tasa 10Y,0.012634569193688076
2025-01-09,MXN,Tasa 10Y,-0.10092553760615709
2025-01-10,MXN,Tasa 10Y,-0.23185817820665203
2025-01-13,MXN,Tasa 10Y,-0.0592834874413434
2025-01-14,MXN,Tasa 10Y,-0.014993694156763604
2025-01-15,MXN,Tasa 10Y,0.21106112040346797
2025-01-16,MXN,Tasa 10Y,0.25108735359869716
2025-01-17,MXN,Tasa 10Y,0.3276962333690146
2025-01-20,MXN,Tasa 10Y,0.3489744644531118
2025-01-21,MXN,Tasa 10Y,0.07842687611555771
2025-01-22,MXN,Tasa 10Y,-0.27408217401874274
2025-01-23,MXN,Tasa 10Y,-0.4723847017509443
2025-01-24,MXN,Tasa 10Y,-0.25909931211377984
2025-01-27,MXN,Tasa 10Y,-0.11008206386356868
2025-01-28,MXN,Tasa 10Y,-0.20616825127063038
2025-01-29,MXN,Tasa 10Y,-0.12924200295541083
2025-01-30,MXN,Tasa 10Y,-0.23842039678442115
2025-01-31,MXN,Tasa 10Y,0.010146033698563022
2025-02-03,MXN,Tasa 10Y,-0.2537257645409582
2025-02-04,MXN,Tasa 10Y,-0.231885761372224
2025-02-05,MXN,Tasa 10Y,-0.20160358013004523
2025-02-06,MXN,Tasa 10Y,-0.4953285934274431
2025-02-07,MXN,Tasa 10Y,-0.6423170721747318
2025-02-10,MXN,Tasa 10Y,-0.6594016929409281
2025-02-11,MXN,Tasa 10Y,-0.5752210827512757
2025-02-12,MXN,Tasa 10Y,-0.5611424037776762
2025-02-13,MXN,Tasa 10Y,-0.37130288464805195
2025-02-14,MXN,Tasa 10Y,-0.20232975445543533
2025-02-17,MXN,Tasa 10Y,-0.22378376697326674
2025-02-18,MXN,Tasa 10Y,-0.43536500122895305
2025-02-19,MXN,Tasa 10Y,-0.2713239798888699
2025-02-20,MXN,Tasa 10Y,-0.24811537654299004
2025-02-21,MXN,Tasa 10Y,-0.4226568821772348
2025-02-24,MXN,Tasa 10Y,-0.4893754867421414
2025-02-25,MXN,Tasa 10Y,-0.5495973509065138
2025-02-26,MXN,Tasa 10Y,-0.6342272426683752
2025-02-27,MXN,Tasa 10Y,-0.7280818901312535
2025-02-28,MXN,Tasa 10Y,-0.7064544779133227
2025-03-03,MXN,Tasa 10Y,-0.7313157688521248
2025-03-04,MXN,Tasa 10Y,-0.5869985520651281
2025-03-05,MXN,Tasa 10Y,-0.8585119523365976
2025-03-06,MXN,Tasa 10Y,-0.8754880623475697
2025-03-07,MXN,Tasa 10Y,-0.8662709472129044
2025-03-10,MXN,Tasa 10Y,-0.6590302826462879
2025-03-11,MXN,Tasa 10Y,-0.6161883045204489
2025-03-12,MXN,Tasa 10Y,-0.6233917189801623
2025-03-13,MXN,Tasa 10Y,-0.7614508772889853
2025-03-14,MXN,Tasa 10Y,-0.8391861330706859
2025-03-17,MXN,Tasa 10Y,-0.818438793972716
2025-03-18,MXN,Tasa 10Y,-0.8284131044035711
2025-03-19,MXN,Tasa 10Y,-0.7878984481552138
2025-03-20,MXN,Tasa 10Y,-0.7678872541733488
2025-03-21,MXN,Tasa 10Y,-0.6075524642948763
2025-03-24,MXN,Tasa 10Y,-0.6757301644560195
2025-03-25,MXN,Tasa 10Y,-0.6510046858057448
2025-03-26,MXN,Tasa 10Y,-0.7839444017619489
2025-03-27,MXN,Tasa 10Y,-0.9665283192214152
2025-03-28,MXN,Tasa 10Y,-0.9432022539799749
2025-03-31,MXN,Tasa 10Y,-0.8773402719803731
2025-04-01,MXN,Tasa 10Y,-0.9946394650146894
2025-04-02,MXN,Tasa 10Y,-1.0440180194454864
2025-04-03,MXN,Tasa 10Y,-1.4644893474781968
2025-04-04,MXN,Tasa 10Y,-1.3272403724931947
2025-04-07,MXN,Tasa 10Y,-1.417291410553553
2025-04-08,MXN,Tasa 10Y,-1.6176560147449945
2025-04-09,MXN,Tasa 10Y,-1.6769017654826646
2025-04-10,MXN,Tasa 10Y,-1.5839795593158899
2025-04-11,MXN,Tasa 10Y,-1.4857181408601625
2025-04-14,MXN,Tasa 10Y,-1.15758526395762
2025-04-15,MXN,Tasa 10Y,-1.1747437964998815
2025-04-16,MXN,Tasa 10Y,-1.23310850746356
2025-04-17,MXN,Tasa 10Y,-1.0787077242490046
2025-04-21,MXN,Tasa 10Y,-1.1701421224678639
2025-04-22,MXN,Tasa 10Y,-1.1645694801544808
2025-04-23,MXN,Tasa 10Y,-1.1644290458159139
2025-04-24,MXN,Tasa 10Y,-1.3185703339404322
2025-04-25,MXN,Tasa 10Y,-1.2196465800811769
2025-04-28,MXN,Tasa 10Y,-1.1875651030468175
2025-04-29,MXN,Tasa 10Y,-1.0217626739296228
2025-04-30,MXN,Tasa 10Y,-0.9124387577046373
2025-05-02,MXN,Tasa 10Y,-1.0806812919010171
2025-05-05,MXN,Tasa 10Y,-1.095513739697536
2025-05-06,MXN,Tasa 10Y,-1.0960533261670575
2025-05-07,MXN,Tasa 10Y,-1.1609531852722252
2025-05-08,MXN,Tasa 10Y,-1.2384647323588611
2025-05-09,MXN,Tasa 10Y,-1.0542219804071384
2025-05-12,MXN,Tasa 10Y,-1.112080473692281
2025-05-13,MXN,Tasa 10Y,-1.0575693823574077
2025-05-14,MXN,Tasa 10Y,-0.9650180078359909
2025-05-15,MXN,Tasa 10Y,-0.9439491322623609
2025-05-16,MXN,Tasa 10Y,-0.9687537917048572
2025-05-19,MXN,Tasa 10Y,-0.9723132543333811
2025-05-20,MXN,Tasa 10Y,-1.0914215392347597
2025-05-22,MXN,Tasa 10Y,-1.1788308339908586
2025-05-23,MXN,Tasa 10Y,-1.1525797793410424
2025-05-26,MXN,Tasa 10Y,-0.9879662538791119
2025-05-27,MXN,Tasa 10Y,-1.0398108876042704
2025-05-28,MXN,Tasa 10Y,-1.1335950593331519
2025-05-29,MXN,Tasa 10Y,-1.149648624902495
2025-05-30,MXN,Tasa 10Y,-1.0949746083239709
2025-06-02,MXN,Tasa 10Y,-1.1299488091795897
2025-06-03,MXN,Tasa 10Y,-1.1874191814426325
2025-06-04,MXN,Tasa 10Y,-1.184720212593373
2025-06-05,MXN,Tasa 10Y,-1.2989603648151637
2025-06-06,MXN,Tasa 10Y,-1.4541952316324176
2025-06-09,MXN,Tasa 10Y,-1.4306071371640747
2025-06-10,MXN,Tasa 10Y,-1.3803424957582369
2025-06-11,MXN,Tasa 10Y,-1.0818507704547442
2025-06-12,MXN,Tasa 10Y,-0.9445477882842815
2025-06-13,MXN,Tasa 10Y,-1.0609079271689494
2025-06-16,MXN,Tasa 10Y,-0.8372361171852518
2025-06-17,MXN,Tasa 10Y,-0.8584274245128795
2025-06-18,MXN,Tasa 10Y,-0.871219694679772
2025-06-19,MXN,Tasa 10Y,-0.9478262828210624
2025-06-23,MXN,Tasa 10Y,-0.5682632784481672
2025-06-24,MXN,Tasa 10Y,-0.493048453275947
2025-06-25,MXN,Tasa 10Y,-0.5887614734953538
2025-06-26,MXN,Tasa 10Y,-0.4665211337396928
2025-06-27,MXN,Tasa 10Y,-0.39134459986031767
2025-06-30,MXN,Tasa 10Y,-0.49470936340920263
2025-07-01,MXN,Tasa 10Y,-0.4521063702570958
2025-07-02,MXN,Tasa 10Y,-0.565061985130239
2025-07-03,MXN,Tasa 10Y,-0.6379208613489489
2025-07-04,MXN,Tasa 10Y,-0.6692355821082187
2025-07-07,MXN,Tasa 10Y,-0.6127257852826055
2025-07-08,MXN,Tasa 10Y,-0.5342018677359235
2025-07-09,MXN,Tasa 10Y,-0.4856354732467527
2025-07-10,MXN,Tasa 10Y,-0.44850806045852576
2025-07-11,MXN,Tasa 10Y,-0.49607379204471463
2025-07-14,MXN,Tasa 10Y,-0.6358688961912808
2025-07-15,MXN,Tasa 10Y,-0.6480334926076157
2025-07-17,MXN,Tasa 10Y,-0.7001321641419807
2025-07-18,MXN,Tasa 10Y,-0.4998136009050214
2025-07-21,MXN,Tasa 10Y,-0.4059274346301813
2025-07-22,MXN,Tasa 10Y,-0.30297081488936506
2025-07-23,MXN,Tasa 10Y,-0.3130819836420783
2025-07-24,MXN,Tasa 10Y,-0.30106002796591647
2025-07-25,MXN,Tasa 10Y,-0.290944483982487
2025-07-28,MXN,Tasa 10Y,-0.32921368660169753
2025-07-29,MXN,Tasa 10Y,-0.33386680480930037
2025-07-30,MXN,Tasa 10Y,-0.43182746758098506
2025-07-31,MXN,Tasa 10Y,-0.5011228572772973
2025-08-01,MXN,Tasa 10Y,-0.65528580028479
2025-08-04,MXN,Tasa 10Y,-0.4449509729973093
2025-08-05,MXN,Tasa 10Y,-0.5733585281851805
2025-08-06,MXN,Tasa 10Y,-0.6958700451544417
2025-08-07,MXN,Tasa 10Y,-0.8144324892929287
2025-08-08,MXN,Tasa 10Y,-0.7159547270663514
2025-08-11,MXN,Tasa 10Y,-0.8273164347125714
2025-08-12,MXN,Tasa 10Y,-0.7989246400147972
2025-08-13,MXN,Tasa 10Y,-0.7409792626214383
2025-08-14,MXN,Tasa 10Y,-0.7734373231596495
2025-08-18,MXN,Tasa 10Y,-0.8453065070480806
2025-08-19,MXN,Tasa 10Y,-0.7785463610086095
2025-08-20,MXN,Tasa 10Y,-0.7675007489593777
2025-08-21,MXN,Tasa 10Y,-0.8502705466630115
2025-08-22,MXN,Tasa 10Y,-0.9659455100897117
2025-08-25,MXN,Tasa 10Y,-0.904728888221722
2025-08-26,MXN,Tasa 10Y,-0.9449392622416739
2025-08-27,MXN,Tasa 10Y,-0.9339472104886201
2025-08-28,MXN,Tasa 10Y,-0.8421438001856547
2025-08-29,MXN,Tasa 10Y,-0.9628393839142103
2025-09-01,MXN,Tasa 10Y,-0.975164873260813
2025-09-02,MXN,Tasa 10Y,-0.9742299248312155
2025-09-03,MXN,Tasa 10Y,-0.9367007081428248
2025-09-04,MXN,Tasa 10Y,-0.8611513065410134
2025-09-05,MXN,Tasa 10Y,-0.7347758483102652
2025-09-08,MXN,Tasa 10Y,-0.7591185802591474
2025-09-09,MXN,Tasa 10Y,-0.7040281534977778
2025-09-10,MXN,Tasa 10Y,-0.6961896509612777
2025-09-11,MXN,Tasa 10Y,-0.8510419772644513
2025-09-12,MXN,Tasa 10Y,-0.828688945536454
2025-09-15,MXN,Tasa 10Y,-0.7617552359197091
2025-09-16,MXN,Tasa 10Y,-0.7536146042765972
2025-09-17,MXN,Tasa 10Y,-0.8251133126759846
2025-09-22,MXN,Tasa 10Y,-1.1590148624956131
2025-09-23,MXN,Tasa 10Y,-1.1205568321084705
2025-09-24,MXN,Tasa 10Y,-1.235324934446474
2025-09-25,MXN,Tasa 10Y,-1.2092845057914665
2025-09-26,MXN,Tasa 10Y,-1.0599078673976463
2025-09-29,MXN,Tasa 10Y,-1.0214475588427607
2025-09-30,MXN,Tasa 10Y,-1.0028296830123686
2025-10-01,MXN,Tasa 10Y,-0.872490753086626
2025-10-02,MXN,Tasa 10Y,-0.8779041722506543
2025-10-03,MXN,Tasa 10Y,-0.8778554369902071
2025-10-06,MXN,Tasa 10Y,-0.9264184146954401
2025-10-07,MXN,Tasa 10Y,-0.9155038838499386
2025-10-08,MXN,Tasa 10Y,-0.9208091709212209
2025-10-09,MXN,Tasa 10Y,-1.1422354826862715
2025-10-10,MXN,Tasa 10Y,-1.2011954443504131
2025-10-13,MXN,Tasa 10Y,-1.1748773850469256
2025-10-14,MXN,Tasa 10Y,-1.2454655948364368
2025-10-15,MXN,Tasa 10Y,-1.2586076415473775
2025-10-16,MXN,Tasa 10Y,-1.310208931001941
2025-10-17,MXN,Tasa 10Y,-1.125318510306722
2025-10-20,MXN,Tasa 10Y,-0.9366654583162821
2025-10-21,MXN,Tasa 10Y,-0.9844049176137426
2025-10-22,MXN,Tasa 10Y,-1.021318557756208
2025-10-23,MXN,Tasa 10Y,-0.987483871332705
2025-10-24,MXN,Tasa 10Y,-0.8060747799443606
2025-10-27,MXN,Tasa 10Y,-0.798684176831477
2025-10-28,MXN,Tasa 10Y,-0.8991097626906491
2025-10-29,MXN,Tasa 10Y,-0.9403304385554815
2025-10-30,MXN,Tasa 10Y,-0.975078520987419
2025-11-03,MXN,Tasa 10Y,-1.0028079216182137
2025-11-04,MXN,Tasa 10Y,-1.0249096986635426
2025-11-05,MXN,Tasa 10Y,-1.098848140004375
2025-11-06,MXN,Tasa 10Y,-0.9750954223158794
2025-11-07,MXN,Tasa 10Y,-0.8783504437073236
2025-11-10,MXN,Tasa 10Y,-0.7843628962724718
2025-11-11,MXN,Tasa 10Y,-0.7652714302881085
2025-11-12,MXN,Tasa 10Y,-0.7568138183764108
2025-11-13,MXN,Tasa 10Y,-0.876719459305124
2025-11-14,MXN,Tasa 10Y,-0.9030422749804878
2025-11-17,MXN,Tasa 10Y,-1.0058250390395511
2025-11-18,MXN,Tasa 10Y,-1.0503515291865768
2025-11-19,MXN,Tasa 10Y,-1.0339995581071932
2025-11-20,MXN,Tasa 10Y,-0.9593201825437457
2025-11-21,MXN,Tasa 10Y,-0.762746619293991
2025-11-24,MXN,Tasa 10Y,-0.588549052176452
2025-11-25,MXN,Tasa 10Y,-0.550482090755467
2025-11-26,MXN,Tasa 10Y,-0.6355484797895999
2025-11-27,MXN,Tasa 10Y,-0.6411226968111422
2025-11-28,MXN,Tasa 10Y,-0.6100556288493163
2025-12-01,MXN,Tasa 10Y,-0.6616322023367811
2025-12-02,MXN,Tasa 10Y,-0.7592019953168092
2025-12-03,MXN,Tasa 10Y,-0.7485400229324425
2025-12-04,MXN,Tasa 10Y,-0.814093379316403
2025-12-05,MXN,Tasa 10Y,-0.8141549921992597
2025-12-09,MXN,Tasa 10Y,-0.481914109471179
2025-12-10,MXN,Tasa 10Y,-0.40259761979945646
2025-12-11,MXN,Tasa 10Y,-0.3480697309526243
2025-12-12,MXN,Tasa 10Y,-0.3050888810794787
2025-12-15,MXN,Tasa 10Y,-0.1984655544031651
2025-12-16,MXN,Tasa 10Y,-0.23576366836074453
2025-12-17,MXN,Tasa 10Y,-0.3825562395624679
2025-12-18,MXN,Tasa 10Y,-0.34814606441006907
2025-12-19,MXN,Tasa 10Y,-0.3303446835336082
2025-12-22,MXN,Tasa 10Y,-0.12988662824357097
2025-12-23,MXN,Tasa 10Y,-0.12633945213780873
2025-12-24,MXN,Tasa 10Y,0.011332645126006428
2025-12-26,MXN,Tasa 10Y,0.07735858279160947
2025-12-29,MXN,Tasa 10Y,0.1063501444572939
2025-12-30,MXN,Tasa 10Y,0.0010083649520714558
2026-01-02,MXN,Tasa 10Y,-0.28183162329335604
2026-01-05,MXN,Tasa 10Y,-0.43781396732046335
2026-01-06,MXN,Tasa 10Y,-0.6607513725837947
2026-01-07,MXN,Tasa 10Y,-0.7925076358848718
2026-01-08,MXN,Tasa 10Y,-0.7067934610786123
2026-01-09,MXN,Tasa 10Y,-0.5593563040291075
2026-01-12,MXN,Tasa 10Y,-0.6166819831499967
2026-01-13,MXN,Tasa 10Y,-0.6508915512686638
2026-01-14,MXN,Tasa 10Y,-0.5770619102722034
2026-01-15,MXN,Tasa 10Y,-0.49466035886872867
2026-01-16,MXN,Tasa 10Y,-0.4002206707396895
2026-01-19,MXN,Tasa 10Y,-0.47342833976258913
2026-01-20,MXN,Tasa 10Y,-0.358460013644098
2026-01-21,MXN,Tasa 10Y,-0.3880243855618603
2026-01-22,MXN,Tasa 10Y,-0.6779200216238532
2026-01-23,MXN,Tasa 10Y,-0.668936098272923
2026-01-26,MXN,Tasa 10Y,-0.5320206923904558
2026-01-27,MXN,Tasa 10Y,-0.741112063754893
2026-01-28,MXN,Tasa 10Y,-0.8038306550666435
2026-01-29,MXN,Tasa 10Y,-0.935966731330111
2026-01-30,MXN,Tasa 10Y,-0.8453018282224266
2026-02-02,MXN,Tasa 10Y,-0.8819376041548123
2026-02-03,MXN,Tasa 10Y,-0.8793271424518766
2026-02-04,MXN,Tasa 10Y,-0.8210080672540235
2026-02-05,MXN,Tasa 10Y,-0.8636805922392685
2026-02-06,MXN,Tasa 10Y,-0.9640010145457408
2026-02-09,MXN,Tasa 10Y,-0.8831494667599704
2026-02-10,MXN,Tasa 10Y,-0.8679228372557324
2026-02-11,MXN,Tasa 10Y,-0.9077212895811
2026-02-12,MXN,Tasa 10Y,-0.8633931977829054
2026-02-13,MXN,Tasa 10Y,-0.7632815078399483
2026-02-16,MXN,Tasa 10Y,-0.7795920249242716
2026-02-17,MXN,Tasa 10Y,-0.7234856267413372
2026-02-18,MXN,Tasa 10Y,-0.7154994456047582
2026-02-19,MXN,Tasa 10Y,-0.698649769951789
2026-02-20,MXN,Tasa 10Y,-0.5109135172965327
2026-02-23,MXN,Tasa 10Y,-0.5844487709236358
2026-02-24,MXN,Tasa 10Y,-0.6355288385837365
2026-02-25,MXN,Tasa 10Y,-0.7678554780927525
2026-02-26,MXN,Tasa 10Y,-0.712654046017667
2026-02-27,MXN,Tasa 10Y,-0.6313435781196822
2026-03-02,MXN,Tasa 10Y,-0.6340807533294333
2026-03-03,MXN,Tasa 10Y,-0.5995791561635908
2026-03-04,MXN,Tasa 10Y,-0.7070024505621904
2026-03-05,MXN,Tasa 10Y,-0.49143673269414456
2026-03-06,MXN,Tasa 10Y,-0.5361532914691971
2026-03-09,MXN,Tasa 10Y,-0.30881822010362053
2026-03-10,MXN,Tasa 10Y,-0.47431670144502014
2026-03-11,MXN,Tasa 10Y,-0.5238928272492737
2026-03-12,MXN,Tasa 10Y,-0.2504928733112863
2026-03-13,MXN,Tasa 10Y,0.14187420498904826
2026-03-16,MXN,Tasa 10Y,0.20382294994628725
2026-03-17,MXN,Tasa 10Y,0.17993733051325436
2026-03-18,MXN,Tasa 10Y,0.13854827329358335
2026-03-19,MXN,Tasa 10Y,-0.001296807577496224
2026-03-20,MXN,Tasa 10Y,-0.06038973533228372
2026-03-23,MXN,Tasa 10Y,-0.31407595000990224
2026-03-24,MXN,Tasa 10Y,-0.47997510577194263
2026-03-25,MXN,Tasa 10Y,-0.8700350691341824
2026-03-26,MXN,Tasa 10Y,-0.7591178733872731
2026-03-27,MXN,Tasa 10Y,-0.6763674330266141
2026-03-30,MXN,Tasa 10Y,-0.24259420909201915
2026-03-31,MXN,Tasa 10Y,-0.2780606978735283
2026-04-01,MXN,Tasa 10Y,-0.6003224645950366
2026-04-02,MXN,Tasa 10Y,-0.47959034019441055
2026-04-06,MXN,Tasa 10Y,-0.378340934199446
2026-04-07,MXN,Tasa 10Y,-0.17093205321100657
2026-04-08,MXN,Tasa 10Y,-0.4700944842008294
2026-04-09,MXN,Tasa 10Y,-0.4321849930952104
2026-04-10,MXN,Tasa 10Y,-0.5448161876781847
2026-04-13,MXN,Tasa 10Y,-0.6419680899526646
2026-04-14,MXN,Tasa 10Y,-0.6181421866902781
2026-04-15,MXN,Tasa 10Y,-0.5464864916070123
2026-04-16,MXN,Tasa 10Y,-0.5916847674717147
2026-04-17,MXN,Tasa 10Y,-0.7587405439174427
2026-04-20,MXN,Tasa 10Y,-0.7724838969874721
2026-04-21,MXN,Tasa 10Y,-0.683234342551223
2026-04-22,MXN,Tasa 10Y,-0.8105034936989827
2026-04-23,MXN,Tasa 10Y,-0.6218316508692465
2026-04-24,MXN,Tasa 10Y,-0.5766430985803523
2026-04-27,MXN,Tasa 10Y,-0.5591865710950616
2026-04-28,MXN,Tasa 10Y,-0.48294526283247957
2026-04-29,MXN,Tasa 10Y,-0.365448232332252
2026-04-30,MXN,Tasa 10Y,-0.20130676418889037
2026-05-04,MXN,Tasa 10Y,-0.2571434605509228
2026-05-05,MXN,Tasa 10Y,-0.3034080730925838
2026-05-06,MXN,Tasa 10Y,-0.512826004964489
2026-05-07,MXN,Tasa 10Y,-0.5675611259259387
2026-05-08,MXN,Tasa 10Y,-0.4211513635237057
2026-05-11,MXN,Tasa 10Y,-0.3473284229044682
2026-05-12,MXN,Tasa 10Y,-0.4128082468716559
2026-05-13,MXN,Tasa 10Y,-0.5111281428049981
2026-05-14,MXN,Tasa 10Y,-0.4714241046319163
2026-05-15,MXN,Tasa 10Y,-0.4831212329142986
2026-05-18,MXN,Tasa 10Y,-0.40287795669340104
2026-05-19,MXN,Tasa 10Y,-0.42613588051460455
2026-05-20,MXN,Tasa 10Y,-0.5461034399674013
2026-05-22,MXN,Tasa 10Y,-0.3593055179950889
2026-05-25,MXN,Tasa 10Y,-0.5727175138514675
2026-05-26,MXN,Tasa 10Y,-0.4384672622170289
2026-05-27,MXN,Tasa 10Y,-0.45768542591931327
2026-05-28,MXN,Tasa 10Y,-0.5236377033617867
2026-05-29,MXN,Tasa 10Y,-0.4166060096666338
2026-06-01,MXN,Tasa 10Y,-0.6181171024762594
2022-01-03,PEN,Tasa 10Y,1.4338121325766031
2022-01-04,PEN,Tasa 10Y,1.3464351985673342
2022-01-05,PEN,Tasa 10Y,1.332829663844917
2022-01-06,PEN,Tasa 10Y,1.0058730993544127
2022-01-07,PEN,Tasa 10Y,0.9927853636372759
2022-01-10,PEN,Tasa 10Y,1.019395626947434
2022-01-11,PEN,Tasa 10Y,0.9245031195452922
2022-01-12,PEN,Tasa 10Y,0.9329820927914367
2022-01-13,PEN,Tasa 10Y,1.0642390302411122
2022-01-14,PEN,Tasa 10Y,1.1607009437087428
2022-01-17,PEN,Tasa 10Y,1.2416920925269073
2022-01-18,PEN,Tasa 10Y,1.2049973612820875
2022-01-19,PEN,Tasa 10Y,1.2209590857730646
2022-01-20,PEN,Tasa 10Y,1.3415322876766766
2022-01-21,PEN,Tasa 10Y,1.232906277181723
2022-01-24,PEN,Tasa 10Y,1.1833930611121657
2022-01-25,PEN,Tasa 10Y,1.2558509347288789
2022-01-26,PEN,Tasa 10Y,1.2507868079079636
2022-01-27,PEN,Tasa 10Y,1.067880043766997
2022-01-28,PEN,Tasa 10Y,0.912997929678849
2022-01-31,PEN,Tasa 10Y,0.8891673463127086
2022-02-01,PEN,Tasa 10Y,0.6612465563076017
2022-02-02,PEN,Tasa 10Y,0.6148422159752293
2022-02-03,PEN,Tasa 10Y,0.7181408973243703
2022-02-04,PEN,Tasa 10Y,0.6349292380719582
2022-02-07,PEN,Tasa 10Y,0.4060631714502406
2022-02-08,PEN,Tasa 10Y,0.24899942830415933
2022-02-09,PEN,Tasa 10Y,0.2529233265136625
2022-02-10,PEN,Tasa 10Y,0.3654507084389842
2022-02-11,PEN,Tasa 10Y,-0.03569092501649596
2022-02-14,PEN,Tasa 10Y,0.057906210757314336
2022-02-15,PEN,Tasa 10Y,0.22432948934072997
2022-02-16,PEN,Tasa 10Y,0.04696283291350478
2022-02-17,PEN,Tasa 10Y,0.05589950156316344
2022-02-18,PEN,Tasa 10Y,-0.13413116957423002
2022-02-21,PEN,Tasa 10Y,-0.08324900578894208
2022-02-22,PEN,Tasa 10Y,-0.30137873653834063
2022-02-23,PEN,Tasa 10Y,-0.46855527130139957
2022-02-24,PEN,Tasa 10Y,-0.47419720324115183
2022-02-25,PEN,Tasa 10Y,-0.240393190432787
2022-02-28,PEN,Tasa 10Y,-0.06559851311017774
2022-03-01,PEN,Tasa 10Y,0.29427618922974297
2022-03-02,PEN,Tasa 10Y,0.23523369907492747
2022-03-03,PEN,Tasa 10Y,0.31390696223069625
2022-03-04,PEN,Tasa 10Y,0.23146168835882397
2022-03-07,PEN,Tasa 10Y,0.5465000977938851
2022-03-08,PEN,Tasa 10Y,0.44358231022755534
2022-03-09,PEN,Tasa 10Y,0.593414280397232
2022-03-10,PEN,Tasa 10Y,0.683520236052528
2022-03-11,PEN,Tasa 10Y,0.7278075876390611
2022-03-14,PEN,Tasa 10Y,0.8586976789037217
2022-03-15,PEN,Tasa 10Y,0.679713978605457
2022-03-16,PEN,Tasa 10Y,0.543949372482373
2022-03-17,PEN,Tasa 10Y,0.9286132536545736
2022-03-18,PEN,Tasa 10Y,0.8441139474828171
2022-03-21,PEN,Tasa 10Y,0.7400111562125676
2022-03-22,PEN,Tasa 10Y,0.6761437930991987
2022-03-23,PEN,Tasa 10Y,0.5085965530468717
2022-03-24,PEN,Tasa 10Y,0.6561670924603559
2022-03-25,PEN,Tasa 10Y,1.366817176551291
2022-03-28,PEN,Tasa 10Y,1.0642448039412247
2022-03-29,PEN,Tasa 10Y,1.2683047750453735
2022-03-30,PEN,Tasa 10Y,1.2627682267124452
2022-03-31,PEN,Tasa 10Y,1.336095671712692
2022-04-01,PEN,Tasa 10Y,1.5898283367692438
2022-04-04,PEN,Tasa 10Y,1.832786582510731
2022-04-05,PEN,Tasa 10Y,1.8901491393982497
2022-04-06,PEN,Tasa 10Y,1.9134888497062055
2022-04-07,PEN,Tasa 10Y,1.2475166630295695
2022-04-08,PEN,Tasa 10Y,0.8131414390581457
2022-04-11,PEN,Tasa 10Y,0.7887630385710505
2022-04-12,PEN,Tasa 10Y,1.2271746737016702
2022-04-13,PEN,Tasa 10Y,1.5830131449331402
2022-04-14,PEN,Tasa 10Y,1.7797679351436342
2022-04-18,PEN,Tasa 10Y,1.724174886721229
2022-04-19,PEN,Tasa 10Y,1.7213673908915286
2022-04-20,PEN,Tasa 10Y,1.73133580525411
2022-04-21,PEN,Tasa 10Y,1.734415741306298
2022-04-22,PEN,Tasa 10Y,1.9110438432495853
2022-04-25,PEN,Tasa 10Y,2.395947665780199
2022-04-26,PEN,Tasa 10Y,2.8425811831031225
2022-04-27,PEN,Tasa 10Y,2.2026554777204717
2022-04-28,PEN,Tasa 10Y,1.64060459815302
2022-04-29,PEN,Tasa 10Y,1.6461439425001603
2022-05-02,PEN,Tasa 10Y,1.2971451830690166
2022-05-03,PEN,Tasa 10Y,1.3560385189871307
2022-05-04,PEN,Tasa 10Y,1.3161485192504045
2022-05-05,PEN,Tasa 10Y,2.025417314298676
2022-05-06,PEN,Tasa 10Y,2.5342868185302043
2022-05-09,PEN,Tasa 10Y,2.2079809058640336
2022-05-10,PEN,Tasa 10Y,2.292296682989621
2022-05-11,PEN,Tasa 10Y,1.9327187275941877
2022-05-12,PEN,Tasa 10Y,1.9362948246806024
2022-05-13,PEN,Tasa 10Y,1.9344425298252805
2022-05-16,PEN,Tasa 10Y,1.751041793461211
2022-05-17,PEN,Tasa 10Y,1.7831173535711111
2022-05-18,PEN,Tasa 10Y,1.5960787807652443
2022-05-19,PEN,Tasa 10Y,1.6252327037448733
2022-05-20,PEN,Tasa 10Y,1.4050729446873444
2022-05-23,PEN,Tasa 10Y,1.480040219756013
2022-05-24,PEN,Tasa 10Y,1.4965601879966368
2022-05-25,PEN,Tasa 10Y,1.5350996196060094
2022-05-26,PEN,Tasa 10Y,1.3975180252447097
2022-05-27,PEN,Tasa 10Y,1.6722439796932562
2022-05-30,PEN,Tasa 10Y,1.7245143281053479
2022-05-31,PEN,Tasa 10Y,2.0063039887664433
2022-06-01,PEN,Tasa 10Y,1.9810302712044643
2022-06-02,PEN,Tasa 10Y,1.9167161914280626
2022-06-03,PEN,Tasa 10Y,1.9282838908497322
2022-06-06,PEN,Tasa 10Y,1.9977037151265138
2022-06-07,PEN,Tasa 10Y,1.92933493328031
2022-06-08,PEN,Tasa 10Y,1.9530164080640602
2022-06-09,PEN,Tasa 10Y,1.8640391904796902
2022-06-10,PEN,Tasa 10Y,1.7830480936303088
2022-06-13,PEN,Tasa 10Y,1.3585067609693913
2022-06-14,PEN,Tasa 10Y,1.3718493863552963
2022-06-15,PEN,Tasa 10Y,1.3215784997251283
2022-06-16,PEN,Tasa 10Y,1.189341628632265
2022-06-17,PEN,Tasa 10Y,0.8517885304267121
2022-06-20,PEN,Tasa 10Y,0.5904591067159178
2022-06-22,PEN,Tasa 10Y,0.7106350416768719
2022-06-23,PEN,Tasa 10Y,0.7739869149917488
2022-06-24,PEN,Tasa 10Y,0.8820220478044029
2022-06-28,PEN,Tasa 10Y,0.3913195826770033
2022-06-29,PEN,Tasa 10Y,0.3195702940640731
2022-06-30,PEN,Tasa 10Y,0.5481286659375016
2022-07-01,PEN,Tasa 10Y,0.7055698730015152
2022-07-04,PEN,Tasa 10Y,0.7227803530234961
2022-07-05,PEN,Tasa 10Y,0.6332173368352277
2022-07-06,PEN,Tasa 10Y,0.8334748413394361
2022-07-07,PEN,Tasa 10Y,1.0660528068466602
2022-07-08,PEN,Tasa 10Y,1.231438700215458
2022-07-11,PEN,Tasa 10Y,1.195318740098904
2022-07-12,PEN,Tasa 10Y,1.3956438837708343
2022-07-13,PEN,Tasa 10Y,1.2944063625070288
2022-07-14,PEN,Tasa 10Y,1.1514380582588228
2022-07-15,PEN,Tasa 10Y,1.324923137169219
2022-07-18,PEN,Tasa 10Y,1.6179554877896132
2022-07-19,PEN,Tasa 10Y,1.9926607936507064
2022-07-20,PEN,Tasa 10Y,2.1368243728810676
2022-07-21,PEN,Tasa 10Y,1.9963146508186929
2022-07-22,PEN,Tasa 10Y,2.0095346757815715
2022-07-25,PEN,Tasa 10Y,1.703214291377855
2022-07-26,PEN,Tasa 10Y,1.6737359615494434
2022-07-27,PEN,Tasa 10Y,1.987237533612787
2022-07-28,PEN,Tasa 10Y,2.0654200147623296
2022-07-29,PEN,Tasa 10Y,2.210614917771796
2022-08-01,PEN,Tasa 10Y,2.106227603602693
2022-08-02,PEN,Tasa 10Y,2.1945677759133893
2022-08-03,PEN,Tasa 10Y,1.934805889406325
2022-08-04,PEN,Tasa 10Y,2.2083710359991726
2022-08-05,PEN,Tasa 10Y,2.1516135304113138
2022-08-08,PEN,Tasa 10Y,2.1018715091991993
2022-08-09,PEN,Tasa 10Y,1.8978756998183017
2022-08-10,PEN,Tasa 10Y,2.0984935759546928
2022-08-11,PEN,Tasa 10Y,2.3360660119667322
2022-08-12,PEN,Tasa 10Y,2.1786045192249737
2022-08-16,PEN,Tasa 10Y,1.8998462755972891
2022-08-17,PEN,Tasa 10Y,1.6490055068353202
2022-08-18,PEN,Tasa 10Y,1.7252033752057923
2022-08-19,PEN,Tasa 10Y,1.6377555142699256
2022-08-22,PEN,Tasa 10Y,1.591900994378881
2022-08-23,PEN,Tasa 10Y,1.713475087097808
2022-08-24,PEN,Tasa 10Y,1.9925792076872832
2022-08-25,PEN,Tasa 10Y,1.884367485831906
2022-08-26,PEN,Tasa 10Y,1.8380010897450068
2022-08-29,PEN,Tasa 10Y,1.6620545533991389
2022-08-30,PEN,Tasa 10Y,1.6331267561742426
2022-08-31,PEN,Tasa 10Y,1.5180618809031523
2022-09-01,PEN,Tasa 10Y,1.5388712462161018
2022-09-02,PEN,Tasa 10Y,1.5089927875165854
2022-09-05,PEN,Tasa 10Y,1.600949443892209
2022-09-06,PEN,Tasa 10Y,1.542744223318917
2022-09-07,PEN,Tasa 10Y,1.690534545315295
2022-09-08,PEN,Tasa 10Y,1.888600694040776
2022-09-09,PEN,Tasa 10Y,2.0844620747606477
2022-09-12,PEN,Tasa 10Y,1.9987923533771843
2022-09-13,PEN,Tasa 10Y,1.610123917147041
2022-09-14,PEN,Tasa 10Y,1.229992037433844
2022-09-15,PEN,Tasa 10Y,1.2215271802234247
2022-09-20,PEN,Tasa 10Y,1.0429228086994382
2022-09-21,PEN,Tasa 10Y,1.2465035691896118
2022-09-22,PEN,Tasa 10Y,1.239131314137955
2022-09-23,PEN,Tasa 10Y,1.1603315325768953
2022-09-26,PEN,Tasa 10Y,0.8422366571357385
2022-09-27,PEN,Tasa 10Y,0.8130676418680146
2022-09-28,PEN,Tasa 10Y,0.9034899602280597
2022-09-29,PEN,Tasa 10Y,0.9839445590109497
2022-09-30,PEN,Tasa 10Y,1.1349079521076209
2022-10-03,PEN,Tasa 10Y,1.3452771254044489
2022-10-04,PEN,Tasa 10Y,1.9689588205476602
2022-10-05,PEN,Tasa 10Y,1.6397294837149363
2022-10-06,PEN,Tasa 10Y,1.5145188648585335
2022-10-07,PEN,Tasa 10Y,1.1175170372950023
2022-10-11,PEN,Tasa 10Y,0.82590510226903
2022-10-12,PEN,Tasa 10Y,0.7421792177861668
2022-10-13,PEN,Tasa 10Y,0.5763599356657841
2022-10-14,PEN,Tasa 10Y,0.5416751800382571
2022-10-17,PEN,Tasa 10Y,0.5850901306339527
2022-10-18,PEN,Tasa 10Y,0.582805054516591
2022-10-19,PEN,Tasa 10Y,0.44948472852441074
2022-10-20,PEN,Tasa 10Y,0.21725384677962986
2022-10-21,PEN,Tasa 10Y,0.21025579095870503
2022-10-24,PEN,Tasa 10Y,0.7269508533894383
2022-10-25,PEN,Tasa 10Y,1.0005371770457037
2022-10-26,PEN,Tasa 10Y,1.0232396441523175
2022-10-27,PEN,Tasa 10Y,0.9653878745792517
2022-10-28,PEN,Tasa 10Y,1.17287581695041
2022-11-02,PEN,Tasa 10Y,0.6038002653826828
2022-11-03,PEN,Tasa 10Y,0.49892139076334124
2022-11-04,PEN,Tasa 10Y,0.4298089152023763
2022-11-07,PEN,Tasa 10Y,0.5150876958055988
2022-11-08,PEN,Tasa 10Y,0.1988021300509406
2022-11-09,PEN,Tasa 10Y,-0.04440935212820379
2022-11-10,PEN,Tasa 10Y,0.26768547395416764
2022-11-11,PEN,Tasa 10Y,0.3830230123240189
2022-11-14,PEN,Tasa 10Y,0.7753966940385373
2022-11-15,PEN,Tasa 10Y,1.0986104678928637
2022-11-16,PEN,Tasa 10Y,1.4206895932516108
2022-11-17,PEN,Tasa 10Y,1.3523996884615266
2022-11-18,PEN,Tasa 10Y,1.377727202439113
2022-11-21,PEN,Tasa 10Y,1.4077705125977524
2022-11-22,PEN,Tasa 10Y,1.3577475951521485
2022-11-23,PEN,Tasa 10Y,1.213586353699584
2022-11-24,PEN,Tasa 10Y,1.2386916919297914
2022-11-25,PEN,Tasa 10Y,1.0833064705810338
2022-11-28,PEN,Tasa 10Y,1.2707098282455627
2022-11-29,PEN,Tasa 10Y,1.3336392154449817
2022-11-30,PEN,Tasa 10Y,1.0953228829965924
2022-12-01,PEN,Tasa 10Y,1.1962137720014088
2022-12-02,PEN,Tasa 10Y,1.0878559877186982
2022-12-05,PEN,Tasa 10Y,1.141740888928961
2022-12-06,PEN,Tasa 10Y,1.0080284954573413
2022-12-07,PEN,Tasa 10Y,1.2512729816169965
2022-12-09,PEN,Tasa 10Y,1.77464592944967
2022-12-12,PEN,Tasa 10Y,1.6120628661372407
2022-12-13,PEN,Tasa 10Y,1.663415480518262
2022-12-14,PEN,Tasa 10Y,1.3566368983159551
2022-12-15,PEN,Tasa 10Y,1.2851228310470975
2022-12-16,PEN,Tasa 10Y,1.1642646951293174
2022-12-19,PEN,Tasa 10Y,1.3539813897186648
2022-12-20,PEN,Tasa 10Y,1.206080378374574
2022-12-21,PEN,Tasa 10Y,1.4264911344205486
2022-12-22,PEN,Tasa 10Y,1.4579148717157446
2022-12-23,PEN,Tasa 10Y,1.5036968064118341
2022-12-26,PEN,Tasa 10Y,1.4325976296283025
2022-12-27,PEN,Tasa 10Y,1.3284513116176402
2022-12-28,PEN,Tasa 10Y,1.3655137960411527
2022-12-29,PEN,Tasa 10Y,1.298145228349595
2022-12-30,PEN,Tasa 10Y,1.188529102703392
2023-01-03,PEN,Tasa 10Y,1.2535293276963475
2023-01-04,PEN,Tasa 10Y,1.0068847307183788
2023-01-05,PEN,Tasa 10Y,0.5953649749530054
2023-01-06,PEN,Tasa 10Y,0.6647446709826893
2023-01-09,PEN,Tasa 10Y,0.3197437513741004
2023-01-10,PEN,Tasa 10Y,0.3082883515036943
2023-01-11,PEN,Tasa 10Y,0.5078514884831141
2023-01-12,PEN,Tasa 10Y,0.8536475966244662
2023-01-13,PEN,Tasa 10Y,1.2629873754137597
2023-01-16,PEN,Tasa 10Y,1.4372329293174295
2023-01-17,PEN,Tasa 10Y,1.3550507370091103
2023-01-18,PEN,Tasa 10Y,1.5241839239156625
2023-01-19,PEN,Tasa 10Y,1.3932021854181234
2023-01-20,PEN,Tasa 10Y,1.344987696644633
2023-01-23,PEN,Tasa 10Y,1.2639273913989368
2023-01-24,PEN,Tasa 10Y,1.3891506176262929
2023-01-25,PEN,Tasa 10Y,1.4141911520531654
2023-01-26,PEN,Tasa 10Y,1.5298053713064266
2023-01-27,PEN,Tasa 10Y,1.5526576030490935
2023-01-30,PEN,Tasa 10Y,1.473342670223605
2023-01-31,PEN,Tasa 10Y,1.4400483829923516
2023-02-01,PEN,Tasa 10Y,1.4557368287122106
2023-02-02,PEN,Tasa 10Y,1.463216890502774
2023-02-03,PEN,Tasa 10Y,1.3666286319990015
2023-02-06,PEN,Tasa 10Y,1.5839334399365257
2023-02-07,PEN,Tasa 10Y,1.4611492870171658
2023-02-08,PEN,Tasa 10Y,1.5413392114164213
2023-02-09,PEN,Tasa 10Y,1.6061032582356185
2023-02-10,PEN,Tasa 10Y,1.3839964407102718
2023-02-13,PEN,Tasa 10Y,1.3508772577754062
2023-02-14,PEN,Tasa 10Y,1.5552047839391039
2023-02-15,PEN,Tasa 10Y,1.4454646705989813
2023-02-16,PEN,Tasa 10Y,1.6772570385334382
2023-02-17,PEN,Tasa 10Y,1.4763134918151746
2023-02-20,PEN,Tasa 10Y,1.3481284351785707
2023-02-21,PEN,Tasa 10Y,1.406188294258721
2023-02-22,PEN,Tasa 10Y,1.2861539722512059
2023-02-23,PEN,Tasa 10Y,1.3998115663059776
2023-02-24,PEN,Tasa 10Y,1.4527718773615559
2023-02-27,PEN,Tasa 10Y,1.517519901069264
2023-02-28,PEN,Tasa 10Y,1.5333477983468748
2023-03-01,PEN,Tasa 10Y,1.3137654059014987
2023-03-02,PEN,Tasa 10Y,1.4109998355927356
2023-03-03,PEN,Tasa 10Y,1.5901587820287784
2023-03-06,PEN,Tasa 10Y,1.7402606781149386
2023-03-07,PEN,Tasa 10Y,1.5998456597259487
2023-03-08,PEN,Tasa 10Y,1.4592620442330144
2023-03-09,PEN,Tasa 10Y,1.4917822598357182
2023-03-10,PEN,Tasa 10Y,1.5705112010761049
2023-03-13,PEN,Tasa 10Y,1.095405150589332
2023-03-14,PEN,Tasa 10Y,1.182418679443716
2023-03-15,PEN,Tasa 10Y,0.7720845409868069
2023-03-16,PEN,Tasa 10Y,0.8699634907631602
2023-03-17,PEN,Tasa 10Y,0.8243950710222062
2023-03-20,PEN,Tasa 10Y,0.6338456438464176
2023-03-21,PEN,Tasa 10Y,0.639314710145916
2023-03-22,PEN,Tasa 10Y,0.5107525737256638
2023-03-23,PEN,Tasa 10Y,0.477143102728982
2023-03-24,PEN,Tasa 10Y,0.49730094866156727
2023-03-27,PEN,Tasa 10Y,0.5040137013166761
2023-03-28,PEN,Tasa 10Y,0.2966791641154776
2023-03-29,PEN,Tasa 10Y,0.3911569020506482
2023-03-30,PEN,Tasa 10Y,0.3766152741801323
2023-03-31,PEN,Tasa 10Y,0.4887493652872734
2023-04-03,PEN,Tasa 10Y,0.6765101168122449
2023-04-04,PEN,Tasa 10Y,0.5468616763144902
2023-04-05,PEN,Tasa 10Y,0.42440970124205096
2023-04-06,PEN,Tasa 10Y,0.48252170668426536
2023-04-10,PEN,Tasa 10Y,0.6148331808388169
2023-04-11,PEN,Tasa 10Y,0.6682052025543552
2023-04-12,PEN,Tasa 10Y,0.639458935772987
2023-04-13,PEN,Tasa 10Y,0.6782362832595933
2023-04-14,PEN,Tasa 10Y,0.6770443538546028
2023-04-17,PEN,Tasa 10Y,0.6319885139541175
2023-04-18,PEN,Tasa 10Y,0.6102307883513517
2023-04-19,PEN,Tasa 10Y,0.48996644024358627
2023-04-20,PEN,Tasa 10Y,0.37557309137445055
2023-04-21,PEN,Tasa 10Y,0.4635052593754846
2023-04-24,PEN,Tasa 10Y,0.5169422028308259
2023-04-25,PEN,Tasa 10Y,0.7209774171023972
2023-04-26,PEN,Tasa 10Y,0.7562514540753883
2023-04-27,PEN,Tasa 10Y,0.8268681614575352
2023-04-28,PEN,Tasa 10Y,0.9349632063991756
2023-05-02,PEN,Tasa 10Y,0.8243102958659909
2023-05-03,PEN,Tasa 10Y,0.8722300186190176
2023-05-04,PEN,Tasa 10Y,0.8063834581392373
2023-05-05,PEN,Tasa 10Y,0.5425611288955613
2023-05-08,PEN,Tasa 10Y,0.4805129672978651
2023-05-09,PEN,Tasa 10Y,0.3734504982776102
2023-05-10,PEN,Tasa 10Y,0.2687123372869582
2023-05-11,PEN,Tasa 10Y,0.24473592580355355
2023-05-12,PEN,Tasa 10Y,0.1802645763750362
2023-05-15,PEN,Tasa 10Y,0.11206037656852105
2023-05-16,PEN,Tasa 10Y,0.2320300267016186
2023-05-17,PEN,Tasa 10Y,0.1499362573503243
2023-05-18,PEN,Tasa 10Y,0.2782719750204969
2023-05-19,PEN,Tasa 10Y,0.3752104403003313
2023-05-22,PEN,Tasa 10Y,0.4865689415502924
2023-05-23,PEN,Tasa 10Y,0.3720503765869026
2023-05-24,PEN,Tasa 10Y,0.27397149987043473
2023-05-25,PEN,Tasa 10Y,0.1889538115897966
2023-05-26,PEN,Tasa 10Y,0.04142006203653465
2023-05-29,PEN,Tasa 10Y,-0.11290517861980677
2023-05-30,PEN,Tasa 10Y,-0.05998554726929821
2023-05-31,PEN,Tasa 10Y,0.03663627036132693
2023-06-01,PEN,Tasa 10Y,0.16513054012425293
2023-06-02,PEN,Tasa 10Y,0.4066748793633805
2023-06-05,PEN,Tasa 10Y,0.3072555903147504
2023-06-06,PEN,Tasa 10Y,0.3871427429086782
2023-06-07,PEN,Tasa 10Y,0.35948027009841754
2023-06-08,PEN,Tasa 10Y,0.35188345392688064
2023-06-09,PEN,Tasa 10Y,0.41428556349382345
2023-06-12,PEN,Tasa 10Y,0.33744047357820905
2023-06-13,PEN,Tasa 10Y,0.48701958811200025
2023-06-14,PEN,Tasa 10Y,0.39344522013588024
2023-06-15,PEN,Tasa 10Y,0.37926602415041194
2023-06-16,PEN,Tasa 10Y,0.40065708938834294
2023-06-19,PEN,Tasa 10Y,0.22539049604106687
2023-06-20,PEN,Tasa 10Y,0.16193866629488396
2023-06-22,PEN,Tasa 10Y,0.3058186720884435
2023-06-23,PEN,Tasa 10Y,0.26728702669484966
2023-06-27,PEN,Tasa 10Y,0.3166477916370961
2023-06-28,PEN,Tasa 10Y,0.17747492100317405
2023-06-29,PEN,Tasa 10Y,0.09090326278487952
2023-06-30,PEN,Tasa 10Y,0.1743814008869419
2023-07-03,PEN,Tasa 10Y,-0.019973188905264547
2023-07-04,PEN,Tasa 10Y,-0.10571847926588383
2023-07-05,PEN,Tasa 10Y,-0.07941055647837522
2023-07-06,PEN,Tasa 10Y,-0.03178116591389849
2023-07-07,PEN,Tasa 10Y,-0.20965029827966492
2023-07-10,PEN,Tasa 10Y,-0.06354278692811102
2023-07-11,PEN,Tasa 10Y,0.08438054980818188
2023-07-12,PEN,Tasa 10Y,-0.03166635230744977
2023-07-13,PEN,Tasa 10Y,0.11834149515622727
2023-07-14,PEN,Tasa 10Y,-0.04766992545105585
2023-07-17,PEN,Tasa 10Y,0.14420690797843894
2023-07-18,PEN,Tasa 10Y,0.25002057076650136
2023-07-19,PEN,Tasa 10Y,0.1512414770861716
2023-07-20,PEN,Tasa 10Y,0.0016165201648831672
2023-07-21,PEN,Tasa 10Y,0.031869865292516314
2023-07-24,PEN,Tasa 10Y,-0.00822023734381355
2023-07-25,PEN,Tasa 10Y,-0.24905317520520673
2023-07-26,PEN,Tasa 10Y,-0.2141348840825714
2023-07-27,PEN,Tasa 10Y,-0.007827582880041468
2023-07-28,PEN,Tasa 10Y,-0.19326865359039844
2023-07-31,PEN,Tasa 10Y,-0.046604346393316246
2023-08-01,PEN,Tasa 10Y,-0.033387784432996954
2023-08-02,PEN,Tasa 10Y,-0.004800923936266723
2023-08-03,PEN,Tasa 10Y,0.09266362709550106
2023-08-04,PEN,Tasa 10Y,0.0945169372922926
2023-08-07,PEN,Tasa 10Y,0.06481014678311801
2023-08-08,PEN,Tasa 10Y,0.017721766932614312
2023-08-09,PEN,Tasa 10Y,0.15805528097890123
2023-08-10,PEN,Tasa 10Y,-0.1078664739042972
2023-08-11,PEN,Tasa 10Y,-0.3913795121725868
2023-08-14,PEN,Tasa 10Y,-0.5103086254138617
2023-08-16,PEN,Tasa 10Y,-0.549377779754842
2023-08-17,PEN,Tasa 10Y,-0.4474915308635722
2023-08-18,PEN,Tasa 10Y,-0.23814610206341183
2023-08-21,PEN,Tasa 10Y,0.055040783816749504
2023-08-22,PEN,Tasa 10Y,0.02747732958406098
2023-08-23,PEN,Tasa 10Y,0.277819177719975
2023-08-24,PEN,Tasa 10Y,-0.09786245341975895
2023-08-25,PEN,Tasa 10Y,-0.15171901039494362
2023-08-28,PEN,Tasa 10Y,-0.13616442969121578
2023-08-29,PEN,Tasa 10Y,0.10616697388502629
2023-08-30,PEN,Tasa 10Y,-0.0439186032451287
2023-08-31,PEN,Tasa 10Y,-0.05825961892146241
2023-09-01,PEN,Tasa 10Y,-0.167509736694214
2023-09-04,PEN,Tasa 10Y,-0.10934094302606656
2023-09-05,PEN,Tasa 10Y,-0.35206724109560783
2023-09-06,PEN,Tasa 10Y,-0.34511304036955276
2023-09-07,PEN,Tasa 10Y,-0.16421758757602115
2023-09-08,PEN,Tasa 10Y,-0.34126403662774074
2023-09-11,PEN,Tasa 10Y,-0.7251973075019009
2023-09-12,PEN,Tasa 10Y,-0.7040539110422925
2023-09-13,PEN,Tasa 10Y,-0.6564367382693813
2023-09-14,PEN,Tasa 10Y,-0.6689510032457443
2023-09-15,PEN,Tasa 10Y,-0.7678377434436029
2023-09-20,PEN,Tasa 10Y,-0.40096998866802336
2023-09-21,PEN,Tasa 10Y,-0.468446349635499
2023-09-22,PEN,Tasa 10Y,-0.3026187165788054
2023-09-25,PEN,Tasa 10Y,-0.34670808314984364
2023-09-26,PEN,Tasa 10Y,-0.055536268994460514
2023-09-27,PEN,Tasa 10Y,-0.07637849697836484
2023-09-28,PEN,Tasa 10Y,0.18163995201007402
2023-09-29,PEN,Tasa 10Y,0.13849780965486874
2023-10-02,PEN,Tasa 10Y,-0.4932101284127449
2023-10-03,PEN,Tasa 10Y,-0.559709941386133
2023-10-04,PEN,Tasa 10Y,-0.4402956374873773
2023-10-05,PEN,Tasa 10Y,-0.136355427041666
2023-10-06,PEN,Tasa 10Y,-0.23868754799623093
2023-10-10,PEN,Tasa 10Y,-0.14295495932560198
2023-10-11,PEN,Tasa 10Y,0.15236435625987155
2023-10-12,PEN,Tasa 10Y,-0.04806114116077268
2023-10-13,PEN,Tasa 10Y,0.32539509632550534
2023-10-16,PEN,Tasa 10Y,0.2739883904318692
2023-10-17,PEN,Tasa 10Y,0.04638465741634391
2023-10-18,PEN,Tasa 10Y,-0.015018207355819163
2023-10-19,PEN,Tasa 10Y,-0.2554158948744298
2023-10-20,PEN,Tasa 10Y,-0.08838751605172802
2023-10-23,PEN,Tasa 10Y,-0.029119092901508933
2023-10-24,PEN,Tasa 10Y,0.09688769027826234
2023-10-25,PEN,Tasa 10Y,-0.2647870365305513
2023-10-26,PEN,Tasa 10Y,-0.1371954965207425
2023-10-30,PEN,Tasa 10Y,0.01220935688345482
2023-10-31,PEN,Tasa 10Y,-0.3861408911014514
2023-11-02,PEN,Tasa 10Y,-0.27050239166585477
2023-11-03,PEN,Tasa 10Y,-0.40404649314001134
2023-11-06,PEN,Tasa 10Y,-0.775821306304771
2023-11-07,PEN,Tasa 10Y,-0.8068709977441282
2023-11-08,PEN,Tasa 10Y,-0.6247738649622038
2023-11-09,PEN,Tasa 10Y,-0.9157698615728808
2023-11-10,PEN,Tasa 10Y,-1.0822861391064682
2023-11-13,PEN,Tasa 10Y,-0.9165593434784938
2023-11-14,PEN,Tasa 10Y,-0.3778798726890052
2023-11-15,PEN,Tasa 10Y,-0.7680505951980626
2023-11-16,PEN,Tasa 10Y,-0.5956153517595073
2023-11-17,PEN,Tasa 10Y,-0.5940214466575839
2023-11-20,PEN,Tasa 10Y,-0.5264364928213717
2023-11-21,PEN,Tasa 10Y,-0.4499036563963159
2023-11-22,PEN,Tasa 10Y,-0.4750900296272303
2023-11-23,PEN,Tasa 10Y,-0.3221429239314062
2023-11-24,PEN,Tasa 10Y,-0.4431336398844861
2023-11-27,PEN,Tasa 10Y,-0.15768096582666347
2023-11-28,PEN,Tasa 10Y,0.25483935809038966
2023-11-29,PEN,Tasa 10Y,0.4375467883814944
2023-11-30,PEN,Tasa 10Y,0.24682654442004046
2023-12-01,PEN,Tasa 10Y,0.28071036317268605
2023-12-04,PEN,Tasa 10Y,0.11543722190638536
2023-12-05,PEN,Tasa 10Y,0.08738578630469704
2023-12-06,PEN,Tasa 10Y,0.12296115902845706
2023-12-07,PEN,Tasa 10Y,-0.08546504140263628
2023-12-11,PEN,Tasa 10Y,-0.15754667780387238
2023-12-12,PEN,Tasa 10Y,-0.27342282338235957
2023-12-13,PEN,Tasa 10Y,0.32263920516736955
2023-12-14,PEN,Tasa 10Y,-0.1596878842624739
2023-12-15,PEN,Tasa 10Y,-0.05507217451482145
2023-12-18,PEN,Tasa 10Y,0.09250356270155516
2023-12-19,PEN,Tasa 10Y,-0.02358960669019529
2023-12-20,PEN,Tasa 10Y,0.25580281717669345
2023-12-21,PEN,Tasa 10Y,0.2999347955673624
2023-12-22,PEN,Tasa 10Y,0.2723913973151878
2023-12-26,PEN,Tasa 10Y,-0.02968948720947048
2023-12-27,PEN,Tasa 10Y,0.25240716765919136
2023-12-28,PEN,Tasa 10Y,0.13033544545748513
2023-12-29,PEN,Tasa 10Y,-0.03650372760878134
2024-01-02,PEN,Tasa 10Y,-0.642210755766099
2024-01-03,PEN,Tasa 10Y,-0.43035979034354793
2024-01-04,PEN,Tasa 10Y,-0.36169146971135363
2024-01-05,PEN,Tasa 10Y,-0.5220076961304632
2024-01-08,PEN,Tasa 10Y,-0.5428022817784836
2024-01-09,PEN,Tasa 10Y,-0.3738396558796167
2024-01-10,PEN,Tasa 10Y,-0.5456570650114013
2024-01-11,PEN,Tasa 10Y,-0.4517460594312813
2024-01-12,PEN,Tasa 10Y,-0.7965094482991748
2024-01-15,PEN,Tasa 10Y,-0.5159688051828916
2024-01-16,PEN,Tasa 10Y,-0.7756692034574159
2024-01-17,PEN,Tasa 10Y,-0.7380968209180869
2024-01-18,PEN,Tasa 10Y,-0.8144903140032504
2024-01-19,PEN,Tasa 10Y,-1.0352954947490582
2024-01-22,PEN,Tasa 10Y,-1.0389751260733566
2024-01-23,PEN,Tasa 10Y,-1.07458087185119
2024-01-24,PEN,Tasa 10Y,-1.0309044496697408
2024-01-25,PEN,Tasa 10Y,-0.7909899334529823
2024-01-26,PEN,Tasa 10Y,-0.6000078408258469
2024-01-29,PEN,Tasa 10Y,-0.4876852814250186
2024-01-30,PEN,Tasa 10Y,-0.3747935739430571
2024-01-31,PEN,Tasa 10Y,-0.4127812601770044
2024-02-01,PEN,Tasa 10Y,-0.4883057061384298
2024-02-02,PEN,Tasa 10Y,-0.5808178885837935
2024-02-05,PEN,Tasa 10Y,-0.6547159285516952
2024-02-06,PEN,Tasa 10Y,-0.5048157609341695
2024-02-07,PEN,Tasa 10Y,-0.49497388345469023
2024-02-08,PEN,Tasa 10Y,-0.6408781049676371
2024-02-09,PEN,Tasa 10Y,-0.6830380149351647
2024-02-12,PEN,Tasa 10Y,-0.5258061951763999
2024-02-13,PEN,Tasa 10Y,-0.4753454649347998
2024-02-14,PEN,Tasa 10Y,-0.506108166527698
2024-02-15,PEN,Tasa 10Y,-0.3297585057394301
2024-02-16,PEN,Tasa 10Y,-0.4320521105051405
2024-02-19,PEN,Tasa 10Y,-0.42185274749900725
2024-02-20,PEN,Tasa 10Y,-0.38737045395139763
2024-02-21,PEN,Tasa 10Y,-0.3928366449535254
2024-02-22,PEN,Tasa 10Y,-0.3860443986311058
2024-02-23,PEN,Tasa 10Y,-0.29217314002188177
2024-02-26,PEN,Tasa 10Y,0.01227311070243028
2024-02-27,PEN,Tasa 10Y,0.08609357592032126
2024-02-28,PEN,Tasa 10Y,0.007756698223644425
2024-02-29,PEN,Tasa 10Y,0.044874182782428586
2024-03-01,PEN,Tasa 10Y,0.031423441935330775
2024-03-04,PEN,Tasa 10Y,0.11295021869337883
2024-03-05,PEN,Tasa 10Y,0.2266387712073599
2024-03-06,PEN,Tasa 10Y,0.41261177847196434
2024-03-07,PEN,Tasa 10Y,0.30055631892954837
2024-03-08,PEN,Tasa 10Y,0.39868315601138576
2024-03-11,PEN,Tasa 10Y,0.5938408824178444
2024-03-12,PEN,Tasa 10Y,0.5764223836640445
2024-03-13,PEN,Tasa 10Y,0.5710248738015354
2024-03-14,PEN,Tasa 10Y,0.5356373098270433
2024-03-15,PEN,Tasa 10Y,0.3598292766544661
2024-03-18,PEN,Tasa 10Y,0.3587537765879739
2024-03-19,PEN,Tasa 10Y,0.27077730920729665
2024-03-20,PEN,Tasa 10Y,0.4284399481531602
2024-03-21,PEN,Tasa 10Y,0.6217224267566847
2024-03-22,PEN,Tasa 10Y,0.5437170336499361
2024-03-25,PEN,Tasa 10Y,0.5439235837193493
2024-03-26,PEN,Tasa 10Y,1.155256171172738
2024-03-27,PEN,Tasa 10Y,1.2487467564359516
2024-03-28,PEN,Tasa 10Y,1.4251718678459038
2024-04-01,PEN,Tasa 10Y,1.5771785014751256
2024-04-02,PEN,Tasa 10Y,1.3287448488107958
2024-04-03,PEN,Tasa 10Y,1.297521604722953
2024-04-04,PEN,Tasa 10Y,0.7282497307176269
2024-04-05,PEN,Tasa 10Y,0.7970978877630465
2024-04-08,PEN,Tasa 10Y,0.8319073853040103
2024-04-09,PEN,Tasa 10Y,1.050192226167424
2024-04-10,PEN,Tasa 10Y,1.083757512986308
2024-04-11,PEN,Tasa 10Y,1.0746003071529393
2024-04-12,PEN,Tasa 10Y,1.162288156104699
2024-04-15,PEN,Tasa 10Y,0.9032606119092607
2024-04-16,PEN,Tasa 10Y,0.6280430724758829
2024-04-17,PEN,Tasa 10Y,0.9241654249358399
2024-04-18,PEN,Tasa 10Y,0.9395255754053521
2024-04-19,PEN,Tasa 10Y,0.8155601254858759
2024-04-22,PEN,Tasa 10Y,0.6865364103706317
2024-04-23,PEN,Tasa 10Y,0.37121894895227947
2024-04-24,PEN,Tasa 10Y,0.3826212362987277
2024-04-25,PEN,Tasa 10Y,0.282042822098869
2024-04-26,PEN,Tasa 10Y,0.30968034761796065
2024-04-29,PEN,Tasa 10Y,0.3020344724000796
2024-04-30,PEN,Tasa 10Y,0.055104796757455284
2024-05-02,PEN,Tasa 10Y,0.09617664876741129
2024-05-03,PEN,Tasa 10Y,0.07084122857415479
2024-05-06,PEN,Tasa 10Y,0.11008946109403339
2024-05-07,PEN,Tasa 10Y,0.023580322792232277
2024-05-08,PEN,Tasa 10Y,0.27814092783900674
2024-05-09,PEN,Tasa 10Y,0.34786760504815945
2024-05-10,PEN,Tasa 10Y,0.22547978623093964
2024-05-13,PEN,Tasa 10Y,0.3061253555934079
2024-05-14,PEN,Tasa 10Y,0.17579960822577387
2024-05-15,PEN,Tasa 10Y,0.2707862347823651
2024-05-16,PEN,Tasa 10Y,0.28678211756710376
2024-05-17,PEN,Tasa 10Y,0.16917555340440643
2024-05-20,PEN,Tasa 10Y,0.21052339806054324
2024-05-22,PEN,Tasa 10Y,0.034091104910417655
2024-05-23,PEN,Tasa 10Y,0.020283488592939332
2024-05-24,PEN,Tasa 10Y,-0.11529726186442703
2024-05-27,PEN,Tasa 10Y,-0.24778021134361514
2024-05-28,PEN,Tasa 10Y,-0.5502783355457104
2024-05-29,PEN,Tasa 10Y,-0.1571770270303561
2024-05-30,PEN,Tasa 10Y,0.003752550487995827
2024-05-31,PEN,Tasa 10Y,-0.1364813813941807
2024-06-03,PEN,Tasa 10Y,-0.11601878449280241
2024-06-04,PEN,Tasa 10Y,-0.15960520706376696
2024-06-05,PEN,Tasa 10Y,-0.023404842218468547
2024-06-06,PEN,Tasa 10Y,-0.12734439850638218
2024-06-07,PEN,Tasa 10Y,-0.1775083276413227
2024-06-10,PEN,Tasa 10Y,-0.20058649613296803
2024-06-11,PEN,Tasa 10Y,-0.2904526589462376
2024-06-12,PEN,Tasa 10Y,-0.12555903578130914
2024-06-13,PEN,Tasa 10Y,-0.09024408388496478
2024-06-14,PEN,Tasa 10Y,-0.09816341597577227
2024-06-17,PEN,Tasa 10Y,0.037666764800971086
2024-06-18,PEN,Tasa 10Y,0.27831668171666357
2024-06-19,PEN,Tasa 10Y,0.29126255048148936
2024-06-21,PEN,Tasa 10Y,0.38441326307442925
2024-06-24,PEN,Tasa 10Y,0.41542095061086926
2024-06-25,PEN,Tasa 10Y,0.43070430100588525
2024-06-26,PEN,Tasa 10Y,0.35009629537968256
2024-06-27,PEN,Tasa 10Y,0.3497726975830389
2024-06-28,PEN,Tasa 10Y,0.11425590227813447
2024-07-01,PEN,Tasa 10Y,-0.047538910908056016
2024-07-02,PEN,Tasa 10Y,-0.07819858165035955
2024-07-03,PEN,Tasa 10Y,-0.04383725207546133
2024-07-04,PEN,Tasa 10Y,-0.04123500363260381
2024-07-05,PEN,Tasa 10Y,0.07412266603446632
2024-07-08,PEN,Tasa 10Y,0.20688107651563886
2024-07-09,PEN,Tasa 10Y,0.09927199685884944
2024-07-10,PEN,Tasa 10Y,0.14369955589192143
2024-07-11,PEN,Tasa 10Y,0.40157753303834925
2024-07-12,PEN,Tasa 10Y,0.09450011706097376
2024-07-15,PEN,Tasa 10Y,0.04142212174504533
2024-07-17,PEN,Tasa 10Y,0.015748415303189343
2024-07-18,PEN,Tasa 10Y,0.07607257454775929
2024-07-19,PEN,Tasa 10Y,0.17772478135351605
2024-07-22,PEN,Tasa 10Y,0.06590219269769813
2024-07-23,PEN,Tasa 10Y,0.14596721763484022
2024-07-24,PEN,Tasa 10Y,0.2828615237818247
2024-07-25,PEN,Tasa 10Y,0.24504454576618762
2024-07-26,PEN,Tasa 10Y,0.17521781010627696
2024-07-29,PEN,Tasa 10Y,0.2120514246233244
2024-07-30,PEN,Tasa 10Y,0.18355521048282225
2024-07-31,PEN,Tasa 10Y,0.13435462166447598
2024-08-01,PEN,Tasa 10Y,-0.0428878605007912
2024-08-02,PEN,Tasa 10Y,-0.2613382043184961
2024-08-05,PEN,Tasa 10Y,-0.44634431392351076
2024-08-06,PEN,Tasa 10Y,-0.41567165826096203
2024-08-07,PEN,Tasa 10Y,-0.3079090857224215
2024-08-08,PEN,Tasa 10Y,-0.5035326282961907
2024-08-09,PEN,Tasa 10Y,-0.5951903326324492
2024-08-12,PEN,Tasa 10Y,-0.6854850633001708
2024-08-13,PEN,Tasa 10Y,-0.6630052012709879
2024-08-14,PEN,Tasa 10Y,-0.6024516469100568
2024-08-16,PEN,Tasa 10Y,-0.505458024189046
2024-08-19,PEN,Tasa 10Y,-0.42863750982100735
2024-08-20,PEN,Tasa 10Y,-0.336622206136683
2024-08-21,PEN,Tasa 10Y,-0.19890713344226857
2024-08-22,PEN,Tasa 10Y,-0.1779360147912531
2024-08-23,PEN,Tasa 10Y,-0.24581793009128922
2024-08-26,PEN,Tasa 10Y,-0.13156089027069398
2024-08-27,PEN,Tasa 10Y,-0.18607694132768335
2024-08-28,PEN,Tasa 10Y,-0.20355566164548766
2024-08-29,PEN,Tasa 10Y,-0.425832439398188
2024-08-30,PEN,Tasa 10Y,-0.2598270059119932
2024-09-02,PEN,Tasa 10Y,-0.235433780668357
2024-09-03,PEN,Tasa 10Y,-0.2738721615474265
2024-09-04,PEN,Tasa 10Y,-0.17941800169003538
2024-09-05,PEN,Tasa 10Y,-0.3476379110611588
2024-09-06,PEN,Tasa 10Y,-0.2944121047521341
2024-09-09,PEN,Tasa 10Y,-0.48848378432800743
2024-09-10,PEN,Tasa 10Y,-0.46805106303935373
2024-09-11,PEN,Tasa 10Y,-0.6410695388809521
2024-09-12,PEN,Tasa 10Y,-0.4955372395803281
2024-09-13,PEN,Tasa 10Y,-0.4725474550077296
2024-09-16,PEN,Tasa 10Y,-0.4607766201377018
2024-09-17,PEN,Tasa 10Y,-0.4134698032433751
2024-09-23,PEN,Tasa 10Y,-0.7046900125123324
2024-09-24,PEN,Tasa 10Y,-0.6749821200633868
2024-09-25,PEN,Tasa 10Y,-0.51578131280323
2024-09-26,PEN,Tasa 10Y,-0.6055212540295489
2024-09-27,PEN,Tasa 10Y,-0.535298528017857
2024-09-30,PEN,Tasa 10Y,-0.5636099741106215
2024-10-01,PEN,Tasa 10Y,-0.459664075592194
2024-10-02,PEN,Tasa 10Y,-0.4377349826551563
2024-10-03,PEN,Tasa 10Y,-0.26105911302010537
2024-10-04,PEN,Tasa 10Y,-0.2682124986949735
2024-10-07,PEN,Tasa 10Y,-0.1771703403877444
2024-10-08,PEN,Tasa 10Y,-0.2717848398464192
2024-10-09,PEN,Tasa 10Y,-0.26217746399409847
2024-10-10,PEN,Tasa 10Y,-0.48725222707883226
2024-10-11,PEN,Tasa 10Y,-0.5622988061598168
2024-10-14,PEN,Tasa 10Y,-0.6905677103434679
2024-10-15,PEN,Tasa 10Y,-0.6670378960090683
2024-10-16,PEN,Tasa 10Y,-0.6071733298999282
2024-10-17,PEN,Tasa 10Y,-0.5555973802913499
2024-10-18,PEN,Tasa 10Y,-0.5857004507358411
2024-10-21,PEN,Tasa 10Y,-0.7077130537568748
2024-10-22,PEN,Tasa 10Y,-0.527850870123412
2024-10-23,PEN,Tasa 10Y,-0.5387341498244309
2024-10-24,PEN,Tasa 10Y,-0.5150382793381966
2024-10-25,PEN,Tasa 10Y,-0.34026033945301704
2024-10-28,PEN,Tasa 10Y,-0.28269988876847657
2024-10-29,PEN,Tasa 10Y,-0.16297198479673514
2024-10-30,PEN,Tasa 10Y,-0.0708954412717408
2024-11-04,PEN,Tasa 10Y,-0.31414909033282157
2024-11-05,PEN,Tasa 10Y,-0.4371596327038262
2024-11-06,PEN,Tasa 10Y,-0.6223044230932376
2024-11-07,PEN,Tasa 10Y,-0.3056865927500498
2024-11-08,PEN,Tasa 10Y,-0.3921823788577841
2024-11-11,PEN,Tasa 10Y,-0.4697519702712764
2024-11-12,PEN,Tasa 10Y,-0.6293388225311962
2024-11-13,PEN,Tasa 10Y,-0.6263324264961345
2024-11-14,PEN,Tasa 10Y,-0.6367448914573364
2024-11-15,PEN,Tasa 10Y,-0.8454029744966433
2024-11-18,PEN,Tasa 10Y,-0.9847262075013604
2024-11-19,PEN,Tasa 10Y,-0.5634395707631531
2024-11-20,PEN,Tasa 10Y,-0.59888490582669
2024-11-21,PEN,Tasa 10Y,-0.5815342409669698
2024-11-22,PEN,Tasa 10Y,-0.7623279005072575
2024-11-25,PEN,Tasa 10Y,-0.8328624045600928
2024-11-26,PEN,Tasa 10Y,-0.9848762292007747
2024-11-27,PEN,Tasa 10Y,-0.92446401970145
2024-11-28,PEN,Tasa 10Y,-0.9044417297278673
2024-11-29,PEN,Tasa 10Y,-0.9142018358982289
2024-12-02,PEN,Tasa 10Y,-0.9258093890164232
2024-12-03,PEN,Tasa 10Y,-0.7375278500096215
2024-12-04,PEN,Tasa 10Y,-0.8223354139704455
2024-12-05,PEN,Tasa 10Y,-0.7312833231705218
2024-12-06,PEN,Tasa 10Y,-0.6493941362676482
2024-12-09,PEN,Tasa 10Y,-0.5423123686146499
2024-12-10,PEN,Tasa 10Y,-0.5707556392296661
2024-12-11,PEN,Tasa 10Y,-0.5806587211457158
2024-12-12,PEN,Tasa 10Y,-0.6102698217820721
2024-12-13,PEN,Tasa 10Y,-0.7975230161959509
2024-12-16,PEN,Tasa 10Y,-0.9480679270978483
2024-12-17,PEN,Tasa 10Y,-0.7459722588213659
2024-12-18,PEN,Tasa 10Y,-0.49029277994196535
2024-12-19,PEN,Tasa 10Y,-0.886246286601518
2024-12-20,PEN,Tasa 10Y,-0.7563151222107649
2024-12-23,PEN,Tasa 10Y,-0.7876874486389231
2024-12-24,PEN,Tasa 10Y,-0.9230798977633363
2024-12-26,PEN,Tasa 10Y,-1.0220533388546953
2024-12-27,PEN,Tasa 10Y,-0.8762743317517875
2024-12-30,PEN,Tasa 10Y,-1.1724124373735372
2025-01-02,PEN,Tasa 10Y,-1.1827368500353408
2025-01-03,PEN,Tasa 10Y,-1.0836149621815288
2025-01-06,PEN,Tasa 10Y,-1.01513753182777
2025-01-07,PEN,Tasa 10Y,-1.007732855132583
2025-01-08,PEN,Tasa 10Y,-1.3033056819087256
2025-01-09,PEN,Tasa 10Y,-1.1530245335514886
2025-01-10,PEN,Tasa 10Y,-1.2533348339665107
2025-01-13,PEN,Tasa 10Y,-1.2814304179102405
2025-01-14,PEN,Tasa 10Y,-1.2470815112147438
2025-01-15,PEN,Tasa 10Y,-1.1306629174680496
2025-01-16,PEN,Tasa 10Y,-1.2706604140349065
2025-01-17,PEN,Tasa 10Y,-1.2196220854036748
2025-01-20,PEN,Tasa 10Y,-1.218488558508402
2025-01-21,PEN,Tasa 10Y,-1.1087911415856206
2025-01-22,PEN,Tasa 10Y,-1.0218316935342031
2025-01-23,PEN,Tasa 10Y,-1.0137088209423588
2025-01-24,PEN,Tasa 10Y,-0.9905110389536161
2025-01-27,PEN,Tasa 10Y,-0.8925610073377199
2025-01-28,PEN,Tasa 10Y,-1.0034304663868754
2025-01-29,PEN,Tasa 10Y,-1.053381678963861
2025-01-30,PEN,Tasa 10Y,-1.0578105785856262
2025-01-31,PEN,Tasa 10Y,-1.0978569313856483
2025-02-03,PEN,Tasa 10Y,-1.1914578073328468
2025-02-04,PEN,Tasa 10Y,-1.1584758999596734
2025-02-05,PEN,Tasa 10Y,-1.0654980523427828
2025-02-06,PEN,Tasa 10Y,-0.9947929556226783
2025-02-07,PEN,Tasa 10Y,-1.3198592810985923
2025-02-10,PEN,Tasa 10Y,-1.5158850407498552
2025-02-11,PEN,Tasa 10Y,-1.4947323047581196
2025-02-12,PEN,Tasa 10Y,-1.5152261094336608
2025-02-13,PEN,Tasa 10Y,-1.4817093962540646
2025-02-14,PEN,Tasa 10Y,-1.2619419452213696
2025-02-17,PEN,Tasa 10Y,-1.2421728459326655
2025-02-18,PEN,Tasa 10Y,-1.2357527874208392
2025-02-19,PEN,Tasa 10Y,-1.3332450595941896
2025-02-20,PEN,Tasa 10Y,-1.346170576138074
2025-02-21,PEN,Tasa 10Y,-1.2870437408041135
2025-02-24,PEN,Tasa 10Y,-1.3110215303393216
2025-02-25,PEN,Tasa 10Y,-1.280413717593357
2025-02-26,PEN,Tasa 10Y,-1.2686002475180147
2025-02-27,PEN,Tasa 10Y,-1.2272095707483908
2025-02-28,PEN,Tasa 10Y,-1.2589427893957192
2025-03-03,PEN,Tasa 10Y,-1.0826438826394533
2025-03-04,PEN,Tasa 10Y,-0.9493232724633939
2025-03-05,PEN,Tasa 10Y,-0.7683610006506363
2025-03-06,PEN,Tasa 10Y,-0.8849585833718249
2025-03-07,PEN,Tasa 10Y,-0.8466233924083482
2025-03-10,PEN,Tasa 10Y,-0.7147878839066624
2025-03-11,PEN,Tasa 10Y,-0.8568806474228031
2025-03-12,PEN,Tasa 10Y,-0.9238327597428654
2025-03-13,PEN,Tasa 10Y,-1.2747148463455675
2025-03-14,PEN,Tasa 10Y,-1.2741013239766377
2025-03-17,PEN,Tasa 10Y,-1.5028944661081582
2025-03-18,PEN,Tasa 10Y,-1.4121494179836322
2025-03-19,PEN,Tasa 10Y,-1.2274640722778765
2025-03-20,PEN,Tasa 10Y,-1.130426787353141
2025-03-21,PEN,Tasa 10Y,-1.1328077026488628
2025-03-24,PEN,Tasa 10Y,-1.0629709046777784
2025-03-25,PEN,Tasa 10Y,-1.0593245678387122
2025-03-26,PEN,Tasa 10Y,-0.9841637012611221
2025-03-27,PEN,Tasa 10Y,-1.0368653110383197
2025-03-28,PEN,Tasa 10Y,-0.7297836187191817
2025-03-31,PEN,Tasa 10Y,-0.7438293848198484
2025-04-01,PEN,Tasa 10Y,-0.6108719423767166
2025-04-02,PEN,Tasa 10Y,-0.6057640198203339
2025-04-03,PEN,Tasa 10Y,-0.4987112301707054
2025-04-04,PEN,Tasa 10Y,-1.0459000904006617
2025-04-07,PEN,Tasa 10Y,-1.2620376477453696
2025-04-08,PEN,Tasa 10Y,-1.2639970913158076
2025-04-09,PEN,Tasa 10Y,-1.1831650488562047
2025-04-10,PEN,Tasa 10Y,-0.9766257687882781
2025-04-11,PEN,Tasa 10Y,-1.2205948338154557
2025-04-14,PEN,Tasa 10Y,-1.022992691053358
2025-04-15,PEN,Tasa 10Y,-1.1275122263660955
2025-04-16,PEN,Tasa 10Y,-1.2197794594332911
2025-04-17,PEN,Tasa 10Y,-1.0812518618997258
2025-04-21,PEN,Tasa 10Y,-1.0150341457452448
2025-04-22,PEN,Tasa 10Y,-0.7878132449218147
2025-04-23,PEN,Tasa 10Y,-0.640859047164743
2025-04-24,PEN,Tasa 10Y,-0.7008775201115565
2025-04-25,PEN,Tasa 10Y,-0.6076071631253614
2025-04-28,PEN,Tasa 10Y,-0.7105435216670838
2025-04-29,PEN,Tasa 10Y,-0.8135103458186023
2025-04-30,PEN,Tasa 10Y,-0.877260012094952
2025-05-02,PEN,Tasa 10Y,-0.7363421925371241
2025-05-05,PEN,Tasa 10Y,-0.7759759117458473
2025-05-06,PEN,Tasa 10Y,-0.6772046461287221
2025-05-07,PEN,Tasa 10Y,-0.8170184002818753
2025-05-08,PEN,Tasa 10Y,-0.763543272121284
2025-05-09,PEN,Tasa 10Y,-0.8345233417867003
2025-05-12,PEN,Tasa 10Y,-1.1803609109567077
2025-05-13,PEN,Tasa 10Y,-1.1679999769919711
2025-05-14,PEN,Tasa 10Y,-1.144612308601081
2025-05-15,PEN,Tasa 10Y,-1.0594244939794575
2025-05-16,PEN,Tasa 10Y,-1.2197342998616458
2025-05-19,PEN,Tasa 10Y,-0.9309719920711782
2025-05-20,PEN,Tasa 10Y,-0.9197300888456373
2025-05-22,PEN,Tasa 10Y,-0.74311597820247
2025-05-23,PEN,Tasa 10Y,-0.6286089131709344
2025-05-26,PEN,Tasa 10Y,-0.6208652358022239
2025-05-27,PEN,Tasa 10Y,-0.6887820806207763
2025-05-28,PEN,Tasa 10Y,-0.8689385397710548
2025-05-29,PEN,Tasa 10Y,-0.7761999140708821
2025-05-30,PEN,Tasa 10Y,-0.9051386032508588
2025-06-02,PEN,Tasa 10Y,-0.807766358084874
2025-06-03,PEN,Tasa 10Y,-0.7500667807977293
2025-06-04,PEN,Tasa 10Y,-0.9095571868864725
2025-06-05,PEN,Tasa 10Y,-0.8453659708813206
2025-06-06,PEN,Tasa 10Y,-0.5425880331238829
2025-06-09,PEN,Tasa 10Y,-0.29169663183265404
2025-06-10,PEN,Tasa 10Y,0.04125821914418773
2025-06-11,PEN,Tasa 10Y,0.08346189053261978
2025-06-12,PEN,Tasa 10Y,-0.11368368332499389
2025-06-13,PEN,Tasa 10Y,0.04473365985632042
2025-06-16,PEN,Tasa 10Y,0.09059083038463966
2025-06-17,PEN,Tasa 10Y,0.08504902704256417
2025-06-18,PEN,Tasa 10Y,-0.17742872065735207
2025-06-19,PEN,Tasa 10Y,-0.26027783268312465
2025-06-23,PEN,Tasa 10Y,-0.49556963895293726
2025-06-24,PEN,Tasa 10Y,-0.5142198581742717
2025-06-25,PEN,Tasa 10Y,-0.6506838389126044
2025-06-26,PEN,Tasa 10Y,-0.666248377604869
2025-06-27,PEN,Tasa 10Y,-0.536592957801637
2025-06-30,PEN,Tasa 10Y,-0.56098990665112
2025-07-01,PEN,Tasa 10Y,-0.3738285774475993
2025-07-02,PEN,Tasa 10Y,-0.49175775076855877
2025-07-03,PEN,Tasa 10Y,-0.41653459554443156
2025-07-04,PEN,Tasa 10Y,-0.36099746613263944
2025-07-07,PEN,Tasa 10Y,-0.33666006475019683
2025-07-08,PEN,Tasa 10Y,-0.4987453053975705
2025-07-09,PEN,Tasa 10Y,-0.33624495126965115
2025-07-10,PEN,Tasa 10Y,-0.3370371080612677
2025-07-11,PEN,Tasa 10Y,-0.11592002120038077
2025-07-14,PEN,Tasa 10Y,-0.17923400339684556
2025-07-15,PEN,Tasa 10Y,-0.02680731655820327
2025-07-17,PEN,Tasa 10Y,-0.08369268865398528
2025-07-18,PEN,Tasa 10Y,0.029370703724756562
2025-07-21,PEN,Tasa 10Y,0.16173996391333442
2025-07-22,PEN,Tasa 10Y,8.517898576755657e-4
2025-07-23,PEN,Tasa 10Y,-0.03439854480731304
2025-07-24,PEN,Tasa 10Y,-0.046375744531077255
2025-07-25,PEN,Tasa 10Y,-0.23209465671699905
2025-07-28,PEN,Tasa 10Y,-0.2921529061086941
2025-07-29,PEN,Tasa 10Y,-0.2677106690469235
2025-07-30,PEN,Tasa 10Y,-0.3692670044254851
2025-07-31,PEN,Tasa 10Y,-0.20655466419084012
2025-08-01,PEN,Tasa 10Y,-0.09677631164032814
2025-08-04,PEN,Tasa 10Y,-0.18156985310960175
2025-08-05,PEN,Tasa 10Y,-0.2993888333318374
2025-08-06,PEN,Tasa 10Y,-0.08329368556239253
2025-08-07,PEN,Tasa 10Y,-0.3374993285283938
2025-08-08,PEN,Tasa 10Y,-0.3012708262849603
2025-08-11,PEN,Tasa 10Y,-0.3275450128193405
2025-08-12,PEN,Tasa 10Y,-0.4232014247245286
2025-08-13,PEN,Tasa 10Y,-0.36792185353731155
2025-08-14,PEN,Tasa 10Y,-0.30189077889617333
2025-08-18,PEN,Tasa 10Y,-0.048101419554798304
2025-08-19,PEN,Tasa 10Y,0.010149102042216284
2025-08-20,PEN,Tasa 10Y,-0.026296276803004868
2025-08-21,PEN,Tasa 10Y,-0.09530036677256572
2025-08-22,PEN,Tasa 10Y,-0.20957726042908587
2025-08-25,PEN,Tasa 10Y,-0.10108601568692267
2025-08-26,PEN,Tasa 10Y,-0.13797283216080516
2025-08-27,PEN,Tasa 10Y,-0.2651749961035199
2025-08-28,PEN,Tasa 10Y,-0.20653496606584917
2025-08-29,PEN,Tasa 10Y,-0.08525412019584762
2025-09-01,PEN,Tasa 10Y,-0.07069731436237041
2025-09-02,PEN,Tasa 10Y,-0.21525475558970691
2025-09-03,PEN,Tasa 10Y,-0.22596315633826553
2025-09-04,PEN,Tasa 10Y,-0.2147898963747905
2025-09-05,PEN,Tasa 10Y,-0.325688416899302
2025-09-08,PEN,Tasa 10Y,-0.26322431929985796
2025-09-09,PEN,Tasa 10Y,-0.26343476692433676
2025-09-10,PEN,Tasa 10Y,-0.1603592250698019
2025-09-11,PEN,Tasa 10Y,-0.09319158056349099
2025-09-12,PEN,Tasa 10Y,-0.06360424607753071
2025-09-15,PEN,Tasa 10Y,0.2659949487087211
2025-09-16,PEN,Tasa 10Y,0.4450834205126703
2025-09-17,PEN,Tasa 10Y,0.3575963404047905
2025-09-22,PEN,Tasa 10Y,0.3066235398190799
2025-09-23,PEN,Tasa 10Y,0.340874236771588
2025-09-24,PEN,Tasa 10Y,0.33974953866000257
2025-09-25,PEN,Tasa 10Y,0.29668715332537327
2025-09-26,PEN,Tasa 10Y,0.20610449284067797
2025-09-29,PEN,Tasa 10Y,0.1379775959435169
2025-09-30,PEN,Tasa 10Y,0.11120938291204222
2025-10-01,PEN,Tasa 10Y,0.07571792065206637
2025-10-02,PEN,Tasa 10Y,0.0660178391077835
2025-10-03,PEN,Tasa 10Y,0.17600437769161165
2025-10-06,PEN,Tasa 10Y,0.28051828945990287
2025-10-07,PEN,Tasa 10Y,0.2427126101997067
2025-10-08,PEN,Tasa 10Y,0.24235739934337935
2025-10-09,PEN,Tasa 10Y,0.23983971401061968
2025-10-10,PEN,Tasa 10Y,0.2914836121214867
2025-10-13,PEN,Tasa 10Y,0.21584593023324083
2025-10-14,PEN,Tasa 10Y,0.26069591226129546
2025-10-15,PEN,Tasa 10Y,0.38713798101418495
2025-10-16,PEN,Tasa 10Y,0.44821566934794443
2025-10-17,PEN,Tasa 10Y,0.32995594723468713
2025-10-20,PEN,Tasa 10Y,0.27901774972864496
2025-10-21,PEN,Tasa 10Y,0.4119743772046171
2025-10-22,PEN,Tasa 10Y,0.39494153946536803
2025-10-23,PEN,Tasa 10Y,0.17960510844613398
2025-10-24,PEN,Tasa 10Y,0.16143302654807384
2025-10-27,PEN,Tasa 10Y,0.11217780322518862
2025-10-28,PEN,Tasa 10Y,0.05678033765119953
2025-10-29,PEN,Tasa 10Y,0.17170170583366876
2025-10-30,PEN,Tasa 10Y,-0.022073008687699108
2025-11-03,PEN,Tasa 10Y,-0.07721518329300749
2025-11-04,PEN,Tasa 10Y,-0.10926858605664788
2025-11-05,PEN,Tasa 10Y,-0.1674747073512761
2025-11-06,PEN,Tasa 10Y,-0.20412724288347242
2025-11-07,PEN,Tasa 10Y,-0.2347352388976452
2025-11-10,PEN,Tasa 10Y,-0.09866432383612019
2025-11-11,PEN,Tasa 10Y,-0.12541635933517029
2025-11-12,PEN,Tasa 10Y,-0.09120176433870476
2025-11-13,PEN,Tasa 10Y,0.00624101012173081
2025-11-14,PEN,Tasa 10Y,0.17876663958854777
2025-11-17,PEN,Tasa 10Y,0.09894596842200877
2025-11-18,PEN,Tasa 10Y,0.09025261889081322
2025-11-19,PEN,Tasa 10Y,0.1482560939139853
2025-11-20,PEN,Tasa 10Y,-0.026174552472354763
2025-11-21,PEN,Tasa 10Y,-0.1824248553988599
2025-11-24,PEN,Tasa 10Y,-0.34698676845519305
2025-11-25,PEN,Tasa 10Y,-0.4185598184868828
2025-11-26,PEN,Tasa 10Y,-0.4706354242842334
2025-11-27,PEN,Tasa 10Y,-0.4471592227150685
2025-11-28,PEN,Tasa 10Y,-0.4413370774781799
2025-12-01,PEN,Tasa 10Y,-0.2948831473611854
2025-12-02,PEN,Tasa 10Y,-0.31902140158096354
2025-12-03,PEN,Tasa 10Y,-0.389882546628318
2025-12-04,PEN,Tasa 10Y,-0.43472474766925084
2025-12-05,PEN,Tasa 10Y,-0.5506468138492578
2025-12-09,PEN,Tasa 10Y,-0.692744679726819
2025-12-10,PEN,Tasa 10Y,-0.6679808918608606
2025-12-11,PEN,Tasa 10Y,-0.7361520284426631
2025-12-12,PEN,Tasa 10Y,-0.611110164979606
2025-12-15,PEN,Tasa 10Y,-0.6447244289737782
2025-12-16,PEN,Tasa 10Y,-0.8196418491686783
2025-12-17,PEN,Tasa 10Y,-0.7292734934550332
2025-12-18,PEN,Tasa 10Y,-0.8941687375792273
2025-12-19,PEN,Tasa 10Y,-0.897068956124075
2025-12-22,PEN,Tasa 10Y,-0.8307591275519438
2025-12-23,PEN,Tasa 10Y,-0.9981600901903921
2025-12-24,PEN,Tasa 10Y,-1.1510495822354332
2025-12-26,PEN,Tasa 10Y,-1.0506105039449682
2025-12-29,PEN,Tasa 10Y,-1.0348067292255652
2025-12-30,PEN,Tasa 10Y,-1.234864292603599
2026-01-02,PEN,Tasa 10Y,-1.2768199913475715
2026-01-05,PEN,Tasa 10Y,-1.2570557975978656
2026-01-06,PEN,Tasa 10Y,-1.2111463665837752
2026-01-07,PEN,Tasa 10Y,-1.2128514645359747
2026-01-08,PEN,Tasa 10Y,-1.1327726217536633
2026-01-09,PEN,Tasa 10Y,-1.1882996988076435
2026-01-12,PEN,Tasa 10Y,-1.0126485637603302
2026-01-13,PEN,Tasa 10Y,-1.030443875231462
2026-01-14,PEN,Tasa 10Y,-1.0157307316655237
2026-01-15,PEN,Tasa 10Y,-0.9591926712133381
2026-01-16,PEN,Tasa 10Y,-0.8226764470491336
2026-01-19,PEN,Tasa 10Y,-0.737565196018028
2026-01-20,PEN,Tasa 10Y,-0.7841684618333541
2026-01-21,PEN,Tasa 10Y,-0.8430915250121499
2026-01-22,PEN,Tasa 10Y,-0.8717854017277761
2026-01-23,PEN,Tasa 10Y,-0.8639904708316185
2026-01-26,PEN,Tasa 10Y,-0.7769203276314021
2026-01-27,PEN,Tasa 10Y,-0.7864305310224091
2026-01-28,PEN,Tasa 10Y,-0.868532418668711
2026-01-29,PEN,Tasa 10Y,-1.0702197276110879
2026-01-30,PEN,Tasa 10Y,-1.0227217558497408
2026-02-02,PEN,Tasa 10Y,-1.0673617033393805
2026-02-03,PEN,Tasa 10Y,-1.0890341972780377
2026-02-04,PEN,Tasa 10Y,-0.9885433610009903
2026-02-05,PEN,Tasa 10Y,-0.9061485336563013
2026-02-06,PEN,Tasa 10Y,-1.1596589878228485
2026-02-09,PEN,Tasa 10Y,-1.0906231525108625
2026-02-10,PEN,Tasa 10Y,-1.0612978604307104
2026-02-11,PEN,Tasa 10Y,-1.0089924642665273
2026-02-12,PEN,Tasa 10Y,-1.0135056102917643
2026-02-13,PEN,Tasa 10Y,-0.9671419726326741
2026-02-16,PEN,Tasa 10Y,-0.9836411037900229
2026-02-17,PEN,Tasa 10Y,-1.047144354908692
2026-02-18,PEN,Tasa 10Y,-1.045371711739726
2026-02-19,PEN,Tasa 10Y,-1.0437019002065147
2026-02-20,PEN,Tasa 10Y,-1.0009224042500537
2026-02-23,PEN,Tasa 10Y,-0.9914743936048491
2026-02-24,PEN,Tasa 10Y,-1.0390451986649964
2026-02-25,PEN,Tasa 10Y,-0.9800057223151197
2026-02-26,PEN,Tasa 10Y,-1.0196456356067887
2026-02-27,PEN,Tasa 10Y,-0.9710611431935874
2026-03-02,PEN,Tasa 10Y,-0.9607512651153796
2026-03-03,PEN,Tasa 10Y,-0.9154552242383689
2026-03-04,PEN,Tasa 10Y,0.313784154950297
2026-03-05,PEN,Tasa 10Y,0.45222839187191255
2026-03-06,PEN,Tasa 10Y,0.5843968982876824
2026-03-09,PEN,Tasa 10Y,0.529057136582946
2026-03-10,PEN,Tasa 10Y,0.5774640023294376
2026-03-11,PEN,Tasa 10Y,0.5789809966157523
2026-03-12,PEN,Tasa 10Y,0.5404161915669534
2026-03-13,PEN,Tasa 10Y,0.41314746568042165
2026-03-16,PEN,Tasa 10Y,0.6090709894465398
2026-03-17,PEN,Tasa 10Y,0.6124391214344931
2026-03-18,PEN,Tasa 10Y,0.5263521379909335
2026-03-19,PEN,Tasa 10Y,0.48810240094415264
2026-03-20,PEN,Tasa 10Y,0.4852846748310393
2026-03-23,PEN,Tasa 10Y,0.5217765650497804
2026-03-24,PEN,Tasa 10Y,0.4719262445266247
2026-03-25,PEN,Tasa 10Y,0.5702745186844321
2026-03-26,PEN,Tasa 10Y,0.7425595597827125
2026-03-27,PEN,Tasa 10Y,0.855154570188669
2026-03-30,PEN,Tasa 10Y,0.8473028683576844
2026-03-31,PEN,Tasa 10Y,0.9619023818742949
2026-04-01,PEN,Tasa 10Y,1.0095082545755705
2026-04-02,PEN,Tasa 10Y,0.9707668575905612
2026-04-06,PEN,Tasa 10Y,0.8980354612576686
2026-04-07,PEN,Tasa 10Y,0.9947045226123709
2026-04-08,PEN,Tasa 10Y,1.0448289897153116
2026-04-09,PEN,Tasa 10Y,0.8607824307482693
2026-04-10,PEN,Tasa 10Y,0.6475528588642705
2026-04-13,PEN,Tasa 10Y,0.3895243552839996
2026-04-14,PEN,Tasa 10Y,0.720390165659117
2026-04-15,PEN,Tasa 10Y,1.041443523361698
2026-04-16,PEN,Tasa 10Y,0.8210932725431604
2026-04-17,PEN,Tasa 10Y,0.6088607674268022
2026-04-20,PEN,Tasa 10Y,0.4601632481621533
2026-04-21,PEN,Tasa 10Y,0.4528427353251393
2026-04-22,PEN,Tasa 10Y,0.6424764127870067
2026-04-23,PEN,Tasa 10Y,0.6662528339933269
2026-04-24,PEN,Tasa 10Y,0.6017093989806039
2026-04-27,PEN,Tasa 10Y,0.6417066549815671
2026-04-28,PEN,Tasa 10Y,0.4768702819991159
2026-04-29,PEN,Tasa 10Y,0.777918457341904
2026-04-30,PEN,Tasa 10Y,0.8489520753070955
2026-05-04,PEN,Tasa 10Y,0.9603077781510393
2026-05-05,PEN,Tasa 10Y,0.9125592524493091
2026-05-06,PEN,Tasa 10Y,0.997242681960249
2026-05-07,PEN,Tasa 10Y,0.8734840169149132
2026-05-08,PEN,Tasa 10Y,0.8373185820357705
2026-05-11,PEN,Tasa 10Y,0.9414748692485216
2026-05-12,PEN,Tasa 10Y,0.94468537298344
2026-05-13,PEN,Tasa 10Y,0.9143607310271371
2026-05-14,PEN,Tasa 10Y,1.0891461091198231
2026-05-15,PEN,Tasa 10Y,0.9842662279486369
2026-05-18,PEN,Tasa 10Y,0.8656956274933626
2026-05-19,PEN,Tasa 10Y,0.948483965524149
2026-05-20,PEN,Tasa 10Y,0.7170600326619471
2026-05-22,PEN,Tasa 10Y,0.7523784439968767
2026-05-25,PEN,Tasa 10Y,0.7358790458493222
2026-05-26,PEN,Tasa 10Y,0.8298065748637438
2026-05-27,PEN,Tasa 10Y,0.8084071858422198
2026-05-28,PEN,Tasa 10Y,0.9263306515608921
2026-05-29,PEN,Tasa 10Y,0.7829685788196337
