date,country,TPM,Y10,FX_residual_z,Y10_residual_z
2025-01-02,BRL,12.25,14.8036,0.8637515749503824,1.3514582472333294
2025-01-03,BRL,12.25,14.7572,0.8324732068056301,1.6773105276196083
2025-01-06,BRL,12.25,14.45075,0.8587897274155118,1.1524339738156468
2025-01-07,BRL,12.25,14.6586,0.8019995468284054,1.3246181644168278
2025-01-08,BRL,12.25,14.81545,0.8545578033445713,1.3586139160898876
2025-01-09,BRL,12.25,14.8087,0.836312487382517,1.528095371460615
2025-01-10,BRL,12.25,15.0882,0.6615494108109927,1.689150763978281
2025-01-13,BRL,12.25,15.1181,0.6554313339333924,1.6050089366838667
2025-01-14,BRL,12.25,14.8357,0.8335993410537661,1.3633565712445714
2025-01-15,BRL,12.25,14.64815,0.8242370554303982,1.5310394556218883
2025-01-16,BRL,12.25,14.9579,0.6256729420934103,2.089454666464628
2025-01-17,BRL,12.25,15.1947,0.7215064837819263,2.322484143148949
2025-01-20,BRL,12.25,15.0865,0.7206490613644932,2.1909346069065823
2025-01-21,BRL,12.25,15.07455,0.7010123093374965,2.204843312391504
2025-01-22,BRL,12.25,14.98665,0.6631140630440435,2.067574948216515
2025-01-23,BRL,12.25,15.2386,0.5135910581117021,2.365923083486419
2025-01-24,BRL,12.25,15.18675,0.49334257308394136,2.132220870869693
2025-01-27,BRL,12.25,15.06225,0.2737596635448676,2.0496513428669187
2025-01-28,BRL,12.25,15.0702,0.07816778518724582,2.145316651555279
2025-01-29,BRL,13.25,15.13225,-0.06254305887245246,2.0916225184666724
2025-01-30,BRL,13.25,14.9938,0.2813133503850654,2.109830052104193
2025-01-31,BRL,13.25,14.80365,-0.0691459144279373,1.8815951576709122
2025-02-03,BRL,13.25,14.49545,-0.3195505247918817,1.6960417432023867
2025-02-04,BRL,13.25,14.49045,-0.17942021832074523,1.7855735048335004
2025-02-05,BRL,13.25,14.704,-0.09320205871175041,2.2364541266072266
2025-02-06,BRL,13.25,14.76305,-0.08292817564207527,2.217443501704712
2025-02-07,BRL,13.25,14.93815,-0.06928539711516406,2.266217453066007
2025-02-10,BRL,13.25,14.92985,0.016283539240167483,2.2871975487379737
2025-02-11,BRL,13.25,14.90995,0.09621937128000667,2.1105462441332112
2025-02-12,BRL,13.25,14.9882,0.1793812553253045,2.0658839724872697
2025-02-13,BRL,13.25,14.90955,0.11629210892243093,2.313058022010052
2025-02-14,BRL,13.25,14.5562,5.244954220356246e-4,1.9716843463988714
2025-02-17,BRL,13.25,14.42905,-0.14856093845878862,1.8233054865129958
2025-02-18,BRL,13.25,14.42225,-0.031238938756420902,1.719529486936122
2025-02-19,BRL,13.25,14.5853,0.03161079915165621,1.916754107687909
2025-02-20,BRL,13.25,14.6907,-0.08347569469926841,1.8818354492284532
2025-02-21,BRL,13.25,14.6481,-0.33812397116292214,1.9456929482965535
2025-02-24,BRL,13.25,14.8092,-0.34486104334136924,2.077285980113221
2025-02-25,BRL,13.25,14.7887,-0.27613731612211656,2.2666654054778275
2025-02-26,BRL,13.25,15.08815,-0.42961645739249643,2.6949837625210966
2025-02-27,BRL,13.25,15.10545,-0.31182000065508164,2.640098974710408
2025-02-28,BRL,13.25,15.2619,-0.40018626823028663,2.8281831356132683
2025-03-03,BRL,13.25,15.17365,-0.38259002733753317,2.7284618611511466
2025-03-04,BRL,13.25,15.0854,-0.2754330067802255,2.495776503299262
2025-03-05,BRL,13.25,14.99715,0.018858744601191173,2.4781453338814665
2025-03-06,BRL,13.25,15.11945,-0.33484107173148825,2.427625579460249
2025-03-07,BRL,13.25,14.82895,-0.12183944317505442,2.136847188988195
2025-03-10,BRL,13.25,14.9169,-0.2508597671545134,2.3851915651654663
2025-03-11,BRL,13.25,14.776,0.03460002246827768,2.0674824919178163
2025-03-12,BRL,13.25,14.91885,0.2187853488877288,2.2282476410440224
2025-03-13,BRL,13.25,14.77845,0.18854473311039976,2.04538680631581
2025-03-14,BRL,13.25,14.80935,0.22147563283084182,2.05880085813236
2025-03-17,BRL,13.25,14.73255,0.2301435852167846,1.9988312527974699
2025-03-18,BRL,13.25,14.6114,0.11250080516320558,1.9138239431786097
2025-03-19,BRL,14.25,14.5181,0.11479077944721959,2.0107317616371008
2025-03-20,BRL,14.25,14.8296,-0.05675545551478414,2.49675371172187
2025-03-21,BRL,14.25,14.8374,0.11957626650416582,2.445414268256513
2025-03-24,BRL,14.25,15.04765,0.4280932872125558,2.559639707632601
2025-03-25,BRL,14.25,15.05615,0.42811104903809527,2.5299844414471138
2025-03-26,BRL,14.25,15.1498,0.3939354738457474,2.644490081515998
2025-03-27,BRL,14.25,15.0934,0.4959047905241528,2.520980415606096
2025-03-28,BRL,14.25,15.11975,0.23874544743245413,2.6706806042204687
2025-03-31,BRL,14.25,15.0776,0.187087234729694,2.6336838807960787
2025-04-01,BRL,14.25,14.9415,-0.10075284503043475,2.604645685061063
2025-04-02,BRL,14.25,14.9876,-0.24561517948609876,2.747967685794308
2025-04-03,BRL,14.25,14.73605,-0.356932359174232,2.2836767724343585
2025-04-04,BRL,14.25,14.72215,-0.8349144875116351,2.019005057839339
2025-04-07,BRL,14.25,14.85755,-0.451504514500755,2.057509046705527
2025-04-08,BRL,14.25,14.92805,-0.32976784882713067,1.9181851212502956
2025-04-09,BRL,14.25,14.94475,0.6289856336254586,2.1273804913088625
2025-04-10,BRL,14.25,15.14415,0.30348441714614843,2.1107923948560123
2025-04-11,BRL,14.25,14.80365,0.7923545295005993,1.4370672330248313
2025-04-14,BRL,14.25,14.609,1.0527303476836956,1.4360061571225249
2025-04-15,BRL,14.25,14.6643,1.1359921296303452,1.414349402739293
2025-04-16,BRL,14.25,14.6723125,1.3513307474221634,1.2353338973085666
2025-04-17,BRL,14.25,14.680325,1.543334335407505,1.1867742184662042
2025-04-21,BRL,14.25,14.688337500000001,1.3737624818437164,1.1949452942238599
2025-04-22,BRL,14.25,14.69635,1.4228768726648557,1.3127244348682252
2025-04-23,BRL,14.25,14.5621,0.9320065367576775,1.3455891266609326
2025-04-24,BRL,14.25,14.30615,0.7423862155030962,1.2876129987276215
2025-04-25,BRL,14.25,14.28325,0.5805243086234525,1.6303506156451133
2025-04-28,BRL,14.25,14.26255,0.6268445427049854,1.6199426482787989
2025-04-29,BRL,14.25,14.218,0.41916442498274836,1.6399600652191246
2025-04-30,BRL,14.25,14.0721,0.2586737905325726,1.303568244353616
2025-05-02,BRL,14.25,14.0628,0.5294025156255704,1.0902419422572343
2025-05-05,BRL,14.25,14.0996,0.6346014974669356,0.8670091814222752
2025-05-06,BRL,14.25,13.97795,0.6983134435816722,0.839376452873042
2025-05-07,BRL,14.75,13.89795,0.7094787506813222,0.7430544548309379
2025-05-08,BRL,14.75,13.85865,0.9326200792830485,0.7046848798657513
2025-05-09,BRL,14.75,13.76095,0.73961316134708,0.6808809541770456
2025-05-12,BRL,14.75,13.84955,0.5469798319963294,0.7413718115369508
2025-05-13,BRL,14.75,14.002,0.46314589729267647,0.9222790723454647
2025-05-14,BRL,14.75,14.15095,0.48303994396892963,0.8572002503375912
2025-05-15,BRL,14.75,13.99635,0.46919959347084605,0.8089253136079649
2025-05-16,BRL,14.75,14.01215,0.699473578917,0.7985333636404328
2025-05-19,BRL,14.75,14.0013,0.6841417231857415,0.7590946341097484
2025-05-20,BRL,14.75,14.0757,0.778729886459454,0.8217186514249173
2025-05-22,BRL,14.75,14.1504,0.8138093813560364,0.7950048959280552
2025-05-23,BRL,14.75,14.1215,0.9904344066509653,0.6534575493296639
2025-05-26,BRL,14.75,14.06235,0.8620389147040087,0.6335237691552714
2025-05-27,BRL,14.75,13.9321,0.826994881658142,0.6681073181928082
2025-05-28,BRL,14.75,13.97935,0.8131054336538791,0.6503117864196019
2025-05-29,BRL,14.75,13.9672,0.7410709359354762,0.7210128725393219
2025-05-30,BRL,14.75,14.02125,0.8368173595399269,0.7363718207931579
2025-06-02,BRL,14.75,14.03035,1.192030830302122,0.6357930230602269
2025-06-03,BRL,14.75,14.00005,1.1067961472202745,0.6759917958273367
2025-06-04,BRL,14.75,13.9777,0.8118257650345826,0.7856332475859247
2025-06-05,BRL,14.75,14.16265,0.9537317711146622,0.8605345247709213
2025-06-06,BRL,14.75,14.0813,0.9768278697126084,0.7593740228159617
2025-06-09,BRL,14.75,14.0742,0.8599955051218758,0.7312174308616071
2025-06-10,BRL,14.75,13.9856,0.8204107875167995,0.7739766816634681
2025-06-11,BRL,14.75,13.96755,0.8706486993682097,0.7824243885927237
2025-06-12,BRL,14.75,13.99105,0.8217633692282942,0.6769771634515142
2025-06-13,BRL,14.75,13.9646,0.7905268703830565,0.605938507857359
2025-06-16,BRL,14.75,13.92,0.8818026218254533,0.5372788868673197
2025-06-17,BRL,14.75,13.96635,0.5409038116821866,0.5769280791164212
2025-06-18,BRL,15,13.9714,0.5025820858278564,0.6775679285058002
2025-06-19,BRL,15,13.91805,0.2503886284761286,0.6212047672955827
2025-06-23,BRL,15,13.8647,0.32930513362947605,0.7381570415378347
2025-06-24,BRL,15,13.92115,0.35196676135973354,0.8057165925460992
2025-06-25,BRL,15,13.9385,0.5810758976666023,0.8474743007043395
2025-06-26,BRL,15,13.86665,0.7571695306271052,0.690309573549366
2025-06-27,BRL,15,13.82245,0.48912007072714847,0.6496175378464222
2025-06-30,BRL,15,13.51635,0.4643634262106602,0.49716738549799694
2025-07-01,BRL,15,13.4974,0.4693014319918175,0.5616776376916477
2025-07-02,BRL,15,13.4822,0.6027143455386929,0.5790344357063638
2025-07-03,BRL,15,13.5804,0.5435479416426806,0.6338928457802117
2025-07-04,BRL,15,13.58615,0.4632194023470956,0.6153248738186647
2025-07-07,BRL,15,13.7297,0.5064403090088159,0.7184075485811238
2025-07-08,BRL,15,13.7448,0.5894721969088647,0.6355154662827647
2025-07-09,BRL,15,13.9431,0.5312899856158542,0.9767817863540762
2025-07-10,BRL,15,13.86895,1.0418360739312214,0.9530037812291438
2025-07-11,BRL,15,13.86235,0.9122432656481492,0.8064548933871115
2025-07-14,BRL,15,13.9525,0.8187031875441417,0.7923250345937468
2025-07-15,BRL,15,14.1067,0.9089507027842014,0.9568817733939451
2025-07-17,BRL,15,14.0691,0.6992673332059394,1.06737716248713
2025-07-18,BRL,15,14.12175,0.6599829011320184,1.106029321438437
2025-07-21,BRL,15,14.0764,0.7969959963294093,1.0458679962467186
2025-07-22,BRL,15,13.97405,0.8144671554481386,0.9362015017473141
2025-07-23,BRL,15,14.0534,0.9149491539352537,1.0200493149332726
2025-07-24,BRL,15,14.1351,0.8033086417297998,1.1184731819358333
2025-07-25,BRL,15,14.1529,0.7473362592428255,1.0908548394314759
2025-07-28,BRL,15,14.13425,0.8108666806780953,1.0887446646797434
2025-07-29,BRL,15,13.9487,0.5504759415291383,1.0541164004855068
2025-07-30,BRL,15,13.98585,0.5907605440318147,1.0298282323848826
2025-07-31,BRL,15,14.06705,0.30983121955123794,1.1588788362560078
2025-08-01,BRL,15,14.02915,-0.017015304344238768,1.295212469089073
2025-08-04,BRL,15,13.90055,0.05990228172613866,1.1676637212522583
2025-08-05,BRL,15,13.9838,0.06287464381963145,1.2957902471027256
2025-08-06,BRL,15,13.9457,0.17217711822051832,1.2827431811610528
2025-08-07,BRL,15,13.8174,0.15928047819893448,1.1782048438814527
2025-08-08,BRL,15,13.8451,0.18279660182449273,1.2798993758408095
2025-08-11,BRL,15,13.7608,0.11735138722759689,1.2596292620112
2025-08-12,BRL,15,13.77295,0.14947511798082425,1.3748539899309136
2025-08-13,BRL,15,13.78925,0.07998784309139727,1.486032905481574
2025-08-14,BRL,15,13.8075,0.06614679712919667,1.3701288446177335
2025-08-18,BRL,15,13.92265,0.13802312577989626,1.415021587540388
2025-08-19,BRL,15,14.0882,0.14708146056627733,1.6300494392777978
2025-08-20,BRL,15,14.0328,0.3048895741999933,1.4307249839286444
2025-08-21,BRL,15,14.15295,0.3226247639227753,1.4145704884562205
2025-08-22,BRL,15,14.07935,0.31250564277086634,1.5864121058336824
2025-08-25,BRL,15,14.0214,0.31446469966133445,1.3959286432849904
2025-08-26,BRL,15,14.0246,0.16622711875960414,1.378534019040623
2025-08-27,BRL,15,14.0724,0.12275976207862464,1.5276464905570408
2025-08-28,BRL,15,13.91485,0.10992943503282912,1.3821312522284726
2025-08-29,BRL,15,13.9292,0.1591096041903517,1.4591434051679306
2025-09-01,BRL,15,13.97635,0.23709348164490984,1.4674706983859442
2025-09-02,BRL,15,14.0838,0.26360597766923005,1.558609232925374
2025-09-03,BRL,15,14.0882,0.18151210529835876,1.6083025120671548
2025-09-04,BRL,15,14.07835,0.0842673083222005,1.6977314223918618
2025-09-05,BRL,15,13.9132,-0.006204506752579998,1.7484001662079922
2025-09-08,BRL,15,13.9013,-0.039622122207478565,1.6794446714348497
2025-09-09,BRL,15,13.8862,0.06075287198583599,1.5693612989277184
2025-09-10,BRL,15,13.83695,0.025190213535994634,1.759494420852865
2025-09-11,BRL,15,13.8089,-0.03560169347901187,2.017777132392247
2025-09-12,BRL,15,13.766,0.004319160713846469,1.7218273975174012
2025-09-15,BRL,15,13.7475,-0.24660898691479707,1.6997042786731011
2025-09-16,BRL,15,13.6055,-0.35750768067348476,1.6173881397989616
2025-09-17,BRL,15,13.56245,-0.2322363629025514,1.436482285032644
2025-09-22,BRL,15,13.7213,-0.14686298485685748,1.5419470895484304
2025-09-23,BRL,15,13.6309,-0.1879258312650424,1.5433134402575865
2025-09-24,BRL,15,13.62465,-0.32612602605043095,1.584248799406565
2025-09-25,BRL,15,13.65645,-0.2716564356005812,1.5494640076966475
2025-09-26,BRL,15,13.7154,-0.053490313556774055,1.6874547162120754
2025-09-29,BRL,15,13.762,-0.20221101696034366,1.6749953890279923
2025-09-30,BRL,15,13.7181,-0.24218265985660595,1.5092827231388866
2025-10-01,BRL,15,13.7045,-0.3165779775255105,1.5293087634696982
2025-10-02,BRL,15,13.8391,-0.3992858015989732,1.6607888121805758
2025-10-03,BRL,15,13.84515,-0.2749690950358681,1.627176149606104
2025-10-06,BRL,15,13.8586,-0.2735691855756299,1.6683773272726914
2025-10-07,BRL,15,13.9782,-0.4506071690683487,1.7819235862829272
2025-10-08,BRL,15,13.9343,-0.3233845488400594,1.7333652359890326
2025-10-09,BRL,15,13.91785,-0.4892392989206641,1.4899406650151614
2025-10-10,BRL,15,14.01735,-0.857477036394233,1.268584050081678
2025-10-13,BRL,15,14.0216,-0.34080415275629466,1.3220860728251707
2025-10-14,BRL,15,14.00245,-0.44332474491034546,1.6012549700116216
2025-10-15,BRL,15,13.88325,-0.3901854060939218,1.6788238711503292
2025-10-16,BRL,15,13.9524,-0.671054624299,1.7661648623181143
2025-10-17,BRL,15,13.9557,-0.5797173681436084,1.7316148118057437
2025-10-20,BRL,15,13.88645,-0.5362486355130374,1.8173925902573251
2025-10-21,BRL,15,13.8574,-0.873587184587398,1.8633831965803491
2025-10-22,BRL,15,13.80355,-0.8848665151144695,1.7032006500627586
2025-10-23,BRL,15,13.80215,-0.7065819872043226,1.6476793805041061
2025-10-24,BRL,15,13.70045,-0.6763052487436622,1.590119877000099
2025-10-27,BRL,15,13.7069,-0.8633873246823965,1.6200608490550783
2025-10-28,BRL,15,13.7538,-0.9588495647611284,1.6767682685395857
2025-10-29,BRL,15,13.8508,-0.9445732635096366,1.6233102657647012
2025-10-30,BRL,15,13.86975,-0.8232864526058611,1.6904821176589606
2025-11-03,BRL,15,13.78775,-1.0398665345713431,1.620995549236213
2025-11-04,BRL,15,13.86185,-1.1991611814565895,1.7546282348481848
2025-11-05,BRL,15,13.7795,-0.9917469262381883,1.5463080259840347
2025-11-06,BRL,15,13.8062,-1.2589981346314933,1.559119040567798
2025-11-07,BRL,15,13.8056,-1.0534388975509001,1.4850424133545044
2025-11-10,BRL,15,13.68465,-1.004612713138945,1.4314384646506217
2025-11-11,BRL,15,13.62605,-1.0585189396368864,1.378547872637416
2025-11-12,BRL,15,13.622,-1.118992428504974,1.3485967658045372
2025-11-13,BRL,15,13.67435,-1.1148786724844209,1.263867074618887
2025-11-14,BRL,15,13.66495,-1.0160966759055379,1.1855971769691942
2025-11-17,BRL,15,13.69555,-1.2324908377888386,1.2210386453427171
2025-11-18,BRL,15,13.7158,-1.2366297401510777,1.208854762183679
2025-11-19,BRL,15,13.6591,-1.1673695027778812,1.1469640836880475
2025-11-20,BRL,15,13.644925,-1.5200847815605558,1.2185805054637098
2025-11-21,BRL,15,13.63075,-1.3562654830340897,1.2188147639544675
2025-11-24,BRL,15,13.5885,-1.190024335756238,1.2360817505725612
2025-11-25,BRL,15,13.5567,-1.1661558568848234,1.291216603223113
2025-11-26,BRL,15,13.47735,-0.913179473605322,1.2304611423105094
2025-11-27,BRL,15,13.446,-0.9607083835833098,1.1836662268993776
2025-11-28,BRL,15,13.40895,-0.9132386216405942,1.1313916301718945
2025-12-01,BRL,15,13.36545,-0.7135802929725933,0.9484983976041096
2025-12-02,BRL,15,13.2636,-0.7805273851788688,0.9048005070991557
2025-12-03,BRL,15,13.2739,-0.8422903458677515,0.979550948208224
2025-12-04,BRL,15,13.21445,-0.7987676546008675,0.9049626452853434
2025-12-05,BRL,15,13.7555,-0.7008513460733103,1.241931290217857
2025-12-09,BRL,15,13.75625,-0.29071747483159077,0.9615173406025986
2025-12-10,BRL,15,13.78795,-0.24501206595585517,1.1777093321664085
2025-12-11,BRL,15,13.71075,-0.027303986850453578,1.0336936465404267
2025-12-12,BRL,15,13.62965,-0.12344835996280684,0.9615758218081112
2025-12-15,BRL,15,13.5431,-0.2240354270268009,0.9342997646657385
2025-12-16,BRL,15,13.69615,-0.163288361531065,1.0178793961823018
2025-12-17,BRL,15,13.8949,0.0485211893777264,1.1082914440208715
2025-12-18,BRL,15,13.902,0.14282656687922374,1.2100140274704954
2025-12-19,BRL,15,13.80775,0.2689033696466228,1.1674811585816531
2025-12-22,BRL,15,13.91855,0.4768455653315517,1.2554464171273645
2025-12-23,BRL,15,13.86205,0.7362942977706386,1.1682224668420407
2025-12-24,BRL,15,13.842425,0.5465163288334091,1.1071148324583509
2025-12-26,BRL,15,13.8228,0.5910864966344063,1.1473885290845853
2025-12-29,BRL,15,13.81355,0.4761865507418587,1.1531560578727729
2025-12-30,BRL,15,13.73495,0.30867996135023673,1.0023080527665476
2026-01-02,BRL,15,13.6123,0.05762265100886405,0.8622707543974224
2026-01-05,BRL,15,13.66265,-0.04331729960081753,0.9358148335513213
2026-01-06,BRL,15,13.70985,-0.031553775938277406,0.8954304196714671
2026-01-07,BRL,15,13.70775,-0.22212760057673214,0.8828035459440436
2026-01-08,BRL,15,13.69545,-0.2554121970180811,0.9062438558987096
2026-01-09,BRL,15,13.69415,-0.18426120657506417,0.9542943466292383
2026-01-12,BRL,15,13.64515,-0.12930700835530096,0.8883672126514083
2026-01-13,BRL,15,13.6819,-0.1890773793564371,0.8503211237485216
2026-01-14,BRL,15,13.77935,-0.2901360459193764,1.0207875765081142
2026-01-15,BRL,15,13.82835,-0.18658202477882796,1.1666477522482956
2026-01-16,BRL,15,13.9328,-0.12322738728458603,1.1672766465242974
2026-01-19,BRL,15,13.9359,-0.24588811685287257,1.1012854285275535
2026-01-20,BRL,15,14.0608,0.02191419383235242,1.0635675954072699
2026-01-21,BRL,15,13.9398,0.04666400199673762,1.0626992581432095
2026-01-22,BRL,15,13.860900000000001,0.04668926143256287,1.1024512702533515
2026-01-23,BRL,15,13.79885,-0.027983314841276842,1.0469865183777367
2026-01-26,BRL,15,13.76255,0.12209680684195712,0.8421941399683288
2026-01-27,BRL,15,13.59405,0.18526899544239794,0.5688484820923339
2026-01-28,BRL,15,13.54085,0.06181906617138247,0.44870528263168036
2026-01-29,BRL,15,13.5432,0.028843606095311086,0.47771668799175354
2026-01-30,BRL,15,13.5857,-0.2333202426547428,0.6136840580881597
2026-02-02,BRL,15,13.6444,-0.25200161041887514,0.6714766675318629
2026-02-03,BRL,15,13.67515,-0.2985024325061933,0.6491334854363536
2026-02-04,BRL,15,13.6657,-0.23806258070367212,0.648969807944383
2026-02-05,BRL,15,13.7069,-0.6484147051488302,0.7686789698933065
2026-02-06,BRL,15,13.76385,-0.39549925834302874,0.9333758412505886
2026-02-09,BRL,15,13.6663,-0.28802375909482525,0.699083090600252
2026-02-10,BRL,15,13.6837,-0.30236591216859066,0.6553085076177853
2026-02-11,BRL,15,13.7174,-0.2023612511893085,0.6736785455043153
2026-02-12,BRL,15,13.68745,-0.6858380476469543,0.6175989292992394
2026-02-13,BRL,15,13.6168,-0.5056535340057092,0.752527367274486
2026-02-16,BRL,15,13.616033333333332,-0.5520692786512396,0.7323589845347889
2026-02-17,BRL,15,13.615266666666667,-0.5776162229632957,0.7691699977459275
2026-02-18,BRL,15,13.6145,-0.4134648320658833,0.67387673096795
2026-02-19,BRL,15,13.66845,-0.5371769969911724,0.8529612950256669
2026-02-20,BRL,15,13.62605,-0.4708881829840282,0.7894569175336269
2026-02-23,BRL,15,13.63565,-0.6478562420557479,0.8613697791414151
2026-02-24,BRL,15,13.55355,-0.7018940208570333,0.8233855036503666
2026-02-25,BRL,15,13.54005,-0.7380494756421644,0.799931854837092
2026-02-26,BRL,15,13.50975,-0.7892396662935104,0.7555710378381927
2026-02-27,BRL,15,13.55165,-0.7714683816807034,0.8598042502481941
2026-03-02,BRL,15,13.58285,-0.6887701811837172,0.8031501890318103
2026-03-03,BRL,15,13.80525,-0.8905629685992211,0.9848706772108969
2026-03-04,BRL,15,13.6742,-0.7875120709058745,0.9170849895567486
2026-03-05,BRL,15,13.87775,-0.8413679832088871,1.0000964263141514
2026-03-06,BRL,15,14.15785,-0.9837968419295604,1.178705369830515
2026-03-09,BRL,15,13.8336,-1.005148010470883,0.9359110858116574
2026-03-10,BRL,15,13.78395,-1.021694938125891,0.7976999477826103
2026-03-11,BRL,15,13.82105,-1.0481036730109483,0.7951529850653204
2026-03-12,BRL,15,14.0721,-1.142302989742143,1.01341003357302
2026-03-13,BRL,15,14.3427,-0.991134777218682,1.151182004657578
2026-03-16,BRL,15,13.9064,-0.8522148058360851,0.8549383361720327
2026-03-17,BRL,15,13.91555,-0.9622320334714003,0.8180102580810513
2026-03-18,BRL,14.75,14.04705,-1.1380721069377946,0.8600354934575873
2026-03-19,BRL,14.75,13.998,-1.0382440397323778,0.8719868373474102
2026-03-20,BRL,14.75,14.17355,-1.057543002889372,0.6799229814453069
2026-03-23,BRL,14.75,14.029,-1.106914039948362,0.7255183870472631
2026-03-24,BRL,14.75,14.1172,-1.082328457653536,0.790008260809016
2026-03-25,BRL,14.75,14.1472,-1.0839504735743333,0.9180749809552919
2026-03-26,BRL,14.75,14.27305,-1.0881078639912574,0.8877350903022604
2026-03-27,BRL,14.75,14.2841,-1.0705159345979798,0.8058179100654029
2026-03-30,BRL,14.75,14.2615,-1.2309936141405582,0.9317223060597277
2026-03-31,BRL,14.75,14.0096,-1.1072548348273143,0.8643782401532105
2026-04-01,BRL,14.75,14.02135,-1.1137972514313037,0.8479246988708885
2026-04-02,BRL,14.75,13.98315,-1.0281005772793401,0.8640625721165315
2026-04-06,BRL,14.75,14.0298,-1.1708533111603567,0.8167544687954418
2026-04-07,BRL,14.75,13.97675,-1.276062589080516,0.6714130115745962
2026-04-08,BRL,14.75,13.79965,-1.1524274975045654,0.47393831234303097
2026-04-09,BRL,14.75,13.7901,-1.064297737022903,0.6535785982437854
2026-04-10,BRL,14.75,13.65015,-1.1092246266784749,0.4294212523137166
2026-04-13,BRL,14.75,13.6104,-1.329094531287293,0.46600574388682225
2026-04-14,BRL,14.75,13.6362,-1.4399231560318884,0.5227872815504685
2026-04-15,BRL,14.75,13.6896,-1.4911981318829155,0.5053789198566008
2026-04-16,BRL,14.75,13.71355,-1.423399690737115,0.4750778142618327
2026-04-17,BRL,14.75,13.6212,-1.603175245264259,0.48360478654447375
2026-04-20,BRL,14.75,13.55275,-1.6947920015988567,0.42340699963675676
2026-04-21,BRL,14.75,13.631975,-1.811111361203716,0.4633854153474401
2026-04-22,BRL,14.75,13.7112,-1.7901337052714743,0.5972131328811185
2026-04-23,BRL,14.75,13.8687,-1.8335022327000026,0.7460468903957997
2026-04-24,BRL,14.75,13.74285,-1.742432220101959,0.6698665032688286
2026-04-27,BRL,14.75,13.8461,-1.7412349506689582,0.6916617740224256
2026-04-28,BRL,14.75,13.8053,-1.729519613310059,0.7086097324450779
2026-04-29,BRL,14.5,14.01835,-1.7142237993979013,0.8092764313215385
2026-04-30,BRL,14.5,13.96375,-1.6760923243453378,0.914543989813493
2026-05-04,BRL,14.5,14.0563,-1.8154963684426142,0.9062862012461348
2026-05-05,BRL,14.5,14.06965,-1.9042024820762262,0.9629952759386898
2026-05-06,BRL,14.5,13.9224,-1.9989472529031604,0.8282328817761603
2026-05-07,BRL,14.5,14.0343,-1.8930007657690215,0.8076391476775389
2026-05-08,BRL,14.5,13.8993,-2.0278796022696253,0.7429764577128625
2026-05-11,BRL,14.5,14.0263,-1.9995701482438706,0.8081247171793634
2026-05-12,BRL,14.5,14.0679,-1.9202624368595493,0.7277787184774486
2026-05-13,BRL,14.5,14.3168,-1.9825609014834,0.8045287800592679
2026-05-14,BRL,14.5,14.30165,-1.7066923643275016,0.8038305534252697
2026-05-15,BRL,14.5,14.44475,-1.693687049535314,0.7632786251726061
2026-05-18,BRL,14.5,14.35995,-1.5910722131754143,0.5313868234183994
2026-05-19,BRL,14.5,14.49445,-1.6482504773327016,0.5190613966297176
2026-05-20,BRL,14.5,14.37475,-1.810100206088507,0.635971445210275
2026-05-22,BRL,14.5,14.2386,-1.8832531356375963,0.579970434991913
2026-05-25,BRL,14.5,14.0938,-1.8963180366061057,0.46165637065358517
2026-05-26,BRL,14.5,14.12935,-1.9386981391530453,0.5548904698163102
2026-05-27,BRL,14.5,14.168,-1.9384695486825025,0.6136609373726138
2026-05-28,BRL,14.5,14.2143,-1.8832429381081555,0.8392281424837154
2026-05-29,BRL,14.5,14.11465,-1.9045607509426647,0.7468904066396289
2026-06-01,BRL,14.5,14.22845,-2.059358744092017,0.7758740352602732
2025-01-02,CLP,5,5.93,-0.2335915143335308,0.17571535525570714
2025-01-03,CLP,5,5.956666666666666,-0.18713857094575093,0.2662921597613358
2025-01-06,CLP,5,5.983333333333333,0.22830704801911603,0.207506210461093
2025-01-07,CLP,5,6.01,0.1933704779336336,0.09612792827619601
2025-01-08,CLP,5,6.05,0.032208402788175834,0.15907060039654472
2025-01-09,CLP,5,6.05,0.05083560224482325,0.16303343298846437
2025-01-10,CLP,5,6.043333333333333,-0.1934394397068957,-0.011246807483949179
2025-01-13,CLP,5,6.036666666666667,-0.14436487013620664,2.5853237525678583e-4
2025-01-14,CLP,5,6.03,0.23872007676446094,-0.03658931532522318
2025-01-15,CLP,5,6.03,0.036302007705957845,0.26639444882577584
2025-01-16,CLP,5,6,-0.02165376835321473,0.254365408798419
2025-01-17,CLP,5,5.93,0.2116696606455029,0.1799911065721944
2025-01-20,CLP,5,5.9,0.3222028475306221,0.12615290924157552
2025-01-21,CLP,5,5.9,0.1881024000343481,0.18116319329791442
2025-01-22,CLP,5,5.9366666666666665,0.23731277210353627,0.1527880693647968
2025-01-23,CLP,5,5.973333333333334,0.08695321604718595,0.2150854528986769
2025-01-24,CLP,5,6.01,0.11641431777490131,0.22231343184554916
2025-01-27,CLP,5,5.95,-0.20714875978993794,0.08487690993770713
2025-01-28,CLP,5,5.98,-0.23788582736638883,0.25529059746168287
2025-01-29,CLP,5,5.996666666666667,-0.05500148174948835,0.28986234807715405
2025-01-30,CLP,5,6.013333333333334,-0.03739138065675672,0.37569341924258526
2025-01-31,CLP,5,6.03,-0.1676889853221003,0.3279514176370734
2025-02-03,CLP,5,6.05,-0.5712829333311332,0.2735493102263031
2025-02-04,CLP,5,6.02,-0.33218511871342343,0.300266807753518
2025-02-05,CLP,5,5.98,-0.3484337363562304,0.4247121943245034
2025-02-06,CLP,5,5.98,-0.541283625856158,0.44279132434386786
2025-02-07,CLP,5,5.986666666666667,-0.4680078927080289,0.31456980207374713
2025-02-10,CLP,5,5.993333333333333,-0.7185309841253076,0.40122773854944566
2025-02-11,CLP,5,6,-0.7145212068002624,0.3485076421047567
2025-02-12,CLP,5,6.02,-0.48058422191877553,0.24885185008715974
2025-02-13,CLP,5,6.04,-0.7207022290694056,0.4343684718443849
2025-02-14,CLP,5,6.0600000000000005,-0.7130847065391892,0.5114763659784352
2025-02-17,CLP,5,6.08,-1.0650841948664291,0.5097536400869304
2025-02-18,CLP,5,6.1,-0.8613191136060943,0.46946986960819936
2025-02-19,CLP,5,6.12,-0.821461694503435,0.531625726884241
2025-02-20,CLP,5,6.1,-0.7791736428354282,0.4769666584575459
2025-02-21,CLP,5,6.04,-1.0168477524812822,0.34850048591623783
2025-02-24,CLP,5,5.984999999999999,-1.088055025668437,0.26701248101504244
2025-02-25,CLP,5,5.93,-0.99023853022784,0.32641548161188677
2025-02-26,CLP,5,5.945,-1.1347796424468641,0.4339481038049768
2025-02-27,CLP,5,5.96,-1.195681470825483,0.3906259968401857
2025-02-28,CLP,5,5.94,-1.0737085997671725,0.5042944836446696
2025-03-03,CLP,5,5.94,-1.0882872759851152,0.458830378826629
2025-03-04,CLP,5,5.86,-1.054492805631476,0.1862606532314148
2025-03-05,CLP,5,5.8325000000000005,-0.9196576861297111,0.1530693445691834
2025-03-06,CLP,5,5.805,-1.155718439017311,-0.06233991248512049
2025-03-07,CLP,5,5.7775,-1.2532528064298682,-0.1251613046473925
2025-03-10,CLP,5,5.75,-1.2439662664020459,-0.1526056030777386
2025-03-11,CLP,5,5.75,-1.0630822508332993,-0.22783380204868178
2025-03-12,CLP,5,5.76,-0.8314410235446953,-0.1637910787760412
2025-03-13,CLP,5,5.73,-0.8434722953205781,-0.21268350373740003
2025-03-14,CLP,5,5.76,-0.360228355266198,-0.13630563180565794
2025-03-17,CLP,5,5.76,-0.4583321157817836,-0.08517944644236648
2025-03-18,CLP,5,5.76,-0.6933643221112671,-0.09881596916169441
2025-03-19,CLP,5,5.76,-0.7749408779482336,0.03184130550191672
2025-03-20,CLP,5,5.67,-0.8872891524340005,-0.061487997822287595
2025-03-21,CLP,5,5.7,-0.6726000081389898,0.005972826420552273
2025-03-24,CLP,5,5.7299999999999995,-0.43675212191756496,0.012834512363358393
2025-03-25,CLP,5,5.76,-0.581598961102967,0.1011918643273519
2025-03-26,CLP,5,5.8,-0.7555056124860967,0.08822337700241137
2025-03-27,CLP,5,5.85,-0.6966734545175948,0.1500426144105327
2025-03-28,CLP,5,5.85,-0.6033809045793072,0.1581717651899425
2025-03-31,CLP,5,5.85,-0.38694018573736433,0.19594859318707475
2025-04-01,CLP,5,5.85,-0.2777976257579486,0.3038741644249253
2025-04-02,CLP,5,5.82,-0.5131227902557569,0.300256715403011
2025-04-03,CLP,5,5.68,-0.3032342395248966,-0.15487516822055028
2025-04-04,CLP,5,5.55,-0.8706183420006354,-0.6397534724153299
2025-04-07,CLP,5,5.6,-0.40915264184303907,-0.757501802584837
2025-04-08,CLP,5,5.58,-0.06607962725804603,-0.9921925014594786
2025-04-09,CLP,5,5.55,0.010176392154336685,-0.8053416194569003
2025-04-10,CLP,5,5.61,0.44877464795348204,-1.0241315748753812
2025-04-11,CLP,5,5.68,0.4084666948022302,-1.0832693131262872
2025-04-14,CLP,5,5.62,0.5850197185906664,-0.8443719072526467
2025-04-15,CLP,5,5.56,0.40322245160178594,-0.9726802150439025
2025-04-16,CLP,5,5.58,0.5116451197258739,-1.0616937961184343
2025-04-17,CLP,5,5.58,0.7181827322927932,-0.9741364712671299
2025-04-21,CLP,5,5.58,0.7340702627333262,-1.0492087782729431
2025-04-22,CLP,5,5.65,0.5988022251248082,-0.8678883073105528
2025-04-23,CLP,5,5.67,0.28976766480909083,-0.7356196717220392
2025-04-24,CLP,5,5.69,-0.14825495878263173,-0.5643891208109997
2025-04-25,CLP,5,5.71,-0.20590394933347694,-0.34271851522950864
2025-04-28,CLP,5,5.71,-0.21898459015827354,-0.32714439648084886
2025-04-29,CLP,5,5.73,-0.11552756461541681,-0.22860856917584343
2025-04-30,CLP,5,5.7,0.18394378130567635,-0.27683538296624016
2025-05-02,CLP,5,5.74,0.5292237082243326,-0.3239587927111973
2025-05-05,CLP,5,5.78,0.250785064796846,-0.3680774435704363
2025-05-06,CLP,5,5.78,0.17966151287609966,-0.3697054602019838
2025-05-07,CLP,5,5.78,0.3074056725489152,-0.2850384384155067
2025-05-08,CLP,5,5.775,0.5066909978865947,-0.3483500942864006
2025-05-09,CLP,5,5.77,0.36987299162205667,-0.3530303686636266
2025-05-12,CLP,5,5.789999999999999,0.16564616734209697,-0.2686730311274268
2025-05-13,CLP,5,5.81,0.2495019727596788,-0.22490666836260587
2025-05-14,CLP,5,5.84,0.39864709409847554,-0.35892436520409865
2025-05-15,CLP,5,5.8,0.4542918909428555,-0.24991512031441637
2025-05-16,CLP,5,5.75,0.4867181998027531,-0.36070950496176213
2025-05-19,CLP,5,5.77,0.5833867772286808,-0.35549950613403175
2025-05-20,CLP,5,5.79,0.4527435829189172,-0.354314644518512
2025-05-22,CLP,5,5.8,0.6619684315592466,-0.5262734078569796
2025-05-23,CLP,5,5.79,0.6422520139947988,-0.6262140375201267
2025-05-26,CLP,5,5.81,0.7006450469466248,-0.5097183144886756
2025-05-27,CLP,5,5.8,0.6746830817271834,-0.37905840125920054
2025-05-28,CLP,5,5.84,0.6470618418434801,-0.3717921297863627
2025-05-29,CLP,5,5.81,0.6939558103279808,-0.3138842190834042
2025-05-30,CLP,5,5.77,0.7350446719830697,-0.3532367185156409
2025-06-02,CLP,5,5.82,0.9110286676790323,-0.3287591363321102
2025-06-03,CLP,5,5.77,0.7877222595430375,-0.3796950954997616
2025-06-04,CLP,5,5.76,0.8322822908252696,-0.28236183115295466
2025-06-05,CLP,5,5.75,0.7329493487194868,-0.38879462293022965
2025-06-06,CLP,5,5.775,0.6566744057274118,-0.39771906075845925
2025-06-09,CLP,5,5.8,0.6665135450987706,-0.3492947619436284
2025-06-10,CLP,5,5.765000000000001,0.6866177458145549,-0.3918131508344876
2025-06-11,CLP,5,5.73,0.6577175543072641,-0.3784999396617462
2025-06-12,CLP,5,5.71,0.5736449876210843,-0.42452433985356725
2025-06-13,CLP,5,5.76,-0.06620963739694519,-0.44837051036857306
2025-06-16,CLP,5,5.73,0.32369143726039906,-0.49929446307439307
2025-06-17,CLP,5,5.724,-0.09076659214175807,-0.5587100842870374
2025-06-18,CLP,5,5.718,0.08874465139194682,-0.4801110686802162
2025-06-19,CLP,5,5.712000000000001,-0.01565688081060178,-0.5494466676593197
2025-06-23,CLP,5,5.706,0.21974650724767258,-0.3909498001071488
2025-06-24,CLP,5,5.7,0.8051398584579921,-0.30727045109959766
2025-06-25,CLP,5,5.7,0.5615001253411062,-0.28468045417353305
2025-06-26,CLP,5,5.64,0.4629236192181437,-0.35410319389270645
2025-06-27,CLP,5,5.68,0.28158315915891435,-0.31315028734324263
2025-06-30,CLP,5,5.675,0.42263018551219056,-0.2757537336031487
2025-07-01,CLP,5,5.67,0.48152334267721747,-0.34063654114950404
2025-07-02,CLP,5,5.69,0.1271220029678625,-0.28955105556067373
2025-07-03,CLP,5,5.67,0.19530239099959398,-0.3914324848392767
2025-07-04,CLP,5,5.663333333333333,0.18039655205562738,-0.45592339635777596
2025-07-07,CLP,5,5.656666666666667,0.22195107782000248,-0.48962704051991257
2025-07-08,CLP,5,5.65,0.5573572130771749,-0.5191449533104994
2025-07-09,CLP,5,5.63,0.6624513598525553,-0.4135633886212653
2025-07-10,CLP,5,5.62,0.8361119722953743,-0.4285509712254505
2025-07-11,CLP,5,5.61,0.7434343925168205,-0.5442888974065463
2025-07-14,CLP,5,5.612,0.8730877529404176,-0.6285872240755821
2025-07-15,CLP,5,5.614,1.1518051104379916,-0.6601845336760473
2025-07-17,CLP,5,5.6160000000000005,0.9987550878088423,-0.5706776906533831
2025-07-18,CLP,5,5.618,1.131964298168341,-0.5163864346170526
2025-07-21,CLP,5,5.62,1.0133577717277291,-0.49424350379286913
2025-07-22,CLP,5,5.6,1.0395809224738377,-0.49253718796520524
2025-07-23,CLP,5,5.6,1.1896430769282844,-0.48925434116190153
2025-07-24,CLP,5,5.6,1.1063754133866615,-0.508551113430685
2025-07-25,CLP,5,5.6,1.169084346092991,-0.4798001625918332
2025-07-28,CLP,5,5.6,1.220727202393427,-0.45939665397916024
2025-07-29,CLP,5,5.6,1.2035943160170637,-0.35702258932573294
2025-07-30,CLP,4.75,5.61,1.2857452100888869,-0.387122924929665
2025-07-31,CLP,4.75,5.62,1.2066241905996349,-0.3860457802546603
2025-08-01,CLP,4.75,5.6,0.8151001244959983,-0.3539641195479813
2025-08-04,CLP,4.75,5.59,0.8996719033924293,-0.28701842512083375
2025-08-05,CLP,4.75,5.6,0.888625900291525,-0.30121714004828914
2025-08-06,CLP,4.75,5.6,1.093024140528018,-0.2960021808927996
2025-08-07,CLP,4.75,5.59,1.4440639114514713,-0.34577603956589953
2025-08-08,CLP,4.75,5.63,1.4455363764473164,-0.24351939767942918
2025-08-11,CLP,4.75,5.63,1.1457310682083486,-0.28429882111697424
2025-08-12,CLP,4.75,5.609999999999999,1.3961290255447683,-0.2141419142526538
2025-08-13,CLP,4.75,5.59,1.3372155882226004,-0.18688525899629185
2025-08-14,CLP,4.75,5.59,0.9968808403529514,-0.257572797404665
2025-08-18,CLP,4.75,5.59,1.3087432252102595,-0.29185843247081594
2025-08-19,CLP,4.75,5.574999999999999,1.444955144947029,-0.3055850976424169
2025-08-20,CLP,4.75,5.56,1.3830935584701438,-0.31898217692769265
2025-08-21,CLP,4.75,5.59,1.3397427901822652,-0.3723872939439078
2025-08-22,CLP,4.75,5.57,1.6547114255959512,-0.18356765434583613
2025-08-25,CLP,4.75,5.61,1.6360742208497618,-0.21507354039502216
2025-08-26,CLP,4.75,5.65,1.6013839988939056,-0.11759802762039755
2025-08-27,CLP,4.75,5.61,1.4530528409133052,-0.15674466377605115
2025-08-28,CLP,4.75,5.62,1.724633445928317,-0.13160671563340864
2025-08-29,CLP,4.75,5.63,1.6630565911922497,-0.15768108340516065
2025-09-01,CLP,4.75,5.64,1.6011012411242767,-0.1926613375764631
2025-09-02,CLP,4.75,5.69,1.4856891858831438,-0.17036142125006853
2025-09-03,CLP,4.75,5.66,1.6761461713125354,-0.13173683212978118
2025-09-04,CLP,4.75,5.67,1.513267150496941,0.014645272574553784
2025-09-05,CLP,4.75,5.67,1.731618952764976,0.10918487706224296
2025-09-08,CLP,4.75,5.65,1.5186080441648444,0.09647443005256387
2025-09-09,CLP,4.75,5.66,1.5791919678492037,0.051392601429647744
2025-09-10,CLP,4.75,5.68,1.4396318945343702,0.16250271578427736
2025-09-11,CLP,4.75,5.65,1.4746687004069854,0.22094665743510902
2025-09-12,CLP,4.75,5.62,1.3178851346746012,0.07676528939101683
2025-09-15,CLP,4.75,5.6,1.1404879632413638,0.007216953617934262
2025-09-16,CLP,4.75,5.6,0.9704508212648405,-0.026586996098869786
2025-09-17,CLP,4.75,5.6,1.149558685510823,-0.0724482151732763
2025-09-22,CLP,4.75,5.6,0.9476288017734543,-0.12157587746980954
2025-09-23,CLP,4.75,5.6,0.9699072266152976,-0.09050167479348108
2025-09-24,CLP,4.75,5.59,0.9463056773840224,-0.09993070863543765
2025-09-25,CLP,4.75,5.58,0.9323468131003997,-0.17655620398006258
2025-09-26,CLP,4.75,5.605,1.1401773549217948,-0.03959461363927392
2025-09-29,CLP,4.75,5.63,1.2359440203688714,-0.05080142431969591
2025-09-30,CLP,4.75,5.63,1.3149288040366869,-0.06638721832524547
2025-10-01,CLP,4.75,5.63,1.3938316022982165,-0.009619505232454924
2025-10-02,CLP,4.75,5.63,1.2411288592629433,-0.024067458798411805
2025-10-03,CLP,4.75,5.62,1.340775615321491,-0.061027323434319866
2025-10-06,CLP,4.75,5.61,1.3274095106945043,-0.08379494027276126
2025-10-07,CLP,4.75,5.6,1.3090496178077973,-0.10630434542317248
2025-10-08,CLP,4.75,5.58,1.2137410846258545,-0.07631499372949081
2025-10-09,CLP,4.75,5.58,1.0057359477972105,-0.1233797556700468
2025-10-10,CLP,4.75,5.58,0.530304937787836,-0.21782765531223292
2025-10-13,CLP,4.75,5.58,0.7734669318985469,-0.10758385590954334
2025-10-14,CLP,4.75,5.59,0.5492802714914158,-0.13488149566783705
2025-10-15,CLP,4.75,5.58,0.999716072259466,-0.14891430411900514
2025-10-16,CLP,4.75,5.57,0.45604792921054965,-0.26966205743160854
2025-10-17,CLP,4.75,5.57,0.6459944384256293,-0.1700610487113614
2025-10-20,CLP,4.75,5.57,0.888285669139314,-0.013057543332291881
2025-10-21,CLP,4.75,5.59,0.6981487632362202,0.09366771142308404
2025-10-22,CLP,4.75,5.57,0.6151491151108759,0.053725994700091956
2025-10-23,CLP,4.75,5.55,0.5618517183368554,0.005228817468386743
2025-10-24,CLP,4.75,5.55,0.5184545828150261,0.05660286672382473
2025-10-27,CLP,4.75,5.54,0.4977881296319759,0.07196539601274167
2025-10-28,CLP,4.75,5.51,0.2437322157197054,-0.006659000325221055
2025-10-29,CLP,4.75,5.535,0.38109086567117084,-0.09980890795381785
2025-10-30,CLP,4.75,5.56,0.3221930997819374,-0.05634467651134863
2025-11-03,CLP,4.75,5.55,0.2620430867729659,-0.11080341712712714
2025-11-04,CLP,4.75,5.54,-0.02175867839049691,-0.1682100129301497
2025-11-05,CLP,4.75,5.55,0.2298651247526904,-0.19337408366888323
2025-11-06,CLP,4.75,5.55,0.2554091933045209,-0.19485270305025135
2025-11-07,CLP,4.75,5.52,0.19115592175487536,-0.2562957991912841
2025-11-10,CLP,4.75,5.49,0.4199544775346666,-0.2815602780079802
2025-11-11,CLP,4.75,5.46,0.3398612386112029,-0.31618632551981873
2025-11-12,CLP,4.75,5.44,0.2687362622933206,-0.2992557460343616
2025-11-13,CLP,4.75,5.41,0.17159083713030895,-0.5327082104308718
2025-11-14,CLP,4.75,5.38,-0.06864242469541423,-0.6126316044242853
2025-11-17,CLP,4.75,5.29,-0.09447570252736891,-0.7992392470751414
2025-11-18,CLP,4.75,5.29,-0.6739461894082396,-0.8185253686660768
2025-11-19,CLP,4.75,5.32,-0.30248305459332964,-0.778271612884403
2025-11-20,CLP,4.75,5.35,-0.4303332072839947,-0.717795478921512
2025-11-21,CLP,4.75,5.336666666666666,-0.40838683489868477,-0.6194686944025967
2025-11-24,CLP,4.75,5.323333333333333,-0.09440683954079333,-0.52835878771902
2025-11-25,CLP,4.75,5.31,0.1982885126728679,-0.4495188674167126
2025-11-26,CLP,4.75,5.3149999999999995,0.27808559058285404,-0.394722324034895
2025-11-27,CLP,4.75,5.32,0.12156361653674344,-0.3941918633318858
2025-11-28,CLP,4.75,5.325,0.21842142726678707,-0.3638971662201611
2025-12-01,CLP,4.75,5.33,0.2571311541928925,-0.4936270382612045
2025-12-02,CLP,4.75,5.335,0.30634396128675073,-0.4335575672481937
2025-12-03,CLP,4.75,5.34,0.3211722491745374,-0.3913801108207172
2025-12-04,CLP,4.75,5.34,0.1559446573163313,-0.40631333290261007
2025-12-05,CLP,4.75,5.32,0.28212618568404174,-0.46520280606776326
2025-12-09,CLP,4.75,5.325,0.22795640551524202,-0.6225153596767594
2025-12-10,CLP,4.75,5.33,0.5446615295954254,-0.5091483376131978
2025-12-11,CLP,4.75,5.32,0.6345224578725255,-0.5045467139292957
2025-12-12,CLP,4.75,5.32,0.5480327803818628,-0.5646892262018643
2025-12-15,CLP,4.75,5.35,0.47760775868244415,-0.5414666325587125
2025-12-16,CLP,4.75,5.35,0.3586189595806309,-0.538862515212202
2025-12-17,CLP,4.5,5.41,0.4568045248705461,-0.49065162334648765
2025-12-18,CLP,4.5,5.39,0.48152823875644557,-0.4561556203563182
2025-12-19,CLP,4.5,5.395,0.5917567906578752,-0.37125352100830855
2025-12-22,CLP,4.5,5.4,0.5661108780858037,-0.34997185849557955
2025-12-23,CLP,4.5,5.39,0.5778721793472477,-0.4079848976103913
2025-12-24,CLP,4.5,5.41,0.6239306865137167,-0.33349499213200123
2025-12-26,CLP,4.5,5.4,0.7010518285426565,-0.3397289128812225
2025-12-29,CLP,4.5,5.41,0.5601368289690533,-0.3418436314079836
2025-12-30,CLP,4.5,5.403333333333333,0.774315851300474,-0.3871758908771831
2026-01-02,CLP,4.5,5.3966666666666665,0.7829002963221388,-0.46792517597420086
2026-01-05,CLP,4.5,5.39,0.5400055705608482,-0.4814583815354363
2026-01-06,CLP,4.5,5.39,0.8114747566934408,-0.5022838316953167
2026-01-07,CLP,4.5,5.36,0.5876542699515578,-0.5521848013867459
2026-01-08,CLP,4.5,5.33,0.5188029972744518,-0.6314833382398
2026-01-09,CLP,4.5,5.31,0.5059268328802884,-0.5877681627545425
2026-01-12,CLP,4.5,5.3149999999999995,0.4407977099383828,-0.6567402910405209
2026-01-13,CLP,4.5,5.32,0.025927973173720763,-0.6926177003522164
2026-01-14,CLP,4.5,5.31,-0.04461398084093203,-0.6921708859064467
2026-01-15,CLP,4.5,5.33,0.14120642884577617,-0.6525560538280837
2026-01-16,CLP,4.5,5.34,0.22458716432855794,-0.6964460185512663
2026-01-19,CLP,4.5,5.34,0.07979665199191456,-0.841180461272905
2026-01-20,CLP,4.5,5.34,0.11995873797911558,-0.9923289523104225
2026-01-21,CLP,4.5,5.34,0.45328215770359803,-0.8251200352624917
2026-01-22,CLP,4.5,5.34,0.20393440637375287,-0.7172232021882629
2026-01-23,CLP,4.5,5.34,-0.0737883590117009,-0.7545605583896795
2026-01-26,CLP,4.5,5.35,-0.020819175026729374,-0.7800566891833062
2026-01-27,CLP,4.5,5.34,-0.19047067111527302,-0.8914876633729435
2026-01-28,CLP,4.5,5.33,-0.1200053927343495,-0.9332250559235684
2026-01-29,CLP,4.5,5.34,-0.33962361580108696,-0.9031923433042331
2026-01-30,CLP,4.5,5.34,-0.4256308841781549,-0.9128790378022282
2026-02-02,CLP,4.5,5.35,-0.07447708011351108,-0.8659568831715465
2026-02-03,CLP,4.5,5.345,-0.10591133835596496,-0.9520393990859312
2026-02-04,CLP,4.5,5.34,-0.39345860783597897,-0.9786663589660198
2026-02-05,CLP,4.5,5.34,-0.6165097821491581,-0.9801684904972209
2026-02-06,CLP,4.5,5.34,-0.24707542912100006,-0.8515246454229327
2026-02-09,CLP,4.5,5.34,-0.30447178584699064,-0.8703600880343697
2026-02-10,CLP,4.5,5.31,-0.444307487251763,-0.8839999076038145
2026-02-11,CLP,4.5,5.307499999999999,-0.28740260496937636,-0.9141998564257433
2026-02-12,CLP,4.5,5.305,-0.45325516477572564,-0.9795463797953713
2026-02-13,CLP,4.5,5.3025,-0.5568807216237475,-0.8874941688558282
2026-02-16,CLP,4.5,5.3,-0.3741910718496918,-0.9192006410290318
2026-02-17,CLP,4.5,5.28,-0.32624838526949135,-0.8955256806306718
2026-02-18,CLP,4.5,5.28,-0.2015753981006065,-0.908621943184853
2026-02-19,CLP,4.5,5.29,-0.5769255570130027,-0.8548732486535247
2026-02-20,CLP,4.5,5.28,-0.31098568181835096,-0.8540963400143342
2026-02-23,CLP,4.5,5.28,-0.39595981531393903,-0.8618018774013251
2026-02-24,CLP,4.5,5.2725,-0.2785479440720778,-0.821686557207995
2026-02-25,CLP,4.5,5.265000000000001,-0.18148517716153081,-0.8216906148494335
2026-02-26,CLP,4.5,5.2575,-0.3334205095289619,-0.8482002693338409
2026-02-27,CLP,4.5,5.25,-0.3805986647674599,-0.800181141945794
2026-03-02,CLP,4.5,5.27,-0.43709874328763937,-0.898304970232333
2026-03-03,CLP,4.5,5.285,-0.44362326018181664,-0.9516832900408566
2026-03-04,CLP,4.5,5.3,0.2724646560322399,-0.8838796043650028
2026-03-05,CLP,4.5,5.325,-0.44290398992859625,-0.9618980318171003
2026-03-06,CLP,4.5,5.35,-0.671565898946692,-1.0881521340139606
2026-03-09,CLP,4.5,5.375,-0.3178700883815848,-0.8908430092224745
2026-03-10,CLP,4.5,5.4,0.05851798452402373,-0.9467425048430096
2026-03-11,CLP,4.5,5.4,-0.6080690624003943,-0.991978618429408
2026-03-12,CLP,4.5,5.44,-0.8603939719588003,-1.0638558511000589
2026-03-13,CLP,4.5,5.46,-0.5990241669556705,-1.0066303887272012
2026-03-16,CLP,4.5,5.53,-0.23529075034788544,-0.7254350959441938
2026-03-17,CLP,4.5,5.49,-0.4067559144819262,-0.760505328381709
2026-03-18,CLP,4.5,5.54,-0.6129538808180488,-0.8484852706781519
2026-03-19,CLP,4.5,5.66,-0.5094515252284048,-0.6071807851435477
2026-03-20,CLP,4.5,5.66,-0.3683852447608573,-0.8963988224325461
2026-03-23,CLP,4.5,5.73,-0.3103678672337265,-0.7479880520729977
2026-03-24,CLP,4.5,5.74,-0.685976190613217,-0.7495923188977347
2026-03-25,CLP,4.5,5.75,-0.4368343472075444,-0.6632472414734472
2026-03-26,CLP,4.5,5.67,-0.6777768027141102,-0.926003158962512
2026-03-27,CLP,4.5,5.69,-0.5911951050206292,-1.0012241891537557
2026-03-30,CLP,4.5,5.65,-0.5494508046519708,-0.9600980822320915
2026-03-31,CLP,4.5,5.62,-0.38142929900408595,-0.8046358060472453
2026-04-01,CLP,4.5,5.56,-0.29428728874566,-0.9249949740217784
2026-04-02,CLP,4.5,5.56,-0.9124324552390959,-0.8517842252083977
2026-04-06,CLP,4.5,5.5649999999999995,-0.8069310803027436,-0.9003538875023198
2026-04-07,CLP,4.5,5.57,-1.1348694982064598,-0.9636393073488758
2026-04-08,CLP,4.5,5.51,0.03262117907281897,-0.9270796228702746
2026-04-09,CLP,4.5,5.45,-0.8206727315338681,-0.9237324133261048
2026-04-10,CLP,4.5,5.46,-0.6115330630817338,-0.9551513099169847
2026-04-13,CLP,4.5,5.43,-0.903014071420273,-0.958085819567138
2026-04-14,CLP,4.5,5.39,-0.31447295015784626,-0.9732455468507375
2026-04-15,CLP,4.5,5.36,-0.7652962143480362,-1.035124995949451
2026-04-16,CLP,4.5,5.39,-0.7280584682194811,-1.0109307243061987
2026-04-17,CLP,4.5,5.34,-0.5671834903589562,-1.0122890468115606
2026-04-20,CLP,4.5,5.34,-1.114560238210105,-1.0512940154929775
2026-04-21,CLP,4.5,5.38,-0.9920779887781728,-1.0640079329649736
2026-04-22,CLP,4.5,5.42,-0.8978421255271022,-0.9693571577694721
2026-04-23,CLP,4.5,5.46,-0.9539699784221685,-0.9404810661746034
2026-04-24,CLP,4.5,5.496666666666667,-0.9092306258437345,-0.8402691467063537
2026-04-27,CLP,4.5,5.533333333333333,-0.7394395527986529,-0.8225936138509383
2026-04-28,CLP,4.5,5.57,-0.8712551170662106,-0.7332685039072702
2026-04-29,CLP,4.5,5.58,-0.9668391016442159,-0.8685559142983167
2026-04-30,CLP,4.5,5.61,-0.6900917848942872,-0.6487513056706578
2026-05-04,CLP,4.5,5.67,-0.8199292533522652,-0.7258861554496705
2026-05-05,CLP,4.5,5.67,-0.5099777415211455,-0.6566124760514703
2026-05-06,CLP,4.5,5.62,-0.5198739790835607,-0.7068443636694166
2026-05-07,CLP,4.5,5.6,-0.7331748682260248,-0.7900091315632458
2026-05-08,CLP,4.5,5.56,-1.0435558858398246,-0.8157636268474115
2026-05-11,CLP,4.5,5.52,-1.037342364413626,-1.0183281823442392
2026-05-12,CLP,4.5,5.55,-0.9142224824418433,-1.0031286584633539
2026-05-13,CLP,4.5,5.53,-0.6782885976162293,-1.0626346809487277
2026-05-14,CLP,4.5,5.53,-1.0519154952238967,-1.053948223229859
2026-05-15,CLP,4.5,5.53,-1.1722601993938613,-1.1904303215928584
2026-05-18,CLP,4.5,5.55,-0.7242254619157761,-1.160574028687226
2026-05-19,CLP,4.5,5.58,-0.8883471459285263,-1.2251106004002472
2026-05-20,CLP,4.5,5.63,-0.6058785437125603,-1.029064533661189
2026-05-22,CLP,4.5,5.62,-0.7895983448204261,-0.9708381703418886
2026-05-25,CLP,4.5,5.56,-0.6530052603334334,-1.0366909247215552
2026-05-26,CLP,4.5,5.57,-0.8831085949525941,-0.9885560926197712
2026-05-27,CLP,4.5,5.58,-0.6935772659053855,-0.9437010246733751
2026-05-28,CLP,4.5,5.52,-0.7446484750555669,-0.9442382578264777
2026-05-29,CLP,4.5,5.53,-0.7197209052822249,-0.9074738101232633
2026-06-01,CLP,4.5,5.57,-1.0151661159175427,-0.9254471494999611
2025-01-02,COP,9.5,11.823,0.8419161726768329,0.19927146454346903
2025-01-03,COP,9.5,11.727,1.0471733473717417,0.2217097131395145
2025-01-06,COP,9.5,11.651,1.147868916946047,0.034313667174547674
2025-01-07,COP,9.5,11.575,1.1234087079906723,-0.18730232040111755
2025-01-08,COP,9.5,11.559,0.8417077717511597,-0.337440001163645
2025-01-09,COP,9.5,11.518,0.8560059187264739,-0.40003446510802304
2025-01-10,COP,9.5,11.524,0.7928624757904879,-0.5271496980986767
2025-01-13,COP,9.5,11.681,0.680753331309643,-0.26652432128130216
2025-01-14,COP,9.5,11.673,0.6735482348218585,-0.25469989578996616
2025-01-15,COP,9.5,11.578,0.6415233617985038,0.06410919641327988
2025-01-16,COP,9.5,11.593,0.3788805421808629,0.21525102988419817
2025-01-17,COP,9.5,11.612,0.6988692653919503,0.23959207942983798
2025-01-20,COP,9.5,11.534500000000001,0.6981606399449362,0.13385886462544389
2025-01-21,COP,9.5,11.457,0.6862773135912947,-0.0015444622939138307
2025-01-22,COP,9.5,11.404,0.7828541732909058,-0.05260408056591331
2025-01-23,COP,9.5,11.358,0.640026014436525,-0.20495594735587028
2025-01-24,COP,9.5,11.21,0.4854765500356528,-0.3984193631111761
2025-01-27,COP,9.5,11.276,-0.10048577338815869,-0.4739101838119753
2025-01-28,COP,9.5,11.353,-0.0074767324010041845,-0.27070041845231363
2025-01-29,COP,9.5,11.384,-0.012804018307407695,-0.3098853690034702
2025-01-30,COP,9.5,11.366,-0.04387445697763556,-0.1623777622162156
2025-01-31,COP,9.5,11.446,-0.29995313497107534,-0.24088755527329134
2025-02-03,COP,9.5,11.487,-0.4278440720427133,-0.1754256058927879
2025-02-04,COP,9.5,11.373,-0.049150263142172385,-0.39325304419289475
2025-02-05,COP,9.5,11.356,-0.29809019722999025,-0.28249178614071585
2025-02-06,COP,9.5,11.35,-0.20792650351684072,-0.2962390067640975
2025-02-07,COP,9.5,11.394,-0.32592620902703445,-0.3188956252434701
2025-02-10,COP,9.5,11.437,-0.44669385683394425,-0.15262537678015956
2025-02-11,COP,9.5,11.494,-0.38385627148905577,-0.14021399465089648
2025-02-12,COP,9.5,11.632,-0.1511468432166185,0.012870892673209382
2025-02-13,COP,9.5,11.615,-0.07138395986114655,0.16285768397216513
2025-02-14,COP,9.5,11.653,-0.07697987187955173,0.3795322336933658
2025-02-17,COP,9.5,11.654,-0.3749216782567763,0.36229078877139076
2025-02-18,COP,9.5,11.655,-0.25309959840263535,0.28728897800491954
2025-02-19,COP,9.5,11.642,-0.19697332906033616,0.25886105296263395
2025-02-20,COP,9.5,11.627,-0.307880158402876,0.1779015846152479
2025-02-21,COP,9.5,11.584,-0.7151903368099316,-0.03281153685966139
2025-02-24,COP,9.5,11.559,-0.8696699302782824,-0.09946890869043447
2025-02-25,COP,9.5,11.568,-0.9694975908958369,-0.019667950900197705
2025-02-26,COP,9.5,11.513,-0.9238851493366448,0.02607877894086715
2025-02-27,COP,9.5,11.491,-1.1372918795453388,-0.1433456858054402
2025-02-28,COP,9.5,11.447,-1.2756194513532184,-0.10838108661257524
2025-03-03,COP,9.5,11.455,-1.372818272254318,-0.16229171258971198
2025-03-04,COP,9.5,11.419,-1.3529909428430487,-0.3240699369097553
2025-03-05,COP,9.5,11.399,-0.8838605306991506,-0.20879172543423513
2025-03-06,COP,9.5,11.404,-0.99213242466411,-0.5407160691074764
2025-03-07,COP,9.5,11.439,-1.0361274992037943,-0.45581558504883435
2025-03-10,COP,9.5,11.504,-1.392329129316965,-0.4573484103653993
2025-03-11,COP,9.5,11.526,-1.0892079675979838,-0.524762637519497
2025-03-12,COP,9.5,11.56,-1.0251124768553652,-0.347111400862528
2025-03-13,COP,9.5,11.59,-1.5091117477602711,-0.3974732129311033
2025-03-14,COP,9.5,11.623,-1.2221341240735004,-0.25281016319968974
2025-03-17,COP,9.5,11.704,-1.2054505069993808,-0.17176996103057104
2025-03-18,COP,9.5,11.885,-1.5351190118068638,-0.013474629236351326
2025-03-19,COP,9.5,12.003,-1.2595245212144743,0.40485100088979303
2025-03-20,COP,9.5,12.011,-1.3136151107846938,0.40036601754096673
2025-03-21,COP,9.5,11.853,-1.0857163408065247,0.10322556883667584
2025-03-24,COP,9.5,11.8925,-0.9119082707576374,0.14908772396652656
2025-03-25,COP,9.5,11.932,-0.7864005476531875,0.2373925141723997
2025-03-26,COP,9.5,12.018,-1.3185375662774208,0.23558999179662907
2025-03-27,COP,9.5,12.157,-1.2788737411046887,0.34131825568350344
2025-03-28,COP,9.5,12.277,-1.4249765641794483,0.3277547174830523
2025-03-31,COP,9.5,12.254,-1.195251886833704,0.2849166701587929
2025-04-01,COP,9.5,12.142,-1.212793106521795,0.3416894501954615
2025-04-02,COP,9.5,12.091,-1.29314760616295,0.40769295873495953
2025-04-03,COP,9.5,12.026,-1.3491345586720238,-0.3107308111908274
2025-04-04,COP,9.5,11.97,-2.208850361538166,-1.0197371934712123
2025-04-07,COP,9.5,12.109,-1.344741643349331,-1.2268226944203398
2025-04-08,COP,9.5,12.18,-0.6528532543494495,-1.4410674665468148
2025-04-09,COP,9.5,12.083,0.43438646302843126,-0.7122679007411037
2025-04-10,COP,9.5,12.146,0.6679353216071462,-1.3603554167050012
2025-04-11,COP,9.5,12.612,1.0532957023201839,-0.9644995284343886
2025-04-14,COP,9.5,12.62,0.752299274556705,-0.6183289656789239
2025-04-15,COP,9.5,12.576,0.42695315052566174,-0.8198964205178445
2025-04-16,COP,9.5,12.542,0.5475169950998346,-1.2801279084535286
2025-04-17,COP,9.5,12.5335,0.3478284919854329,-1.1162177486499303
2025-04-21,COP,9.5,12.525,0.21543524439545086,-1.38050629930279
2025-04-22,COP,9.5,12.386,0.40735221433201774,-1.4174516919504732
2025-04-23,COP,9.5,12.253,0.40628587412478756,-1.297415267383854
2025-04-24,COP,9.5,12.142,0.5658484431894365,-1.2561451871936695
2025-04-25,COP,9.5,12.144,0.30344694830969376,-0.938779119701956
2025-04-28,COP,9.5,12.294,0.13711802707515938,-0.9225668190270606
2025-04-29,COP,9.5,12.306,-0.046750371666540017,-0.6744655198536796
2025-04-30,COP,9.25,12.348,-0.21937456520686924,-0.6724842916589866
2025-05-02,COP,9.25,12.339,0.20171722741912293,-0.7947576015844406
2025-05-05,COP,9.25,12.354,0.5001957444967269,-0.881847580103941
2025-05-06,COP,9.25,12.298,0.5641609963657562,-0.8610651750579225
2025-05-07,COP,9.25,12.19,0.5707813353354083,-0.9763567962730351
2025-05-08,COP,9.25,12.178,0.6454833906078601,-0.9039057989685763
2025-05-09,COP,9.25,12.209,0.45573633697590654,-0.8371603719534464
2025-05-12,COP,9.25,12.261,0.20494796315657104,-0.08833749212881531
2025-05-13,COP,9.25,12.283,0.2587570382864999,0.09879194304740595
2025-05-14,COP,9.25,12.295,0.5134704696410829,-0.15207421362510565
2025-05-15,COP,9.25,12.246,0.23871103845867203,-0.2071331579410722
2025-05-16,COP,9.25,12.198,0.27861496094013216,-0.23477391568422715
2025-05-19,COP,9.25,12.239,0.4535192929350564,-0.20614293184122054
2025-05-20,COP,9.25,12.215,0.4317738258916662,-0.2318799062778571
2025-05-22,COP,9.25,12.316,0.4837925444508518,-0.22896758507706383
2025-05-23,COP,9.25,12.367,0.5874532703613734,-0.20886555179644556
2025-05-26,COP,9.25,12.343,0.6515803653782163,-0.184343126785551
2025-05-27,COP,9.25,12.337,0.501340239568863,0.04095656374326609
2025-05-28,COP,9.25,12.379,0.2753319150424818,0.08937460706644823
2025-05-29,COP,9.25,12.381,0.1011650670251763,0.1764883960611563
2025-05-30,COP,9.25,12.373,-0.013173597933240237,0.10745325971587355
2025-06-02,COP,9.25,12.372,0.6370489391801816,0.05789340098291967
2025-06-03,COP,9.25,12.371,0.6342999952508428,0.2582721336232599
2025-06-04,COP,9.25,12.381,0.46545385583204946,0.3299375076920661
2025-06-05,COP,9.25,12.405,0.4052690862680843,0.12379254414031683
2025-06-06,COP,9.25,12.518,0.45922995593735544,0.11126988308530418
2025-06-09,COP,9.25,12.655,0.7388434441023045,0.23676142843314618
2025-06-10,COP,9.25,12.683,0.757658700209296,0.29517811563643787
2025-06-11,COP,9.25,12.778,1.0222307666217911,0.4850990165042487
2025-06-12,COP,9.25,12.776,1.297111502678989,0.5809994561794908
2025-06-13,COP,9.25,12.733,1.3007172058088081,0.4330457942085154
2025-06-16,COP,9.25,12.644,1.3389118568221237,0.3541942674816799
2025-06-17,COP,9.25,12.515,1.084239147277857,0.08495691105270177
2025-06-18,COP,9.25,12.298,0.8872738936928968,-0.1686203208788184
2025-06-19,COP,9.25,12.279666666666667,0.6934529119652106,-0.2062743476644973
2025-06-23,COP,9.25,12.261333333333333,0.31337914552262425,-0.1497966676419023
2025-06-24,COP,9.25,12.243,0.3869238977934343,-0.07540129246461791
2025-06-25,COP,9.25,12.27,0.35849974512855487,-0.02856273163624899
2025-06-26,COP,9.25,12.245,0.5633456797923897,-0.043169809318042436
2025-06-27,COP,9.25,12.256,0.4458889421471494,-0.10869864996599213
2025-06-30,COP,9.25,12.2695,0.5828712205925535,0.051395330246524144
2025-07-01,COP,9.25,12.283,0.7217103676690186,0.07269898913736109
2025-07-02,COP,9.25,12.22,0.707186181353827,0.05796319054064524
2025-07-03,COP,9.25,12.159,0.6376471814904227,0.31833037908724926
2025-07-04,COP,9.25,12.193000000000001,0.5042019019894065,0.323048277613567
2025-07-07,COP,9.25,12.227,0.43168418299818573,0.3178929352671082
2025-07-08,COP,9.25,12.254,0.5682203181601979,0.16570383317049234
2025-07-09,COP,9.25,12.182,0.7242943393445744,0.3366897943680664
2025-07-10,COP,9.25,12.122,0.5367843645653846,0.2435850139104736
2025-07-11,COP,9.25,12.103,0.5734604131828819,0.13391009146581717
2025-07-14,COP,9.25,11.997,0.5589261668209959,-0.08629075647926017
2025-07-15,COP,9.25,11.878,0.5998718209682554,-0.21613013959591884
2025-07-17,COP,9.25,11.674,0.592446488674004,-0.4709755917388121
2025-07-18,COP,9.25,11.543,0.5453031658018299,-0.5267831431347286
2025-07-21,COP,9.25,11.521,0.5657466424125338,-0.48989670367612265
2025-07-22,COP,9.25,11.695,0.662232594792209,-0.19285037938439126
2025-07-23,COP,9.25,11.733,0.8472111705360518,-0.004941244920409476
2025-07-24,COP,9.25,11.779,0.8590192360737806,0.0908775762111989
2025-07-25,COP,9.25,11.783,0.795156877114903,0.11163007495126877
2025-07-28,COP,9.25,11.851,1.0056558934105626,0.28131974561867873
2025-07-29,COP,9.25,11.765,1.1593127293093928,0.2262093603526159
2025-07-30,COP,9.25,11.835,1.0633982306963443,0.2511189631871777
2025-07-31,COP,9.25,11.917,1.1104397771797507,0.4542658945610399
2025-08-01,COP,9.25,11.983,0.8541282078778064,0.2532063708051551
2025-08-04,COP,9.25,11.937,0.8379254141308714,0.47708017889508697
2025-08-05,COP,9.25,11.708,0.6141561141539484,0.10532893221953352
2025-08-06,COP,9.25,11.659,0.7533430679060524,0.05873105046417788
2025-08-07,COP,9.25,11.721,0.6702923958186606,0.1801694674275627
2025-08-08,COP,9.25,11.783,0.7091780755703443,0.31371252299813074
2025-08-11,COP,9.25,11.818,0.6049192362515048,0.4995859327685492
2025-08-12,COP,9.25,11.73,0.6437216842682417,0.6457114653550297
2025-08-13,COP,9.25,11.741,0.5651445280309252,0.7455679650673266
2025-08-14,COP,9.25,11.77,0.5729213727673973,0.7565504570759565
2025-08-18,COP,9.25,11.7775,0.5214509554941945,0.7452955921522731
2025-08-19,COP,9.25,11.785,0.27945102556119356,0.7416835354094793
2025-08-20,COP,9.25,11.699,0.3015093894784994,0.5740170467163256
2025-08-21,COP,9.25,11.704,0.3274067011962658,0.4733840055272396
2025-08-22,COP,9.25,11.605,0.28208579774303033,0.6051501268142689
2025-08-25,COP,9.25,11.474,0.3173872324253046,0.2732978681706025
2025-08-26,COP,9.25,11.458,0.2994556767062141,0.20916339908970685
2025-08-27,COP,9.25,11.472,0.3813666948506693,0.16509111606539026
2025-08-28,COP,9.25,11.404,0.508807454878664,0.5363852508615485
2025-08-29,COP,9.25,11.351,0.2676204254079294,0.3469893817315654
2025-09-01,COP,9.25,11.382000000000001,0.3872020484808025,0.33690333637706193
2025-09-02,COP,9.25,11.413,0.32613202380641776,0.3455743070551123
2025-09-03,COP,9.25,11.509,0.3374704925335583,0.6059331131828135
2025-09-04,COP,9.25,11.576,0.11680916499520702,0.8523690364432401
2025-09-05,COP,9.25,11.532,0.019091231996914076,1.2518660400651915
2025-09-08,COP,9.25,11.507,-0.038896930941205665,1.305212275490837
2025-09-09,COP,9.25,11.408,-0.03642593202338569,1.275115292547072
2025-09-10,COP,9.25,11.297,-0.19867911319934087,1.4913723081623587
2025-09-11,COP,9.25,11.208,-0.25475841916786496,1.4691475902729165
2025-09-12,COP,9.25,11.244,-0.19687352771038472,1.393649796135198
2025-09-15,COP,9.25,11.274,0.10140609782872326,1.3226269063480722
2025-09-16,COP,9.25,11.193,0.14482225113394823,1.049327181939086
2025-09-17,COP,9.25,11.138,0.01388596427446522,0.8110260628529152
2025-09-22,COP,9.25,11.181,0.39110018959120163,1.0074726606851145
2025-09-23,COP,9.25,11.159,0.10509899816065629,1.035166835096572
2025-09-24,COP,9.25,11.196,-0.05897980211500422,1.0556694529085215
2025-09-25,COP,9.25,11.267,0.11326314092471866,1.0009497805676189
2025-09-26,COP,9.25,11.288,0.07624494356435237,1.0382920714250417
2025-09-29,COP,9.25,11.292,0.25561826480112304,0.8362989121194961
2025-09-30,COP,9.25,11.341,0.2861499248884884,0.8785675656161681
2025-10-01,COP,9.25,11.338,0.3868500963797475,0.9355122462766006
2025-10-02,COP,9.25,11.336,0.2092046019947015,0.9485948942679431
2025-10-03,COP,9.25,11.359,0.2021019763780176,1.0684110647876537
2025-10-06,COP,9.25,11.399,0.0869097538649598,1.1854195070714824
2025-10-07,COP,9.25,11.392,-0.18721588591670232,1.150270868518583
2025-10-08,COP,9.25,11.449,-0.03957820819947523,1.3526541739040718
2025-10-09,COP,9.25,11.478,-0.07827068766773318,1.2336852253952888
2025-10-10,COP,9.25,11.578,-0.3375605800511723,1.1571400654386947
2025-10-13,COP,9.25,11.552,-0.11070764632302953,1.2207106788838513
2025-10-14,COP,9.25,11.526,-0.13249330989201832,1.0211040663907869
2025-10-15,COP,9.25,11.5,0.13675197794811964,1.038570167882629
2025-10-16,COP,9.25,11.498,0.22851118698140363,1.0337414127776294
2025-10-17,COP,9.25,11.516,-0.1904541541431642,1.1748732490038865
2025-10-20,COP,9.25,11.572,-0.6013836829435377,1.3654828024354246
2025-10-21,COP,9.25,11.593,-0.5716981801305214,1.5283474716468815
2025-10-22,COP,9.25,11.623,-0.6289834538210791,1.5205830289273368
2025-10-23,COP,9.25,11.699,-0.31795395212755934,1.9160953599281503
2025-10-24,COP,9.25,11.675,-0.3747144549066129,1.8445842461773805
2025-10-27,COP,9.25,11.61,-0.5364032059416255,1.805826045416595
2025-10-28,COP,9.25,11.627,-0.5678818446187966,1.8119186389183866
2025-10-29,COP,9.25,11.637,-0.1532280748323328,1.7920668415024594
2025-10-30,COP,9.25,11.684,-0.39421385110952584,1.7815605501180842
2025-11-03,COP,9.25,11.663,-0.45480540135262765,1.7842926632727392
2025-11-04,COP,9.25,11.642,-0.7276478240693663,1.6516855695255719
2025-11-05,COP,9.25,11.702,-0.572561984710007,1.8405994908598982
2025-11-06,COP,9.25,11.691,-0.8899538206313816,1.7945789965023202
2025-11-07,COP,9.25,11.711,-1.0567383806709236,1.825845398459295
2025-11-10,COP,9.25,11.741,-0.8595621036534113,2.058070695018294
2025-11-11,COP,9.25,11.7975,-1.0291132059190955,2.142708376988585
2025-11-12,COP,9.25,11.854,-1.0499441685720174,2.4031243687258628
2025-11-13,COP,9.25,11.969,-1.4039244151262187,2.3271265022923457
2025-11-14,COP,9.25,12.113,-1.3674852938589181,2.400450845814816
2025-11-17,COP,9.25,12.132,-1.142665039417558,2.5816877336368935
2025-11-18,COP,9.25,12.151,-1.1810490017942763,2.517313237570493
2025-11-19,COP,9.25,12.259,-1.298910217329188,2.633635451393943
2025-11-20,COP,9.25,12.267,-1.8247884440307791,2.4145976939852485
2025-11-21,COP,9.25,12.345,-1.8175289413491802,2.480745693027148
2025-11-24,COP,9.25,12.382,-1.1946467424051581,2.473748355407409
2025-11-25,COP,9.25,12.422,-1.3298150706963738,2.308162869659577
2025-11-26,COP,9.25,12.646,-1.170421655406675,2.6701968123628297
2025-11-27,COP,9.25,12.584,-1.2715118709336035,2.5666848322679106
2025-11-28,COP,9.25,12.522,-1.3195726185589023,2.608998025584225
2025-12-01,COP,9.25,12.536,-1.2510204096083881,2.455843170697138
2025-12-02,COP,9.25,12.524,-1.181234477079977,2.62627454171003
2025-12-03,COP,9.25,12.349,-0.9435908799419414,2.4101551203353773
2025-12-04,COP,9.25,12.133,-1.0779431344523107,2.0213930770155284
2025-12-05,COP,9.25,12.049,-1.2225576740498785,1.8891023063012238
2025-12-09,COP,9.25,12.225,-0.6767259413520842,1.5852045482685728
2025-12-10,COP,9.25,12.54,-0.5535759408579949,2.172150005577005
2025-12-11,COP,9.25,12.483,-0.4933228307604787,2.2229672798545193
2025-12-12,COP,9.25,12.443,-0.8381682138069108,2.1163852178533173
2025-12-15,COP,9.25,12.38,-1.0310301017110644,2.016028476742796
2025-12-16,COP,9.25,12.39,-0.8634524895065468,1.9608120409517877
2025-12-17,COP,9.25,12.462,-0.865005334276459,1.9534705809058535
2025-12-18,COP,9.25,12.504,-0.6828169131685412,2.1060364281452713
2025-12-19,COP,9.25,12.317,-0.5870117676715244,2.029557237092626
2025-12-22,COP,9.25,11.794,-0.7651543274952267,1.5433744183549238
2025-12-23,COP,9.25,11.808,-0.786353434113821,1.5398595627129341
2025-12-24,COP,9.25,11.895,-1.0240918922209503,1.6205070343178611
2025-12-26,COP,9.25,11.984,-1.4323286095386079,1.7807813476764989
2025-12-29,COP,9.25,12.416,-1.527903489126778,2.4547149232110304
2025-12-30,COP,9.25,12.618,-1.619053464219985,2.447943221963598
2026-01-02,COP,9.25,12.711,-1.4033775730881246,2.3946613119942763
2026-01-05,COP,9.25,12.635,-1.1623194690616208,2.3099348019263597
2026-01-06,COP,9.25,12.457,-1.0967160306863502,2.1509166772863684
2026-01-07,COP,9.25,12.52,-1.4672500025937698,2.2100181456515564
2026-01-08,COP,9.25,12.547,-1.4059365020534136,2.2432629810577063
2026-01-09,COP,9.25,12.513,-1.4489157896542022,2.2620163362286188
2026-01-12,COP,9.25,12.483,-1.2786974127537811,2.2673495215372754
2026-01-13,COP,9.25,12.453,-1.2586606525395494,2.1852100398347276
2026-01-14,COP,9.25,12.205,-1.6846850528399369,1.9241963912328433
2026-01-15,COP,9.25,12.019,-1.8382540439412076,1.844326711226333
2026-01-16,COP,9.25,12.032,-1.5439422883297322,1.8308642182869679
2026-01-19,COP,9.25,12.039,-1.2877804944868503,1.732620783189674
2026-01-20,COP,9.25,12.046,-1.0756294298734503,1.521606631272344
2026-01-21,COP,9.25,12.207,-1.279765988304493,1.8919584156932914
2026-01-22,COP,9.25,12.247,-1.3094968773614648,2.0770943410856555
2026-01-23,COP,9.25,12.197,-1.350300081935032,1.972344250966248
2026-01-26,COP,9.25,12.315,-1.0549256805646035,1.98753234063824
2026-01-27,COP,9.25,12.354,-0.48585883304678346,1.8730597048139155
2026-01-28,COP,9.25,12.316,-0.2658264960627507,1.748277840440415
2026-01-29,COP,9.25,12.335,-0.3979213234540408,1.8636941132337157
2026-01-30,COP,10.25,12.389,-0.932610602055166,1.9708867255624332
2026-02-02,COP,10.25,12.372,-1.2124567205196841,1.9662202683831274
2026-02-03,COP,10.25,12.442,-1.3460239617408305,2.0169293651080835
2026-02-04,COP,10.25,12.571,-1.4073707648027307,2.4024028939919093
2026-02-05,COP,10.25,12.632,-1.771883763178083,2.2966963469796684
2026-02-06,COP,10.25,12.639,-1.259738300900624,2.4961835732845543
2026-02-09,COP,10.25,12.655,-1.0327260974514783,2.602758853974504
2026-02-10,COP,10.25,12.727,-1.2559912566325075,2.7305564203635884
2026-02-11,COP,10.25,12.794,-1.1046728697893802,2.7595380870810957
2026-02-12,COP,10.25,12.747,-1.3932784023181135,2.63983885380554
2026-02-13,COP,10.25,12.614,-1.450897384053145,2.5236026924151354
2026-02-16,COP,10.25,12.721,-1.4910133871417734,2.6602371677853833
2026-02-17,COP,10.25,12.828,-1.6472298511616885,2.86218830249403
2026-02-18,COP,10.25,12.931,-1.3359922419810975,2.9840212420154635
2026-02-19,COP,10.25,13.051,-1.4237217219422629,3.1589148398778826
2026-02-20,COP,10.25,13.104,-1.1801320379897975,3.2318515617965606
2026-02-23,COP,10.25,13.397,-1.1864231026050984,3.6087542628132803
2026-02-24,COP,10.25,13.517,-1.2702210677096855,3.9412378861494144
2026-02-25,COP,10.25,13.449,-1.1340021678925667,3.739075114793406
2026-02-26,COP,10.25,13.546,-1.2978848990832943,3.5705639781421383
2026-02-27,COP,10.25,13.413,-1.094236309966771,3.1358019886327475
2026-03-02,COP,10.25,13.462,-0.8227334446489598,3.110565251037271
2026-03-03,COP,10.25,13.522,-1.04431474424504,3.0934307960380507
2026-03-04,COP,10.25,13.391,-0.7160461358086966,3.0832970936956583
2026-03-05,COP,10.25,13.264,-0.8561951321877068,2.6782115587137696
2026-03-06,COP,10.25,13.318,-0.6374242145584185,2.4227187701733985
2026-03-09,COP,10.25,13.23,-0.40889888176702954,2.6180199111412774
2026-03-10,COP,10.25,13.061,-0.7291302898061494,2.6051883584402784
2026-03-11,COP,10.25,13.134,-1.0352435360574233,2.704210542560379
2026-03-12,COP,10.25,13.256,-1.1670618303036446,2.7050383534769153
2026-03-13,COP,10.25,13.291,-1.364336886167895,2.8024386627428384
2026-03-16,COP,10.25,13.179,-1.6351777899047708,2.885075984893373
2026-03-17,COP,10.25,13.062,-1.4738556979111428,2.7370624729280024
2026-03-18,COP,10.25,12.987,-1.7086864503637293,2.5397572596564664
2026-03-19,COP,10.25,12.996,-1.9181461683199026,2.5114889623468635
2026-03-20,COP,10.25,13.055,-1.8414874181793173,2.3314622585305123
2026-03-23,COP,10.25,13.0095,-1.6759033403458319,2.4421117870785496
2026-03-24,COP,10.25,12.964,-1.705615770542145,2.2599644452077485
2026-03-25,COP,10.25,12.933,-1.7157454868643118,2.330654481669826
2026-03-26,COP,10.25,12.923,-1.939026254873757,2.0963468056137713
2026-03-27,COP,10.25,12.852,-2.1124304572607886,1.810256856654268
2026-03-30,COP,10.25,12.79,-2.35205367077333,1.7316943395806763
2026-03-31,COP,11.25,12.83,-2.082156775228709,1.9903110819129082
2026-04-01,COP,11.25,12.885,-1.8368630692486112,2.1382841914360537
2026-04-02,COP,11.25,12.901499999999999,-1.6982376970705213,2.1790918319510197
2026-04-06,COP,11.25,12.918,-1.6878070028044028,2.210654238425256
2026-04-07,COP,11.25,12.934,-1.5967629960553367,2.107187195369368
2026-04-08,COP,11.25,12.873,-1.4026893501630024,2.4830802278840363
2026-04-09,COP,11.25,12.816,-1.645843180790166,2.6090275764445163
2026-04-10,COP,11.25,12.743,-1.5877253594663008,2.5337761182591474
2026-04-13,COP,11.25,12.757,-1.597162247354608,2.7061754853974245
2026-04-14,COP,11.25,12.695,-1.5839619774649156,2.906984075623295
2026-04-15,COP,11.25,12.693,-1.7149817675839976,3.186240050540937
2026-04-16,COP,11.25,12.754,-1.4546458881413356,3.294486461325047
2026-04-17,COP,11.25,12.669,-1.4320763610619138,3.341244204988584
2026-04-20,COP,11.25,12.666,-1.5094643107757457,3.3568808312795513
2026-04-21,COP,11.25,12.691,-1.6973541483892804,3.196055403202007
2026-04-22,COP,11.25,12.786,-1.5181324567561092,3.3280427022124357
2026-04-23,COP,11.25,12.878,-1.6292002762611377,3.514092728439458
2026-04-24,COP,11.25,12.907,-1.5973538440317168,3.311263095827087
2026-04-27,COP,11.25,13.156,-1.5842706260647472,3.6934628159096055
2026-04-28,COP,11.25,13.03,-1.5767073041484851,3.401800124838348
2026-04-29,COP,11.25,13.106,-1.0644551593189764,3.423614609116315
2026-04-30,COP,11.25,13.129,-1.2096999342856205,3.640733526187906
2026-05-04,COP,11.25,13.18,-0.8933301871990371,3.519287764169213
2026-05-05,COP,11.25,13.365,-0.5088982554949405,4.040176391028979
2026-05-06,COP,11.25,13.375,-0.0637884413872961,3.972180388678281
2026-05-07,COP,11.25,13.427,-0.19870335587697008,3.745128002145291
2026-05-08,COP,11.25,13.564,0.0646813629292025,4.085602960554738
2026-05-11,COP,11.25,13.521,0.4197980715281864,3.919972263698738
2026-05-12,COP,11.25,13.516,0.3875923264346954,3.8789845248206913
2026-05-13,COP,11.25,13.672,0.5057752403364562,4.02554088606743
2026-05-14,COP,11.25,13.687,0.6006367363931309,3.8922519528606347
2026-05-15,COP,11.25,13.987,0.3307140340281089,4.199088662074781
2026-05-18,COP,11.25,14.1465,0.37757732667684646,4.439605405386116
2026-05-19,COP,11.25,14.306,0.2927603684644947,4.540982584341724
2026-05-20,COP,11.25,14.039,0.16721543064986438,4.235045549847225
2026-05-22,COP,11.25,13.68,-0.5010436606990091,4.019928653339978
2026-05-25,COP,11.25,13.471,-0.64103106488191,3.750860763625097
2026-05-26,COP,11.25,13.364,-0.6381729188294485,3.7975889203618105
2026-05-27,COP,11.25,13.441,-1.0272337436125392,3.9602493103563297
2026-05-28,COP,11.25,13.317,-1.09993233865444,3.8361248906694985
2026-05-29,COP,11.25,13.245,-0.9549680857905241,3.643002059685734
2026-06-01,COP,11.25,12.554,-0.6272998455784593,3.271052936696173
2025-01-02,MXN,10,10.31,0.33030163582248206,0.3576690675285085
2025-01-03,MXN,10,10.383,0.16782222334982685,0.4897718581906607
2025-01-06,MXN,10,10.383,0.2858074189972248,0.49630333195376075
2025-01-07,MXN,10,10.303,0.298906212626101,0.17004369965761124
2025-01-08,MXN,10,10.279,0.10751040293516345,0.012634569193688076
2025-01-09,MXN,10,10.222,0.17860219049849732,-0.10092553760615709
2025-01-10,MXN,10,10.265,0.20591292847636486,-0.23185817820665203
2025-01-13,MXN,10,10.378,0.29247843489811254,-0.0592834874413434
2025-01-14,MXN,10,10.395,0.28947182056670706,-0.014993694156763604
2025-01-15,MXN,10,10.31,0.1147935527309767,0.21106112040346797
2025-01-16,MXN,10,10.295,0.22774888791227874,0.25108735359869716
2025-01-17,MXN,10,10.348,0.3944629978532848,0.3276962333690146
2025-01-20,MXN,10,10.348,0.46752377686095037,0.3489744644531118
2025-01-21,MXN,10,10.133,0.4294745232057156,0.07842687611555771
2025-01-22,MXN,10,10.02,0.5472568595133127,-0.27408217401874274
2025-01-23,MXN,10,9.987,0.4705844375511811,-0.4723847017509443
2025-01-24,MXN,10,10.002,0.39247937570456304,-0.25909931211377984
2025-01-27,MXN,10,10.033,0.7450381834346627,-0.11008206386356868
2025-01-28,MXN,10,10.002,0.5968330459560778,-0.20616825127063038
2025-01-29,MXN,10,10.025,0.40667186861791504,-0.12924200295541083
2025-01-30,MXN,10,9.96,0.3750034189611875,-0.23842039678442115
2025-01-31,MXN,10,10.08,0.4836289157543801,0.010146033698563022
2025-02-03,MXN,10,10.0215,0.3856556356853667,-0.2537257645409582
2025-02-04,MXN,10,9.963,0.14931915672982887,-0.231885761372224
2025-02-05,MXN,10,9.86,0.46246378753048045,-0.20160358013004523
2025-02-06,MXN,9.5,9.76,0.4061556278746635,-0.4953285934274431
2025-02-07,MXN,9.5,9.762,0.49413090473610854,-0.6423170721747318
2025-02-10,MXN,9.5,9.753,0.38607065266230656,-0.6594016929409281
2025-02-11,MXN,9.5,9.843,0.4951206983464711,-0.5752210827512757
2025-02-12,MXN,9.5,9.91,0.5884736591226993,-0.5611424037776762
2025-02-13,MXN,9.5,9.877,0.5460912763846094,-0.37130288464805195
2025-02-14,MXN,9.5,9.853,0.6405129277270503,-0.20232975445543533
2025-02-17,MXN,9.5,9.853,0.6721054409304902,-0.22378376697326674
2025-02-18,MXN,9.5,9.85,0.6067107915327322,-0.43536500122895305
2025-02-19,MXN,9.5,9.912,0.5786403628470916,-0.2713239798888699
2025-02-20,MXN,9.5,9.887,0.6330325950836122,-0.24811537654299004
2025-02-21,MXN,9.5,9.773,0.7442795215199457,-0.4226568821772348
2025-02-24,MXN,9.5,9.725,0.8243903908289842,-0.4893754867421414
2025-02-25,MXN,9.5,9.608,0.8513862850287237,-0.5495973509065138
2025-02-26,MXN,9.5,9.523,0.7465995054531008,-0.6342272426683752
2025-02-27,MXN,9.5,9.505,0.7132631287153759,-0.7280818901312535
2025-02-28,MXN,9.5,9.48,0.45598792584672493,-0.7064544779133227
2025-03-03,MXN,9.5,9.448,0.5898055074670713,-0.7313157688521248
2025-03-04,MXN,9.5,9.577,1.0725047472294278,-0.5869985520651281
2025-03-05,MXN,9.5,9.47,1.0687056180468466,-0.8585119523365976
2025-03-06,MXN,9.5,9.475,1.1759560959013797,-0.8754880623475697
2025-03-07,MXN,9.5,9.473,1.2502204165572155,-0.8662709472129044
2025-03-10,MXN,9.5,9.522,1.234216343181571,-0.6590302826462879
2025-03-11,MXN,9.5,9.577,1.3246112919720394,-0.6161883045204489
2025-03-12,MXN,9.5,9.582,1.1570520787667855,-0.6233917189801623
2025-03-13,MXN,9.5,9.498,1.0162545847495579,-0.7614508772889853
2025-03-14,MXN,9.5,9.468,0.9906172853177899,-0.8391861330706859
2025-03-17,MXN,9.5,9.433499999999999,0.9068922669932216,-0.818438793972716
2025-03-18,MXN,9.5,9.399,1.054887748310079,-0.8284131044035711
2025-03-19,MXN,9.5,9.338,0.8758547127804395,-0.7878984481552138
2025-03-20,MXN,9.5,9.377,0.9837738743495346,-0.7678872541733488
2025-03-21,MXN,9.5,9.462,1.071584420982082,-0.6075524642948763
2025-03-24,MXN,9.5,9.488,1.0252040821404134,-0.6757301644560195
2025-03-25,MXN,9.5,9.467,0.8702698165535444,-0.6510046858057448
2025-03-26,MXN,9.5,9.46,0.9563816869018839,-0.7839444017619489
2025-03-27,MXN,9,9.41,1.1119947093795208,-0.9665283192214152
2025-03-28,MXN,9,9.352,1.0792162662372071,-0.9432022539799749
2025-03-31,MXN,9,9.345,1.0068747879330924,-0.8773402719803731
2025-04-01,MXN,9,9.263,1.0151315720657696,-0.9946394650146894
2025-04-02,MXN,9,9.207,0.8911315911421209,-1.0440180194454864
2025-04-03,MXN,9,9.013,1.2764487083227636,-1.4644893474781968
2025-04-04,MXN,9,9.147,1.7544653668148722,-1.3272403724931947
2025-04-07,MXN,9,9.352,1.7752985494708287,-1.417291410553553
2025-04-08,MXN,9,9.408,1.7028641895876728,-1.6176560147449945
2025-04-09,MXN,9,9.363,1.8301037054658602,-1.6769017654826646
2025-04-10,MXN,9,9.489,1.6763085076973057,-1.5839795593158899
2025-04-11,MXN,9,9.569,2.0392196756987504,-1.4857181408601625
2025-04-14,MXN,9,9.54,1.9887277977586733,-1.15758526395762
2025-04-15,MXN,9,9.54125,1.9190907713105443,-1.1747437964998815
2025-04-16,MXN,9,9.5425,1.8971895342159129,-1.23310850746356
2025-04-17,MXN,9,9.54375,1.868904348911706,-1.0787077242490046
2025-04-21,MXN,9,9.545,1.8039464586078682,-1.1701421224678639
2025-04-22,MXN,9,9.51,1.9482690249316021,-1.1645694801544808
2025-04-23,MXN,9,9.45,1.7902521850704731,-1.1644290458159139
2025-04-24,MXN,9,9.322,1.6244537678830906,-1.3185703339404322
2025-04-25,MXN,9,9.278,1.5486502537323386,-1.2196465800811769
2025-04-28,MXN,9,9.283,1.4656571010372974,-1.1875651030468175
2025-04-29,MXN,9,9.296,1.6285801651903717,-1.0217626739296228
2025-04-30,MXN,9,9.339,1.6310466860145905,-0.9124387577046373
2025-05-02,MXN,9,9.394,2.056654233268961,-1.0806812919010171
2025-05-05,MXN,9,9.426,2.0905004232652318,-1.095513739697536
2025-05-06,MXN,9,9.355,2.0043374652926196,-1.0960533261670575
2025-05-07,MXN,9,9.285,1.9729676933398044,-1.1609531852722252
2025-05-08,MXN,9,9.335,1.9019171679753646,-1.2384647323588611
2025-05-09,MXN,9,9.394,1.6612882254336354,-1.0542219804071384
2025-05-12,MXN,9,9.395,1.5459145344392722,-1.112080473692281
2025-05-13,MXN,9,9.413,1.509765231664217,-1.0575693823574077
2025-05-14,MXN,9,9.519,1.7586386828923248,-0.9650180078359909
2025-05-15,MXN,8.5,9.408,1.6219811884275068,-0.9439491322623609
2025-05-16,MXN,8.5,9.421,1.766461869118531,-0.9687537917048572
2025-05-19,MXN,8.5,9.399,1.820608346008478,-0.9723132543333811
2025-05-20,MXN,8.5,9.378,1.6199361020896357,-1.0914215392347597
2025-05-22,MXN,8.5,9.396,1.9638890717570658,-1.1788308339908586
2025-05-23,MXN,8.5,9.412,1.902802625952518,-1.1525797793410424
2025-05-26,MXN,8.5,9.43,1.936046519596182,-0.9879662538791119
2025-05-27,MXN,8.5,9.372,1.887741866921978,-1.0398108876042704
2025-05-28,MXN,8.5,9.373,1.8664039769164278,-1.1335950593331519
2025-05-29,MXN,8.5,9.307,1.8713301856281097,-1.149648624902495
2025-05-30,MXN,8.5,9.322,1.8630423175428608,-1.0949746083239709
2025-06-02,MXN,8.5,9.325,1.8834806915830042,-1.1299488091795897
2025-06-03,MXN,8.5,9.285,1.7515492895106939,-1.1874191814426325
2025-06-04,MXN,8.5,9.193,1.6601477160261129,-1.184720212593373
2025-06-05,MXN,8.5,9.174,1.7959677134489145,-1.2989603648151637
2025-06-06,MXN,8.5,9.186,1.7857058808957924,-1.4541952316324176
2025-06-09,MXN,8.5,9.175,1.713734742854562,-1.4306071371640747
2025-06-10,MXN,8.5,9.183,1.7108585778112837,-1.3803424957582369
2025-06-11,MXN,8.5,9.246,1.5907944727916832,-1.0818507704547442
2025-06-12,MXN,8.5,9.249,1.6809180309826235,-0.9445477882842815
2025-06-13,MXN,8.5,9.275,1.4901749733047143,-1.0609079271689494
2025-06-16,MXN,8.5,9.381,1.6375071413498379,-0.8372361171852518
2025-06-17,MXN,8.5,9.37,1.5106898564170501,-0.8584274245128795
2025-06-18,MXN,8.5,9.354,1.4183293478704175,-0.871219694679772
2025-06-19,MXN,8.5,9.354,1.4460816108091366,-0.9478262828210624
2025-06-23,MXN,8.5,9.457,1.4618439372419603,-0.5682632784481672
2025-06-24,MXN,8.5,9.386,1.800296806507177,-0.493048453275947
2025-06-25,MXN,8.5,9.337,1.7535486522311658,-0.5887614734953538
2025-06-26,MXN,8,9.334,1.702717471854847,-0.4665211337396928
2025-06-27,MXN,8,9.381,1.8429838363959916,-0.39134459986031767
2025-06-30,MXN,8,9.295,1.828953500165765,-0.49470936340920263
2025-07-01,MXN,8,9.299,1.887277030899117,-0.4521063702570958
2025-07-02,MXN,8,9.286,1.747587670409135,-0.565061985130239
2025-07-03,MXN,8,9.295,1.9023891150578105,-0.6379208613489489
2025-07-04,MXN,8,9.295,1.7571089749913922,-0.6692355821082187
2025-07-07,MXN,8,9.37,1.718696555109635,-0.6127257852826055
2025-07-08,MXN,8,9.42,1.7392316975187037,-0.5342018677359235
2025-07-09,MXN,8,9.357,1.536266551616842,-0.4856354732467527
2025-07-10,MXN,8,9.391,1.630625508649066,-0.44850806045852576
2025-07-11,MXN,8,9.431,1.5827079186499022,-0.49607379204471463
2025-07-14,MXN,8,9.412,1.601751063588702,-0.6358688961912808
2025-07-15,MXN,8,9.451,1.6372293515692244,-0.6480334926076157
2025-07-17,MXN,8,9.455,1.5077949392588121,-0.7001321641419807
2025-07-18,MXN,8,9.487,1.5779233024018315,-0.4998136009050214
2025-07-21,MXN,8,9.474,1.5017791477095972,-0.4059274346301813
2025-07-22,MXN,8,9.48,1.5257053885701988,-0.30297081488936506
2025-07-23,MXN,8,9.472,1.75075155558174,-0.3130819836420783
2025-07-24,MXN,8,9.486,1.7442312678669913,-0.30106002796591647
2025-07-25,MXN,8,9.49,1.6299829842766622,-0.290944483982487
2025-07-28,MXN,8,9.49,1.5977143290858973,-0.32921368660169753
2025-07-29,MXN,8,9.42,1.366783323120846,-0.33386680480930037
2025-07-30,MXN,8,9.415,1.4609497612745581,-0.43182746758098506
2025-07-31,MXN,8,9.405,1.3020031734794666,-0.5011228572772973
2025-08-01,MXN,8,9.277,1.1709555377495884,-0.65528580028479
2025-08-04,MXN,8,9.258,1.3097061780816548,-0.4449509729973093
2025-08-05,MXN,8,9.235,1.3028122557447173,-0.5733585281851805
2025-08-06,MXN,8,9.197,1.2710147425709253,-0.6958700451544417
2025-08-07,MXN,7.75,9.146,1.2603102632125935,-0.8144324892929287
2025-08-08,MXN,7.75,9.196,1.2557628760408248,-0.7159547270663514
2025-08-11,MXN,7.75,9.162,1.2265799600541123,-0.8273164347125714
2025-08-12,MXN,7.75,9.147,1.2497017200357419,-0.7989246400147972
2025-08-13,MXN,7.75,9.087,1.3388633221680528,-0.7409792626214383
2025-08-14,MXN,7.75,9.118,1.4769296602450241,-0.7734373231596495
2025-08-18,MXN,7.75,9.136,1.5789640910556995,-0.8453065070480806
2025-08-19,MXN,7.75,9.14,1.630060955268756,-0.7785463610086095
2025-08-20,MXN,7.75,9.146,1.4572566344010578,-0.7675007489593777
2025-08-21,MXN,7.75,9.171,1.366528031559853,-0.8502705466630115
2025-08-22,MXN,7.75,9.015,1.2056991107558324,-0.9659455100897117
2025-08-25,MXN,7.75,9.046,1.352500845188938,-0.904728888221722
2025-08-26,MXN,7.75,9.037,1.2587706674836125,-0.9449392622416739
2025-08-27,MXN,7.75,9.032,1.1772318043341565,-0.9339472104886201
2025-08-28,MXN,7.75,9,1.2619676705614213,-0.8421438001856547
2025-08-29,MXN,7.75,8.967,1.2302320194440477,-0.9628393839142103
2025-09-01,MXN,7.75,8.968,1.2320269436908093,-0.975164873260813
2025-09-02,MXN,7.75,9.012,1.2012150292988357,-0.9742299248312155
2025-09-03,MXN,7.75,8.972,1.1226710870217445,-0.9367007081428248
2025-09-04,MXN,7.75,8.935,1.1329194522310944,-0.8611513065410134
2025-09-05,MXN,7.75,8.89,1.0707849972805756,-0.7347758483102652
2025-09-08,MXN,7.75,8.846,1.0028462567210212,-0.7591185802591474
2025-09-09,MXN,7.75,8.885,1.0686687296430142,-0.7040281534977778
2025-09-10,MXN,7.75,8.837,0.8624726970339083,-0.6961896509612777
2025-09-11,MXN,7.75,8.735,0.7842092769892213,-0.8510419772644513
2025-09-12,MXN,7.75,8.786,0.7828342202465828,-0.828688945536454
2025-09-15,MXN,7.75,8.812,0.7088451245749341,-0.7617552359197091
2025-09-16,MXN,7.75,8.8105,0.7807066874960666,-0.7536146042765972
2025-09-17,MXN,7.75,8.809,0.8990579285022056,-0.8251133126759846
2025-09-22,MXN,7.75,8.759,0.5859258493635638,-1.1590148624956131
2025-09-23,MXN,7.75,8.733,0.45066915453198536,-1.1205568321084705
2025-09-24,MXN,7.75,8.714,0.5129142939556235,-1.235324934446474
2025-09-25,MXN,7.5,8.757,0.47184095230635376,-1.2092845057914665
2025-09-26,MXN,7.5,8.817,0.382527543782535,-1.0599078673976463
2025-09-29,MXN,7.5,8.801,0.30875575294138974,-1.0214475588427607
2025-09-30,MXN,7.5,8.816,0.3295338855762021,-1.0028296830123686
2025-10-01,MXN,7.5,8.832,0.2526256754798956,-0.872490753086626
2025-10-02,MXN,7.5,8.823,0.37310517118554654,-0.8779041722506543
2025-10-03,MXN,7.5,8.84,0.3876553036826171,-0.8778554369902071
2025-10-06,MXN,7.5,8.855,0.201834651575112,-0.9264184146954401
2025-10-07,MXN,7.5,8.852,0.17141163162957493,-0.9155038838499386
2025-10-08,MXN,7.5,8.842,-0.03353133501493559,-0.9208091709212209
2025-10-09,MXN,7.5,8.778,0.05572004631265739,-1.1422354826862715
2025-10-10,MXN,7.5,8.745,-0.059385854050600755,-1.2011954443504131
2025-10-13,MXN,7.5,8.745,-0.08022943287025734,-1.1748773850469256
2025-10-14,MXN,7.5,8.738,-0.15836905749268496,-1.2454655948364368
2025-10-15,MXN,7.5,8.7,-0.09005406765877098,-1.2586076415473775
2025-10-16,MXN,7.5,8.687,-0.27376493108323835,-1.310208931001941
2025-10-17,MXN,7.5,8.742,-0.0433679707093483,-1.125318510306722
2025-10-20,MXN,7.5,8.767,-0.22245248375845317,-0.9366654583162821
2025-10-21,MXN,7.5,8.71,-0.08445875887159339,-0.9844049176137426
2025-10-22,MXN,7.5,8.702,-0.1628705231080926,-1.021318557756208
2025-10-23,MXN,7.5,8.743,-0.22789244059654737,-0.987483871332705
2025-10-24,MXN,7.5,8.807,-0.20447148849230928,-0.8060747799443606
2025-10-27,MXN,7.5,8.776,-0.09677533376249067,-0.798684176831477
2025-10-28,MXN,7.5,8.747,-0.09665463859641207,-0.8991097626906491
2025-10-29,MXN,7.5,8.818,0.046032891028706856,-0.9403304385554815
2025-10-30,MXN,7.5,8.839,-0.08169717120721785,-0.975078520987419
2025-11-03,MXN,7.5,8.852,-0.1886990846620564,-1.0028079216182137
2025-11-04,MXN,7.5,8.854,-0.101860025928219,-1.0249096986635426
2025-11-05,MXN,7.5,8.878,-0.10143405611165743,-1.098848140004375
2025-11-06,MXN,7.25,8.873,-0.155336564617846,-0.9750954223158794
2025-11-07,MXN,7.25,8.923,-0.1967297099801103,-0.8783504437073236
2025-11-10,MXN,7.25,8.959,-0.39738150267708056,-0.7843628962724718
2025-11-11,MXN,7.25,8.959,-0.43873634273080964,-0.7652714302881085
2025-11-12,MXN,7.25,8.922,-0.5976289722332234,-0.7568138183764108
2025-11-13,MXN,7.25,8.917,-0.4198690343289542,-0.876719459305124
2025-11-14,MXN,7.25,8.929,-0.25326542323877405,-0.9030422749804878
2025-11-17,MXN,7.25,8.9185,-0.37204747047889186,-1.0058250390395511
2025-11-18,MXN,7.25,8.908,-0.4036332038955321,-1.0503515291865768
2025-11-19,MXN,7.25,8.93,-0.5350437455764719,-1.0339995581071932
2025-11-20,MXN,7.25,8.937,-0.5610479177697741,-0.9593201825437457
2025-11-21,MXN,7.25,8.984,-0.5470697970778668,-0.762746619293991
2025-11-24,MXN,7.25,8.997,-0.7734863317211544,-0.588549052176452
2025-11-25,MXN,7.25,8.963,-0.6955667067892723,-0.550482090755467
2025-11-26,MXN,7.25,8.907,-0.8470274153393883,-0.6355484797895999
2025-11-27,MXN,7.25,8.907,-0.8322682470032519,-0.6411226968111422
2025-11-28,MXN,7.25,8.909,-0.8345238608069686,-0.6100556288493163
2025-12-01,MXN,7.25,8.95,-0.7004080072144215,-0.6616322023367811
2025-12-02,MXN,7.25,8.897,-0.6716907726530383,-0.7592019953168092
2025-12-03,MXN,7.25,8.85,-0.5928278712937998,-0.7485400229324425
2025-12-04,MXN,7.25,8.86,-0.5802381671140759,-0.814093379316403
2025-12-05,MXN,7.25,8.893,-0.5441055543862289,-0.8141549921992597
2025-12-09,MXN,7.25,9.128,-0.4657032313283833,-0.481914109471179
2025-12-10,MXN,7.25,9.11,-0.5711259062349152,-0.40259761979945646
2025-12-11,MXN,7.25,9.1,-0.5534769742076225,-0.3480697309526243
2025-12-12,MXN,7.25,9.1265,-0.5509640274749269,-0.3050888810794787
2025-12-15,MXN,7.25,9.153,-0.47759256800672123,-0.1984655544031651
2025-12-16,MXN,7.25,9.12,-0.5455380577121001,-0.23576366836074453
2025-12-17,MXN,7.25,9.08,-0.5963721899296986,-0.3825562395624679
2025-12-18,MXN,7,9.068,-0.6403181580491756,-0.34814606441006907
2025-12-19,MXN,7,9.065,-0.6830904785216834,-0.3303446835336082
2025-12-22,MXN,7,9.15,-0.6957199800783818,-0.12988662824357097
2025-12-23,MXN,7,9.147,-0.6328931873475359,-0.12633945213780873
2025-12-24,MXN,7,9.16,-0.5884934689456928,0.011332645126006428
2025-12-26,MXN,7,9.184,-0.5399163567282786,0.07735858279160947
2025-12-29,MXN,7,9.189,-0.4667139915168211,0.1063501444572939
2025-12-30,MXN,7,9.146,-0.4467263654534156,0.0010083649520714558
2026-01-02,MXN,7,9.077,-0.40694239110222497,-0.28183162329335604
2026-01-05,MXN,7,9.003,-0.5419471371099289,-0.43781396732046335
2026-01-06,MXN,7,8.917,-0.5500806206908134,-0.6607513725837947
2026-01-07,MXN,7,8.865,-0.46534526081389327,-0.7925076358848718
2026-01-08,MXN,7,8.91,-0.5323395810183583,-0.7067934610786123
2026-01-09,MXN,7,8.97,-0.6912704123070799,-0.5593563040291075
2026-01-12,MXN,7,8.963,-0.8477488361720927,-0.6166819831499967
2026-01-13,MXN,7,8.979,-0.9403410499747408,-0.6508915512686638
2026-01-14,MXN,7,8.97,-1.0378070279888258,-0.5770619102722034
2026-01-15,MXN,7,9.007,-0.9955274963349924,-0.49466035886872867
2026-01-16,MXN,7,9.089,-1.0643382337614886,-0.4002206707396895
2026-01-19,MXN,7,9.09,-1.1679175515160931,-0.47342833976258913
2026-01-20,MXN,7,9.21,-1.0839797255076382,-0.358460013644098
2026-01-21,MXN,7,9.082,-1.1335441411959033,-0.3880243855618603
2026-01-22,MXN,7,8.97,-1.26155396794893,-0.6779200216238532
2026-01-23,MXN,7,8.953,-1.3038092130538843,-0.668936098272923
2026-01-26,MXN,7,8.977,-1.1176137180429677,-0.5320206923904558
2026-01-27,MXN,7,8.927,-0.9754399797064409,-0.741112063754893
2026-01-28,MXN,7,8.894,-1.0135629384672382,-0.8038306550666435
2026-01-29,MXN,7,8.827,-1.0186895468448376,-0.935966731330111
2026-01-30,MXN,7,8.864,-0.6809656564263948,-0.8453018282224266
2026-02-02,MXN,7,8.872,-0.5953524562032276,-0.8819376041548123
2026-02-03,MXN,7,8.88,-0.8763428257137602,-0.8793271424518766
2026-02-04,MXN,7,8.91,-0.9644602437321581,-0.8210080672540235
2026-02-05,MXN,7,8.843,-0.7398837092652901,-0.8636805922392685
2026-02-06,MXN,7,8.787,-0.9457379334940664,-0.9640010145457408
2026-02-09,MXN,7,8.792,-1.0418161875907508,-0.8831494667599704
2026-02-10,MXN,7,8.738,-0.9992309843742395,-0.8679228372557324
2026-02-11,MXN,7,8.742,-0.9531550567231994,-0.9077212895811
2026-02-12,MXN,7,8.701,-0.8498456710576763,-0.8633931977829054
2026-02-13,MXN,7,8.717,-1.0023980841591047,-0.7632815078399483
2026-02-16,MXN,7,8.717,-1.048639083033814,-0.7795920249242716
2026-02-17,MXN,7,8.74,-0.9925663517746947,-0.7234856267413372
2026-02-18,MXN,7,8.752,-1.1552634959185155,-0.7154994456047582
2026-02-19,MXN,7,8.762,-1.3022965727976705,-0.698649769951789
2026-02-20,MXN,7,8.838,-1.3237417979124058,-0.5109135172965327
2026-02-23,MXN,7,8.78,-1.3572839473797242,-0.5844487709236358
2026-02-24,MXN,7,8.735,-1.3292412910710063,-0.6355288385837365
2026-02-25,MXN,7,8.673,-1.3982588410777836,-0.7678554780927525
2026-02-26,MXN,7,8.65,-1.3650975411014081,-0.712654046017667
2026-02-27,MXN,7,8.66,-1.466116209722642,-0.6313435781196822
2026-03-02,MXN,7,8.797,-1.5577720480057957,-0.6340807533294333
2026-03-03,MXN,7,8.887,-1.4172164006883243,-0.5995791561635908
2026-03-04,MXN,7,8.817,-1.2849946399847019,-0.7070024505621904
2026-03-05,MXN,7,8.988,-1.243268921880737,-0.49143673269414456
2026-03-06,MXN,7,9.037,-1.339079102466997,-0.5361532914691971
2026-03-09,MXN,7,9.087,-1.3789284100673633,-0.30881822010362053
2026-03-10,MXN,7,8.993,-1.2312297580753149,-0.47431670144502014
2026-03-11,MXN,7,9.033,-1.1790941578626328,-0.5238928272492737
2026-03-12,MXN,7,9.221,-1.1798404760490149,-0.2504928733112863
2026-03-13,MXN,7,9.431,-1.152150740476989,0.14187420498904826
2026-03-16,MXN,7,9.3795,-1.1199966919338888,0.20382294994628725
2026-03-17,MXN,7,9.328,-1.219293266579046,0.17993733051325436
2026-03-18,MXN,7,9.398,-1.0245536482293363,0.13854827329358335
2026-03-19,MXN,7,9.33,-0.788635368711801,-0.001296807577496224
2026-03-20,MXN,7,9.445,-0.6306413793091028,-0.06038973533228372
2026-03-23,MXN,7,9.287,-0.6110933398626688,-0.31407595000990224
2026-03-24,MXN,7,9.249,-0.6785189234883069,-0.47997510577194263
2026-03-25,MXN,7,9.04,-0.7311485773704516,-0.8700350691341824
2026-03-26,MXN,6.75,9.183,-0.6929065618099228,-0.7591178733872731
2026-03-27,MXN,6.75,9.277,-0.6445054553617499,-0.6763674330266141
2026-03-30,MXN,6.75,9.397,-0.7412882401009794,-0.24259420909201915
2026-03-31,MXN,6.75,9.29,-0.9729973737188682,-0.2780606978735283
2026-04-01,MXN,6.75,9.11,-0.936651093793332,-0.6003224645950366
2026-04-02,MXN,6.75,9.1665,-1.1256322206922371,-0.47959034019441055
2026-04-06,MXN,6.75,9.223,-1.2663236282261725,-0.378340934199446
2026-04-07,MXN,6.75,9.28,-1.2783217315361495,-0.17093205321100657
2026-04-08,MXN,6.75,9.047,-1.0435270971512025,-0.4700944842008294
2026-04-09,MXN,6.75,9.032,-1.1544943491950215,-0.4321849930952104
2026-04-10,MXN,6.75,9.015,-1.0920616043825468,-0.5448161876781847
2026-04-13,MXN,6.75,8.963,-1.1909597145360862,-0.6419680899526646
2026-04-14,MXN,6.75,8.893,-1.014218551097391,-0.6181421866902781
2026-04-15,MXN,6.75,8.977,-0.9005373709937723,-0.5464864916070123
2026-04-16,MXN,6.75,8.979,-0.8510462562230087,-0.5916847674717147
2026-04-17,MXN,6.75,8.853,-0.8767571735484153,-0.7587405439174427
2026-04-20,MXN,6.75,8.862,-0.8269172796146537,-0.7724838969874721
2026-04-21,MXN,6.75,8.944,-0.6669585540941164,-0.683234342551223
2026-04-22,MXN,6.75,8.906,-0.8055873464494296,-0.8105034936989827
2026-04-23,MXN,6.75,9.025,-0.7996443771988054,-0.6218316508692465
2026-04-24,MXN,6.75,9.035,-0.7920878404391261,-0.5766430985803523
2026-04-27,MXN,6.75,9.05,-0.6718801537028535,-0.5591865710950616
2026-04-28,MXN,6.75,9.095,-0.6704401815961423,-0.48294526283247957
2026-04-29,MXN,6.75,9.227,-0.651099661201151,-0.365448232332252
2026-04-30,MXN,6.75,9.211,-0.6102380364191669,-0.20130676418889037
2026-05-04,MXN,6.75,9.27,-0.5215969176749522,-0.2571434605509228
2026-05-05,MXN,6.75,9.219,-0.5741995762166587,-0.3034080730925838
2026-05-06,MXN,6.75,9.049,-0.6780768519551879,-0.512826004964489
2026-05-07,MXN,6.5,9.052,-0.6209313680775816,-0.5675611259259387
2026-05-08,MXN,6.5,9.098,-0.7559190152581117,-0.4211513635237057
2026-05-11,MXN,6.5,9.198,-0.8861251418809752,-0.3473284229044682
2026-05-12,MXN,6.5,9.214,-0.9422605764967793,-0.4128082468716559
2026-05-13,MXN,6.5,9.194,-0.8988807667324262,-0.5111281428049981
2026-05-14,MXN,6.5,9.216,-0.8976797757968367,-0.4714241046319163
2026-05-15,MXN,6.5,9.348,-0.6519402076835792,-0.4831212329142986
2026-05-18,MXN,6.5,9.37,-0.7596425486632435,-0.40287795669340104
2026-05-19,MXN,6.5,9.455,-0.6612088871047651,-0.42613588051460455
2026-05-20,MXN,6.5,9.327,-0.707132774919087,-0.5461034399674013
2026-05-22,MXN,6.5,9.368,-0.7333233036408134,-0.3593055179950889
2026-05-25,MXN,6.5,9.233,-0.7298840459983028,-0.5727175138514675
2026-05-26,MXN,6.5,9.271,-0.7802271823300884,-0.4384672622170289
2026-05-27,MXN,6.5,9.248,-0.6206360498504533,-0.45768542591931327
2026-05-28,MXN,6.5,9.175,-0.7116917448957994,-0.5236377033617867
2026-05-29,MXN,6.5,9.183,-0.7251940721429562,-0.4166060096666338
2026-06-01,MXN,6.5,9.129,-0.7451859410743669,-0.6181171024762594
2025-01-02,PEN,5,6.641,-0.04103268954772977,-1.1827368500353408
2025-01-03,PEN,5,6.666,0.0781971909463424,-1.0836149621815288
2025-01-06,PEN,5,6.714,0.3896821885037121,-1.01513753182777
2025-01-07,PEN,5,6.695,0.5650922936595838,-1.007732855132583
2025-01-08,PEN,5,6.702,0.4230619388766774,-1.3033056819087256
2025-01-09,PEN,4.75,6.696,0.37908930153491394,-1.1530245335514886
2025-01-10,PEN,4.75,6.7,0.3601276763195617,-1.2533348339665107
2025-01-13,PEN,4.75,6.71,0.20190941897453332,-1.2814304179102405
2025-01-14,PEN,4.75,6.736,0.4457545780390188,-1.2470815112147438
2025-01-15,PEN,4.75,6.714,0.14091210554932915,-1.1306629174680496
2025-01-16,PEN,4.75,6.633,0.06796457025270869,-1.2706604140349065
2025-01-17,PEN,4.75,6.627,-0.09865395628897844,-1.2196220854036748
2025-01-20,PEN,4.75,6.6395,-0.2284330299499933,-1.218488558508402
2025-01-21,PEN,4.75,6.652,-0.24214023657420997,-1.1087911415856206
2025-01-22,PEN,4.75,6.687,-0.19946017345385122,-1.0218316935342031
2025-01-23,PEN,4.75,6.746,-0.17775438371057306,-1.0137088209423588
2025-01-24,PEN,4.75,6.731,-0.10461481901630809,-0.9905110389536161
2025-01-27,PEN,4.75,6.729,0.09616024361348234,-0.8925610073377199
2025-01-28,PEN,4.75,6.718,-0.1389685555088161,-1.0034304663868754
2025-01-29,PEN,4.75,6.703,-0.12986031784878008,-1.053381678963861
2025-01-30,PEN,4.75,6.684,-0.07956008959123195,-1.0578105785856262
2025-01-31,PEN,4.75,6.699,-0.12481317591332028,-1.0978569313856483
2025-02-03,PEN,4.75,6.692,-0.3892712332120809,-1.1914578073328468
2025-02-04,PEN,4.75,6.669,-0.27007188376527735,-1.1584758999596734
2025-02-05,PEN,4.75,6.644,-0.05153673373303884,-1.0654980523427828
2025-02-06,PEN,4.75,6.625,-0.11350910735669421,-0.9947929556226783
2025-02-07,PEN,4.75,6.5265,0.06769426320613471,-1.3198592810985923
2025-02-10,PEN,4.75,6.428,0.004360089932325792,-1.5158850407498552
2025-02-11,PEN,4.75,6.465,-0.11112624944679306,-1.4947323047581196
2025-02-12,PEN,4.75,6.502,0.18876778336927225,-1.5152261094336608
2025-02-13,PEN,4.75,6.48,0.09784738185533452,-1.4817093962540646
2025-02-14,PEN,4.75,6.47,-0.022781037165032002,-1.2619419452213696
2025-02-17,PEN,4.75,6.468999999999999,-0.1489829700612172,-1.2421728459326655
2025-02-18,PEN,4.75,6.468,-0.1743205847736847,-1.2357527874208392
2025-02-19,PEN,4.75,6.48,-0.19954382726911912,-1.3332450595941896
2025-02-20,PEN,4.75,6.472,-0.28084205335844326,-1.346170576138074
2025-02-21,PEN,4.75,6.453,-0.3966769489326919,-1.2870437408041135
2025-02-24,PEN,4.75,6.429,-0.49079468136468146,-1.3110215303393216
2025-02-25,PEN,4.75,6.391,-0.6208986469723616,-1.280413717593357
2025-02-26,PEN,4.75,6.34,-0.657947564717886,-1.2686002475180147
2025-02-27,PEN,4.75,6.335,-0.7906306395827641,-1.2272095707483908
2025-02-28,PEN,4.75,6.379,-1.0065299788143398,-1.2589427893957192
2025-03-03,PEN,4.75,6.429,-0.8816348646366159,-1.0826438826394533
2025-03-04,PEN,4.75,6.436,-0.665904396979464,-0.9493232724633939
2025-03-05,PEN,4.75,6.459,-0.5927751762091651,-0.7683610006506363
2025-03-06,PEN,4.75,6.465,-0.4959627167166878,-0.8849585833718249
2025-03-07,PEN,4.75,6.463,-0.44398775488446457,-0.8466233924083482
2025-03-10,PEN,4.75,6.474,-0.521732961609612,-0.7147878839066624
2025-03-11,PEN,4.75,6.482,-0.31951464238456767,-0.8568806474228031
2025-03-12,PEN,4.75,6.483,-0.3246729786782483,-0.9238327597428654
2025-03-13,PEN,4.75,6.459,-0.29544880496479975,-1.2747148463455675
2025-03-14,PEN,4.75,6.449,-0.2455898387169634,-1.2741013239766377
2025-03-17,PEN,4.75,6.378,-0.2701817958974207,-1.5028944661081582
2025-03-18,PEN,4.75,6.385,-0.3882171784191723,-1.4121494179836322
2025-03-19,PEN,4.75,6.394,-0.6309912725852028,-1.2274640722778765
2025-03-20,PEN,4.75,6.411,-0.7961327888587869,-1.130426787353141
2025-03-21,PEN,4.75,6.423,-0.7932733212071382,-1.1328077026488628
2025-03-24,PEN,4.75,6.475,-0.5998822296414209,-1.0629709046777784
2025-03-25,PEN,4.75,6.49,-0.5179488072185203,-1.0593245678387122
2025-03-26,PEN,4.75,6.525,-0.5704891653861903,-0.9841637012611221
2025-03-27,PEN,4.75,6.562,-0.5646695047703342,-1.0368653110383197
2025-03-28,PEN,4.75,6.692,-0.6041775211262039,-0.7297836187191817
2025-03-31,PEN,4.75,6.687,-0.5831996578290588,-0.7438293848198484
2025-04-01,PEN,4.75,6.69,-0.6113050757165464,-0.6108719423767166
2025-04-02,PEN,4.75,6.657,-0.5268880051772885,-0.6057640198203339
2025-04-03,PEN,4.75,6.659,-0.07863701930042026,-0.4987112301707054
2025-04-04,PEN,4.75,6.402,-0.1523598877653017,-1.0459000904006617
2025-04-07,PEN,4.75,6.463,0.12808983009082472,-1.2620376477453696
2025-04-08,PEN,4.75,6.516666666666667,0.9943971381074926,-1.2639970913158076
2025-04-09,PEN,4.75,6.570333333333333,1.1986058060735727,-1.1831650488562047
2025-04-10,PEN,4.75,6.624,1.6742449995183475,-0.9766257687882781
2025-04-11,PEN,4.75,6.654,2.1852677724971143,-1.2205948338154557
2025-04-14,PEN,4.75,6.633,1.9981234177550806,-1.022992691053358
2025-04-15,PEN,4.75,6.619,2.148354800417032,-1.1275122263660955
2025-04-16,PEN,4.75,6.632666666666666,2.1458457286112043,-1.2197794594332911
2025-04-17,PEN,4.75,6.646333333333334,1.9247638974582801,-1.0812518618997258
2025-04-21,PEN,4.75,6.66,1.9694967981220393,-1.0150341457452448
2025-04-22,PEN,4.75,6.691,1.9345099007646183,-0.7878132449218147
2025-04-23,PEN,4.75,6.656,1.8008796276330306,-0.640859047164743
2025-04-24,PEN,4.75,6.652,1.3898336237927442,-0.7008775201115565
2025-04-25,PEN,4.75,6.641,1.0184614945167898,-0.6076071631253614
2025-04-28,PEN,4.75,6.594,1.0895683677909442,-0.7105435216670838
2025-04-29,PEN,4.75,6.59,1.0383193636654808,-0.8135103458186023
2025-04-30,PEN,4.75,6.542,1.2219582413842176,-0.877260012094952
2025-05-02,PEN,4.75,6.577,1.1516218175815383,-0.7363421925371241
2025-05-05,PEN,4.75,6.596,1.5192948773930897,-0.7759759117458473
2025-05-06,PEN,4.75,6.591,1.2805734669336586,-0.6772046461287221
2025-05-07,PEN,4.75,6.55,1.2457941311134109,-0.8170184002818753
2025-05-08,PEN,4.5,6.551,1.0425261598381876,-0.763543272121284
2025-05-09,PEN,4.5,6.545,1.0818675442436774,-0.8345233417867003
2025-05-12,PEN,4.5,6.396,0.7985163271269407,-1.1803609109567077
2025-05-13,PEN,4.5,6.381,0.6778357082130227,-1.1679999769919711
2025-05-14,PEN,4.5,6.412,1.229863651593033,-1.144612308601081
2025-05-15,PEN,4.5,6.403,1.1431588960122478,-1.0594244939794575
2025-05-16,PEN,4.5,6.396,1.2240344092783064,-1.2197342998616458
2025-05-19,PEN,4.5,6.427,1.3068521345741198,-0.9309719920711782
2025-05-20,PEN,4.5,6.457,1.6166733771628772,-0.9197300888456373
2025-05-22,PEN,4.5,6.556,1.5175221399585284,-0.74311597820247
2025-05-23,PEN,4.5,6.573,1.5064559589075202,-0.6286089131709344
2025-05-26,PEN,4.5,6.557,1.5777868668171893,-0.6208652358022239
2025-05-27,PEN,4.5,6.492,1.2915105708922987,-0.6887820806207763
2025-05-28,PEN,4.5,6.469,1.2487606424235134,-0.8689385397710548
2025-05-29,PEN,4.5,6.46,1.0112696757660526,-0.7761999140708821
2025-05-30,PEN,4.5,6.474,1.025659669577336,-0.9051386032508588
2025-06-02,PEN,4.5,6.519,1.2367519044961934,-0.807766358084874
2025-06-03,PEN,4.5,6.525,1.182638623752471,-0.7500667807977293
2025-06-04,PEN,4.5,6.478,0.9672695510998152,-0.9095571868864725
2025-06-05,PEN,4.5,6.467,1.2032122364613487,-0.8453659708813206
2025-06-06,PEN,4.5,6.621,1.4670281963170448,-0.5425880331238829
2025-06-09,PEN,4.5,6.7595,1.3855751186877694,-0.29169663183265404
2025-06-10,PEN,4.5,6.898,1.2630772967805426,0.04125821914418773
2025-06-11,PEN,4.5,6.84,1.036832868941117,0.08346189053261978
2025-06-12,PEN,4.5,6.719,1.097147695890697,-0.11368368332499389
2025-06-13,PEN,4.5,6.741,0.9314190124280587,0.04473365985632042
2025-06-16,PEN,4.5,6.722,1.0290019702235198,0.09059083038463966
2025-06-17,PEN,4.5,6.694,0.9253573286955188,0.08504902704256417
2025-06-18,PEN,4.5,6.672,0.6183974045040369,-0.17742872065735207
2025-06-19,PEN,4.5,6.612,0.513095173849697,-0.26027783268312465
2025-06-23,PEN,4.5,6.552,0.49079388026266213,-0.49556963895293726
2025-06-24,PEN,4.5,6.529,0.5020536005677892,-0.5142198581742717
2025-06-25,PEN,4.5,6.51,0.44101726467543884,-0.6506838389126044
2025-06-26,PEN,4.5,6.485,0.5324754158222403,-0.666248377604869
2025-06-27,PEN,4.5,6.486,0.2786102780819306,-0.536592957801637
2025-06-30,PEN,4.5,6.412,0.11452509871062276,-0.56098990665112
2025-07-01,PEN,4.5,6.415,0.4550163450402646,-0.3738285774475993
2025-07-02,PEN,4.5,6.386,0.42355469521181144,-0.49175775076855877
2025-07-03,PEN,4.5,6.371,0.4637461123050311,-0.41653459554443156
2025-07-04,PEN,4.5,6.375,0.5621868240732991,-0.36099746613263944
2025-07-07,PEN,4.5,6.379,0.6521464011753091,-0.33666006475019683
2025-07-08,PEN,4.5,6.406,0.610016288809385,-0.4987453053975705
2025-07-09,PEN,4.5,6.393,0.4334555463798298,-0.33624495126965115
2025-07-10,PEN,4.5,6.412,0.5901778001939039,-0.3370371080612677
2025-07-11,PEN,4.5,6.438,0.6476550053551696,-0.11592002120038077
2025-07-14,PEN,4.5,6.463,0.8486484172983353,-0.17923400339684556
2025-07-15,PEN,4.5,6.5,0.9146660375987752,-0.02680731655820327
2025-07-17,PEN,4.5,6.564,0.5936301117646271,-0.08369268865398528
2025-07-18,PEN,4.5,6.583,0.7712298412722862,0.029370703724756562
2025-07-21,PEN,4.5,6.571,0.8539604302696382,0.16173996391333442
2025-07-22,PEN,4.5,6.558,0.9062085134350203,8.517898576755657e-4
2025-07-23,PEN,4.5,6.554,0.9453809481812083,-0.03439854480731304
2025-07-24,PEN,4.5,6.52,0.9017143963958701,-0.046375744531077255
2025-07-25,PEN,4.5,6.509,0.8142843686141075,-0.23209465671699905
2025-07-28,PEN,4.5,6.45,0.7455209053377452,-0.2921529061086941
2025-07-29,PEN,4.5,6.446,0.4893923429112294,-0.2677106690469235
2025-07-30,PEN,4.5,6.442,0.5289839986636398,-0.3692670044254851
2025-07-31,PEN,4.5,6.474,0.576926319495397,-0.20655466419084012
2025-08-01,PEN,4.5,6.476,0.45256111576842195,-0.09677631164032814
2025-08-04,PEN,4.5,6.378,0.6628763368073164,-0.18156985310960175
2025-08-05,PEN,4.5,6.348,0.6797002485297434,-0.2993888333318374
2025-08-06,PEN,4.5,6.347,0.760431658808762,-0.08329368556239253
2025-08-07,PEN,4.5,6.256,0.8819597742424143,-0.3374993285283938
2025-08-08,PEN,4.5,6.251,0.7724845331902811,-0.3012708262849603
2025-08-11,PEN,4.5,6.206,0.7348892729193934,-0.3275450128193405
2025-08-12,PEN,4.5,6.176,0.6494134350825904,-0.4232014247245286
2025-08-13,PEN,4.5,6.133,0.9142035195905809,-0.36792185353731155
2025-08-14,PEN,4.5,6.152,1.0152505975239512,-0.30189077889617333
2025-08-18,PEN,4.5,6.258,1.145639714115921,-0.048101419554798304
2025-08-19,PEN,4.5,6.275,0.8871455570438392,0.010149102042216284
2025-08-20,PEN,4.5,6.288,0.8728998598505879,-0.026296276803004868
2025-08-21,PEN,4.5,6.304,1.0208736351438612,-0.09530036677256572
2025-08-22,PEN,4.5,6.258,0.8011311389100498,-0.20957726042908587
2025-08-25,PEN,4.5,6.273,0.9910741844054692,-0.10108601568692267
2025-08-26,PEN,4.5,6.288,1.0867280218987159,-0.13797283216080516
2025-08-27,PEN,4.5,6.298,1.0873946389028817,-0.2651749961035199
2025-08-28,PEN,4.5,6.291,1.0331994831415705,-0.20653496606584917
2025-08-29,PEN,4.5,6.287,1.0701501342539654,-0.08525412019584762
2025-09-01,PEN,4.5,6.2705,1.1575686151038087,-0.07069731436237041
2025-09-02,PEN,4.5,6.254,1.113956400293785,-0.21525475558970691
2025-09-03,PEN,4.5,6.223,1.0331213223317828,-0.22596315633826553
2025-09-04,PEN,4.5,6.21,0.7415007311844982,-0.2147898963747905
2025-09-05,PEN,4.5,6.086,0.8413233431035748,-0.325688416899302
2025-09-08,PEN,4.5,6.069,0.8138396382810267,-0.26322431929985796
2025-09-09,PEN,4.5,6.087,0.7331809519660768,-0.26343476692433676
2025-09-10,PEN,4.5,6.051,0.4765147459724805,-0.1603592250698019
2025-09-11,PEN,4.25,5.991,0.4495149374761974,-0.09319158056349099
2025-09-12,PEN,4.25,6.011,0.6637666954240982,-0.06360424607753071
2025-09-15,PEN,4.25,6.134,0.7385647686051046,0.2659949487087211
2025-09-16,PEN,4.25,6.192,0.61632652981643,0.4450834205126703
2025-09-17,PEN,4.25,6.156,0.6814682372304944,0.3575963404047905
2025-09-22,PEN,4.25,6.14,1.0687176888781007,0.3066235398190799
2025-09-23,PEN,4.25,6.134,1.0271002021910158,0.340874236771588
2025-09-24,PEN,4.25,6.14,0.9839871296602649,0.33974953866000257
2025-09-25,PEN,4.25,6.153,0.9857340034836052,0.29668715332537327
2025-09-26,PEN,4.25,6.146,0.6838308661843574,0.20610449284067797
2025-09-29,PEN,4.25,6.099,0.7489138859350873,0.1379775959435169
2025-09-30,PEN,4.25,6.071,0.7318097030321695,0.11120938291204222
2025-10-01,PEN,4.25,6.046,0.6538948873462158,0.07571792065206637
2025-10-02,PEN,4.25,6.039,0.8566007239637227,0.0660178391077835
2025-10-03,PEN,4.25,6.071,0.6593006512634707,0.17600437769161165
2025-10-06,PEN,4.25,6.125,0.5155954779967481,0.28051828945990287
2025-10-07,PEN,4.25,6.124,0.2455092087103288,0.2427126101997067
2025-10-08,PEN,4.25,6.125,0.1491848735781317,0.24235739934337935
2025-10-09,PEN,4.25,6.169,0.03305071160983343,0.23983971401061968
2025-10-10,PEN,4.25,6.221,-0.047172911480383974,0.2914836121214867
2025-10-13,PEN,4.25,6.220000000000001,-0.14825687873203003,0.21584593023324083
2025-10-14,PEN,4.25,6.219,-0.21142216156990848,0.26069591226129546
2025-10-15,PEN,4.25,6.179,-0.27057976974813236,0.38713798101418495
2025-10-16,PEN,4.25,6.152,-0.21646361661827984,0.44821566934794443
2025-10-17,PEN,4.25,6.128,-0.549920922735741,0.32995594723468713
2025-10-20,PEN,4.25,6.085,-0.658555922504553,0.27901774972864496
2025-10-21,PEN,4.25,6.083,-0.8615436421047173,0.4119743772046171
2025-10-22,PEN,4.25,6.105,-0.7814496970170905,0.39494153946536803
2025-10-23,PEN,4.25,6.082,-0.8299358824914786,0.17960510844613398
2025-10-24,PEN,4.25,6.053,-1.011770401742955,0.16143302654807384
2025-10-27,PEN,4.25,6.039,-1.1739079037817974,0.11217780322518862
2025-10-28,PEN,4.25,6.018,-1.081882847891943,0.05678033765119953
2025-10-29,PEN,4.25,6.029,-0.9116722598064282,0.17170170583366876
2025-10-30,PEN,4.25,6.042,-0.9768637452688411,-0.022073008687699108
2025-11-03,PEN,4.25,6.05,-1.3555667150537194,-0.07721518329300749
2025-11-04,PEN,4.25,6.047,-1.343053337840995,-0.10926858605664788
2025-11-05,PEN,4.25,6.058,-1.2404215041737674,-0.1674747073512761
2025-11-06,PEN,4.25,6.029,-1.1892166446314107,-0.20412724288347242
2025-11-07,PEN,4.25,6.031,-1.1134168102734794,-0.2347352388976452
2025-11-10,PEN,4.25,6.051,-0.9572823088348219,-0.09866432383612019
2025-11-11,PEN,4.25,6.0445,-1.0741905001215732,-0.12541635933517029
2025-11-12,PEN,4.25,6.038,-0.9679307515971398,-0.09120176433870476
2025-11-13,PEN,4.25,6.056,-0.9386021737533916,0.00624101012173081
2025-11-14,PEN,4.25,6.074,-1.003110504303017,0.17876663958854777
2025-11-17,PEN,4.25,6.082,-1.137353362547822,0.09894596842200877
2025-11-18,PEN,4.25,6.052,-1.1572636791783704,0.09025261889081322
2025-11-19,PEN,4.25,6.02,-0.9257640148486953,0.1482560939139853
2025-11-20,PEN,4.25,5.983,-1.1454444956377967,-0.026174552472354763
2025-11-21,PEN,4.25,5.953,-1.2068837003635133,-0.1824248553988599
2025-11-24,PEN,4.25,5.922,-1.2026998648707092,-0.34698676845519305
2025-11-25,PEN,4.25,5.914,-1.3107320430884246,-0.4185598184868828
2025-11-26,PEN,4.25,5.908,-1.3196615414762614,-0.4706354242842334
2025-11-27,PEN,4.25,5.9115,-1.2639627659614838,-0.4471592227150685
2025-11-28,PEN,4.25,5.915,-1.321312779945312,-0.4413370774781799
2025-12-01,PEN,4.25,5.942,-1.0197252623957618,-0.2948831473611854
2025-12-02,PEN,4.25,5.932,-1.2219979639523533,-0.31902140158096354
2025-12-03,PEN,4.25,5.883,-1.2799020727920867,-0.389882546628318
2025-12-04,PEN,4.25,5.855,-1.2598796044924676,-0.43472474766925084
2025-12-05,PEN,4.25,5.834,-1.2295327011260837,-0.5506468138492578
2025-12-09,PEN,4.25,5.8365,-1.0179082660752397,-0.692744679726819
2025-12-10,PEN,4.25,5.839,-1.0698351514407678,-0.6679808918608606
2025-12-11,PEN,4.25,5.825,-0.8619268447271878,-0.7361520284426631
2025-12-12,PEN,4.25,5.834,-0.7539824953898875,-0.611110164979606
2025-12-15,PEN,4.25,5.777,-0.7889412536187879,-0.6447244289737782
2025-12-16,PEN,4.25,5.744,-0.7160265328070587,-0.8196418491686783
2025-12-17,PEN,4.25,5.731,-0.7477557378756464,-0.7292734934550332
2025-12-18,PEN,4.25,5.747,-0.8415440236172658,-0.8941687375792273
2025-12-19,PEN,4.25,5.839,-0.8417472492505319,-0.897068956124075
2025-12-22,PEN,4.25,5.88,-0.7516394670606337,-0.8307591275519438
2025-12-23,PEN,4.25,5.866,-0.7072023301260929,-0.9981600901903921
2025-12-24,PEN,4.25,5.818,-0.7812759855135007,-1.1510495822354332
2025-12-26,PEN,4.25,5.825,-0.6882576559668051,-1.0506105039449682
2025-12-29,PEN,4.25,5.883,-0.9542073324066648,-1.0348067292255652
2025-12-30,PEN,4.25,5.82,-0.9680446938057056,-1.234864292603599
2026-01-02,PEN,4.25,5.784,-0.9092876770350913,-1.2768199913475715
2026-01-05,PEN,4.25,5.809,-1.0562553761059503,-1.2570557975978656
2026-01-06,PEN,4.25,5.852,-0.8078334976703183,-1.2111463665837752
2026-01-07,PEN,4.25,5.855,-0.964628441289073,-1.2128514645359747
2026-01-08,PEN,4.25,5.88,-1.1414227830506751,-1.1327726217536633
2026-01-09,PEN,4.25,5.914,-1.172953615054255,-1.1882996988076435
2026-01-12,PEN,4.25,5.935,-0.9622995989268884,-1.0126485637603302
2026-01-13,PEN,4.25,5.916,-1.156418390846412,-1.030443875231462
2026-01-14,PEN,4.25,5.927,-1.2734943318732626,-1.0157307316655237
2026-01-15,PEN,4.25,5.951,-1.1277708864205573,-0.9591926712133381
2026-01-16,PEN,4.25,5.964,-1.0711731395991089,-0.8226764470491336
2026-01-19,PEN,4.25,5.953,-0.9442690204163966,-0.737565196018028
2026-01-20,PEN,4.25,5.942,-0.6568419546295384,-0.7841684618333541
2026-01-21,PEN,4.25,5.882,-0.7838344636476057,-0.8430915250121499
2026-01-22,PEN,4.25,5.89,-0.6293512146735076,-0.8717854017277761
2026-01-23,PEN,4.25,5.883,-0.6234571662375866,-0.8639904708316185
2026-01-26,PEN,4.25,5.879,-0.4664149768645744,-0.7769203276314021
2026-01-27,PEN,4.25,5.858,-0.42160033174623046,-0.7864305310224091
2026-01-28,PEN,4.25,5.825,-0.3525370625292424,-0.868532418668711
2026-01-29,PEN,4.25,5.766,-0.4501627459674679,-1.0702197276110879
2026-01-30,PEN,4.25,5.777,-0.8264404455331807,-1.0227217558497408
2026-02-02,PEN,4.25,5.793,-0.980597386837226,-1.0673617033393805
2026-02-03,PEN,4.25,5.799,-0.7747049670852763,-1.0890341972780377
2026-02-04,PEN,4.25,5.809,-0.7570578607211,-0.9885433610009903
2026-02-05,PEN,4.25,5.779,-1.203216341084264,-0.9061485336563013
2026-02-06,PEN,4.25,5.773,-1.1171462218196129,-1.1596589878228485
2026-02-09,PEN,4.25,5.797,-0.8833787079280315,-1.0906231525108625
2026-02-10,PEN,4.25,5.797,-0.9586400621718473,-1.0612978604307104
2026-02-11,PEN,4.25,5.806,-0.8894194894121156,-1.0089924642665273
2026-02-12,PEN,4.25,5.813,-1.1486188202525585,-1.0135056102917643
2026-02-13,PEN,4.25,5.801,-1.198815009693884,-0.9671419726326741
2026-02-16,PEN,4.25,5.781499999999999,-1.2202700420588255,-0.9836411037900229
2026-02-17,PEN,4.25,5.762,-1.3663810125491218,-1.047144354908692
2026-02-18,PEN,4.25,5.768,-1.3170837489918992,-1.045371711739726
2026-02-19,PEN,4.25,5.802,-1.3289590604887078,-1.0437019002065147
2026-02-20,PEN,4.25,5.812,-1.3926555799512248,-1.0009224042500537
2026-02-23,PEN,4.25,5.798,-1.347114106886597,-0.9914743936048491
2026-02-24,PEN,4.25,5.796,-1.4821299476262095,-1.0390451986649964
2026-02-25,PEN,4.25,5.812,-1.4064520991004517,-0.9800057223151197
2026-02-26,PEN,4.25,5.847,-1.548769008101831,-1.0196456356067887
2026-02-27,PEN,4.25,5.853,-1.7312236104055692,-0.9710611431935874
2026-03-02,PEN,4.25,5.897,-1.808111886158522,-0.9607512651153796
2026-03-03,PEN,4.25,5.97,-1.795711398509991,-0.9154552242383689
2026-03-04,PEN,4.25,6.491,-1.6414106203916903,0.313784154950297
2026-03-05,PEN,4.25,6.556,-1.6545466327713818,0.45222839187191255
2026-03-06,PEN,4.25,6.605,-1.5504751247503799,0.5843968982876824
2026-03-09,PEN,4.25,6.638,-1.5208172040903707,0.529057136582946
2026-03-10,PEN,4.25,6.586,-1.4135312094670875,0.5774640023294376
2026-03-11,PEN,4.25,6.581,-1.7940531750437576,0.5789809966157523
2026-03-12,PEN,4.25,6.63,-1.8743056644338576,0.5404161915669534
2026-03-13,PEN,4.25,6.641,-2.083353957107541,0.41314746568042165
2026-03-16,PEN,4.25,6.784,-2.2066056801396403,0.6090709894465398
2026-03-17,PEN,4.25,6.728,-2.4189122970771217,0.6124391214344931
2026-03-18,PEN,4.25,6.715,-2.370662314781936,0.5263521379909335
2026-03-19,PEN,4.25,6.773,-2.4222656938429887,0.48810240094415264
2026-03-20,PEN,4.25,6.818,-1.952516614509212,0.4852846748310393
2026-03-23,PEN,4.25,6.786,-1.801821840387047,0.5217765650497804
2026-03-24,PEN,4.25,6.78,-1.822582824738413,0.4719262445266247
2026-03-25,PEN,4.25,6.795,-1.6827738227668458,0.5702745186844321
2026-03-26,PEN,4.25,6.819,-1.845589686687098,0.7425595597827125
2026-03-27,PEN,4.25,6.988,-1.7601255188253673,0.855154570188669
2026-03-30,PEN,4.25,7.026,-1.9522204587839065,0.8473028683576844
2026-03-31,PEN,4.25,7.004,-1.8425851576230248,0.9619023818742949
2026-04-01,PEN,4.25,6.99,-1.8512136854452355,1.0095082545755705
2026-04-02,PEN,4.25,6.99,-2.3951162730181985,0.9707668575905612
2026-04-06,PEN,4.25,6.983,-2.6505381254928015,0.8980354612576686
2026-04-07,PEN,4.25,6.994,-2.680430549663419,0.9947045226123709
2026-04-08,PEN,4.25,6.872,-2.26837596183945,1.0448289897153116
2026-04-09,PEN,4.25,6.797,-2.59436524550976,0.8607824307482693
2026-04-10,PEN,4.25,6.6579999999999995,-2.478848198526618,0.6475528588642705
2026-04-13,PEN,4.25,6.519,-2.7572133087818558,0.3895243552839996
2026-04-14,PEN,4.25,6.599,-2.3229235631530507,0.720390165659117
2026-04-15,PEN,4.25,6.818,-1.9616395858989792,1.041443523361698
2026-04-16,PEN,4.25,6.751,-1.9950093378939266,0.8210932725431604
2026-04-17,PEN,4.25,6.619,-1.6545653549541612,0.6088607674268022
2026-04-20,PEN,4.25,6.534,-1.8852152374166846,0.4601632481621533
2026-04-21,PEN,4.25,6.533,-2.025170883246044,0.4528427353251393
2026-04-22,PEN,4.25,6.603,-1.9880518440889419,0.6424764127870067
2026-04-23,PEN,4.25,6.646,-1.9575288462417013,0.6662528339933269
2026-04-24,PEN,4.25,6.638,-1.8778342150249954,0.6017093989806039
2026-04-27,PEN,4.25,6.679,-1.529156932250293,0.6417066549815671
2026-04-28,PEN,4.25,6.689,-1.6964175882530461,0.4768702819991159
2026-04-29,PEN,4.25,6.737,-1.6039494833080599,0.777918457341904
2026-04-30,PEN,4.25,6.725,-1.6920264306037587,0.8489520753070955
2026-05-04,PEN,4.25,6.746,-1.6493884673703496,0.9603077781510393
2026-05-05,PEN,4.25,6.745,-1.8291613838191036,0.9125592524493091
2026-05-06,PEN,4.25,6.709,-1.7157812549367835,0.997242681960249
2026-05-07,PEN,4.25,6.704,-1.7811090593705798,0.8734840169149132
2026-05-08,PEN,4.25,6.68,-2.0538480851234304,0.8373185820357705
2026-05-11,PEN,4.25,6.705,-2.0370060626805246,0.9414748692485216
2026-05-12,PEN,4.25,6.711,-2.2372420627773213,0.94468537298344
2026-05-13,PEN,4.25,6.719,-2.3734269055162303,0.9143607310271371
2026-05-14,PEN,4.25,6.738,-2.615385921457688,1.0891461091198231
2026-05-15,PEN,4.25,6.778,-2.7292473307035507,0.9842662279486369
2026-05-18,PEN,4.25,6.802,-2.7702092241218783,0.8656956274933626
2026-05-19,PEN,4.25,6.832,-2.7533469834023725,0.948483965524149
2026-05-20,PEN,4.25,6.795,-2.8042082241856376,0.7170600326619471
2026-05-22,PEN,4.25,6.771,-2.7567196688781346,0.7523784439968767
2026-05-25,PEN,4.25,6.732,-2.707226056355047,0.7358790458493222
2026-05-26,PEN,4.25,6.742,-2.7072953545936786,0.8298065748637438
2026-05-27,PEN,4.25,6.729,-2.7043219482844383,0.8084071858422198
2026-05-28,PEN,4.25,6.72,-2.8141987484700657,0.9263306515608921
2026-05-29,PEN,4.25,6.668,-2.6881294209015643,0.7829685788196337
