date,country,panel,series,value
2025-01-02,CLP,Desvíos del modelo (z-score),FX,-0.2335915143335308
2025-01-03,CLP,Desvíos del modelo (z-score),FX,-0.18713857094575093
2025-01-06,CLP,Desvíos del modelo (z-score),FX,0.22830704801911603
2025-01-07,CLP,Desvíos del modelo (z-score),FX,0.1933704779336336
2025-01-08,CLP,Desvíos del modelo (z-score),FX,0.032208402788175834
2025-01-09,CLP,Desvíos del modelo (z-score),FX,0.05083560224482325
2025-01-10,CLP,Desvíos del modelo (z-score),FX,-0.1934394397068957
2025-01-13,CLP,Desvíos del modelo (z-score),FX,-0.14436487013620664
2025-01-14,CLP,Desvíos del modelo (z-score),FX,0.23872007676446094
2025-01-15,CLP,Desvíos del modelo (z-score),FX,0.036302007705957845
2025-01-16,CLP,Desvíos del modelo (z-score),FX,-0.02165376835321473
2025-01-17,CLP,Desvíos del modelo (z-score),FX,0.2116696606455029
2025-01-20,CLP,Desvíos del modelo (z-score),FX,0.3222028475306221
2025-01-21,CLP,Desvíos del modelo (z-score),FX,0.1881024000343481
2025-01-22,CLP,Desvíos del modelo (z-score),FX,0.23731277210353627
2025-01-23,CLP,Desvíos del modelo (z-score),FX,0.08695321604718595
2025-01-24,CLP,Desvíos del modelo (z-score),FX,0.11641431777490131
2025-01-27,CLP,Desvíos del modelo (z-score),FX,-0.20714875978993794
2025-01-28,CLP,Desvíos del modelo (z-score),FX,-0.23788582736638883
2025-01-29,CLP,Desvíos del modelo (z-score),FX,-0.05500148174948835
2025-01-30,CLP,Desvíos del modelo (z-score),FX,-0.03739138065675672
2025-01-31,CLP,Desvíos del modelo (z-score),FX,-0.1676889853221003
2025-02-03,CLP,Desvíos del modelo (z-score),FX,-0.5712829333311332
2025-02-04,CLP,Desvíos del modelo (z-score),FX,-0.33218511871342343
2025-02-05,CLP,Desvíos del modelo (z-score),FX,-0.3484337363562304
2025-02-06,CLP,Desvíos del modelo (z-score),FX,-0.541283625856158
2025-02-07,CLP,Desvíos del modelo (z-score),FX,-0.4680078927080289
2025-02-10,CLP,Desvíos del modelo (z-score),FX,-0.7185309841253076
2025-02-11,CLP,Desvíos del modelo (z-score),FX,-0.7145212068002624
2025-02-12,CLP,Desvíos del modelo (z-score),FX,-0.48058422191877553
2025-02-13,CLP,Desvíos del modelo (z-score),FX,-0.7207022290694056
2025-02-14,CLP,Desvíos del modelo (z-score),FX,-0.7130847065391892
2025-02-17,CLP,Desvíos del modelo (z-score),FX,-1.0650841948664291
2025-02-18,CLP,Desvíos del modelo (z-score),FX,-0.8613191136060943
2025-02-19,CLP,Desvíos del modelo (z-score),FX,-0.821461694503435
2025-02-20,CLP,Desvíos del modelo (z-score),FX,-0.7791736428354282
2025-02-21,CLP,Desvíos del modelo (z-score),FX,-1.0168477524812822
2025-02-24,CLP,Desvíos del modelo (z-score),FX,-1.088055025668437
2025-02-25,CLP,Desvíos del modelo (z-score),FX,-0.99023853022784
2025-02-26,CLP,Desvíos del modelo (z-score),FX,-1.1347796424468641
2025-02-27,CLP,Desvíos del modelo (z-score),FX,-1.195681470825483
2025-02-28,CLP,Desvíos del modelo (z-score),FX,-1.0737085997671725
2025-03-03,CLP,Desvíos del modelo (z-score),FX,-1.0882872759851152
2025-03-04,CLP,Desvíos del modelo (z-score),FX,-1.054492805631476
2025-03-05,CLP,Desvíos del modelo (z-score),FX,-0.9196576861297111
2025-03-06,CLP,Desvíos del modelo (z-score),FX,-1.155718439017311
2025-03-07,CLP,Desvíos del modelo (z-score),FX,-1.2532528064298682
2025-03-10,CLP,Desvíos del modelo (z-score),FX,-1.2439662664020459
2025-03-11,CLP,Desvíos del modelo (z-score),FX,-1.0630822508332993
2025-03-12,CLP,Desvíos del modelo (z-score),FX,-0.8314410235446953
2025-03-13,CLP,Desvíos del modelo (z-score),FX,-0.8434722953205781
2025-03-14,CLP,Desvíos del modelo (z-score),FX,-0.360228355266198
2025-03-17,CLP,Desvíos del modelo (z-score),FX,-0.4583321157817836
2025-03-18,CLP,Desvíos del modelo (z-score),FX,-0.6933643221112671
2025-03-19,CLP,Desvíos del modelo (z-score),FX,-0.7749408779482336
2025-03-20,CLP,Desvíos del modelo (z-score),FX,-0.8872891524340005
2025-03-21,CLP,Desvíos del modelo (z-score),FX,-0.6726000081389898
2025-03-24,CLP,Desvíos del modelo (z-score),FX,-0.43675212191756496
2025-03-25,CLP,Desvíos del modelo (z-score),FX,-0.581598961102967
2025-03-26,CLP,Desvíos del modelo (z-score),FX,-0.7555056124860967
2025-03-27,CLP,Desvíos del modelo (z-score),FX,-0.6966734545175948
2025-03-28,CLP,Desvíos del modelo (z-score),FX,-0.6033809045793072
2025-03-31,CLP,Desvíos del modelo (z-score),FX,-0.38694018573736433
2025-04-01,CLP,Desvíos del modelo (z-score),FX,-0.2777976257579486
2025-04-02,CLP,Desvíos del modelo (z-score),FX,-0.5131227902557569
2025-04-03,CLP,Desvíos del modelo (z-score),FX,-0.3032342395248966
2025-04-04,CLP,Desvíos del modelo (z-score),FX,-0.8706183420006354
2025-04-07,CLP,Desvíos del modelo (z-score),FX,-0.40915264184303907
2025-04-08,CLP,Desvíos del modelo (z-score),FX,-0.06607962725804603
2025-04-09,CLP,Desvíos del modelo (z-score),FX,0.010176392154336685
2025-04-10,CLP,Desvíos del modelo (z-score),FX,0.44877464795348204
2025-04-11,CLP,Desvíos del modelo (z-score),FX,0.4084666948022302
2025-04-14,CLP,Desvíos del modelo (z-score),FX,0.5850197185906664
2025-04-15,CLP,Desvíos del modelo (z-score),FX,0.40322245160178594
2025-04-16,CLP,Desvíos del modelo (z-score),FX,0.5116451197258739
2025-04-17,CLP,Desvíos del modelo (z-score),FX,0.7181827322927932
2025-04-21,CLP,Desvíos del modelo (z-score),FX,0.7340702627333262
2025-04-22,CLP,Desvíos del modelo (z-score),FX,0.5988022251248082
2025-04-23,CLP,Desvíos del modelo (z-score),FX,0.28976766480909083
2025-04-24,CLP,Desvíos del modelo (z-score),FX,-0.14825495878263173
2025-04-25,CLP,Desvíos del modelo (z-score),FX,-0.20590394933347694
2025-04-28,CLP,Desvíos del modelo (z-score),FX,-0.21898459015827354
2025-04-29,CLP,Desvíos del modelo (z-score),FX,-0.11552756461541681
2025-04-30,CLP,Desvíos del modelo (z-score),FX,0.18394378130567635
2025-05-02,CLP,Desvíos del modelo (z-score),FX,0.5292237082243326
2025-05-05,CLP,Desvíos del modelo (z-score),FX,0.250785064796846
2025-05-06,CLP,Desvíos del modelo (z-score),FX,0.17966151287609966
2025-05-07,CLP,Desvíos del modelo (z-score),FX,0.3074056725489152
2025-05-08,CLP,Desvíos del modelo (z-score),FX,0.5066909978865947
2025-05-09,CLP,Desvíos del modelo (z-score),FX,0.36987299162205667
2025-05-12,CLP,Desvíos del modelo (z-score),FX,0.16564616734209697
2025-05-13,CLP,Desvíos del modelo (z-score),FX,0.2495019727596788
2025-05-14,CLP,Desvíos del modelo (z-score),FX,0.39864709409847554
2025-05-15,CLP,Desvíos del modelo (z-score),FX,0.4542918909428555
2025-05-16,CLP,Desvíos del modelo (z-score),FX,0.4867181998027531
2025-05-19,CLP,Desvíos del modelo (z-score),FX,0.5833867772286808
2025-05-20,CLP,Desvíos del modelo (z-score),FX,0.4527435829189172
2025-05-22,CLP,Desvíos del modelo (z-score),FX,0.6619684315592466
2025-05-23,CLP,Desvíos del modelo (z-score),FX,0.6422520139947988
2025-05-26,CLP,Desvíos del modelo (z-score),FX,0.7006450469466248
2025-05-27,CLP,Desvíos del modelo (z-score),FX,0.6746830817271834
2025-05-28,CLP,Desvíos del modelo (z-score),FX,0.6470618418434801
2025-05-29,CLP,Desvíos del modelo (z-score),FX,0.6939558103279808
2025-05-30,CLP,Desvíos del modelo (z-score),FX,0.7350446719830697
2025-06-02,CLP,Desvíos del modelo (z-score),FX,0.9110286676790323
2025-06-03,CLP,Desvíos del modelo (z-score),FX,0.7877222595430375
2025-06-04,CLP,Desvíos del modelo (z-score),FX,0.8322822908252696
2025-06-05,CLP,Desvíos del modelo (z-score),FX,0.7329493487194868
2025-06-06,CLP,Desvíos del modelo (z-score),FX,0.6566744057274118
2025-06-09,CLP,Desvíos del modelo (z-score),FX,0.6665135450987706
2025-06-10,CLP,Desvíos del modelo (z-score),FX,0.6866177458145549
2025-06-11,CLP,Desvíos del modelo (z-score),FX,0.6577175543072641
2025-06-12,CLP,Desvíos del modelo (z-score),FX,0.5736449876210843
2025-06-13,CLP,Desvíos del modelo (z-score),FX,-0.06620963739694519
2025-06-16,CLP,Desvíos del modelo (z-score),FX,0.32369143726039906
2025-06-17,CLP,Desvíos del modelo (z-score),FX,-0.09076659214175807
2025-06-18,CLP,Desvíos del modelo (z-score),FX,0.08874465139194682
2025-06-19,CLP,Desvíos del modelo (z-score),FX,-0.01565688081060178
2025-06-23,CLP,Desvíos del modelo (z-score),FX,0.21974650724767258
2025-06-24,CLP,Desvíos del modelo (z-score),FX,0.8051398584579921
2025-06-25,CLP,Desvíos del modelo (z-score),FX,0.5615001253411062
2025-06-26,CLP,Desvíos del modelo (z-score),FX,0.4629236192181437
2025-06-27,CLP,Desvíos del modelo (z-score),FX,0.28158315915891435
2025-06-30,CLP,Desvíos del modelo (z-score),FX,0.42263018551219056
2025-07-01,CLP,Desvíos del modelo (z-score),FX,0.48152334267721747
2025-07-02,CLP,Desvíos del modelo (z-score),FX,0.1271220029678625
2025-07-03,CLP,Desvíos del modelo (z-score),FX,0.19530239099959398
2025-07-04,CLP,Desvíos del modelo (z-score),FX,0.18039655205562738
2025-07-07,CLP,Desvíos del modelo (z-score),FX,0.22195107782000248
2025-07-08,CLP,Desvíos del modelo (z-score),FX,0.5573572130771749
2025-07-09,CLP,Desvíos del modelo (z-score),FX,0.6624513598525553
2025-07-10,CLP,Desvíos del modelo (z-score),FX,0.8361119722953743
2025-07-11,CLP,Desvíos del modelo (z-score),FX,0.7434343925168205
2025-07-14,CLP,Desvíos del modelo (z-score),FX,0.8730877529404176
2025-07-15,CLP,Desvíos del modelo (z-score),FX,1.1518051104379916
2025-07-17,CLP,Desvíos del modelo (z-score),FX,0.9987550878088423
2025-07-18,CLP,Desvíos del modelo (z-score),FX,1.131964298168341
2025-07-21,CLP,Desvíos del modelo (z-score),FX,1.0133577717277291
2025-07-22,CLP,Desvíos del modelo (z-score),FX,1.0395809224738377
2025-07-23,CLP,Desvíos del modelo (z-score),FX,1.1896430769282844
2025-07-24,CLP,Desvíos del modelo (z-score),FX,1.1063754133866615
2025-07-25,CLP,Desvíos del modelo (z-score),FX,1.169084346092991
2025-07-28,CLP,Desvíos del modelo (z-score),FX,1.220727202393427
2025-07-29,CLP,Desvíos del modelo (z-score),FX,1.2035943160170637
2025-07-30,CLP,Desvíos del modelo (z-score),FX,1.2857452100888869
2025-07-31,CLP,Desvíos del modelo (z-score),FX,1.2066241905996349
2025-08-01,CLP,Desvíos del modelo (z-score),FX,0.8151001244959983
2025-08-04,CLP,Desvíos del modelo (z-score),FX,0.8996719033924293
2025-08-05,CLP,Desvíos del modelo (z-score),FX,0.888625900291525
2025-08-06,CLP,Desvíos del modelo (z-score),FX,1.093024140528018
2025-08-07,CLP,Desvíos del modelo (z-score),FX,1.4440639114514713
2025-08-08,CLP,Desvíos del modelo (z-score),FX,1.4455363764473164
2025-08-11,CLP,Desvíos del modelo (z-score),FX,1.1457310682083486
2025-08-12,CLP,Desvíos del modelo (z-score),FX,1.3961290255447683
2025-08-13,CLP,Desvíos del modelo (z-score),FX,1.3372155882226004
2025-08-14,CLP,Desvíos del modelo (z-score),FX,0.9968808403529514
2025-08-18,CLP,Desvíos del modelo (z-score),FX,1.3087432252102595
2025-08-19,CLP,Desvíos del modelo (z-score),FX,1.444955144947029
2025-08-20,CLP,Desvíos del modelo (z-score),FX,1.3830935584701438
2025-08-21,CLP,Desvíos del modelo (z-score),FX,1.3397427901822652
2025-08-22,CLP,Desvíos del modelo (z-score),FX,1.6547114255959512
2025-08-25,CLP,Desvíos del modelo (z-score),FX,1.6360742208497618
2025-08-26,CLP,Desvíos del modelo (z-score),FX,1.6013839988939056
2025-08-27,CLP,Desvíos del modelo (z-score),FX,1.4530528409133052
2025-08-28,CLP,Desvíos del modelo (z-score),FX,1.724633445928317
2025-08-29,CLP,Desvíos del modelo (z-score),FX,1.6630565911922497
2025-09-01,CLP,Desvíos del modelo (z-score),FX,1.6011012411242767
2025-09-02,CLP,Desvíos del modelo (z-score),FX,1.4856891858831438
2025-09-03,CLP,Desvíos del modelo (z-score),FX,1.6761461713125354
2025-09-04,CLP,Desvíos del modelo (z-score),FX,1.513267150496941
2025-09-05,CLP,Desvíos del modelo (z-score),FX,1.731618952764976
2025-09-08,CLP,Desvíos del modelo (z-score),FX,1.5186080441648444
2025-09-09,CLP,Desvíos del modelo (z-score),FX,1.5791919678492037
2025-09-10,CLP,Desvíos del modelo (z-score),FX,1.4396318945343702
2025-09-11,CLP,Desvíos del modelo (z-score),FX,1.4746687004069854
2025-09-12,CLP,Desvíos del modelo (z-score),FX,1.3178851346746012
2025-09-15,CLP,Desvíos del modelo (z-score),FX,1.1404879632413638
2025-09-16,CLP,Desvíos del modelo (z-score),FX,0.9704508212648405
2025-09-17,CLP,Desvíos del modelo (z-score),FX,1.149558685510823
2025-09-22,CLP,Desvíos del modelo (z-score),FX,0.9476288017734543
2025-09-23,CLP,Desvíos del modelo (z-score),FX,0.9699072266152976
2025-09-24,CLP,Desvíos del modelo (z-score),FX,0.9463056773840224
2025-09-25,CLP,Desvíos del modelo (z-score),FX,0.9323468131003997
2025-09-26,CLP,Desvíos del modelo (z-score),FX,1.1401773549217948
2025-09-29,CLP,Desvíos del modelo (z-score),FX,1.2359440203688714
2025-09-30,CLP,Desvíos del modelo (z-score),FX,1.3149288040366869
2025-10-01,CLP,Desvíos del modelo (z-score),FX,1.3938316022982165
2025-10-02,CLP,Desvíos del modelo (z-score),FX,1.2411288592629433
2025-10-03,CLP,Desvíos del modelo (z-score),FX,1.340775615321491
2025-10-06,CLP,Desvíos del modelo (z-score),FX,1.3274095106945043
2025-10-07,CLP,Desvíos del modelo (z-score),FX,1.3090496178077973
2025-10-08,CLP,Desvíos del modelo (z-score),FX,1.2137410846258545
2025-10-09,CLP,Desvíos del modelo (z-score),FX,1.0057359477972105
2025-10-10,CLP,Desvíos del modelo (z-score),FX,0.530304937787836
2025-10-13,CLP,Desvíos del modelo (z-score),FX,0.7734669318985469
2025-10-14,CLP,Desvíos del modelo (z-score),FX,0.5492802714914158
2025-10-15,CLP,Desvíos del modelo (z-score),FX,0.999716072259466
2025-10-16,CLP,Desvíos del modelo (z-score),FX,0.45604792921054965
2025-10-17,CLP,Desvíos del modelo (z-score),FX,0.6459944384256293
2025-10-20,CLP,Desvíos del modelo (z-score),FX,0.888285669139314
2025-10-21,CLP,Desvíos del modelo (z-score),FX,0.6981487632362202
2025-10-22,CLP,Desvíos del modelo (z-score),FX,0.6151491151108759
2025-10-23,CLP,Desvíos del modelo (z-score),FX,0.5618517183368554
2025-10-24,CLP,Desvíos del modelo (z-score),FX,0.5184545828150261
2025-10-27,CLP,Desvíos del modelo (z-score),FX,0.4977881296319759
2025-10-28,CLP,Desvíos del modelo (z-score),FX,0.2437322157197054
2025-10-29,CLP,Desvíos del modelo (z-score),FX,0.38109086567117084
2025-10-30,CLP,Desvíos del modelo (z-score),FX,0.3221930997819374
2025-11-03,CLP,Desvíos del modelo (z-score),FX,0.2620430867729659
2025-11-04,CLP,Desvíos del modelo (z-score),FX,-0.02175867839049691
2025-11-05,CLP,Desvíos del modelo (z-score),FX,0.2298651247526904
2025-11-06,CLP,Desvíos del modelo (z-score),FX,0.2554091933045209
2025-11-07,CLP,Desvíos del modelo (z-score),FX,0.19115592175487536
2025-11-10,CLP,Desvíos del modelo (z-score),FX,0.4199544775346666
2025-11-11,CLP,Desvíos del modelo (z-score),FX,0.3398612386112029
2025-11-12,CLP,Desvíos del modelo (z-score),FX,0.2687362622933206
2025-11-13,CLP,Desvíos del modelo (z-score),FX,0.17159083713030895
2025-11-14,CLP,Desvíos del modelo (z-score),FX,-0.06864242469541423
2025-11-17,CLP,Desvíos del modelo (z-score),FX,-0.09447570252736891
2025-11-18,CLP,Desvíos del modelo (z-score),FX,-0.6739461894082396
2025-11-19,CLP,Desvíos del modelo (z-score),FX,-0.30248305459332964
2025-11-20,CLP,Desvíos del modelo (z-score),FX,-0.4303332072839947
2025-11-21,CLP,Desvíos del modelo (z-score),FX,-0.40838683489868477
2025-11-24,CLP,Desvíos del modelo (z-score),FX,-0.09440683954079333
2025-11-25,CLP,Desvíos del modelo (z-score),FX,0.1982885126728679
2025-11-26,CLP,Desvíos del modelo (z-score),FX,0.27808559058285404
2025-11-27,CLP,Desvíos del modelo (z-score),FX,0.12156361653674344
2025-11-28,CLP,Desvíos del modelo (z-score),FX,0.21842142726678707
2025-12-01,CLP,Desvíos del modelo (z-score),FX,0.2571311541928925
2025-12-02,CLP,Desvíos del modelo (z-score),FX,0.30634396128675073
2025-12-03,CLP,Desvíos del modelo (z-score),FX,0.3211722491745374
2025-12-04,CLP,Desvíos del modelo (z-score),FX,0.1559446573163313
2025-12-05,CLP,Desvíos del modelo (z-score),FX,0.28212618568404174
2025-12-09,CLP,Desvíos del modelo (z-score),FX,0.22795640551524202
2025-12-10,CLP,Desvíos del modelo (z-score),FX,0.5446615295954254
2025-12-11,CLP,Desvíos del modelo (z-score),FX,0.6345224578725255
2025-12-12,CLP,Desvíos del modelo (z-score),FX,0.5480327803818628
2025-12-15,CLP,Desvíos del modelo (z-score),FX,0.47760775868244415
2025-12-16,CLP,Desvíos del modelo (z-score),FX,0.3586189595806309
2025-12-17,CLP,Desvíos del modelo (z-score),FX,0.4568045248705461
2025-12-18,CLP,Desvíos del modelo (z-score),FX,0.48152823875644557
2025-12-19,CLP,Desvíos del modelo (z-score),FX,0.5917567906578752
2025-12-22,CLP,Desvíos del modelo (z-score),FX,0.5661108780858037
2025-12-23,CLP,Desvíos del modelo (z-score),FX,0.5778721793472477
2025-12-24,CLP,Desvíos del modelo (z-score),FX,0.6239306865137167
2025-12-26,CLP,Desvíos del modelo (z-score),FX,0.7010518285426565
2025-12-29,CLP,Desvíos del modelo (z-score),FX,0.5601368289690533
2025-12-30,CLP,Desvíos del modelo (z-score),FX,0.774315851300474
2026-01-02,CLP,Desvíos del modelo (z-score),FX,0.7829002963221388
2026-01-05,CLP,Desvíos del modelo (z-score),FX,0.5400055705608482
2026-01-06,CLP,Desvíos del modelo (z-score),FX,0.8114747566934408
2026-01-07,CLP,Desvíos del modelo (z-score),FX,0.5876542699515578
2026-01-08,CLP,Desvíos del modelo (z-score),FX,0.5188029972744518
2026-01-09,CLP,Desvíos del modelo (z-score),FX,0.5059268328802884
2026-01-12,CLP,Desvíos del modelo (z-score),FX,0.4407977099383828
2026-01-13,CLP,Desvíos del modelo (z-score),FX,0.025927973173720763
2026-01-14,CLP,Desvíos del modelo (z-score),FX,-0.04461398084093203
2026-01-15,CLP,Desvíos del modelo (z-score),FX,0.14120642884577617
2026-01-16,CLP,Desvíos del modelo (z-score),FX,0.22458716432855794
2026-01-19,CLP,Desvíos del modelo (z-score),FX,0.07979665199191456
2026-01-20,CLP,Desvíos del modelo (z-score),FX,0.11995873797911558
2026-01-21,CLP,Desvíos del modelo (z-score),FX,0.45328215770359803
2026-01-22,CLP,Desvíos del modelo (z-score),FX,0.20393440637375287
2026-01-23,CLP,Desvíos del modelo (z-score),FX,-0.0737883590117009
2026-01-26,CLP,Desvíos del modelo (z-score),FX,-0.020819175026729374
2026-01-27,CLP,Desvíos del modelo (z-score),FX,-0.19047067111527302
2026-01-28,CLP,Desvíos del modelo (z-score),FX,-0.1200053927343495
2026-01-29,CLP,Desvíos del modelo (z-score),FX,-0.33962361580108696
2026-01-30,CLP,Desvíos del modelo (z-score),FX,-0.4256308841781549
2026-02-02,CLP,Desvíos del modelo (z-score),FX,-0.07447708011351108
2026-02-03,CLP,Desvíos del modelo (z-score),FX,-0.10591133835596496
2026-02-04,CLP,Desvíos del modelo (z-score),FX,-0.39345860783597897
2026-02-05,CLP,Desvíos del modelo (z-score),FX,-0.6165097821491581
2026-02-06,CLP,Desvíos del modelo (z-score),FX,-0.24707542912100006
2026-02-09,CLP,Desvíos del modelo (z-score),FX,-0.30447178584699064
2026-02-10,CLP,Desvíos del modelo (z-score),FX,-0.444307487251763
2026-02-11,CLP,Desvíos del modelo (z-score),FX,-0.28740260496937636
2026-02-12,CLP,Desvíos del modelo (z-score),FX,-0.45325516477572564
2026-02-13,CLP,Desvíos del modelo (z-score),FX,-0.5568807216237475
2026-02-16,CLP,Desvíos del modelo (z-score),FX,-0.3741910718496918
2026-02-17,CLP,Desvíos del modelo (z-score),FX,-0.32624838526949135
2026-02-18,CLP,Desvíos del modelo (z-score),FX,-0.2015753981006065
2026-02-19,CLP,Desvíos del modelo (z-score),FX,-0.5769255570130027
2026-02-20,CLP,Desvíos del modelo (z-score),FX,-0.31098568181835096
2026-02-23,CLP,Desvíos del modelo (z-score),FX,-0.39595981531393903
2026-02-24,CLP,Desvíos del modelo (z-score),FX,-0.2785479440720778
2026-02-25,CLP,Desvíos del modelo (z-score),FX,-0.18148517716153081
2026-02-26,CLP,Desvíos del modelo (z-score),FX,-0.3334205095289619
2026-02-27,CLP,Desvíos del modelo (z-score),FX,-0.3805986647674599
2026-03-02,CLP,Desvíos del modelo (z-score),FX,-0.43709874328763937
2026-03-03,CLP,Desvíos del modelo (z-score),FX,-0.44362326018181664
2026-03-04,CLP,Desvíos del modelo (z-score),FX,0.2724646560322399
2026-03-05,CLP,Desvíos del modelo (z-score),FX,-0.44290398992859625
2026-03-06,CLP,Desvíos del modelo (z-score),FX,-0.671565898946692
2026-03-09,CLP,Desvíos del modelo (z-score),FX,-0.3178700883815848
2026-03-10,CLP,Desvíos del modelo (z-score),FX,0.05851798452402373
2026-03-11,CLP,Desvíos del modelo (z-score),FX,-0.6080690624003943
2026-03-12,CLP,Desvíos del modelo (z-score),FX,-0.8603939719588003
2026-03-13,CLP,Desvíos del modelo (z-score),FX,-0.5990241669556705
2026-03-16,CLP,Desvíos del modelo (z-score),FX,-0.23529075034788544
2026-03-17,CLP,Desvíos del modelo (z-score),FX,-0.4067559144819262
2026-03-18,CLP,Desvíos del modelo (z-score),FX,-0.6129538808180488
2026-03-19,CLP,Desvíos del modelo (z-score),FX,-0.5094515252284048
2026-03-20,CLP,Desvíos del modelo (z-score),FX,-0.3683852447608573
2026-03-23,CLP,Desvíos del modelo (z-score),FX,-0.3103678672337265
2026-03-24,CLP,Desvíos del modelo (z-score),FX,-0.685976190613217
2026-03-25,CLP,Desvíos del modelo (z-score),FX,-0.4368343472075444
2026-03-26,CLP,Desvíos del modelo (z-score),FX,-0.6777768027141102
2026-03-27,CLP,Desvíos del modelo (z-score),FX,-0.5911951050206292
2026-03-30,CLP,Desvíos del modelo (z-score),FX,-0.5494508046519708
2026-03-31,CLP,Desvíos del modelo (z-score),FX,-0.38142929900408595
2026-04-01,CLP,Desvíos del modelo (z-score),FX,-0.29428728874566
2026-04-02,CLP,Desvíos del modelo (z-score),FX,-0.9124324552390959
2026-04-06,CLP,Desvíos del modelo (z-score),FX,-0.8069310803027436
2026-04-07,CLP,Desvíos del modelo (z-score),FX,-1.1348694982064598
2026-04-08,CLP,Desvíos del modelo (z-score),FX,0.03262117907281897
2026-04-09,CLP,Desvíos del modelo (z-score),FX,-0.8206727315338681
2026-04-10,CLP,Desvíos del modelo (z-score),FX,-0.6115330630817338
2026-04-13,CLP,Desvíos del modelo (z-score),FX,-0.903014071420273
2026-04-14,CLP,Desvíos del modelo (z-score),FX,-0.31447295015784626
2026-04-15,CLP,Desvíos del modelo (z-score),FX,-0.7652962143480362
2026-04-16,CLP,Desvíos del modelo (z-score),FX,-0.7280584682194811
2026-04-17,CLP,Desvíos del modelo (z-score),FX,-0.5671834903589562
2026-04-20,CLP,Desvíos del modelo (z-score),FX,-1.114560238210105
2026-04-21,CLP,Desvíos del modelo (z-score),FX,-0.9920779887781728
2026-04-22,CLP,Desvíos del modelo (z-score),FX,-0.8978421255271022
2026-04-23,CLP,Desvíos del modelo (z-score),FX,-0.9539699784221685
2026-04-24,CLP,Desvíos del modelo (z-score),FX,-0.9092306258437345
2026-04-27,CLP,Desvíos del modelo (z-score),FX,-0.7394395527986529
2026-04-28,CLP,Desvíos del modelo (z-score),FX,-0.8712551170662106
2026-04-29,CLP,Desvíos del modelo (z-score),FX,-0.9668391016442159
2026-04-30,CLP,Desvíos del modelo (z-score),FX,-0.6900917848942872
2026-05-04,CLP,Desvíos del modelo (z-score),FX,-0.8199292533522652
2026-05-05,CLP,Desvíos del modelo (z-score),FX,-0.5099777415211455
2026-05-06,CLP,Desvíos del modelo (z-score),FX,-0.5198739790835607
2026-05-07,CLP,Desvíos del modelo (z-score),FX,-0.7331748682260248
2026-05-08,CLP,Desvíos del modelo (z-score),FX,-1.0435558858398246
2026-05-11,CLP,Desvíos del modelo (z-score),FX,-1.037342364413626
2026-05-12,CLP,Desvíos del modelo (z-score),FX,-0.9142224824418433
2026-05-13,CLP,Desvíos del modelo (z-score),FX,-0.6782885976162293
2026-05-14,CLP,Desvíos del modelo (z-score),FX,-1.0519154952238967
2026-05-15,CLP,Desvíos del modelo (z-score),FX,-1.1722601993938613
2026-05-18,CLP,Desvíos del modelo (z-score),FX,-0.7242254619157761
2026-05-19,CLP,Desvíos del modelo (z-score),FX,-0.8883471459285263
2026-05-20,CLP,Desvíos del modelo (z-score),FX,-0.6058785437125603
2026-05-22,CLP,Desvíos del modelo (z-score),FX,-0.7895983448204261
2026-05-25,CLP,Desvíos del modelo (z-score),FX,-0.6530052603334334
2026-05-26,CLP,Desvíos del modelo (z-score),FX,-0.8831085949525941
2026-05-27,CLP,Desvíos del modelo (z-score),FX,-0.6935772659053855
2026-05-28,CLP,Desvíos del modelo (z-score),FX,-0.7446484750555669
2026-05-29,CLP,Desvíos del modelo (z-score),FX,-0.7197209052822249
2026-06-01,CLP,Desvíos del modelo (z-score),FX,-1.0151661159175427
2025-01-02,CLP,Desvíos del modelo (z-score),Tasa 10Y,0.17571535525570714
2025-01-03,CLP,Desvíos del modelo (z-score),Tasa 10Y,0.2662921597613358
2025-01-06,CLP,Desvíos del modelo (z-score),Tasa 10Y,0.207506210461093
2025-01-07,CLP,Desvíos del modelo (z-score),Tasa 10Y,0.09612792827619601
2025-01-08,CLP,Desvíos del modelo (z-score),Tasa 10Y,0.15907060039654472
2025-01-09,CLP,Desvíos del modelo (z-score),Tasa 10Y,0.16303343298846437
2025-01-10,CLP,Desvíos del modelo (z-score),Tasa 10Y,-0.011246807483949179
2025-01-13,CLP,Desvíos del modelo (z-score),Tasa 10Y,2.5853237525678583e-4
2025-01-14,CLP,Desvíos del modelo (z-score),Tasa 10Y,-0.03658931532522318
2025-01-15,CLP,Desvíos del modelo (z-score),Tasa 10Y,0.26639444882577584
2025-01-16,CLP,Desvíos del modelo (z-score),Tasa 10Y,0.254365408798419
2025-01-17,CLP,Desvíos del modelo (z-score),Tasa 10Y,0.1799911065721944
2025-01-20,CLP,Desvíos del modelo (z-score),Tasa 10Y,0.12615290924157552
2025-01-21,CLP,Desvíos del modelo (z-score),Tasa 10Y,0.18116319329791442
2025-01-22,CLP,Desvíos del modelo (z-score),Tasa 10Y,0.1527880693647968
2025-01-23,CLP,Desvíos del modelo (z-score),Tasa 10Y,0.2150854528986769
2025-01-24,CLP,Desvíos del modelo (z-score),Tasa 10Y,0.22231343184554916
2025-01-27,CLP,Desvíos del modelo (z-score),Tasa 10Y,0.08487690993770713
2025-01-28,CLP,Desvíos del modelo (z-score),Tasa 10Y,0.25529059746168287
2025-01-29,CLP,Desvíos del modelo (z-score),Tasa 10Y,0.28986234807715405
2025-01-30,CLP,Desvíos del modelo (z-score),Tasa 10Y,0.37569341924258526
2025-01-31,CLP,Desvíos del modelo (z-score),Tasa 10Y,0.3279514176370734
2025-02-03,CLP,Desvíos del modelo (z-score),Tasa 10Y,0.2735493102263031
2025-02-04,CLP,Desvíos del modelo (z-score),Tasa 10Y,0.300266807753518
2025-02-05,CLP,Desvíos del modelo (z-score),Tasa 10Y,0.4247121943245034
2025-02-06,CLP,Desvíos del modelo (z-score),Tasa 10Y,0.44279132434386786
2025-02-07,CLP,Desvíos del modelo (z-score),Tasa 10Y,0.31456980207374713
2025-02-10,CLP,Desvíos del modelo (z-score),Tasa 10Y,0.40122773854944566
2025-02-11,CLP,Desvíos del modelo (z-score),Tasa 10Y,0.3485076421047567
2025-02-12,CLP,Desvíos del modelo (z-score),Tasa 10Y,0.24885185008715974
2025-02-13,CLP,Desvíos del modelo (z-score),Tasa 10Y,0.4343684718443849
2025-02-14,CLP,Desvíos del modelo (z-score),Tasa 10Y,0.5114763659784352
2025-02-17,CLP,Desvíos del modelo (z-score),Tasa 10Y,0.5097536400869304
2025-02-18,CLP,Desvíos del modelo (z-score),Tasa 10Y,0.46946986960819936
2025-02-19,CLP,Desvíos del modelo (z-score),Tasa 10Y,0.531625726884241
2025-02-20,CLP,Desvíos del modelo (z-score),Tasa 10Y,0.4769666584575459
2025-02-21,CLP,Desvíos del modelo (z-score),Tasa 10Y,0.34850048591623783
2025-02-24,CLP,Desvíos del modelo (z-score),Tasa 10Y,0.26701248101504244
2025-02-25,CLP,Desvíos del modelo (z-score),Tasa 10Y,0.32641548161188677
2025-02-26,CLP,Desvíos del modelo (z-score),Tasa 10Y,0.4339481038049768
2025-02-27,CLP,Desvíos del modelo (z-score),Tasa 10Y,0.3906259968401857
2025-02-28,CLP,Desvíos del modelo (z-score),Tasa 10Y,0.5042944836446696
2025-03-03,CLP,Desvíos del modelo (z-score),Tasa 10Y,0.458830378826629
2025-03-04,CLP,Desvíos del modelo (z-score),Tasa 10Y,0.1862606532314148
2025-03-05,CLP,Desvíos del modelo (z-score),Tasa 10Y,0.1530693445691834
2025-03-06,CLP,Desvíos del modelo (z-score),Tasa 10Y,-0.06233991248512049
2025-03-07,CLP,Desvíos del modelo (z-score),Tasa 10Y,-0.1251613046473925
2025-03-10,CLP,Desvíos del modelo (z-score),Tasa 10Y,-0.1526056030777386
2025-03-11,CLP,Desvíos del modelo (z-score),Tasa 10Y,-0.22783380204868178
2025-03-12,CLP,Desvíos del modelo (z-score),Tasa 10Y,-0.1637910787760412
2025-03-13,CLP,Desvíos del modelo (z-score),Tasa 10Y,-0.21268350373740003
2025-03-14,CLP,Desvíos del modelo (z-score),Tasa 10Y,-0.13630563180565794
2025-03-17,CLP,Desvíos del modelo (z-score),Tasa 10Y,-0.08517944644236648
2025-03-18,CLP,Desvíos del modelo (z-score),Tasa 10Y,-0.09881596916169441
2025-03-19,CLP,Desvíos del modelo (z-score),Tasa 10Y,0.03184130550191672
2025-03-20,CLP,Desvíos del modelo (z-score),Tasa 10Y,-0.061487997822287595
2025-03-21,CLP,Desvíos del modelo (z-score),Tasa 10Y,0.005972826420552273
2025-03-24,CLP,Desvíos del modelo (z-score),Tasa 10Y,0.012834512363358393
2025-03-25,CLP,Desvíos del modelo (z-score),Tasa 10Y,0.1011918643273519
2025-03-26,CLP,Desvíos del modelo (z-score),Tasa 10Y,0.08822337700241137
2025-03-27,CLP,Desvíos del modelo (z-score),Tasa 10Y,0.1500426144105327
2025-03-28,CLP,Desvíos del modelo (z-score),Tasa 10Y,0.1581717651899425
2025-03-31,CLP,Desvíos del modelo (z-score),Tasa 10Y,0.19594859318707475
2025-04-01,CLP,Desvíos del modelo (z-score),Tasa 10Y,0.3038741644249253
2025-04-02,CLP,Desvíos del modelo (z-score),Tasa 10Y,0.300256715403011
2025-04-03,CLP,Desvíos del modelo (z-score),Tasa 10Y,-0.15487516822055028
2025-04-04,CLP,Desvíos del modelo (z-score),Tasa 10Y,-0.6397534724153299
2025-04-07,CLP,Desvíos del modelo (z-score),Tasa 10Y,-0.757501802584837
2025-04-08,CLP,Desvíos del modelo (z-score),Tasa 10Y,-0.9921925014594786
2025-04-09,CLP,Desvíos del modelo (z-score),Tasa 10Y,-0.8053416194569003
2025-04-10,CLP,Desvíos del modelo (z-score),Tasa 10Y,-1.0241315748753812
2025-04-11,CLP,Desvíos del modelo (z-score),Tasa 10Y,-1.0832693131262872
2025-04-14,CLP,Desvíos del modelo (z-score),Tasa 10Y,-0.8443719072526467
2025-04-15,CLP,Desvíos del modelo (z-score),Tasa 10Y,-0.9726802150439025
2025-04-16,CLP,Desvíos del modelo (z-score),Tasa 10Y,-1.0616937961184343
2025-04-17,CLP,Desvíos del modelo (z-score),Tasa 10Y,-0.9741364712671299
2025-04-21,CLP,Desvíos del modelo (z-score),Tasa 10Y,-1.0492087782729431
2025-04-22,CLP,Desvíos del modelo (z-score),Tasa 10Y,-0.8678883073105528
2025-04-23,CLP,Desvíos del modelo (z-score),Tasa 10Y,-0.7356196717220392
2025-04-24,CLP,Desvíos del modelo (z-score),Tasa 10Y,-0.5643891208109997
2025-04-25,CLP,Desvíos del modelo (z-score),Tasa 10Y,-0.34271851522950864
2025-04-28,CLP,Desvíos del modelo (z-score),Tasa 10Y,-0.32714439648084886
2025-04-29,CLP,Desvíos del modelo (z-score),Tasa 10Y,-0.22860856917584343
2025-04-30,CLP,Desvíos del modelo (z-score),Tasa 10Y,-0.27683538296624016
2025-05-02,CLP,Desvíos del modelo (z-score),Tasa 10Y,-0.3239587927111973
2025-05-05,CLP,Desvíos del modelo (z-score),Tasa 10Y,-0.3680774435704363
2025-05-06,CLP,Desvíos del modelo (z-score),Tasa 10Y,-0.3697054602019838
2025-05-07,CLP,Desvíos del modelo (z-score),Tasa 10Y,-0.2850384384155067
2025-05-08,CLP,Desvíos del modelo (z-score),Tasa 10Y,-0.3483500942864006
2025-05-09,CLP,Desvíos del modelo (z-score),Tasa 10Y,-0.3530303686636266
2025-05-12,CLP,Desvíos del modelo (z-score),Tasa 10Y,-0.2686730311274268
2025-05-13,CLP,Desvíos del modelo (z-score),Tasa 10Y,-0.22490666836260587
2025-05-14,CLP,Desvíos del modelo (z-score),Tasa 10Y,-0.35892436520409865
2025-05-15,CLP,Desvíos del modelo (z-score),Tasa 10Y,-0.24991512031441637
2025-05-16,CLP,Desvíos del modelo (z-score),Tasa 10Y,-0.36070950496176213
2025-05-19,CLP,Desvíos del modelo (z-score),Tasa 10Y,-0.35549950613403175
2025-05-20,CLP,Desvíos del modelo (z-score),Tasa 10Y,-0.354314644518512
2025-05-22,CLP,Desvíos del modelo (z-score),Tasa 10Y,-0.5262734078569796
2025-05-23,CLP,Desvíos del modelo (z-score),Tasa 10Y,-0.6262140375201267
2025-05-26,CLP,Desvíos del modelo (z-score),Tasa 10Y,-0.5097183144886756
2025-05-27,CLP,Desvíos del modelo (z-score),Tasa 10Y,-0.37905840125920054
2025-05-28,CLP,Desvíos del modelo (z-score),Tasa 10Y,-0.3717921297863627
2025-05-29,CLP,Desvíos del modelo (z-score),Tasa 10Y,-0.3138842190834042
2025-05-30,CLP,Desvíos del modelo (z-score),Tasa 10Y,-0.3532367185156409
2025-06-02,CLP,Desvíos del modelo (z-score),Tasa 10Y,-0.3287591363321102
2025-06-03,CLP,Desvíos del modelo (z-score),Tasa 10Y,-0.3796950954997616
2025-06-04,CLP,Desvíos del modelo (z-score),Tasa 10Y,-0.28236183115295466
2025-06-05,CLP,Desvíos del modelo (z-score),Tasa 10Y,-0.38879462293022965
2025-06-06,CLP,Desvíos del modelo (z-score),Tasa 10Y,-0.39771906075845925
2025-06-09,CLP,Desvíos del modelo (z-score),Tasa 10Y,-0.3492947619436284
2025-06-10,CLP,Desvíos del modelo (z-score),Tasa 10Y,-0.3918131508344876
2025-06-11,CLP,Desvíos del modelo (z-score),Tasa 10Y,-0.3784999396617462
2025-06-12,CLP,Desvíos del modelo (z-score),Tasa 10Y,-0.42452433985356725
2025-06-13,CLP,Desvíos del modelo (z-score),Tasa 10Y,-0.44837051036857306
2025-06-16,CLP,Desvíos del modelo (z-score),Tasa 10Y,-0.49929446307439307
2025-06-17,CLP,Desvíos del modelo (z-score),Tasa 10Y,-0.5587100842870374
2025-06-18,CLP,Desvíos del modelo (z-score),Tasa 10Y,-0.4801110686802162
2025-06-19,CLP,Desvíos del modelo (z-score),Tasa 10Y,-0.5494466676593197
2025-06-23,CLP,Desvíos del modelo (z-score),Tasa 10Y,-0.3909498001071488
2025-06-24,CLP,Desvíos del modelo (z-score),Tasa 10Y,-0.30727045109959766
2025-06-25,CLP,Desvíos del modelo (z-score),Tasa 10Y,-0.28468045417353305
2025-06-26,CLP,Desvíos del modelo (z-score),Tasa 10Y,-0.35410319389270645
2025-06-27,CLP,Desvíos del modelo (z-score),Tasa 10Y,-0.31315028734324263
2025-06-30,CLP,Desvíos del modelo (z-score),Tasa 10Y,-0.2757537336031487
2025-07-01,CLP,Desvíos del modelo (z-score),Tasa 10Y,-0.34063654114950404
2025-07-02,CLP,Desvíos del modelo (z-score),Tasa 10Y,-0.28955105556067373
2025-07-03,CLP,Desvíos del modelo (z-score),Tasa 10Y,-0.3914324848392767
2025-07-04,CLP,Desvíos del modelo (z-score),Tasa 10Y,-0.45592339635777596
2025-07-07,CLP,Desvíos del modelo (z-score),Tasa 10Y,-0.48962704051991257
2025-07-08,CLP,Desvíos del modelo (z-score),Tasa 10Y,-0.5191449533104994
2025-07-09,CLP,Desvíos del modelo (z-score),Tasa 10Y,-0.4135633886212653
2025-07-10,CLP,Desvíos del modelo (z-score),Tasa 10Y,-0.4285509712254505
2025-07-11,CLP,Desvíos del modelo (z-score),Tasa 10Y,-0.5442888974065463
2025-07-14,CLP,Desvíos del modelo (z-score),Tasa 10Y,-0.6285872240755821
2025-07-15,CLP,Desvíos del modelo (z-score),Tasa 10Y,-0.6601845336760473
2025-07-17,CLP,Desvíos del modelo (z-score),Tasa 10Y,-0.5706776906533831
2025-07-18,CLP,Desvíos del modelo (z-score),Tasa 10Y,-0.5163864346170526
2025-07-21,CLP,Desvíos del modelo (z-score),Tasa 10Y,-0.49424350379286913
2025-07-22,CLP,Desvíos del modelo (z-score),Tasa 10Y,-0.49253718796520524
2025-07-23,CLP,Desvíos del modelo (z-score),Tasa 10Y,-0.48925434116190153
2025-07-24,CLP,Desvíos del modelo (z-score),Tasa 10Y,-0.508551113430685
2025-07-25,CLP,Desvíos del modelo (z-score),Tasa 10Y,-0.4798001625918332
2025-07-28,CLP,Desvíos del modelo (z-score),Tasa 10Y,-0.45939665397916024
2025-07-29,CLP,Desvíos del modelo (z-score),Tasa 10Y,-0.35702258932573294
2025-07-30,CLP,Desvíos del modelo (z-score),Tasa 10Y,-0.387122924929665
2025-07-31,CLP,Desvíos del modelo (z-score),Tasa 10Y,-0.3860457802546603
2025-08-01,CLP,Desvíos del modelo (z-score),Tasa 10Y,-0.3539641195479813
2025-08-04,CLP,Desvíos del modelo (z-score),Tasa 10Y,-0.28701842512083375
2025-08-05,CLP,Desvíos del modelo (z-score),Tasa 10Y,-0.30121714004828914
2025-08-06,CLP,Desvíos del modelo (z-score),Tasa 10Y,-0.2960021808927996
2025-08-07,CLP,Desvíos del modelo (z-score),Tasa 10Y,-0.34577603956589953
2025-08-08,CLP,Desvíos del modelo (z-score),Tasa 10Y,-0.24351939767942918
2025-08-11,CLP,Desvíos del modelo (z-score),Tasa 10Y,-0.28429882111697424
2025-08-12,CLP,Desvíos del modelo (z-score),Tasa 10Y,-0.2141419142526538
2025-08-13,CLP,Desvíos del modelo (z-score),Tasa 10Y,-0.18688525899629185
2025-08-14,CLP,Desvíos del modelo (z-score),Tasa 10Y,-0.257572797404665
2025-08-18,CLP,Desvíos del modelo (z-score),Tasa 10Y,-0.29185843247081594
2025-08-19,CLP,Desvíos del modelo (z-score),Tasa 10Y,-0.3055850976424169
2025-08-20,CLP,Desvíos del modelo (z-score),Tasa 10Y,-0.31898217692769265
2025-08-21,CLP,Desvíos del modelo (z-score),Tasa 10Y,-0.3723872939439078
2025-08-22,CLP,Desvíos del modelo (z-score),Tasa 10Y,-0.18356765434583613
2025-08-25,CLP,Desvíos del modelo (z-score),Tasa 10Y,-0.21507354039502216
2025-08-26,CLP,Desvíos del modelo (z-score),Tasa 10Y,-0.11759802762039755
2025-08-27,CLP,Desvíos del modelo (z-score),Tasa 10Y,-0.15674466377605115
2025-08-28,CLP,Desvíos del modelo (z-score),Tasa 10Y,-0.13160671563340864
2025-08-29,CLP,Desvíos del modelo (z-score),Tasa 10Y,-0.15768108340516065
2025-09-01,CLP,Desvíos del modelo (z-score),Tasa 10Y,-0.1926613375764631
2025-09-02,CLP,Desvíos del modelo (z-score),Tasa 10Y,-0.17036142125006853
2025-09-03,CLP,Desvíos del modelo (z-score),Tasa 10Y,-0.13173683212978118
2025-09-04,CLP,Desvíos del modelo (z-score),Tasa 10Y,0.014645272574553784
2025-09-05,CLP,Desvíos del modelo (z-score),Tasa 10Y,0.10918487706224296
2025-09-08,CLP,Desvíos del modelo (z-score),Tasa 10Y,0.09647443005256387
2025-09-09,CLP,Desvíos del modelo (z-score),Tasa 10Y,0.051392601429647744
2025-09-10,CLP,Desvíos del modelo (z-score),Tasa 10Y,0.16250271578427736
2025-09-11,CLP,Desvíos del modelo (z-score),Tasa 10Y,0.22094665743510902
2025-09-12,CLP,Desvíos del modelo (z-score),Tasa 10Y,0.07676528939101683
2025-09-15,CLP,Desvíos del modelo (z-score),Tasa 10Y,0.007216953617934262
2025-09-16,CLP,Desvíos del modelo (z-score),Tasa 10Y,-0.026586996098869786
2025-09-17,CLP,Desvíos del modelo (z-score),Tasa 10Y,-0.0724482151732763
2025-09-22,CLP,Desvíos del modelo (z-score),Tasa 10Y,-0.12157587746980954
2025-09-23,CLP,Desvíos del modelo (z-score),Tasa 10Y,-0.09050167479348108
2025-09-24,CLP,Desvíos del modelo (z-score),Tasa 10Y,-0.09993070863543765
2025-09-25,CLP,Desvíos del modelo (z-score),Tasa 10Y,-0.17655620398006258
2025-09-26,CLP,Desvíos del modelo (z-score),Tasa 10Y,-0.03959461363927392
2025-09-29,CLP,Desvíos del modelo (z-score),Tasa 10Y,-0.05080142431969591
2025-09-30,CLP,Desvíos del modelo (z-score),Tasa 10Y,-0.06638721832524547
2025-10-01,CLP,Desvíos del modelo (z-score),Tasa 10Y,-0.009619505232454924
2025-10-02,CLP,Desvíos del modelo (z-score),Tasa 10Y,-0.024067458798411805
2025-10-03,CLP,Desvíos del modelo (z-score),Tasa 10Y,-0.061027323434319866
2025-10-06,CLP,Desvíos del modelo (z-score),Tasa 10Y,-0.08379494027276126
2025-10-07,CLP,Desvíos del modelo (z-score),Tasa 10Y,-0.10630434542317248
2025-10-08,CLP,Desvíos del modelo (z-score),Tasa 10Y,-0.07631499372949081
2025-10-09,CLP,Desvíos del modelo (z-score),Tasa 10Y,-0.1233797556700468
2025-10-10,CLP,Desvíos del modelo (z-score),Tasa 10Y,-0.21782765531223292
2025-10-13,CLP,Desvíos del modelo (z-score),Tasa 10Y,-0.10758385590954334
2025-10-14,CLP,Desvíos del modelo (z-score),Tasa 10Y,-0.13488149566783705
2025-10-15,CLP,Desvíos del modelo (z-score),Tasa 10Y,-0.14891430411900514
2025-10-16,CLP,Desvíos del modelo (z-score),Tasa 10Y,-0.26966205743160854
2025-10-17,CLP,Desvíos del modelo (z-score),Tasa 10Y,-0.1700610487113614
2025-10-20,CLP,Desvíos del modelo (z-score),Tasa 10Y,-0.013057543332291881
2025-10-21,CLP,Desvíos del modelo (z-score),Tasa 10Y,0.09366771142308404
2025-10-22,CLP,Desvíos del modelo (z-score),Tasa 10Y,0.053725994700091956
2025-10-23,CLP,Desvíos del modelo (z-score),Tasa 10Y,0.005228817468386743
2025-10-24,CLP,Desvíos del modelo (z-score),Tasa 10Y,0.05660286672382473
2025-10-27,CLP,Desvíos del modelo (z-score),Tasa 10Y,0.07196539601274167
2025-10-28,CLP,Desvíos del modelo (z-score),Tasa 10Y,-0.006659000325221055
2025-10-29,CLP,Desvíos del modelo (z-score),Tasa 10Y,-0.09980890795381785
2025-10-30,CLP,Desvíos del modelo (z-score),Tasa 10Y,-0.05634467651134863
2025-11-03,CLP,Desvíos del modelo (z-score),Tasa 10Y,-0.11080341712712714
2025-11-04,CLP,Desvíos del modelo (z-score),Tasa 10Y,-0.1682100129301497
2025-11-05,CLP,Desvíos del modelo (z-score),Tasa 10Y,-0.19337408366888323
2025-11-06,CLP,Desvíos del modelo (z-score),Tasa 10Y,-0.19485270305025135
2025-11-07,CLP,Desvíos del modelo (z-score),Tasa 10Y,-0.2562957991912841
2025-11-10,CLP,Desvíos del modelo (z-score),Tasa 10Y,-0.2815602780079802
2025-11-11,CLP,Desvíos del modelo (z-score),Tasa 10Y,-0.31618632551981873
2025-11-12,CLP,Desvíos del modelo (z-score),Tasa 10Y,-0.2992557460343616
2025-11-13,CLP,Desvíos del modelo (z-score),Tasa 10Y,-0.5327082104308718
2025-11-14,CLP,Desvíos del modelo (z-score),Tasa 10Y,-0.6126316044242853
2025-11-17,CLP,Desvíos del modelo (z-score),Tasa 10Y,-0.7992392470751414
2025-11-18,CLP,Desvíos del modelo (z-score),Tasa 10Y,-0.8185253686660768
2025-11-19,CLP,Desvíos del modelo (z-score),Tasa 10Y,-0.778271612884403
2025-11-20,CLP,Desvíos del modelo (z-score),Tasa 10Y,-0.717795478921512
2025-11-21,CLP,Desvíos del modelo (z-score),Tasa 10Y,-0.6194686944025967
2025-11-24,CLP,Desvíos del modelo (z-score),Tasa 10Y,-0.52835878771902
2025-11-25,CLP,Desvíos del modelo (z-score),Tasa 10Y,-0.4495188674167126
2025-11-26,CLP,Desvíos del modelo (z-score),Tasa 10Y,-0.394722324034895
2025-11-27,CLP,Desvíos del modelo (z-score),Tasa 10Y,-0.3941918633318858
2025-11-28,CLP,Desvíos del modelo (z-score),Tasa 10Y,-0.3638971662201611
2025-12-01,CLP,Desvíos del modelo (z-score),Tasa 10Y,-0.4936270382612045
2025-12-02,CLP,Desvíos del modelo (z-score),Tasa 10Y,-0.4335575672481937
2025-12-03,CLP,Desvíos del modelo (z-score),Tasa 10Y,-0.3913801108207172
2025-12-04,CLP,Desvíos del modelo (z-score),Tasa 10Y,-0.40631333290261007
2025-12-05,CLP,Desvíos del modelo (z-score),Tasa 10Y,-0.46520280606776326
2025-12-09,CLP,Desvíos del modelo (z-score),Tasa 10Y,-0.6225153596767594
2025-12-10,CLP,Desvíos del modelo (z-score),Tasa 10Y,-0.5091483376131978
2025-12-11,CLP,Desvíos del modelo (z-score),Tasa 10Y,-0.5045467139292957
2025-12-12,CLP,Desvíos del modelo (z-score),Tasa 10Y,-0.5646892262018643
2025-12-15,CLP,Desvíos del modelo (z-score),Tasa 10Y,-0.5414666325587125
2025-12-16,CLP,Desvíos del modelo (z-score),Tasa 10Y,-0.538862515212202
2025-12-17,CLP,Desvíos del modelo (z-score),Tasa 10Y,-0.49065162334648765
2025-12-18,CLP,Desvíos del modelo (z-score),Tasa 10Y,-0.4561556203563182
2025-12-19,CLP,Desvíos del modelo (z-score),Tasa 10Y,-0.37125352100830855
2025-12-22,CLP,Desvíos del modelo (z-score),Tasa 10Y,-0.34997185849557955
2025-12-23,CLP,Desvíos del modelo (z-score),Tasa 10Y,-0.4079848976103913
2025-12-24,CLP,Desvíos del modelo (z-score),Tasa 10Y,-0.33349499213200123
2025-12-26,CLP,Desvíos del modelo (z-score),Tasa 10Y,-0.3397289128812225
2025-12-29,CLP,Desvíos del modelo (z-score),Tasa 10Y,-0.3418436314079836
2025-12-30,CLP,Desvíos del modelo (z-score),Tasa 10Y,-0.3871758908771831
2026-01-02,CLP,Desvíos del modelo (z-score),Tasa 10Y,-0.46792517597420086
2026-01-05,CLP,Desvíos del modelo (z-score),Tasa 10Y,-0.4814583815354363
2026-01-06,CLP,Desvíos del modelo (z-score),Tasa 10Y,-0.5022838316953167
2026-01-07,CLP,Desvíos del modelo (z-score),Tasa 10Y,-0.5521848013867459
2026-01-08,CLP,Desvíos del modelo (z-score),Tasa 10Y,-0.6314833382398
2026-01-09,CLP,Desvíos del modelo (z-score),Tasa 10Y,-0.5877681627545425
2026-01-12,CLP,Desvíos del modelo (z-score),Tasa 10Y,-0.6567402910405209
2026-01-13,CLP,Desvíos del modelo (z-score),Tasa 10Y,-0.6926177003522164
2026-01-14,CLP,Desvíos del modelo (z-score),Tasa 10Y,-0.6921708859064467
2026-01-15,CLP,Desvíos del modelo (z-score),Tasa 10Y,-0.6525560538280837
2026-01-16,CLP,Desvíos del modelo (z-score),Tasa 10Y,-0.6964460185512663
2026-01-19,CLP,Desvíos del modelo (z-score),Tasa 10Y,-0.841180461272905
2026-01-20,CLP,Desvíos del modelo (z-score),Tasa 10Y,-0.9923289523104225
2026-01-21,CLP,Desvíos del modelo (z-score),Tasa 10Y,-0.8251200352624917
2026-01-22,CLP,Desvíos del modelo (z-score),Tasa 10Y,-0.7172232021882629
2026-01-23,CLP,Desvíos del modelo (z-score),Tasa 10Y,-0.7545605583896795
2026-01-26,CLP,Desvíos del modelo (z-score),Tasa 10Y,-0.7800566891833062
2026-01-27,CLP,Desvíos del modelo (z-score),Tasa 10Y,-0.8914876633729435
2026-01-28,CLP,Desvíos del modelo (z-score),Tasa 10Y,-0.9332250559235684
2026-01-29,CLP,Desvíos del modelo (z-score),Tasa 10Y,-0.9031923433042331
2026-01-30,CLP,Desvíos del modelo (z-score),Tasa 10Y,-0.9128790378022282
2026-02-02,CLP,Desvíos del modelo (z-score),Tasa 10Y,-0.8659568831715465
2026-02-03,CLP,Desvíos del modelo (z-score),Tasa 10Y,-0.9520393990859312
2026-02-04,CLP,Desvíos del modelo (z-score),Tasa 10Y,-0.9786663589660198
2026-02-05,CLP,Desvíos del modelo (z-score),Tasa 10Y,-0.9801684904972209
2026-02-06,CLP,Desvíos del modelo (z-score),Tasa 10Y,-0.8515246454229327
2026-02-09,CLP,Desvíos del modelo (z-score),Tasa 10Y,-0.8703600880343697
2026-02-10,CLP,Desvíos del modelo (z-score),Tasa 10Y,-0.8839999076038145
2026-02-11,CLP,Desvíos del modelo (z-score),Tasa 10Y,-0.9141998564257433
2026-02-12,CLP,Desvíos del modelo (z-score),Tasa 10Y,-0.9795463797953713
2026-02-13,CLP,Desvíos del modelo (z-score),Tasa 10Y,-0.8874941688558282
2026-02-16,CLP,Desvíos del modelo (z-score),Tasa 10Y,-0.9192006410290318
2026-02-17,CLP,Desvíos del modelo (z-score),Tasa 10Y,-0.8955256806306718
2026-02-18,CLP,Desvíos del modelo (z-score),Tasa 10Y,-0.908621943184853
2026-02-19,CLP,Desvíos del modelo (z-score),Tasa 10Y,-0.8548732486535247
2026-02-20,CLP,Desvíos del modelo (z-score),Tasa 10Y,-0.8540963400143342
2026-02-23,CLP,Desvíos del modelo (z-score),Tasa 10Y,-0.8618018774013251
2026-02-24,CLP,Desvíos del modelo (z-score),Tasa 10Y,-0.821686557207995
2026-02-25,CLP,Desvíos del modelo (z-score),Tasa 10Y,-0.8216906148494335
2026-02-26,CLP,Desvíos del modelo (z-score),Tasa 10Y,-0.8482002693338409
2026-02-27,CLP,Desvíos del modelo (z-score),Tasa 10Y,-0.800181141945794
2026-03-02,CLP,Desvíos del modelo (z-score),Tasa 10Y,-0.898304970232333
2026-03-03,CLP,Desvíos del modelo (z-score),Tasa 10Y,-0.9516832900408566
2026-03-04,CLP,Desvíos del modelo (z-score),Tasa 10Y,-0.8838796043650028
2026-03-05,CLP,Desvíos del modelo (z-score),Tasa 10Y,-0.9618980318171003
2026-03-06,CLP,Desvíos del modelo (z-score),Tasa 10Y,-1.0881521340139606
2026-03-09,CLP,Desvíos del modelo (z-score),Tasa 10Y,-0.8908430092224745
2026-03-10,CLP,Desvíos del modelo (z-score),Tasa 10Y,-0.9467425048430096
2026-03-11,CLP,Desvíos del modelo (z-score),Tasa 10Y,-0.991978618429408
2026-03-12,CLP,Desvíos del modelo (z-score),Tasa 10Y,-1.0638558511000589
2026-03-13,CLP,Desvíos del modelo (z-score),Tasa 10Y,-1.0066303887272012
2026-03-16,CLP,Desvíos del modelo (z-score),Tasa 10Y,-0.7254350959441938
2026-03-17,CLP,Desvíos del modelo (z-score),Tasa 10Y,-0.760505328381709
2026-03-18,CLP,Desvíos del modelo (z-score),Tasa 10Y,-0.8484852706781519
2026-03-19,CLP,Desvíos del modelo (z-score),Tasa 10Y,-0.6071807851435477
2026-03-20,CLP,Desvíos del modelo (z-score),Tasa 10Y,-0.8963988224325461
2026-03-23,CLP,Desvíos del modelo (z-score),Tasa 10Y,-0.7479880520729977
2026-03-24,CLP,Desvíos del modelo (z-score),Tasa 10Y,-0.7495923188977347
2026-03-25,CLP,Desvíos del modelo (z-score),Tasa 10Y,-0.6632472414734472
2026-03-26,CLP,Desvíos del modelo (z-score),Tasa 10Y,-0.926003158962512
2026-03-27,CLP,Desvíos del modelo (z-score),Tasa 10Y,-1.0012241891537557
2026-03-30,CLP,Desvíos del modelo (z-score),Tasa 10Y,-0.9600980822320915
2026-03-31,CLP,Desvíos del modelo (z-score),Tasa 10Y,-0.8046358060472453
2026-04-01,CLP,Desvíos del modelo (z-score),Tasa 10Y,-0.9249949740217784
2026-04-02,CLP,Desvíos del modelo (z-score),Tasa 10Y,-0.8517842252083977
2026-04-06,CLP,Desvíos del modelo (z-score),Tasa 10Y,-0.9003538875023198
2026-04-07,CLP,Desvíos del modelo (z-score),Tasa 10Y,-0.9636393073488758
2026-04-08,CLP,Desvíos del modelo (z-score),Tasa 10Y,-0.9270796228702746
2026-04-09,CLP,Desvíos del modelo (z-score),Tasa 10Y,-0.9237324133261048
2026-04-10,CLP,Desvíos del modelo (z-score),Tasa 10Y,-0.9551513099169847
2026-04-13,CLP,Desvíos del modelo (z-score),Tasa 10Y,-0.958085819567138
2026-04-14,CLP,Desvíos del modelo (z-score),Tasa 10Y,-0.9732455468507375
2026-04-15,CLP,Desvíos del modelo (z-score),Tasa 10Y,-1.035124995949451
2026-04-16,CLP,Desvíos del modelo (z-score),Tasa 10Y,-1.0109307243061987
2026-04-17,CLP,Desvíos del modelo (z-score),Tasa 10Y,-1.0122890468115606
2026-04-20,CLP,Desvíos del modelo (z-score),Tasa 10Y,-1.0512940154929775
2026-04-21,CLP,Desvíos del modelo (z-score),Tasa 10Y,-1.0640079329649736
2026-04-22,CLP,Desvíos del modelo (z-score),Tasa 10Y,-0.9693571577694721
2026-04-23,CLP,Desvíos del modelo (z-score),Tasa 10Y,-0.9404810661746034
2026-04-24,CLP,Desvíos del modelo (z-score),Tasa 10Y,-0.8402691467063537
2026-04-27,CLP,Desvíos del modelo (z-score),Tasa 10Y,-0.8225936138509383
2026-04-28,CLP,Desvíos del modelo (z-score),Tasa 10Y,-0.7332685039072702
2026-04-29,CLP,Desvíos del modelo (z-score),Tasa 10Y,-0.8685559142983167
2026-04-30,CLP,Desvíos del modelo (z-score),Tasa 10Y,-0.6487513056706578
2026-05-04,CLP,Desvíos del modelo (z-score),Tasa 10Y,-0.7258861554496705
2026-05-05,CLP,Desvíos del modelo (z-score),Tasa 10Y,-0.6566124760514703
2026-05-06,CLP,Desvíos del modelo (z-score),Tasa 10Y,-0.7068443636694166
2026-05-07,CLP,Desvíos del modelo (z-score),Tasa 10Y,-0.7900091315632458
2026-05-08,CLP,Desvíos del modelo (z-score),Tasa 10Y,-0.8157636268474115
2026-05-11,CLP,Desvíos del modelo (z-score),Tasa 10Y,-1.0183281823442392
2026-05-12,CLP,Desvíos del modelo (z-score),Tasa 10Y,-1.0031286584633539
2026-05-13,CLP,Desvíos del modelo (z-score),Tasa 10Y,-1.0626346809487277
2026-05-14,CLP,Desvíos del modelo (z-score),Tasa 10Y,-1.053948223229859
2026-05-15,CLP,Desvíos del modelo (z-score),Tasa 10Y,-1.1904303215928584
2026-05-18,CLP,Desvíos del modelo (z-score),Tasa 10Y,-1.160574028687226
2026-05-19,CLP,Desvíos del modelo (z-score),Tasa 10Y,-1.2251106004002472
2026-05-20,CLP,Desvíos del modelo (z-score),Tasa 10Y,-1.029064533661189
2026-05-22,CLP,Desvíos del modelo (z-score),Tasa 10Y,-0.9708381703418886
2026-05-25,CLP,Desvíos del modelo (z-score),Tasa 10Y,-1.0366909247215552
2026-05-26,CLP,Desvíos del modelo (z-score),Tasa 10Y,-0.9885560926197712
2026-05-27,CLP,Desvíos del modelo (z-score),Tasa 10Y,-0.9437010246733751
2026-05-28,CLP,Desvíos del modelo (z-score),Tasa 10Y,-0.9442382578264777
2026-05-29,CLP,Desvíos del modelo (z-score),Tasa 10Y,-0.9074738101232633
2026-06-01,CLP,Desvíos del modelo (z-score),Tasa 10Y,-0.9254471494999611
2025-01-02,CLP,Tasas (%),TPM,5
2025-01-03,CLP,Tasas (%),TPM,5
2025-01-06,CLP,Tasas (%),TPM,5
2025-01-07,CLP,Tasas (%),TPM,5
2025-01-08,CLP,Tasas (%),TPM,5
2025-01-09,CLP,Tasas (%),TPM,5
2025-01-10,CLP,Tasas (%),TPM,5
2025-01-13,CLP,Tasas (%),TPM,5
2025-01-14,CLP,Tasas (%),TPM,5
2025-01-15,CLP,Tasas (%),TPM,5
2025-01-16,CLP,Tasas (%),TPM,5
2025-01-17,CLP,Tasas (%),TPM,5
2025-01-20,CLP,Tasas (%),TPM,5
2025-01-21,CLP,Tasas (%),TPM,5
2025-01-22,CLP,Tasas (%),TPM,5
2025-01-23,CLP,Tasas (%),TPM,5
2025-01-24,CLP,Tasas (%),TPM,5
2025-01-27,CLP,Tasas (%),TPM,5
2025-01-28,CLP,Tasas (%),TPM,5
2025-01-29,CLP,Tasas (%),TPM,5
2025-01-30,CLP,Tasas (%),TPM,5
2025-01-31,CLP,Tasas (%),TPM,5
2025-02-03,CLP,Tasas (%),TPM,5
2025-02-04,CLP,Tasas (%),TPM,5
2025-02-05,CLP,Tasas (%),TPM,5
2025-02-06,CLP,Tasas (%),TPM,5
2025-02-07,CLP,Tasas (%),TPM,5
2025-02-10,CLP,Tasas (%),TPM,5
2025-02-11,CLP,Tasas (%),TPM,5
2025-02-12,CLP,Tasas (%),TPM,5
2025-02-13,CLP,Tasas (%),TPM,5
2025-02-14,CLP,Tasas (%),TPM,5
2025-02-17,CLP,Tasas (%),TPM,5
2025-02-18,CLP,Tasas (%),TPM,5
2025-02-19,CLP,Tasas (%),TPM,5
2025-02-20,CLP,Tasas (%),TPM,5
2025-02-21,CLP,Tasas (%),TPM,5
2025-02-24,CLP,Tasas (%),TPM,5
2025-02-25,CLP,Tasas (%),TPM,5
2025-02-26,CLP,Tasas (%),TPM,5
2025-02-27,CLP,Tasas (%),TPM,5
2025-02-28,CLP,Tasas (%),TPM,5
2025-03-03,CLP,Tasas (%),TPM,5
2025-03-04,CLP,Tasas (%),TPM,5
2025-03-05,CLP,Tasas (%),TPM,5
2025-03-06,CLP,Tasas (%),TPM,5
2025-03-07,CLP,Tasas (%),TPM,5
2025-03-10,CLP,Tasas (%),TPM,5
2025-03-11,CLP,Tasas (%),TPM,5
2025-03-12,CLP,Tasas (%),TPM,5
2025-03-13,CLP,Tasas (%),TPM,5
2025-03-14,CLP,Tasas (%),TPM,5
2025-03-17,CLP,Tasas (%),TPM,5
2025-03-18,CLP,Tasas (%),TPM,5
2025-03-19,CLP,Tasas (%),TPM,5
2025-03-20,CLP,Tasas (%),TPM,5
2025-03-21,CLP,Tasas (%),TPM,5
2025-03-24,CLP,Tasas (%),TPM,5
2025-03-25,CLP,Tasas (%),TPM,5
2025-03-26,CLP,Tasas (%),TPM,5
2025-03-27,CLP,Tasas (%),TPM,5
2025-03-28,CLP,Tasas (%),TPM,5
2025-03-31,CLP,Tasas (%),TPM,5
2025-04-01,CLP,Tasas (%),TPM,5
2025-04-02,CLP,Tasas (%),TPM,5
2025-04-03,CLP,Tasas (%),TPM,5
2025-04-04,CLP,Tasas (%),TPM,5
2025-04-07,CLP,Tasas (%),TPM,5
2025-04-08,CLP,Tasas (%),TPM,5
2025-04-09,CLP,Tasas (%),TPM,5
2025-04-10,CLP,Tasas (%),TPM,5
2025-04-11,CLP,Tasas (%),TPM,5
2025-04-14,CLP,Tasas (%),TPM,5
2025-04-15,CLP,Tasas (%),TPM,5
2025-04-16,CLP,Tasas (%),TPM,5
2025-04-17,CLP,Tasas (%),TPM,5
2025-04-21,CLP,Tasas (%),TPM,5
2025-04-22,CLP,Tasas (%),TPM,5
2025-04-23,CLP,Tasas (%),TPM,5
2025-04-24,CLP,Tasas (%),TPM,5
2025-04-25,CLP,Tasas (%),TPM,5
2025-04-28,CLP,Tasas (%),TPM,5
2025-04-29,CLP,Tasas (%),TPM,5
2025-04-30,CLP,Tasas (%),TPM,5
2025-05-02,CLP,Tasas (%),TPM,5
2025-05-05,CLP,Tasas (%),TPM,5
2025-05-06,CLP,Tasas (%),TPM,5
2025-05-07,CLP,Tasas (%),TPM,5
2025-05-08,CLP,Tasas (%),TPM,5
2025-05-09,CLP,Tasas (%),TPM,5
2025-05-12,CLP,Tasas (%),TPM,5
2025-05-13,CLP,Tasas (%),TPM,5
2025-05-14,CLP,Tasas (%),TPM,5
2025-05-15,CLP,Tasas (%),TPM,5
2025-05-16,CLP,Tasas (%),TPM,5
2025-05-19,CLP,Tasas (%),TPM,5
2025-05-20,CLP,Tasas (%),TPM,5
2025-05-22,CLP,Tasas (%),TPM,5
2025-05-23,CLP,Tasas (%),TPM,5
2025-05-26,CLP,Tasas (%),TPM,5
2025-05-27,CLP,Tasas (%),TPM,5
2025-05-28,CLP,Tasas (%),TPM,5
2025-05-29,CLP,Tasas (%),TPM,5
2025-05-30,CLP,Tasas (%),TPM,5
2025-06-02,CLP,Tasas (%),TPM,5
2025-06-03,CLP,Tasas (%),TPM,5
2025-06-04,CLP,Tasas (%),TPM,5
2025-06-05,CLP,Tasas (%),TPM,5
2025-06-06,CLP,Tasas (%),TPM,5
2025-06-09,CLP,Tasas (%),TPM,5
2025-06-10,CLP,Tasas (%),TPM,5
2025-06-11,CLP,Tasas (%),TPM,5
2025-06-12,CLP,Tasas (%),TPM,5
2025-06-13,CLP,Tasas (%),TPM,5
2025-06-16,CLP,Tasas (%),TPM,5
2025-06-17,CLP,Tasas (%),TPM,5
2025-06-18,CLP,Tasas (%),TPM,5
2025-06-19,CLP,Tasas (%),TPM,5
2025-06-23,CLP,Tasas (%),TPM,5
2025-06-24,CLP,Tasas (%),TPM,5
2025-06-25,CLP,Tasas (%),TPM,5
2025-06-26,CLP,Tasas (%),TPM,5
2025-06-27,CLP,Tasas (%),TPM,5
2025-06-30,CLP,Tasas (%),TPM,5
2025-07-01,CLP,Tasas (%),TPM,5
2025-07-02,CLP,Tasas (%),TPM,5
2025-07-03,CLP,Tasas (%),TPM,5
2025-07-04,CLP,Tasas (%),TPM,5
2025-07-07,CLP,Tasas (%),TPM,5
2025-07-08,CLP,Tasas (%),TPM,5
2025-07-09,CLP,Tasas (%),TPM,5
2025-07-10,CLP,Tasas (%),TPM,5
2025-07-11,CLP,Tasas (%),TPM,5
2025-07-14,CLP,Tasas (%),TPM,5
2025-07-15,CLP,Tasas (%),TPM,5
2025-07-17,CLP,Tasas (%),TPM,5
2025-07-18,CLP,Tasas (%),TPM,5
2025-07-21,CLP,Tasas (%),TPM,5
2025-07-22,CLP,Tasas (%),TPM,5
2025-07-23,CLP,Tasas (%),TPM,5
2025-07-24,CLP,Tasas (%),TPM,5
2025-07-25,CLP,Tasas (%),TPM,5
2025-07-28,CLP,Tasas (%),TPM,5
2025-07-29,CLP,Tasas (%),TPM,5
2025-07-30,CLP,Tasas (%),TPM,4.75
2025-07-31,CLP,Tasas (%),TPM,4.75
2025-08-01,CLP,Tasas (%),TPM,4.75
2025-08-04,CLP,Tasas (%),TPM,4.75
2025-08-05,CLP,Tasas (%),TPM,4.75
2025-08-06,CLP,Tasas (%),TPM,4.75
2025-08-07,CLP,Tasas (%),TPM,4.75
2025-08-08,CLP,Tasas (%),TPM,4.75
2025-08-11,CLP,Tasas (%),TPM,4.75
2025-08-12,CLP,Tasas (%),TPM,4.75
2025-08-13,CLP,Tasas (%),TPM,4.75
2025-08-14,CLP,Tasas (%),TPM,4.75
2025-08-18,CLP,Tasas (%),TPM,4.75
2025-08-19,CLP,Tasas (%),TPM,4.75
2025-08-20,CLP,Tasas (%),TPM,4.75
2025-08-21,CLP,Tasas (%),TPM,4.75
2025-08-22,CLP,Tasas (%),TPM,4.75
2025-08-25,CLP,Tasas (%),TPM,4.75
2025-08-26,CLP,Tasas (%),TPM,4.75
2025-08-27,CLP,Tasas (%),TPM,4.75
2025-08-28,CLP,Tasas (%),TPM,4.75
2025-08-29,CLP,Tasas (%),TPM,4.75
2025-09-01,CLP,Tasas (%),TPM,4.75
2025-09-02,CLP,Tasas (%),TPM,4.75
2025-09-03,CLP,Tasas (%),TPM,4.75
2025-09-04,CLP,Tasas (%),TPM,4.75
2025-09-05,CLP,Tasas (%),TPM,4.75
2025-09-08,CLP,Tasas (%),TPM,4.75
2025-09-09,CLP,Tasas (%),TPM,4.75
2025-09-10,CLP,Tasas (%),TPM,4.75
2025-09-11,CLP,Tasas (%),TPM,4.75
2025-09-12,CLP,Tasas (%),TPM,4.75
2025-09-15,CLP,Tasas (%),TPM,4.75
2025-09-16,CLP,Tasas (%),TPM,4.75
2025-09-17,CLP,Tasas (%),TPM,4.75
2025-09-22,CLP,Tasas (%),TPM,4.75
2025-09-23,CLP,Tasas (%),TPM,4.75
2025-09-24,CLP,Tasas (%),TPM,4.75
2025-09-25,CLP,Tasas (%),TPM,4.75
2025-09-26,CLP,Tasas (%),TPM,4.75
2025-09-29,CLP,Tasas (%),TPM,4.75
2025-09-30,CLP,Tasas (%),TPM,4.75
2025-10-01,CLP,Tasas (%),TPM,4.75
2025-10-02,CLP,Tasas (%),TPM,4.75
2025-10-03,CLP,Tasas (%),TPM,4.75
2025-10-06,CLP,Tasas (%),TPM,4.75
2025-10-07,CLP,Tasas (%),TPM,4.75
2025-10-08,CLP,Tasas (%),TPM,4.75
2025-10-09,CLP,Tasas (%),TPM,4.75
2025-10-10,CLP,Tasas (%),TPM,4.75
2025-10-13,CLP,Tasas (%),TPM,4.75
2025-10-14,CLP,Tasas (%),TPM,4.75
2025-10-15,CLP,Tasas (%),TPM,4.75
2025-10-16,CLP,Tasas (%),TPM,4.75
2025-10-17,CLP,Tasas (%),TPM,4.75
2025-10-20,CLP,Tasas (%),TPM,4.75
2025-10-21,CLP,Tasas (%),TPM,4.75
2025-10-22,CLP,Tasas (%),TPM,4.75
2025-10-23,CLP,Tasas (%),TPM,4.75
2025-10-24,CLP,Tasas (%),TPM,4.75
2025-10-27,CLP,Tasas (%),TPM,4.75
2025-10-28,CLP,Tasas (%),TPM,4.75
2025-10-29,CLP,Tasas (%),TPM,4.75
2025-10-30,CLP,Tasas (%),TPM,4.75
2025-11-03,CLP,Tasas (%),TPM,4.75
2025-11-04,CLP,Tasas (%),TPM,4.75
2025-11-05,CLP,Tasas (%),TPM,4.75
2025-11-06,CLP,Tasas (%),TPM,4.75
2025-11-07,CLP,Tasas (%),TPM,4.75
2025-11-10,CLP,Tasas (%),TPM,4.75
2025-11-11,CLP,Tasas (%),TPM,4.75
2025-11-12,CLP,Tasas (%),TPM,4.75
2025-11-13,CLP,Tasas (%),TPM,4.75
2025-11-14,CLP,Tasas (%),TPM,4.75
2025-11-17,CLP,Tasas (%),TPM,4.75
2025-11-18,CLP,Tasas (%),TPM,4.75
2025-11-19,CLP,Tasas (%),TPM,4.75
2025-11-20,CLP,Tasas (%),TPM,4.75
2025-11-21,CLP,Tasas (%),TPM,4.75
2025-11-24,CLP,Tasas (%),TPM,4.75
2025-11-25,CLP,Tasas (%),TPM,4.75
2025-11-26,CLP,Tasas (%),TPM,4.75
2025-11-27,CLP,Tasas (%),TPM,4.75
2025-11-28,CLP,Tasas (%),TPM,4.75
2025-12-01,CLP,Tasas (%),TPM,4.75
2025-12-02,CLP,Tasas (%),TPM,4.75
2025-12-03,CLP,Tasas (%),TPM,4.75
2025-12-04,CLP,Tasas (%),TPM,4.75
2025-12-05,CLP,Tasas (%),TPM,4.75
2025-12-09,CLP,Tasas (%),TPM,4.75
2025-12-10,CLP,Tasas (%),TPM,4.75
2025-12-11,CLP,Tasas (%),TPM,4.75
2025-12-12,CLP,Tasas (%),TPM,4.75
2025-12-15,CLP,Tasas (%),TPM,4.75
2025-12-16,CLP,Tasas (%),TPM,4.75
2025-12-17,CLP,Tasas (%),TPM,4.5
2025-12-18,CLP,Tasas (%),TPM,4.5
2025-12-19,CLP,Tasas (%),TPM,4.5
2025-12-22,CLP,Tasas (%),TPM,4.5
2025-12-23,CLP,Tasas (%),TPM,4.5
2025-12-24,CLP,Tasas (%),TPM,4.5
2025-12-26,CLP,Tasas (%),TPM,4.5
2025-12-29,CLP,Tasas (%),TPM,4.5
2025-12-30,CLP,Tasas (%),TPM,4.5
2026-01-02,CLP,Tasas (%),TPM,4.5
2026-01-05,CLP,Tasas (%),TPM,4.5
2026-01-06,CLP,Tasas (%),TPM,4.5
2026-01-07,CLP,Tasas (%),TPM,4.5
2026-01-08,CLP,Tasas (%),TPM,4.5
2026-01-09,CLP,Tasas (%),TPM,4.5
2026-01-12,CLP,Tasas (%),TPM,4.5
2026-01-13,CLP,Tasas (%),TPM,4.5
2026-01-14,CLP,Tasas (%),TPM,4.5
2026-01-15,CLP,Tasas (%),TPM,4.5
2026-01-16,CLP,Tasas (%),TPM,4.5
2026-01-19,CLP,Tasas (%),TPM,4.5
2026-01-20,CLP,Tasas (%),TPM,4.5
2026-01-21,CLP,Tasas (%),TPM,4.5
2026-01-22,CLP,Tasas (%),TPM,4.5
2026-01-23,CLP,Tasas (%),TPM,4.5
2026-01-26,CLP,Tasas (%),TPM,4.5
2026-01-27,CLP,Tasas (%),TPM,4.5
2026-01-28,CLP,Tasas (%),TPM,4.5
2026-01-29,CLP,Tasas (%),TPM,4.5
2026-01-30,CLP,Tasas (%),TPM,4.5
2026-02-02,CLP,Tasas (%),TPM,4.5
2026-02-03,CLP,Tasas (%),TPM,4.5
2026-02-04,CLP,Tasas (%),TPM,4.5
2026-02-05,CLP,Tasas (%),TPM,4.5
2026-02-06,CLP,Tasas (%),TPM,4.5
2026-02-09,CLP,Tasas (%),TPM,4.5
2026-02-10,CLP,Tasas (%),TPM,4.5
2026-02-11,CLP,Tasas (%),TPM,4.5
2026-02-12,CLP,Tasas (%),TPM,4.5
2026-02-13,CLP,Tasas (%),TPM,4.5
2026-02-16,CLP,Tasas (%),TPM,4.5
2026-02-17,CLP,Tasas (%),TPM,4.5
2026-02-18,CLP,Tasas (%),TPM,4.5
2026-02-19,CLP,Tasas (%),TPM,4.5
2026-02-20,CLP,Tasas (%),TPM,4.5
2026-02-23,CLP,Tasas (%),TPM,4.5
2026-02-24,CLP,Tasas (%),TPM,4.5
2026-02-25,CLP,Tasas (%),TPM,4.5
2026-02-26,CLP,Tasas (%),TPM,4.5
2026-02-27,CLP,Tasas (%),TPM,4.5
2026-03-02,CLP,Tasas (%),TPM,4.5
2026-03-03,CLP,Tasas (%),TPM,4.5
2026-03-04,CLP,Tasas (%),TPM,4.5
2026-03-05,CLP,Tasas (%),TPM,4.5
2026-03-06,CLP,Tasas (%),TPM,4.5
2026-03-09,CLP,Tasas (%),TPM,4.5
2026-03-10,CLP,Tasas (%),TPM,4.5
2026-03-11,CLP,Tasas (%),TPM,4.5
2026-03-12,CLP,Tasas (%),TPM,4.5
2026-03-13,CLP,Tasas (%),TPM,4.5
2026-03-16,CLP,Tasas (%),TPM,4.5
2026-03-17,CLP,Tasas (%),TPM,4.5
2026-03-18,CLP,Tasas (%),TPM,4.5
2026-03-19,CLP,Tasas (%),TPM,4.5
2026-03-20,CLP,Tasas (%),TPM,4.5
2026-03-23,CLP,Tasas (%),TPM,4.5
2026-03-24,CLP,Tasas (%),TPM,4.5
2026-03-25,CLP,Tasas (%),TPM,4.5
2026-03-26,CLP,Tasas (%),TPM,4.5
2026-03-27,CLP,Tasas (%),TPM,4.5
2026-03-30,CLP,Tasas (%),TPM,4.5
2026-03-31,CLP,Tasas (%),TPM,4.5
2026-04-01,CLP,Tasas (%),TPM,4.5
2026-04-02,CLP,Tasas (%),TPM,4.5
2026-04-06,CLP,Tasas (%),TPM,4.5
2026-04-07,CLP,Tasas (%),TPM,4.5
2026-04-08,CLP,Tasas (%),TPM,4.5
2026-04-09,CLP,Tasas (%),TPM,4.5
2026-04-10,CLP,Tasas (%),TPM,4.5
2026-04-13,CLP,Tasas (%),TPM,4.5
2026-04-14,CLP,Tasas (%),TPM,4.5
2026-04-15,CLP,Tasas (%),TPM,4.5
2026-04-16,CLP,Tasas (%),TPM,4.5
2026-04-17,CLP,Tasas (%),TPM,4.5
2026-04-20,CLP,Tasas (%),TPM,4.5
2026-04-21,CLP,Tasas (%),TPM,4.5
2026-04-22,CLP,Tasas (%),TPM,4.5
2026-04-23,CLP,Tasas (%),TPM,4.5
2026-04-24,CLP,Tasas (%),TPM,4.5
2026-04-27,CLP,Tasas (%),TPM,4.5
2026-04-28,CLP,Tasas (%),TPM,4.5
2026-04-29,CLP,Tasas (%),TPM,4.5
2026-04-30,CLP,Tasas (%),TPM,4.5
2026-05-04,CLP,Tasas (%),TPM,4.5
2026-05-05,CLP,Tasas (%),TPM,4.5
2026-05-06,CLP,Tasas (%),TPM,4.5
2026-05-07,CLP,Tasas (%),TPM,4.5
2026-05-08,CLP,Tasas (%),TPM,4.5
2026-05-11,CLP,Tasas (%),TPM,4.5
2026-05-12,CLP,Tasas (%),TPM,4.5
2026-05-13,CLP,Tasas (%),TPM,4.5
2026-05-14,CLP,Tasas (%),TPM,4.5
2026-05-15,CLP,Tasas (%),TPM,4.5
2026-05-18,CLP,Tasas (%),TPM,4.5
2026-05-19,CLP,Tasas (%),TPM,4.5
2026-05-20,CLP,Tasas (%),TPM,4.5
2026-05-22,CLP,Tasas (%),TPM,4.5
2026-05-25,CLP,Tasas (%),TPM,4.5
2026-05-26,CLP,Tasas (%),TPM,4.5
2026-05-27,CLP,Tasas (%),TPM,4.5
2026-05-28,CLP,Tasas (%),TPM,4.5
2026-05-29,CLP,Tasas (%),TPM,4.5
2026-06-01,CLP,Tasas (%),TPM,4.5
2025-01-02,CLP,Tasas (%),Tasa 10Y,5.93
2025-01-03,CLP,Tasas (%),Tasa 10Y,5.956666666666666
2025-01-06,CLP,Tasas (%),Tasa 10Y,5.983333333333333
2025-01-07,CLP,Tasas (%),Tasa 10Y,6.01
2025-01-08,CLP,Tasas (%),Tasa 10Y,6.05
2025-01-09,CLP,Tasas (%),Tasa 10Y,6.05
2025-01-10,CLP,Tasas (%),Tasa 10Y,6.043333333333333
2025-01-13,CLP,Tasas (%),Tasa 10Y,6.036666666666667
2025-01-14,CLP,Tasas (%),Tasa 10Y,6.03
2025-01-15,CLP,Tasas (%),Tasa 10Y,6.03
2025-01-16,CLP,Tasas (%),Tasa 10Y,6
2025-01-17,CLP,Tasas (%),Tasa 10Y,5.93
2025-01-20,CLP,Tasas (%),Tasa 10Y,5.9
2025-01-21,CLP,Tasas (%),Tasa 10Y,5.9
2025-01-22,CLP,Tasas (%),Tasa 10Y,5.9366666666666665
2025-01-23,CLP,Tasas (%),Tasa 10Y,5.973333333333334
2025-01-24,CLP,Tasas (%),Tasa 10Y,6.01
2025-01-27,CLP,Tasas (%),Tasa 10Y,5.95
2025-01-28,CLP,Tasas (%),Tasa 10Y,5.98
2025-01-29,CLP,Tasas (%),Tasa 10Y,5.996666666666667
2025-01-30,CLP,Tasas (%),Tasa 10Y,6.013333333333334
2025-01-31,CLP,Tasas (%),Tasa 10Y,6.03
2025-02-03,CLP,Tasas (%),Tasa 10Y,6.05
2025-02-04,CLP,Tasas (%),Tasa 10Y,6.02
2025-02-05,CLP,Tasas (%),Tasa 10Y,5.98
2025-02-06,CLP,Tasas (%),Tasa 10Y,5.98
2025-02-07,CLP,Tasas (%),Tasa 10Y,5.986666666666667
2025-02-10,CLP,Tasas (%),Tasa 10Y,5.993333333333333
2025-02-11,CLP,Tasas (%),Tasa 10Y,6
2025-02-12,CLP,Tasas (%),Tasa 10Y,6.02
2025-02-13,CLP,Tasas (%),Tasa 10Y,6.04
2025-02-14,CLP,Tasas (%),Tasa 10Y,6.0600000000000005
2025-02-17,CLP,Tasas (%),Tasa 10Y,6.08
2025-02-18,CLP,Tasas (%),Tasa 10Y,6.1
2025-02-19,CLP,Tasas (%),Tasa 10Y,6.12
2025-02-20,CLP,Tasas (%),Tasa 10Y,6.1
2025-02-21,CLP,Tasas (%),Tasa 10Y,6.04
2025-02-24,CLP,Tasas (%),Tasa 10Y,5.984999999999999
2025-02-25,CLP,Tasas (%),Tasa 10Y,5.93
2025-02-26,CLP,Tasas (%),Tasa 10Y,5.945
2025-02-27,CLP,Tasas (%),Tasa 10Y,5.96
2025-02-28,CLP,Tasas (%),Tasa 10Y,5.94
2025-03-03,CLP,Tasas (%),Tasa 10Y,5.94
2025-03-04,CLP,Tasas (%),Tasa 10Y,5.86
2025-03-05,CLP,Tasas (%),Tasa 10Y,5.8325000000000005
2025-03-06,CLP,Tasas (%),Tasa 10Y,5.805
2025-03-07,CLP,Tasas (%),Tasa 10Y,5.7775
2025-03-10,CLP,Tasas (%),Tasa 10Y,5.75
2025-03-11,CLP,Tasas (%),Tasa 10Y,5.75
2025-03-12,CLP,Tasas (%),Tasa 10Y,5.76
2025-03-13,CLP,Tasas (%),Tasa 10Y,5.73
2025-03-14,CLP,Tasas (%),Tasa 10Y,5.76
2025-03-17,CLP,Tasas (%),Tasa 10Y,5.76
2025-03-18,CLP,Tasas (%),Tasa 10Y,5.76
2025-03-19,CLP,Tasas (%),Tasa 10Y,5.76
2025-03-20,CLP,Tasas (%),Tasa 10Y,5.67
2025-03-21,CLP,Tasas (%),Tasa 10Y,5.7
2025-03-24,CLP,Tasas (%),Tasa 10Y,5.7299999999999995
2025-03-25,CLP,Tasas (%),Tasa 10Y,5.76
2025-03-26,CLP,Tasas (%),Tasa 10Y,5.8
2025-03-27,CLP,Tasas (%),Tasa 10Y,5.85
2025-03-28,CLP,Tasas (%),Tasa 10Y,5.85
2025-03-31,CLP,Tasas (%),Tasa 10Y,5.85
2025-04-01,CLP,Tasas (%),Tasa 10Y,5.85
2025-04-02,CLP,Tasas (%),Tasa 10Y,5.82
2025-04-03,CLP,Tasas (%),Tasa 10Y,5.68
2025-04-04,CLP,Tasas (%),Tasa 10Y,5.55
2025-04-07,CLP,Tasas (%),Tasa 10Y,5.6
2025-04-08,CLP,Tasas (%),Tasa 10Y,5.58
2025-04-09,CLP,Tasas (%),Tasa 10Y,5.55
2025-04-10,CLP,Tasas (%),Tasa 10Y,5.61
2025-04-11,CLP,Tasas (%),Tasa 10Y,5.68
2025-04-14,CLP,Tasas (%),Tasa 10Y,5.62
2025-04-15,CLP,Tasas (%),Tasa 10Y,5.56
2025-04-16,CLP,Tasas (%),Tasa 10Y,5.58
2025-04-17,CLP,Tasas (%),Tasa 10Y,5.58
2025-04-21,CLP,Tasas (%),Tasa 10Y,5.58
2025-04-22,CLP,Tasas (%),Tasa 10Y,5.65
2025-04-23,CLP,Tasas (%),Tasa 10Y,5.67
2025-04-24,CLP,Tasas (%),Tasa 10Y,5.69
2025-04-25,CLP,Tasas (%),Tasa 10Y,5.71
2025-04-28,CLP,Tasas (%),Tasa 10Y,5.71
2025-04-29,CLP,Tasas (%),Tasa 10Y,5.73
2025-04-30,CLP,Tasas (%),Tasa 10Y,5.7
2025-05-02,CLP,Tasas (%),Tasa 10Y,5.74
2025-05-05,CLP,Tasas (%),Tasa 10Y,5.78
2025-05-06,CLP,Tasas (%),Tasa 10Y,5.78
2025-05-07,CLP,Tasas (%),Tasa 10Y,5.78
2025-05-08,CLP,Tasas (%),Tasa 10Y,5.775
2025-05-09,CLP,Tasas (%),Tasa 10Y,5.77
2025-05-12,CLP,Tasas (%),Tasa 10Y,5.789999999999999
2025-05-13,CLP,Tasas (%),Tasa 10Y,5.81
2025-05-14,CLP,Tasas (%),Tasa 10Y,5.84
2025-05-15,CLP,Tasas (%),Tasa 10Y,5.8
2025-05-16,CLP,Tasas (%),Tasa 10Y,5.75
2025-05-19,CLP,Tasas (%),Tasa 10Y,5.77
2025-05-20,CLP,Tasas (%),Tasa 10Y,5.79
2025-05-22,CLP,Tasas (%),Tasa 10Y,5.8
2025-05-23,CLP,Tasas (%),Tasa 10Y,5.79
2025-05-26,CLP,Tasas (%),Tasa 10Y,5.81
2025-05-27,CLP,Tasas (%),Tasa 10Y,5.8
2025-05-28,CLP,Tasas (%),Tasa 10Y,5.84
2025-05-29,CLP,Tasas (%),Tasa 10Y,5.81
2025-05-30,CLP,Tasas (%),Tasa 10Y,5.77
2025-06-02,CLP,Tasas (%),Tasa 10Y,5.82
2025-06-03,CLP,Tasas (%),Tasa 10Y,5.77
2025-06-04,CLP,Tasas (%),Tasa 10Y,5.76
2025-06-05,CLP,Tasas (%),Tasa 10Y,5.75
2025-06-06,CLP,Tasas (%),Tasa 10Y,5.775
2025-06-09,CLP,Tasas (%),Tasa 10Y,5.8
2025-06-10,CLP,Tasas (%),Tasa 10Y,5.765000000000001
2025-06-11,CLP,Tasas (%),Tasa 10Y,5.73
2025-06-12,CLP,Tasas (%),Tasa 10Y,5.71
2025-06-13,CLP,Tasas (%),Tasa 10Y,5.76
2025-06-16,CLP,Tasas (%),Tasa 10Y,5.73
2025-06-17,CLP,Tasas (%),Tasa 10Y,5.724
2025-06-18,CLP,Tasas (%),Tasa 10Y,5.718
2025-06-19,CLP,Tasas (%),Tasa 10Y,5.712000000000001
2025-06-23,CLP,Tasas (%),Tasa 10Y,5.706
2025-06-24,CLP,Tasas (%),Tasa 10Y,5.7
2025-06-25,CLP,Tasas (%),Tasa 10Y,5.7
2025-06-26,CLP,Tasas (%),Tasa 10Y,5.64
2025-06-27,CLP,Tasas (%),Tasa 10Y,5.68
2025-06-30,CLP,Tasas (%),Tasa 10Y,5.675
2025-07-01,CLP,Tasas (%),Tasa 10Y,5.67
2025-07-02,CLP,Tasas (%),Tasa 10Y,5.69
2025-07-03,CLP,Tasas (%),Tasa 10Y,5.67
2025-07-04,CLP,Tasas (%),Tasa 10Y,5.663333333333333
2025-07-07,CLP,Tasas (%),Tasa 10Y,5.656666666666667
2025-07-08,CLP,Tasas (%),Tasa 10Y,5.65
2025-07-09,CLP,Tasas (%),Tasa 10Y,5.63
2025-07-10,CLP,Tasas (%),Tasa 10Y,5.62
2025-07-11,CLP,Tasas (%),Tasa 10Y,5.61
2025-07-14,CLP,Tasas (%),Tasa 10Y,5.612
2025-07-15,CLP,Tasas (%),Tasa 10Y,5.614
2025-07-17,CLP,Tasas (%),Tasa 10Y,5.6160000000000005
2025-07-18,CLP,Tasas (%),Tasa 10Y,5.618
2025-07-21,CLP,Tasas (%),Tasa 10Y,5.62
2025-07-22,CLP,Tasas (%),Tasa 10Y,5.6
2025-07-23,CLP,Tasas (%),Tasa 10Y,5.6
2025-07-24,CLP,Tasas (%),Tasa 10Y,5.6
2025-07-25,CLP,Tasas (%),Tasa 10Y,5.6
2025-07-28,CLP,Tasas (%),Tasa 10Y,5.6
2025-07-29,CLP,Tasas (%),Tasa 10Y,5.6
2025-07-30,CLP,Tasas (%),Tasa 10Y,5.61
2025-07-31,CLP,Tasas (%),Tasa 10Y,5.62
2025-08-01,CLP,Tasas (%),Tasa 10Y,5.6
2025-08-04,CLP,Tasas (%),Tasa 10Y,5.59
2025-08-05,CLP,Tasas (%),Tasa 10Y,5.6
2025-08-06,CLP,Tasas (%),Tasa 10Y,5.6
2025-08-07,CLP,Tasas (%),Tasa 10Y,5.59
2025-08-08,CLP,Tasas (%),Tasa 10Y,5.63
2025-08-11,CLP,Tasas (%),Tasa 10Y,5.63
2025-08-12,CLP,Tasas (%),Tasa 10Y,5.609999999999999
2025-08-13,CLP,Tasas (%),Tasa 10Y,5.59
2025-08-14,CLP,Tasas (%),Tasa 10Y,5.59
2025-08-18,CLP,Tasas (%),Tasa 10Y,5.59
2025-08-19,CLP,Tasas (%),Tasa 10Y,5.574999999999999
2025-08-20,CLP,Tasas (%),Tasa 10Y,5.56
2025-08-21,CLP,Tasas (%),Tasa 10Y,5.59
2025-08-22,CLP,Tasas (%),Tasa 10Y,5.57
2025-08-25,CLP,Tasas (%),Tasa 10Y,5.61
2025-08-26,CLP,Tasas (%),Tasa 10Y,5.65
2025-08-27,CLP,Tasas (%),Tasa 10Y,5.61
2025-08-28,CLP,Tasas (%),Tasa 10Y,5.62
2025-08-29,CLP,Tasas (%),Tasa 10Y,5.63
2025-09-01,CLP,Tasas (%),Tasa 10Y,5.64
2025-09-02,CLP,Tasas (%),Tasa 10Y,5.69
2025-09-03,CLP,Tasas (%),Tasa 10Y,5.66
2025-09-04,CLP,Tasas (%),Tasa 10Y,5.67
2025-09-05,CLP,Tasas (%),Tasa 10Y,5.67
2025-09-08,CLP,Tasas (%),Tasa 10Y,5.65
2025-09-09,CLP,Tasas (%),Tasa 10Y,5.66
2025-09-10,CLP,Tasas (%),Tasa 10Y,5.68
2025-09-11,CLP,Tasas (%),Tasa 10Y,5.65
2025-09-12,CLP,Tasas (%),Tasa 10Y,5.62
2025-09-15,CLP,Tasas (%),Tasa 10Y,5.6
2025-09-16,CLP,Tasas (%),Tasa 10Y,5.6
2025-09-17,CLP,Tasas (%),Tasa 10Y,5.6
2025-09-22,CLP,Tasas (%),Tasa 10Y,5.6
2025-09-23,CLP,Tasas (%),Tasa 10Y,5.6
2025-09-24,CLP,Tasas (%),Tasa 10Y,5.59
2025-09-25,CLP,Tasas (%),Tasa 10Y,5.58
2025-09-26,CLP,Tasas (%),Tasa 10Y,5.605
2025-09-29,CLP,Tasas (%),Tasa 10Y,5.63
2025-09-30,CLP,Tasas (%),Tasa 10Y,5.63
2025-10-01,CLP,Tasas (%),Tasa 10Y,5.63
2025-10-02,CLP,Tasas (%),Tasa 10Y,5.63
2025-10-03,CLP,Tasas (%),Tasa 10Y,5.62
2025-10-06,CLP,Tasas (%),Tasa 10Y,5.61
2025-10-07,CLP,Tasas (%),Tasa 10Y,5.6
2025-10-08,CLP,Tasas (%),Tasa 10Y,5.58
2025-10-09,CLP,Tasas (%),Tasa 10Y,5.58
2025-10-10,CLP,Tasas (%),Tasa 10Y,5.58
2025-10-13,CLP,Tasas (%),Tasa 10Y,5.58
2025-10-14,CLP,Tasas (%),Tasa 10Y,5.59
2025-10-15,CLP,Tasas (%),Tasa 10Y,5.58
2025-10-16,CLP,Tasas (%),Tasa 10Y,5.57
2025-10-17,CLP,Tasas (%),Tasa 10Y,5.57
2025-10-20,CLP,Tasas (%),Tasa 10Y,5.57
2025-10-21,CLP,Tasas (%),Tasa 10Y,5.59
2025-10-22,CLP,Tasas (%),Tasa 10Y,5.57
2025-10-23,CLP,Tasas (%),Tasa 10Y,5.55
2025-10-24,CLP,Tasas (%),Tasa 10Y,5.55
2025-10-27,CLP,Tasas (%),Tasa 10Y,5.54
2025-10-28,CLP,Tasas (%),Tasa 10Y,5.51
2025-10-29,CLP,Tasas (%),Tasa 10Y,5.535
2025-10-30,CLP,Tasas (%),Tasa 10Y,5.56
2025-11-03,CLP,Tasas (%),Tasa 10Y,5.55
2025-11-04,CLP,Tasas (%),Tasa 10Y,5.54
2025-11-05,CLP,Tasas (%),Tasa 10Y,5.55
2025-11-06,CLP,Tasas (%),Tasa 10Y,5.55
2025-11-07,CLP,Tasas (%),Tasa 10Y,5.52
2025-11-10,CLP,Tasas (%),Tasa 10Y,5.49
2025-11-11,CLP,Tasas (%),Tasa 10Y,5.46
2025-11-12,CLP,Tasas (%),Tasa 10Y,5.44
2025-11-13,CLP,Tasas (%),Tasa 10Y,5.41
2025-11-14,CLP,Tasas (%),Tasa 10Y,5.38
2025-11-17,CLP,Tasas (%),Tasa 10Y,5.29
2025-11-18,CLP,Tasas (%),Tasa 10Y,5.29
2025-11-19,CLP,Tasas (%),Tasa 10Y,5.32
2025-11-20,CLP,Tasas (%),Tasa 10Y,5.35
2025-11-21,CLP,Tasas (%),Tasa 10Y,5.336666666666666
2025-11-24,CLP,Tasas (%),Tasa 10Y,5.323333333333333
2025-11-25,CLP,Tasas (%),Tasa 10Y,5.31
2025-11-26,CLP,Tasas (%),Tasa 10Y,5.3149999999999995
2025-11-27,CLP,Tasas (%),Tasa 10Y,5.32
2025-11-28,CLP,Tasas (%),Tasa 10Y,5.325
2025-12-01,CLP,Tasas (%),Tasa 10Y,5.33
2025-12-02,CLP,Tasas (%),Tasa 10Y,5.335
2025-12-03,CLP,Tasas (%),Tasa 10Y,5.34
2025-12-04,CLP,Tasas (%),Tasa 10Y,5.34
2025-12-05,CLP,Tasas (%),Tasa 10Y,5.32
2025-12-09,CLP,Tasas (%),Tasa 10Y,5.325
2025-12-10,CLP,Tasas (%),Tasa 10Y,5.33
2025-12-11,CLP,Tasas (%),Tasa 10Y,5.32
2025-12-12,CLP,Tasas (%),Tasa 10Y,5.32
2025-12-15,CLP,Tasas (%),Tasa 10Y,5.35
2025-12-16,CLP,Tasas (%),Tasa 10Y,5.35
2025-12-17,CLP,Tasas (%),Tasa 10Y,5.41
2025-12-18,CLP,Tasas (%),Tasa 10Y,5.39
2025-12-19,CLP,Tasas (%),Tasa 10Y,5.395
2025-12-22,CLP,Tasas (%),Tasa 10Y,5.4
2025-12-23,CLP,Tasas (%),Tasa 10Y,5.39
2025-12-24,CLP,Tasas (%),Tasa 10Y,5.41
2025-12-26,CLP,Tasas (%),Tasa 10Y,5.4
2025-12-29,CLP,Tasas (%),Tasa 10Y,5.41
2025-12-30,CLP,Tasas (%),Tasa 10Y,5.403333333333333
2026-01-02,CLP,Tasas (%),Tasa 10Y,5.3966666666666665
2026-01-05,CLP,Tasas (%),Tasa 10Y,5.39
2026-01-06,CLP,Tasas (%),Tasa 10Y,5.39
2026-01-07,CLP,Tasas (%),Tasa 10Y,5.36
2026-01-08,CLP,Tasas (%),Tasa 10Y,5.33
2026-01-09,CLP,Tasas (%),Tasa 10Y,5.31
2026-01-12,CLP,Tasas (%),Tasa 10Y,5.3149999999999995
2026-01-13,CLP,Tasas (%),Tasa 10Y,5.32
2026-01-14,CLP,Tasas (%),Tasa 10Y,5.31
2026-01-15,CLP,Tasas (%),Tasa 10Y,5.33
2026-01-16,CLP,Tasas (%),Tasa 10Y,5.34
2026-01-19,CLP,Tasas (%),Tasa 10Y,5.34
2026-01-20,CLP,Tasas (%),Tasa 10Y,5.34
2026-01-21,CLP,Tasas (%),Tasa 10Y,5.34
2026-01-22,CLP,Tasas (%),Tasa 10Y,5.34
2026-01-23,CLP,Tasas (%),Tasa 10Y,5.34
2026-01-26,CLP,Tasas (%),Tasa 10Y,5.35
2026-01-27,CLP,Tasas (%),Tasa 10Y,5.34
2026-01-28,CLP,Tasas (%),Tasa 10Y,5.33
2026-01-29,CLP,Tasas (%),Tasa 10Y,5.34
2026-01-30,CLP,Tasas (%),Tasa 10Y,5.34
2026-02-02,CLP,Tasas (%),Tasa 10Y,5.35
2026-02-03,CLP,Tasas (%),Tasa 10Y,5.345
2026-02-04,CLP,Tasas (%),Tasa 10Y,5.34
2026-02-05,CLP,Tasas (%),Tasa 10Y,5.34
2026-02-06,CLP,Tasas (%),Tasa 10Y,5.34
2026-02-09,CLP,Tasas (%),Tasa 10Y,5.34
2026-02-10,CLP,Tasas (%),Tasa 10Y,5.31
2026-02-11,CLP,Tasas (%),Tasa 10Y,5.307499999999999
2026-02-12,CLP,Tasas (%),Tasa 10Y,5.305
2026-02-13,CLP,Tasas (%),Tasa 10Y,5.3025
2026-02-16,CLP,Tasas (%),Tasa 10Y,5.3
2026-02-17,CLP,Tasas (%),Tasa 10Y,5.28
2026-02-18,CLP,Tasas (%),Tasa 10Y,5.28
2026-02-19,CLP,Tasas (%),Tasa 10Y,5.29
2026-02-20,CLP,Tasas (%),Tasa 10Y,5.28
2026-02-23,CLP,Tasas (%),Tasa 10Y,5.28
2026-02-24,CLP,Tasas (%),Tasa 10Y,5.2725
2026-02-25,CLP,Tasas (%),Tasa 10Y,5.265000000000001
2026-02-26,CLP,Tasas (%),Tasa 10Y,5.2575
2026-02-27,CLP,Tasas (%),Tasa 10Y,5.25
2026-03-02,CLP,Tasas (%),Tasa 10Y,5.27
2026-03-03,CLP,Tasas (%),Tasa 10Y,5.285
2026-03-04,CLP,Tasas (%),Tasa 10Y,5.3
2026-03-05,CLP,Tasas (%),Tasa 10Y,5.325
2026-03-06,CLP,Tasas (%),Tasa 10Y,5.35
2026-03-09,CLP,Tasas (%),Tasa 10Y,5.375
2026-03-10,CLP,Tasas (%),Tasa 10Y,5.4
2026-03-11,CLP,Tasas (%),Tasa 10Y,5.4
2026-03-12,CLP,Tasas (%),Tasa 10Y,5.44
2026-03-13,CLP,Tasas (%),Tasa 10Y,5.46
2026-03-16,CLP,Tasas (%),Tasa 10Y,5.53
2026-03-17,CLP,Tasas (%),Tasa 10Y,5.49
2026-03-18,CLP,Tasas (%),Tasa 10Y,5.54
2026-03-19,CLP,Tasas (%),Tasa 10Y,5.66
2026-03-20,CLP,Tasas (%),Tasa 10Y,5.66
2026-03-23,CLP,Tasas (%),Tasa 10Y,5.73
2026-03-24,CLP,Tasas (%),Tasa 10Y,5.74
2026-03-25,CLP,Tasas (%),Tasa 10Y,5.75
2026-03-26,CLP,Tasas (%),Tasa 10Y,5.67
2026-03-27,CLP,Tasas (%),Tasa 10Y,5.69
2026-03-30,CLP,Tasas (%),Tasa 10Y,5.65
2026-03-31,CLP,Tasas (%),Tasa 10Y,5.62
2026-04-01,CLP,Tasas (%),Tasa 10Y,5.56
2026-04-02,CLP,Tasas (%),Tasa 10Y,5.56
2026-04-06,CLP,Tasas (%),Tasa 10Y,5.5649999999999995
2026-04-07,CLP,Tasas (%),Tasa 10Y,5.57
2026-04-08,CLP,Tasas (%),Tasa 10Y,5.51
2026-04-09,CLP,Tasas (%),Tasa 10Y,5.45
2026-04-10,CLP,Tasas (%),Tasa 10Y,5.46
2026-04-13,CLP,Tasas (%),Tasa 10Y,5.43
2026-04-14,CLP,Tasas (%),Tasa 10Y,5.39
2026-04-15,CLP,Tasas (%),Tasa 10Y,5.36
2026-04-16,CLP,Tasas (%),Tasa 10Y,5.39
2026-04-17,CLP,Tasas (%),Tasa 10Y,5.34
2026-04-20,CLP,Tasas (%),Tasa 10Y,5.34
2026-04-21,CLP,Tasas (%),Tasa 10Y,5.38
2026-04-22,CLP,Tasas (%),Tasa 10Y,5.42
2026-04-23,CLP,Tasas (%),Tasa 10Y,5.46
2026-04-24,CLP,Tasas (%),Tasa 10Y,5.496666666666667
2026-04-27,CLP,Tasas (%),Tasa 10Y,5.533333333333333
2026-04-28,CLP,Tasas (%),Tasa 10Y,5.57
2026-04-29,CLP,Tasas (%),Tasa 10Y,5.58
2026-04-30,CLP,Tasas (%),Tasa 10Y,5.61
2026-05-04,CLP,Tasas (%),Tasa 10Y,5.67
2026-05-05,CLP,Tasas (%),Tasa 10Y,5.67
2026-05-06,CLP,Tasas (%),Tasa 10Y,5.62
2026-05-07,CLP,Tasas (%),Tasa 10Y,5.6
2026-05-08,CLP,Tasas (%),Tasa 10Y,5.56
2026-05-11,CLP,Tasas (%),Tasa 10Y,5.52
2026-05-12,CLP,Tasas (%),Tasa 10Y,5.55
2026-05-13,CLP,Tasas (%),Tasa 10Y,5.53
2026-05-14,CLP,Tasas (%),Tasa 10Y,5.53
2026-05-15,CLP,Tasas (%),Tasa 10Y,5.53
2026-05-18,CLP,Tasas (%),Tasa 10Y,5.55
2026-05-19,CLP,Tasas (%),Tasa 10Y,5.58
2026-05-20,CLP,Tasas (%),Tasa 10Y,5.63
2026-05-22,CLP,Tasas (%),Tasa 10Y,5.62
2026-05-25,CLP,Tasas (%),Tasa 10Y,5.56
2026-05-26,CLP,Tasas (%),Tasa 10Y,5.57
2026-05-27,CLP,Tasas (%),Tasa 10Y,5.58
2026-05-28,CLP,Tasas (%),Tasa 10Y,5.52
2026-05-29,CLP,Tasas (%),Tasa 10Y,5.53
2026-06-01,CLP,Tasas (%),Tasa 10Y,5.57
2025-01-02,BRL,Desvíos del modelo (z-score),FX,0.8637515749503824
2025-01-03,BRL,Desvíos del modelo (z-score),FX,0.8324732068056301
2025-01-06,BRL,Desvíos del modelo (z-score),FX,0.8587897274155118
2025-01-07,BRL,Desvíos del modelo (z-score),FX,0.8019995468284054
2025-01-08,BRL,Desvíos del modelo (z-score),FX,0.8545578033445713
2025-01-09,BRL,Desvíos del modelo (z-score),FX,0.836312487382517
2025-01-10,BRL,Desvíos del modelo (z-score),FX,0.6615494108109927
2025-01-13,BRL,Desvíos del modelo (z-score),FX,0.6554313339333924
2025-01-14,BRL,Desvíos del modelo (z-score),FX,0.8335993410537661
2025-01-15,BRL,Desvíos del modelo (z-score),FX,0.8242370554303982
2025-01-16,BRL,Desvíos del modelo (z-score),FX,0.6256729420934103
2025-01-17,BRL,Desvíos del modelo (z-score),FX,0.7215064837819263
2025-01-20,BRL,Desvíos del modelo (z-score),FX,0.7206490613644932
2025-01-21,BRL,Desvíos del modelo (z-score),FX,0.7010123093374965
2025-01-22,BRL,Desvíos del modelo (z-score),FX,0.6631140630440435
2025-01-23,BRL,Desvíos del modelo (z-score),FX,0.5135910581117021
2025-01-24,BRL,Desvíos del modelo (z-score),FX,0.49334257308394136
2025-01-27,BRL,Desvíos del modelo (z-score),FX,0.2737596635448676
2025-01-28,BRL,Desvíos del modelo (z-score),FX,0.07816778518724582
2025-01-29,BRL,Desvíos del modelo (z-score),FX,-0.06254305887245246
2025-01-30,BRL,Desvíos del modelo (z-score),FX,0.2813133503850654
2025-01-31,BRL,Desvíos del modelo (z-score),FX,-0.0691459144279373
2025-02-03,BRL,Desvíos del modelo (z-score),FX,-0.3195505247918817
2025-02-04,BRL,Desvíos del modelo (z-score),FX,-0.17942021832074523
2025-02-05,BRL,Desvíos del modelo (z-score),FX,-0.09320205871175041
2025-02-06,BRL,Desvíos del modelo (z-score),FX,-0.08292817564207527
2025-02-07,BRL,Desvíos del modelo (z-score),FX,-0.06928539711516406
2025-02-10,BRL,Desvíos del modelo (z-score),FX,0.016283539240167483
2025-02-11,BRL,Desvíos del modelo (z-score),FX,0.09621937128000667
2025-02-12,BRL,Desvíos del modelo (z-score),FX,0.1793812553253045
2025-02-13,BRL,Desvíos del modelo (z-score),FX,0.11629210892243093
2025-02-14,BRL,Desvíos del modelo (z-score),FX,5.244954220356246e-4
2025-02-17,BRL,Desvíos del modelo (z-score),FX,-0.14856093845878862
2025-02-18,BRL,Desvíos del modelo (z-score),FX,-0.031238938756420902
2025-02-19,BRL,Desvíos del modelo (z-score),FX,0.03161079915165621
2025-02-20,BRL,Desvíos del modelo (z-score),FX,-0.08347569469926841
2025-02-21,BRL,Desvíos del modelo (z-score),FX,-0.33812397116292214
2025-02-24,BRL,Desvíos del modelo (z-score),FX,-0.34486104334136924
2025-02-25,BRL,Desvíos del modelo (z-score),FX,-0.27613731612211656
2025-02-26,BRL,Desvíos del modelo (z-score),FX,-0.42961645739249643
2025-02-27,BRL,Desvíos del modelo (z-score),FX,-0.31182000065508164
2025-02-28,BRL,Desvíos del modelo (z-score),FX,-0.40018626823028663
2025-03-03,BRL,Desvíos del modelo (z-score),FX,-0.38259002733753317
2025-03-04,BRL,Desvíos del modelo (z-score),FX,-0.2754330067802255
2025-03-05,BRL,Desvíos del modelo (z-score),FX,0.018858744601191173
2025-03-06,BRL,Desvíos del modelo (z-score),FX,-0.33484107173148825
2025-03-07,BRL,Desvíos del modelo (z-score),FX,-0.12183944317505442
2025-03-10,BRL,Desvíos del modelo (z-score),FX,-0.2508597671545134
2025-03-11,BRL,Desvíos del modelo (z-score),FX,0.03460002246827768
2025-03-12,BRL,Desvíos del modelo (z-score),FX,0.2187853488877288
2025-03-13,BRL,Desvíos del modelo (z-score),FX,0.18854473311039976
2025-03-14,BRL,Desvíos del modelo (z-score),FX,0.22147563283084182
2025-03-17,BRL,Desvíos del modelo (z-score),FX,0.2301435852167846
2025-03-18,BRL,Desvíos del modelo (z-score),FX,0.11250080516320558
2025-03-19,BRL,Desvíos del modelo (z-score),FX,0.11479077944721959
2025-03-20,BRL,Desvíos del modelo (z-score),FX,-0.05675545551478414
2025-03-21,BRL,Desvíos del modelo (z-score),FX,0.11957626650416582
2025-03-24,BRL,Desvíos del modelo (z-score),FX,0.4280932872125558
2025-03-25,BRL,Desvíos del modelo (z-score),FX,0.42811104903809527
2025-03-26,BRL,Desvíos del modelo (z-score),FX,0.3939354738457474
2025-03-27,BRL,Desvíos del modelo (z-score),FX,0.4959047905241528
2025-03-28,BRL,Desvíos del modelo (z-score),FX,0.23874544743245413
2025-03-31,BRL,Desvíos del modelo (z-score),FX,0.187087234729694
2025-04-01,BRL,Desvíos del modelo (z-score),FX,-0.10075284503043475
2025-04-02,BRL,Desvíos del modelo (z-score),FX,-0.24561517948609876
2025-04-03,BRL,Desvíos del modelo (z-score),FX,-0.356932359174232
2025-04-04,BRL,Desvíos del modelo (z-score),FX,-0.8349144875116351
2025-04-07,BRL,Desvíos del modelo (z-score),FX,-0.451504514500755
2025-04-08,BRL,Desvíos del modelo (z-score),FX,-0.32976784882713067
2025-04-09,BRL,Desvíos del modelo (z-score),FX,0.6289856336254586
2025-04-10,BRL,Desvíos del modelo (z-score),FX,0.30348441714614843
2025-04-11,BRL,Desvíos del modelo (z-score),FX,0.7923545295005993
2025-04-14,BRL,Desvíos del modelo (z-score),FX,1.0527303476836956
2025-04-15,BRL,Desvíos del modelo (z-score),FX,1.1359921296303452
2025-04-16,BRL,Desvíos del modelo (z-score),FX,1.3513307474221634
2025-04-17,BRL,Desvíos del modelo (z-score),FX,1.543334335407505
2025-04-21,BRL,Desvíos del modelo (z-score),FX,1.3737624818437164
2025-04-22,BRL,Desvíos del modelo (z-score),FX,1.4228768726648557
2025-04-23,BRL,Desvíos del modelo (z-score),FX,0.9320065367576775
2025-04-24,BRL,Desvíos del modelo (z-score),FX,0.7423862155030962
2025-04-25,BRL,Desvíos del modelo (z-score),FX,0.5805243086234525
2025-04-28,BRL,Desvíos del modelo (z-score),FX,0.6268445427049854
2025-04-29,BRL,Desvíos del modelo (z-score),FX,0.41916442498274836
2025-04-30,BRL,Desvíos del modelo (z-score),FX,0.2586737905325726
2025-05-02,BRL,Desvíos del modelo (z-score),FX,0.5294025156255704
2025-05-05,BRL,Desvíos del modelo (z-score),FX,0.6346014974669356
2025-05-06,BRL,Desvíos del modelo (z-score),FX,0.6983134435816722
2025-05-07,BRL,Desvíos del modelo (z-score),FX,0.7094787506813222
2025-05-08,BRL,Desvíos del modelo (z-score),FX,0.9326200792830485
2025-05-09,BRL,Desvíos del modelo (z-score),FX,0.73961316134708
2025-05-12,BRL,Desvíos del modelo (z-score),FX,0.5469798319963294
2025-05-13,BRL,Desvíos del modelo (z-score),FX,0.46314589729267647
2025-05-14,BRL,Desvíos del modelo (z-score),FX,0.48303994396892963
2025-05-15,BRL,Desvíos del modelo (z-score),FX,0.46919959347084605
2025-05-16,BRL,Desvíos del modelo (z-score),FX,0.699473578917
2025-05-19,BRL,Desvíos del modelo (z-score),FX,0.6841417231857415
2025-05-20,BRL,Desvíos del modelo (z-score),FX,0.778729886459454
2025-05-22,BRL,Desvíos del modelo (z-score),FX,0.8138093813560364
2025-05-23,BRL,Desvíos del modelo (z-score),FX,0.9904344066509653
2025-05-26,BRL,Desvíos del modelo (z-score),FX,0.8620389147040087
2025-05-27,BRL,Desvíos del modelo (z-score),FX,0.826994881658142
2025-05-28,BRL,Desvíos del modelo (z-score),FX,0.8131054336538791
2025-05-29,BRL,Desvíos del modelo (z-score),FX,0.7410709359354762
2025-05-30,BRL,Desvíos del modelo (z-score),FX,0.8368173595399269
2025-06-02,BRL,Desvíos del modelo (z-score),FX,1.192030830302122
2025-06-03,BRL,Desvíos del modelo (z-score),FX,1.1067961472202745
2025-06-04,BRL,Desvíos del modelo (z-score),FX,0.8118257650345826
2025-06-05,BRL,Desvíos del modelo (z-score),FX,0.9537317711146622
2025-06-06,BRL,Desvíos del modelo (z-score),FX,0.9768278697126084
2025-06-09,BRL,Desvíos del modelo (z-score),FX,0.8599955051218758
2025-06-10,BRL,Desvíos del modelo (z-score),FX,0.8204107875167995
2025-06-11,BRL,Desvíos del modelo (z-score),FX,0.8706486993682097
2025-06-12,BRL,Desvíos del modelo (z-score),FX,0.8217633692282942
2025-06-13,BRL,Desvíos del modelo (z-score),FX,0.7905268703830565
2025-06-16,BRL,Desvíos del modelo (z-score),FX,0.8818026218254533
2025-06-17,BRL,Desvíos del modelo (z-score),FX,0.5409038116821866
2025-06-18,BRL,Desvíos del modelo (z-score),FX,0.5025820858278564
2025-06-19,BRL,Desvíos del modelo (z-score),FX,0.2503886284761286
2025-06-23,BRL,Desvíos del modelo (z-score),FX,0.32930513362947605
2025-06-24,BRL,Desvíos del modelo (z-score),FX,0.35196676135973354
2025-06-25,BRL,Desvíos del modelo (z-score),FX,0.5810758976666023
2025-06-26,BRL,Desvíos del modelo (z-score),FX,0.7571695306271052
2025-06-27,BRL,Desvíos del modelo (z-score),FX,0.48912007072714847
2025-06-30,BRL,Desvíos del modelo (z-score),FX,0.4643634262106602
2025-07-01,BRL,Desvíos del modelo (z-score),FX,0.4693014319918175
2025-07-02,BRL,Desvíos del modelo (z-score),FX,0.6027143455386929
2025-07-03,BRL,Desvíos del modelo (z-score),FX,0.5435479416426806
2025-07-04,BRL,Desvíos del modelo (z-score),FX,0.4632194023470956
2025-07-07,BRL,Desvíos del modelo (z-score),FX,0.5064403090088159
2025-07-08,BRL,Desvíos del modelo (z-score),FX,0.5894721969088647
2025-07-09,BRL,Desvíos del modelo (z-score),FX,0.5312899856158542
2025-07-10,BRL,Desvíos del modelo (z-score),FX,1.0418360739312214
2025-07-11,BRL,Desvíos del modelo (z-score),FX,0.9122432656481492
2025-07-14,BRL,Desvíos del modelo (z-score),FX,0.8187031875441417
2025-07-15,BRL,Desvíos del modelo (z-score),FX,0.9089507027842014
2025-07-17,BRL,Desvíos del modelo (z-score),FX,0.6992673332059394
2025-07-18,BRL,Desvíos del modelo (z-score),FX,0.6599829011320184
2025-07-21,BRL,Desvíos del modelo (z-score),FX,0.7969959963294093
2025-07-22,BRL,Desvíos del modelo (z-score),FX,0.8144671554481386
2025-07-23,BRL,Desvíos del modelo (z-score),FX,0.9149491539352537
2025-07-24,BRL,Desvíos del modelo (z-score),FX,0.8033086417297998
2025-07-25,BRL,Desvíos del modelo (z-score),FX,0.7473362592428255
2025-07-28,BRL,Desvíos del modelo (z-score),FX,0.8108666806780953
2025-07-29,BRL,Desvíos del modelo (z-score),FX,0.5504759415291383
2025-07-30,BRL,Desvíos del modelo (z-score),FX,0.5907605440318147
2025-07-31,BRL,Desvíos del modelo (z-score),FX,0.30983121955123794
2025-08-01,BRL,Desvíos del modelo (z-score),FX,-0.017015304344238768
2025-08-04,BRL,Desvíos del modelo (z-score),FX,0.05990228172613866
2025-08-05,BRL,Desvíos del modelo (z-score),FX,0.06287464381963145
2025-08-06,BRL,Desvíos del modelo (z-score),FX,0.17217711822051832
2025-08-07,BRL,Desvíos del modelo (z-score),FX,0.15928047819893448
2025-08-08,BRL,Desvíos del modelo (z-score),FX,0.18279660182449273
2025-08-11,BRL,Desvíos del modelo (z-score),FX,0.11735138722759689
2025-08-12,BRL,Desvíos del modelo (z-score),FX,0.14947511798082425
2025-08-13,BRL,Desvíos del modelo (z-score),FX,0.07998784309139727
2025-08-14,BRL,Desvíos del modelo (z-score),FX,0.06614679712919667
2025-08-18,BRL,Desvíos del modelo (z-score),FX,0.13802312577989626
2025-08-19,BRL,Desvíos del modelo (z-score),FX,0.14708146056627733
2025-08-20,BRL,Desvíos del modelo (z-score),FX,0.3048895741999933
2025-08-21,BRL,Desvíos del modelo (z-score),FX,0.3226247639227753
2025-08-22,BRL,Desvíos del modelo (z-score),FX,0.31250564277086634
2025-08-25,BRL,Desvíos del modelo (z-score),FX,0.31446469966133445
2025-08-26,BRL,Desvíos del modelo (z-score),FX,0.16622711875960414
2025-08-27,BRL,Desvíos del modelo (z-score),FX,0.12275976207862464
2025-08-28,BRL,Desvíos del modelo (z-score),FX,0.10992943503282912
2025-08-29,BRL,Desvíos del modelo (z-score),FX,0.1591096041903517
2025-09-01,BRL,Desvíos del modelo (z-score),FX,0.23709348164490984
2025-09-02,BRL,Desvíos del modelo (z-score),FX,0.26360597766923005
2025-09-03,BRL,Desvíos del modelo (z-score),FX,0.18151210529835876
2025-09-04,BRL,Desvíos del modelo (z-score),FX,0.0842673083222005
2025-09-05,BRL,Desvíos del modelo (z-score),FX,-0.006204506752579998
2025-09-08,BRL,Desvíos del modelo (z-score),FX,-0.039622122207478565
2025-09-09,BRL,Desvíos del modelo (z-score),FX,0.06075287198583599
2025-09-10,BRL,Desvíos del modelo (z-score),FX,0.025190213535994634
2025-09-11,BRL,Desvíos del modelo (z-score),FX,-0.03560169347901187
2025-09-12,BRL,Desvíos del modelo (z-score),FX,0.004319160713846469
2025-09-15,BRL,Desvíos del modelo (z-score),FX,-0.24660898691479707
2025-09-16,BRL,Desvíos del modelo (z-score),FX,-0.35750768067348476
2025-09-17,BRL,Desvíos del modelo (z-score),FX,-0.2322363629025514
2025-09-22,BRL,Desvíos del modelo (z-score),FX,-0.14686298485685748
2025-09-23,BRL,Desvíos del modelo (z-score),FX,-0.1879258312650424
2025-09-24,BRL,Desvíos del modelo (z-score),FX,-0.32612602605043095
2025-09-25,BRL,Desvíos del modelo (z-score),FX,-0.2716564356005812
2025-09-26,BRL,Desvíos del modelo (z-score),FX,-0.053490313556774055
2025-09-29,BRL,Desvíos del modelo (z-score),FX,-0.20221101696034366
2025-09-30,BRL,Desvíos del modelo (z-score),FX,-0.24218265985660595
2025-10-01,BRL,Desvíos del modelo (z-score),FX,-0.3165779775255105
2025-10-02,BRL,Desvíos del modelo (z-score),FX,-0.3992858015989732
2025-10-03,BRL,Desvíos del modelo (z-score),FX,-0.2749690950358681
2025-10-06,BRL,Desvíos del modelo (z-score),FX,-0.2735691855756299
2025-10-07,BRL,Desvíos del modelo (z-score),FX,-0.4506071690683487
2025-10-08,BRL,Desvíos del modelo (z-score),FX,-0.3233845488400594
2025-10-09,BRL,Desvíos del modelo (z-score),FX,-0.4892392989206641
2025-10-10,BRL,Desvíos del modelo (z-score),FX,-0.857477036394233
2025-10-13,BRL,Desvíos del modelo (z-score),FX,-0.34080415275629466
2025-10-14,BRL,Desvíos del modelo (z-score),FX,-0.44332474491034546
2025-10-15,BRL,Desvíos del modelo (z-score),FX,-0.3901854060939218
2025-10-16,BRL,Desvíos del modelo (z-score),FX,-0.671054624299
2025-10-17,BRL,Desvíos del modelo (z-score),FX,-0.5797173681436084
2025-10-20,BRL,Desvíos del modelo (z-score),FX,-0.5362486355130374
2025-10-21,BRL,Desvíos del modelo (z-score),FX,-0.873587184587398
2025-10-22,BRL,Desvíos del modelo (z-score),FX,-0.8848665151144695
2025-10-23,BRL,Desvíos del modelo (z-score),FX,-0.7065819872043226
2025-10-24,BRL,Desvíos del modelo (z-score),FX,-0.6763052487436622
2025-10-27,BRL,Desvíos del modelo (z-score),FX,-0.8633873246823965
2025-10-28,BRL,Desvíos del modelo (z-score),FX,-0.9588495647611284
2025-10-29,BRL,Desvíos del modelo (z-score),FX,-0.9445732635096366
2025-10-30,BRL,Desvíos del modelo (z-score),FX,-0.8232864526058611
2025-11-03,BRL,Desvíos del modelo (z-score),FX,-1.0398665345713431
2025-11-04,BRL,Desvíos del modelo (z-score),FX,-1.1991611814565895
2025-11-05,BRL,Desvíos del modelo (z-score),FX,-0.9917469262381883
2025-11-06,BRL,Desvíos del modelo (z-score),FX,-1.2589981346314933
2025-11-07,BRL,Desvíos del modelo (z-score),FX,-1.0534388975509001
2025-11-10,BRL,Desvíos del modelo (z-score),FX,-1.004612713138945
2025-11-11,BRL,Desvíos del modelo (z-score),FX,-1.0585189396368864
2025-11-12,BRL,Desvíos del modelo (z-score),FX,-1.118992428504974
2025-11-13,BRL,Desvíos del modelo (z-score),FX,-1.1148786724844209
2025-11-14,BRL,Desvíos del modelo (z-score),FX,-1.0160966759055379
2025-11-17,BRL,Desvíos del modelo (z-score),FX,-1.2324908377888386
2025-11-18,BRL,Desvíos del modelo (z-score),FX,-1.2366297401510777
2025-11-19,BRL,Desvíos del modelo (z-score),FX,-1.1673695027778812
2025-11-20,BRL,Desvíos del modelo (z-score),FX,-1.5200847815605558
2025-11-21,BRL,Desvíos del modelo (z-score),FX,-1.3562654830340897
2025-11-24,BRL,Desvíos del modelo (z-score),FX,-1.190024335756238
2025-11-25,BRL,Desvíos del modelo (z-score),FX,-1.1661558568848234
2025-11-26,BRL,Desvíos del modelo (z-score),FX,-0.913179473605322
2025-11-27,BRL,Desvíos del modelo (z-score),FX,-0.9607083835833098
2025-11-28,BRL,Desvíos del modelo (z-score),FX,-0.9132386216405942
2025-12-01,BRL,Desvíos del modelo (z-score),FX,-0.7135802929725933
2025-12-02,BRL,Desvíos del modelo (z-score),FX,-0.7805273851788688
2025-12-03,BRL,Desvíos del modelo (z-score),FX,-0.8422903458677515
2025-12-04,BRL,Desvíos del modelo (z-score),FX,-0.7987676546008675
2025-12-05,BRL,Desvíos del modelo (z-score),FX,-0.7008513460733103
2025-12-09,BRL,Desvíos del modelo (z-score),FX,-0.29071747483159077
2025-12-10,BRL,Desvíos del modelo (z-score),FX,-0.24501206595585517
2025-12-11,BRL,Desvíos del modelo (z-score),FX,-0.027303986850453578
2025-12-12,BRL,Desvíos del modelo (z-score),FX,-0.12344835996280684
2025-12-15,BRL,Desvíos del modelo (z-score),FX,-0.2240354270268009
2025-12-16,BRL,Desvíos del modelo (z-score),FX,-0.163288361531065
2025-12-17,BRL,Desvíos del modelo (z-score),FX,0.0485211893777264
2025-12-18,BRL,Desvíos del modelo (z-score),FX,0.14282656687922374
2025-12-19,BRL,Desvíos del modelo (z-score),FX,0.2689033696466228
2025-12-22,BRL,Desvíos del modelo (z-score),FX,0.4768455653315517
2025-12-23,BRL,Desvíos del modelo (z-score),FX,0.7362942977706386
2025-12-24,BRL,Desvíos del modelo (z-score),FX,0.5465163288334091
2025-12-26,BRL,Desvíos del modelo (z-score),FX,0.5910864966344063
2025-12-29,BRL,Desvíos del modelo (z-score),FX,0.4761865507418587
2025-12-30,BRL,Desvíos del modelo (z-score),FX,0.30867996135023673
2026-01-02,BRL,Desvíos del modelo (z-score),FX,0.05762265100886405
2026-01-05,BRL,Desvíos del modelo (z-score),FX,-0.04331729960081753
2026-01-06,BRL,Desvíos del modelo (z-score),FX,-0.031553775938277406
2026-01-07,BRL,Desvíos del modelo (z-score),FX,-0.22212760057673214
2026-01-08,BRL,Desvíos del modelo (z-score),FX,-0.2554121970180811
2026-01-09,BRL,Desvíos del modelo (z-score),FX,-0.18426120657506417
2026-01-12,BRL,Desvíos del modelo (z-score),FX,-0.12930700835530096
2026-01-13,BRL,Desvíos del modelo (z-score),FX,-0.1890773793564371
2026-01-14,BRL,Desvíos del modelo (z-score),FX,-0.2901360459193764
2026-01-15,BRL,Desvíos del modelo (z-score),FX,-0.18658202477882796
2026-01-16,BRL,Desvíos del modelo (z-score),FX,-0.12322738728458603
2026-01-19,BRL,Desvíos del modelo (z-score),FX,-0.24588811685287257
2026-01-20,BRL,Desvíos del modelo (z-score),FX,0.02191419383235242
2026-01-21,BRL,Desvíos del modelo (z-score),FX,0.04666400199673762
2026-01-22,BRL,Desvíos del modelo (z-score),FX,0.04668926143256287
2026-01-23,BRL,Desvíos del modelo (z-score),FX,-0.027983314841276842
2026-01-26,BRL,Desvíos del modelo (z-score),FX,0.12209680684195712
2026-01-27,BRL,Desvíos del modelo (z-score),FX,0.18526899544239794
2026-01-28,BRL,Desvíos del modelo (z-score),FX,0.06181906617138247
2026-01-29,BRL,Desvíos del modelo (z-score),FX,0.028843606095311086
2026-01-30,BRL,Desvíos del modelo (z-score),FX,-0.2333202426547428
2026-02-02,BRL,Desvíos del modelo (z-score),FX,-0.25200161041887514
2026-02-03,BRL,Desvíos del modelo (z-score),FX,-0.2985024325061933
2026-02-04,BRL,Desvíos del modelo (z-score),FX,-0.23806258070367212
2026-02-05,BRL,Desvíos del modelo (z-score),FX,-0.6484147051488302
2026-02-06,BRL,Desvíos del modelo (z-score),FX,-0.39549925834302874
2026-02-09,BRL,Desvíos del modelo (z-score),FX,-0.28802375909482525
2026-02-10,BRL,Desvíos del modelo (z-score),FX,-0.30236591216859066
2026-02-11,BRL,Desvíos del modelo (z-score),FX,-0.2023612511893085
2026-02-12,BRL,Desvíos del modelo (z-score),FX,-0.6858380476469543
2026-02-13,BRL,Desvíos del modelo (z-score),FX,-0.5056535340057092
2026-02-16,BRL,Desvíos del modelo (z-score),FX,-0.5520692786512396
2026-02-17,BRL,Desvíos del modelo (z-score),FX,-0.5776162229632957
2026-02-18,BRL,Desvíos del modelo (z-score),FX,-0.4134648320658833
2026-02-19,BRL,Desvíos del modelo (z-score),FX,-0.5371769969911724
2026-02-20,BRL,Desvíos del modelo (z-score),FX,-0.4708881829840282
2026-02-23,BRL,Desvíos del modelo (z-score),FX,-0.6478562420557479
2026-02-24,BRL,Desvíos del modelo (z-score),FX,-0.7018940208570333
2026-02-25,BRL,Desvíos del modelo (z-score),FX,-0.7380494756421644
2026-02-26,BRL,Desvíos del modelo (z-score),FX,-0.7892396662935104
2026-02-27,BRL,Desvíos del modelo (z-score),FX,-0.7714683816807034
2026-03-02,BRL,Desvíos del modelo (z-score),FX,-0.6887701811837172
2026-03-03,BRL,Desvíos del modelo (z-score),FX,-0.8905629685992211
2026-03-04,BRL,Desvíos del modelo (z-score),FX,-0.7875120709058745
2026-03-05,BRL,Desvíos del modelo (z-score),FX,-0.8413679832088871
2026-03-06,BRL,Desvíos del modelo (z-score),FX,-0.9837968419295604
2026-03-09,BRL,Desvíos del modelo (z-score),FX,-1.005148010470883
2026-03-10,BRL,Desvíos del modelo (z-score),FX,-1.021694938125891
2026-03-11,BRL,Desvíos del modelo (z-score),FX,-1.0481036730109483
2026-03-12,BRL,Desvíos del modelo (z-score),FX,-1.142302989742143
2026-03-13,BRL,Desvíos del modelo (z-score),FX,-0.991134777218682
2026-03-16,BRL,Desvíos del modelo (z-score),FX,-0.8522148058360851
2026-03-17,BRL,Desvíos del modelo (z-score),FX,-0.9622320334714003
2026-03-18,BRL,Desvíos del modelo (z-score),FX,-1.1380721069377946
2026-03-19,BRL,Desvíos del modelo (z-score),FX,-1.0382440397323778
2026-03-20,BRL,Desvíos del modelo (z-score),FX,-1.057543002889372
2026-03-23,BRL,Desvíos del modelo (z-score),FX,-1.106914039948362
2026-03-24,BRL,Desvíos del modelo (z-score),FX,-1.082328457653536
2026-03-25,BRL,Desvíos del modelo (z-score),FX,-1.0839504735743333
2026-03-26,BRL,Desvíos del modelo (z-score),FX,-1.0881078639912574
2026-03-27,BRL,Desvíos del modelo (z-score),FX,-1.0705159345979798
2026-03-30,BRL,Desvíos del modelo (z-score),FX,-1.2309936141405582
2026-03-31,BRL,Desvíos del modelo (z-score),FX,-1.1072548348273143
2026-04-01,BRL,Desvíos del modelo (z-score),FX,-1.1137972514313037
2026-04-02,BRL,Desvíos del modelo (z-score),FX,-1.0281005772793401
2026-04-06,BRL,Desvíos del modelo (z-score),FX,-1.1708533111603567
2026-04-07,BRL,Desvíos del modelo (z-score),FX,-1.276062589080516
2026-04-08,BRL,Desvíos del modelo (z-score),FX,-1.1524274975045654
2026-04-09,BRL,Desvíos del modelo (z-score),FX,-1.064297737022903
2026-04-10,BRL,Desvíos del modelo (z-score),FX,-1.1092246266784749
2026-04-13,BRL,Desvíos del modelo (z-score),FX,-1.329094531287293
2026-04-14,BRL,Desvíos del modelo (z-score),FX,-1.4399231560318884
2026-04-15,BRL,Desvíos del modelo (z-score),FX,-1.4911981318829155
2026-04-16,BRL,Desvíos del modelo (z-score),FX,-1.423399690737115
2026-04-17,BRL,Desvíos del modelo (z-score),FX,-1.603175245264259
2026-04-20,BRL,Desvíos del modelo (z-score),FX,-1.6947920015988567
2026-04-21,BRL,Desvíos del modelo (z-score),FX,-1.811111361203716
2026-04-22,BRL,Desvíos del modelo (z-score),FX,-1.7901337052714743
2026-04-23,BRL,Desvíos del modelo (z-score),FX,-1.8335022327000026
2026-04-24,BRL,Desvíos del modelo (z-score),FX,-1.742432220101959
2026-04-27,BRL,Desvíos del modelo (z-score),FX,-1.7412349506689582
2026-04-28,BRL,Desvíos del modelo (z-score),FX,-1.729519613310059
2026-04-29,BRL,Desvíos del modelo (z-score),FX,-1.7142237993979013
2026-04-30,BRL,Desvíos del modelo (z-score),FX,-1.6760923243453378
2026-05-04,BRL,Desvíos del modelo (z-score),FX,-1.8154963684426142
2026-05-05,BRL,Desvíos del modelo (z-score),FX,-1.9042024820762262
2026-05-06,BRL,Desvíos del modelo (z-score),FX,-1.9989472529031604
2026-05-07,BRL,Desvíos del modelo (z-score),FX,-1.8930007657690215
2026-05-08,BRL,Desvíos del modelo (z-score),FX,-2.0278796022696253
2026-05-11,BRL,Desvíos del modelo (z-score),FX,-1.9995701482438706
2026-05-12,BRL,Desvíos del modelo (z-score),FX,-1.9202624368595493
2026-05-13,BRL,Desvíos del modelo (z-score),FX,-1.9825609014834
2026-05-14,BRL,Desvíos del modelo (z-score),FX,-1.7066923643275016
2026-05-15,BRL,Desvíos del modelo (z-score),FX,-1.693687049535314
2026-05-18,BRL,Desvíos del modelo (z-score),FX,-1.5910722131754143
2026-05-19,BRL,Desvíos del modelo (z-score),FX,-1.6482504773327016
2026-05-20,BRL,Desvíos del modelo (z-score),FX,-1.810100206088507
2026-05-22,BRL,Desvíos del modelo (z-score),FX,-1.8832531356375963
2026-05-25,BRL,Desvíos del modelo (z-score),FX,-1.8963180366061057
2026-05-26,BRL,Desvíos del modelo (z-score),FX,-1.9386981391530453
2026-05-27,BRL,Desvíos del modelo (z-score),FX,-1.9384695486825025
2026-05-28,BRL,Desvíos del modelo (z-score),FX,-1.8832429381081555
2026-05-29,BRL,Desvíos del modelo (z-score),FX,-1.9045607509426647
2026-06-01,BRL,Desvíos del modelo (z-score),FX,-2.059358744092017
2025-01-02,BRL,Desvíos del modelo (z-score),Tasa 10Y,1.3514582472333294
2025-01-03,BRL,Desvíos del modelo (z-score),Tasa 10Y,1.6773105276196083
2025-01-06,BRL,Desvíos del modelo (z-score),Tasa 10Y,1.1524339738156468
2025-01-07,BRL,Desvíos del modelo (z-score),Tasa 10Y,1.3246181644168278
2025-01-08,BRL,Desvíos del modelo (z-score),Tasa 10Y,1.3586139160898876
2025-01-09,BRL,Desvíos del modelo (z-score),Tasa 10Y,1.528095371460615
2025-01-10,BRL,Desvíos del modelo (z-score),Tasa 10Y,1.689150763978281
2025-01-13,BRL,Desvíos del modelo (z-score),Tasa 10Y,1.6050089366838667
2025-01-14,BRL,Desvíos del modelo (z-score),Tasa 10Y,1.3633565712445714
2025-01-15,BRL,Desvíos del modelo (z-score),Tasa 10Y,1.5310394556218883
2025-01-16,BRL,Desvíos del modelo (z-score),Tasa 10Y,2.089454666464628
2025-01-17,BRL,Desvíos del modelo (z-score),Tasa 10Y,2.322484143148949
2025-01-20,BRL,Desvíos del modelo (z-score),Tasa 10Y,2.1909346069065823
2025-01-21,BRL,Desvíos del modelo (z-score),Tasa 10Y,2.204843312391504
2025-01-22,BRL,Desvíos del modelo (z-score),Tasa 10Y,2.067574948216515
2025-01-23,BRL,Desvíos del modelo (z-score),Tasa 10Y,2.365923083486419
2025-01-24,BRL,Desvíos del modelo (z-score),Tasa 10Y,2.132220870869693
2025-01-27,BRL,Desvíos del modelo (z-score),Tasa 10Y,2.0496513428669187
2025-01-28,BRL,Desvíos del modelo (z-score),Tasa 10Y,2.145316651555279
2025-01-29,BRL,Desvíos del modelo (z-score),Tasa 10Y,2.0916225184666724
2025-01-30,BRL,Desvíos del modelo (z-score),Tasa 10Y,2.109830052104193
2025-01-31,BRL,Desvíos del modelo (z-score),Tasa 10Y,1.8815951576709122
2025-02-03,BRL,Desvíos del modelo (z-score),Tasa 10Y,1.6960417432023867
2025-02-04,BRL,Desvíos del modelo (z-score),Tasa 10Y,1.7855735048335004
2025-02-05,BRL,Desvíos del modelo (z-score),Tasa 10Y,2.2364541266072266
2025-02-06,BRL,Desvíos del modelo (z-score),Tasa 10Y,2.217443501704712
2025-02-07,BRL,Desvíos del modelo (z-score),Tasa 10Y,2.266217453066007
2025-02-10,BRL,Desvíos del modelo (z-score),Tasa 10Y,2.2871975487379737
2025-02-11,BRL,Desvíos del modelo (z-score),Tasa 10Y,2.1105462441332112
2025-02-12,BRL,Desvíos del modelo (z-score),Tasa 10Y,2.0658839724872697
2025-02-13,BRL,Desvíos del modelo (z-score),Tasa 10Y,2.313058022010052
2025-02-14,BRL,Desvíos del modelo (z-score),Tasa 10Y,1.9716843463988714
2025-02-17,BRL,Desvíos del modelo (z-score),Tasa 10Y,1.8233054865129958
2025-02-18,BRL,Desvíos del modelo (z-score),Tasa 10Y,1.719529486936122
2025-02-19,BRL,Desvíos del modelo (z-score),Tasa 10Y,1.916754107687909
2025-02-20,BRL,Desvíos del modelo (z-score),Tasa 10Y,1.8818354492284532
2025-02-21,BRL,Desvíos del modelo (z-score),Tasa 10Y,1.9456929482965535
2025-02-24,BRL,Desvíos del modelo (z-score),Tasa 10Y,2.077285980113221
2025-02-25,BRL,Desvíos del modelo (z-score),Tasa 10Y,2.2666654054778275
2025-02-26,BRL,Desvíos del modelo (z-score),Tasa 10Y,2.6949837625210966
2025-02-27,BRL,Desvíos del modelo (z-score),Tasa 10Y,2.640098974710408
2025-02-28,BRL,Desvíos del modelo (z-score),Tasa 10Y,2.8281831356132683
2025-03-03,BRL,Desvíos del modelo (z-score),Tasa 10Y,2.7284618611511466
2025-03-04,BRL,Desvíos del modelo (z-score),Tasa 10Y,2.495776503299262
2025-03-05,BRL,Desvíos del modelo (z-score),Tasa 10Y,2.4781453338814665
2025-03-06,BRL,Desvíos del modelo (z-score),Tasa 10Y,2.427625579460249
2025-03-07,BRL,Desvíos del modelo (z-score),Tasa 10Y,2.136847188988195
2025-03-10,BRL,Desvíos del modelo (z-score),Tasa 10Y,2.3851915651654663
2025-03-11,BRL,Desvíos del modelo (z-score),Tasa 10Y,2.0674824919178163
2025-03-12,BRL,Desvíos del modelo (z-score),Tasa 10Y,2.2282476410440224
2025-03-13,BRL,Desvíos del modelo (z-score),Tasa 10Y,2.04538680631581
2025-03-14,BRL,Desvíos del modelo (z-score),Tasa 10Y,2.05880085813236
2025-03-17,BRL,Desvíos del modelo (z-score),Tasa 10Y,1.9988312527974699
2025-03-18,BRL,Desvíos del modelo (z-score),Tasa 10Y,1.9138239431786097
2025-03-19,BRL,Desvíos del modelo (z-score),Tasa 10Y,2.0107317616371008
2025-03-20,BRL,Desvíos del modelo (z-score),Tasa 10Y,2.49675371172187
2025-03-21,BRL,Desvíos del modelo (z-score),Tasa 10Y,2.445414268256513
2025-03-24,BRL,Desvíos del modelo (z-score),Tasa 10Y,2.559639707632601
2025-03-25,BRL,Desvíos del modelo (z-score),Tasa 10Y,2.5299844414471138
2025-03-26,BRL,Desvíos del modelo (z-score),Tasa 10Y,2.644490081515998
2025-03-27,BRL,Desvíos del modelo (z-score),Tasa 10Y,2.520980415606096
2025-03-28,BRL,Desvíos del modelo (z-score),Tasa 10Y,2.6706806042204687
2025-03-31,BRL,Desvíos del modelo (z-score),Tasa 10Y,2.6336838807960787
2025-04-01,BRL,Desvíos del modelo (z-score),Tasa 10Y,2.604645685061063
2025-04-02,BRL,Desvíos del modelo (z-score),Tasa 10Y,2.747967685794308
2025-04-03,BRL,Desvíos del modelo (z-score),Tasa 10Y,2.2836767724343585
2025-04-04,BRL,Desvíos del modelo (z-score),Tasa 10Y,2.019005057839339
2025-04-07,BRL,Desvíos del modelo (z-score),Tasa 10Y,2.057509046705527
2025-04-08,BRL,Desvíos del modelo (z-score),Tasa 10Y,1.9181851212502956
2025-04-09,BRL,Desvíos del modelo (z-score),Tasa 10Y,2.1273804913088625
2025-04-10,BRL,Desvíos del modelo (z-score),Tasa 10Y,2.1107923948560123
2025-04-11,BRL,Desvíos del modelo (z-score),Tasa 10Y,1.4370672330248313
2025-04-14,BRL,Desvíos del modelo (z-score),Tasa 10Y,1.4360061571225249
2025-04-15,BRL,Desvíos del modelo (z-score),Tasa 10Y,1.414349402739293
2025-04-16,BRL,Desvíos del modelo (z-score),Tasa 10Y,1.2353338973085666
2025-04-17,BRL,Desvíos del modelo (z-score),Tasa 10Y,1.1867742184662042
2025-04-21,BRL,Desvíos del modelo (z-score),Tasa 10Y,1.1949452942238599
2025-04-22,BRL,Desvíos del modelo (z-score),Tasa 10Y,1.3127244348682252
2025-04-23,BRL,Desvíos del modelo (z-score),Tasa 10Y,1.3455891266609326
2025-04-24,BRL,Desvíos del modelo (z-score),Tasa 10Y,1.2876129987276215
2025-04-25,BRL,Desvíos del modelo (z-score),Tasa 10Y,1.6303506156451133
2025-04-28,BRL,Desvíos del modelo (z-score),Tasa 10Y,1.6199426482787989
2025-04-29,BRL,Desvíos del modelo (z-score),Tasa 10Y,1.6399600652191246
2025-04-30,BRL,Desvíos del modelo (z-score),Tasa 10Y,1.303568244353616
2025-05-02,BRL,Desvíos del modelo (z-score),Tasa 10Y,1.0902419422572343
2025-05-05,BRL,Desvíos del modelo (z-score),Tasa 10Y,0.8670091814222752
2025-05-06,BRL,Desvíos del modelo (z-score),Tasa 10Y,0.839376452873042
2025-05-07,BRL,Desvíos del modelo (z-score),Tasa 10Y,0.7430544548309379
2025-05-08,BRL,Desvíos del modelo (z-score),Tasa 10Y,0.7046848798657513
2025-05-09,BRL,Desvíos del modelo (z-score),Tasa 10Y,0.6808809541770456
2025-05-12,BRL,Desvíos del modelo (z-score),Tasa 10Y,0.7413718115369508
2025-05-13,BRL,Desvíos del modelo (z-score),Tasa 10Y,0.9222790723454647
2025-05-14,BRL,Desvíos del modelo (z-score),Tasa 10Y,0.8572002503375912
2025-05-15,BRL,Desvíos del modelo (z-score),Tasa 10Y,0.8089253136079649
2025-05-16,BRL,Desvíos del modelo (z-score),Tasa 10Y,0.7985333636404328
2025-05-19,BRL,Desvíos del modelo (z-score),Tasa 10Y,0.7590946341097484
2025-05-20,BRL,Desvíos del modelo (z-score),Tasa 10Y,0.8217186514249173
2025-05-22,BRL,Desvíos del modelo (z-score),Tasa 10Y,0.7950048959280552
2025-05-23,BRL,Desvíos del modelo (z-score),Tasa 10Y,0.6534575493296639
2025-05-26,BRL,Desvíos del modelo (z-score),Tasa 10Y,0.6335237691552714
2025-05-27,BRL,Desvíos del modelo (z-score),Tasa 10Y,0.6681073181928082
2025-05-28,BRL,Desvíos del modelo (z-score),Tasa 10Y,0.6503117864196019
2025-05-29,BRL,Desvíos del modelo (z-score),Tasa 10Y,0.7210128725393219
2025-05-30,BRL,Desvíos del modelo (z-score),Tasa 10Y,0.7363718207931579
2025-06-02,BRL,Desvíos del modelo (z-score),Tasa 10Y,0.6357930230602269
2025-06-03,BRL,Desvíos del modelo (z-score),Tasa 10Y,0.6759917958273367
2025-06-04,BRL,Desvíos del modelo (z-score),Tasa 10Y,0.7856332475859247
2025-06-05,BRL,Desvíos del modelo (z-score),Tasa 10Y,0.8605345247709213
2025-06-06,BRL,Desvíos del modelo (z-score),Tasa 10Y,0.7593740228159617
2025-06-09,BRL,Desvíos del modelo (z-score),Tasa 10Y,0.7312174308616071
2025-06-10,BRL,Desvíos del modelo (z-score),Tasa 10Y,0.7739766816634681
2025-06-11,BRL,Desvíos del modelo (z-score),Tasa 10Y,0.7824243885927237
2025-06-12,BRL,Desvíos del modelo (z-score),Tasa 10Y,0.6769771634515142
2025-06-13,BRL,Desvíos del modelo (z-score),Tasa 10Y,0.605938507857359
2025-06-16,BRL,Desvíos del modelo (z-score),Tasa 10Y,0.5372788868673197
2025-06-17,BRL,Desvíos del modelo (z-score),Tasa 10Y,0.5769280791164212
2025-06-18,BRL,Desvíos del modelo (z-score),Tasa 10Y,0.6775679285058002
2025-06-19,BRL,Desvíos del modelo (z-score),Tasa 10Y,0.6212047672955827
2025-06-23,BRL,Desvíos del modelo (z-score),Tasa 10Y,0.7381570415378347
2025-06-24,BRL,Desvíos del modelo (z-score),Tasa 10Y,0.8057165925460992
2025-06-25,BRL,Desvíos del modelo (z-score),Tasa 10Y,0.8474743007043395
2025-06-26,BRL,Desvíos del modelo (z-score),Tasa 10Y,0.690309573549366
2025-06-27,BRL,Desvíos del modelo (z-score),Tasa 10Y,0.6496175378464222
2025-06-30,BRL,Desvíos del modelo (z-score),Tasa 10Y,0.49716738549799694
2025-07-01,BRL,Desvíos del modelo (z-score),Tasa 10Y,0.5616776376916477
2025-07-02,BRL,Desvíos del modelo (z-score),Tasa 10Y,0.5790344357063638
2025-07-03,BRL,Desvíos del modelo (z-score),Tasa 10Y,0.6338928457802117
2025-07-04,BRL,Desvíos del modelo (z-score),Tasa 10Y,0.6153248738186647
2025-07-07,BRL,Desvíos del modelo (z-score),Tasa 10Y,0.7184075485811238
2025-07-08,BRL,Desvíos del modelo (z-score),Tasa 10Y,0.6355154662827647
2025-07-09,BRL,Desvíos del modelo (z-score),Tasa 10Y,0.9767817863540762
2025-07-10,BRL,Desvíos del modelo (z-score),Tasa 10Y,0.9530037812291438
2025-07-11,BRL,Desvíos del modelo (z-score),Tasa 10Y,0.8064548933871115
2025-07-14,BRL,Desvíos del modelo (z-score),Tasa 10Y,0.7923250345937468
2025-07-15,BRL,Desvíos del modelo (z-score),Tasa 10Y,0.9568817733939451
2025-07-17,BRL,Desvíos del modelo (z-score),Tasa 10Y,1.06737716248713
2025-07-18,BRL,Desvíos del modelo (z-score),Tasa 10Y,1.106029321438437
2025-07-21,BRL,Desvíos del modelo (z-score),Tasa 10Y,1.0458679962467186
2025-07-22,BRL,Desvíos del modelo (z-score),Tasa 10Y,0.9362015017473141
2025-07-23,BRL,Desvíos del modelo (z-score),Tasa 10Y,1.0200493149332726
2025-07-24,BRL,Desvíos del modelo (z-score),Tasa 10Y,1.1184731819358333
2025-07-25,BRL,Desvíos del modelo (z-score),Tasa 10Y,1.0908548394314759
2025-07-28,BRL,Desvíos del modelo (z-score),Tasa 10Y,1.0887446646797434
2025-07-29,BRL,Desvíos del modelo (z-score),Tasa 10Y,1.0541164004855068
2025-07-30,BRL,Desvíos del modelo (z-score),Tasa 10Y,1.0298282323848826
2025-07-31,BRL,Desvíos del modelo (z-score),Tasa 10Y,1.1588788362560078
2025-08-01,BRL,Desvíos del modelo (z-score),Tasa 10Y,1.295212469089073
2025-08-04,BRL,Desvíos del modelo (z-score),Tasa 10Y,1.1676637212522583
2025-08-05,BRL,Desvíos del modelo (z-score),Tasa 10Y,1.2957902471027256
2025-08-06,BRL,Desvíos del modelo (z-score),Tasa 10Y,1.2827431811610528
2025-08-07,BRL,Desvíos del modelo (z-score),Tasa 10Y,1.1782048438814527
2025-08-08,BRL,Desvíos del modelo (z-score),Tasa 10Y,1.2798993758408095
2025-08-11,BRL,Desvíos del modelo (z-score),Tasa 10Y,1.2596292620112
2025-08-12,BRL,Desvíos del modelo (z-score),Tasa 10Y,1.3748539899309136
2025-08-13,BRL,Desvíos del modelo (z-score),Tasa 10Y,1.486032905481574
2025-08-14,BRL,Desvíos del modelo (z-score),Tasa 10Y,1.3701288446177335
2025-08-18,BRL,Desvíos del modelo (z-score),Tasa 10Y,1.415021587540388
2025-08-19,BRL,Desvíos del modelo (z-score),Tasa 10Y,1.6300494392777978
2025-08-20,BRL,Desvíos del modelo (z-score),Tasa 10Y,1.4307249839286444
2025-08-21,BRL,Desvíos del modelo (z-score),Tasa 10Y,1.4145704884562205
2025-08-22,BRL,Desvíos del modelo (z-score),Tasa 10Y,1.5864121058336824
2025-08-25,BRL,Desvíos del modelo (z-score),Tasa 10Y,1.3959286432849904
2025-08-26,BRL,Desvíos del modelo (z-score),Tasa 10Y,1.378534019040623
2025-08-27,BRL,Desvíos del modelo (z-score),Tasa 10Y,1.5276464905570408
2025-08-28,BRL,Desvíos del modelo (z-score),Tasa 10Y,1.3821312522284726
2025-08-29,BRL,Desvíos del modelo (z-score),Tasa 10Y,1.4591434051679306
2025-09-01,BRL,Desvíos del modelo (z-score),Tasa 10Y,1.4674706983859442
2025-09-02,BRL,Desvíos del modelo (z-score),Tasa 10Y,1.558609232925374
2025-09-03,BRL,Desvíos del modelo (z-score),Tasa 10Y,1.6083025120671548
2025-09-04,BRL,Desvíos del modelo (z-score),Tasa 10Y,1.6977314223918618
2025-09-05,BRL,Desvíos del modelo (z-score),Tasa 10Y,1.7484001662079922
2025-09-08,BRL,Desvíos del modelo (z-score),Tasa 10Y,1.6794446714348497
2025-09-09,BRL,Desvíos del modelo (z-score),Tasa 10Y,1.5693612989277184
2025-09-10,BRL,Desvíos del modelo (z-score),Tasa 10Y,1.759494420852865
2025-09-11,BRL,Desvíos del modelo (z-score),Tasa 10Y,2.017777132392247
2025-09-12,BRL,Desvíos del modelo (z-score),Tasa 10Y,1.7218273975174012
2025-09-15,BRL,Desvíos del modelo (z-score),Tasa 10Y,1.6997042786731011
2025-09-16,BRL,Desvíos del modelo (z-score),Tasa 10Y,1.6173881397989616
2025-09-17,BRL,Desvíos del modelo (z-score),Tasa 10Y,1.436482285032644
2025-09-22,BRL,Desvíos del modelo (z-score),Tasa 10Y,1.5419470895484304
2025-09-23,BRL,Desvíos del modelo (z-score),Tasa 10Y,1.5433134402575865
2025-09-24,BRL,Desvíos del modelo (z-score),Tasa 10Y,1.584248799406565
2025-09-25,BRL,Desvíos del modelo (z-score),Tasa 10Y,1.5494640076966475
2025-09-26,BRL,Desvíos del modelo (z-score),Tasa 10Y,1.6874547162120754
2025-09-29,BRL,Desvíos del modelo (z-score),Tasa 10Y,1.6749953890279923
2025-09-30,BRL,Desvíos del modelo (z-score),Tasa 10Y,1.5092827231388866
2025-10-01,BRL,Desvíos del modelo (z-score),Tasa 10Y,1.5293087634696982
2025-10-02,BRL,Desvíos del modelo (z-score),Tasa 10Y,1.6607888121805758
2025-10-03,BRL,Desvíos del modelo (z-score),Tasa 10Y,1.627176149606104
2025-10-06,BRL,Desvíos del modelo (z-score),Tasa 10Y,1.6683773272726914
2025-10-07,BRL,Desvíos del modelo (z-score),Tasa 10Y,1.7819235862829272
2025-10-08,BRL,Desvíos del modelo (z-score),Tasa 10Y,1.7333652359890326
2025-10-09,BRL,Desvíos del modelo (z-score),Tasa 10Y,1.4899406650151614
2025-10-10,BRL,Desvíos del modelo (z-score),Tasa 10Y,1.268584050081678
2025-10-13,BRL,Desvíos del modelo (z-score),Tasa 10Y,1.3220860728251707
2025-10-14,BRL,Desvíos del modelo (z-score),Tasa 10Y,1.6012549700116216
2025-10-15,BRL,Desvíos del modelo (z-score),Tasa 10Y,1.6788238711503292
2025-10-16,BRL,Desvíos del modelo (z-score),Tasa 10Y,1.7661648623181143
2025-10-17,BRL,Desvíos del modelo (z-score),Tasa 10Y,1.7316148118057437
2025-10-20,BRL,Desvíos del modelo (z-score),Tasa 10Y,1.8173925902573251
2025-10-21,BRL,Desvíos del modelo (z-score),Tasa 10Y,1.8633831965803491
2025-10-22,BRL,Desvíos del modelo (z-score),Tasa 10Y,1.7032006500627586
2025-10-23,BRL,Desvíos del modelo (z-score),Tasa 10Y,1.6476793805041061
2025-10-24,BRL,Desvíos del modelo (z-score),Tasa 10Y,1.590119877000099
2025-10-27,BRL,Desvíos del modelo (z-score),Tasa 10Y,1.6200608490550783
2025-10-28,BRL,Desvíos del modelo (z-score),Tasa 10Y,1.6767682685395857
2025-10-29,BRL,Desvíos del modelo (z-score),Tasa 10Y,1.6233102657647012
2025-10-30,BRL,Desvíos del modelo (z-score),Tasa 10Y,1.6904821176589606
2025-11-03,BRL,Desvíos del modelo (z-score),Tasa 10Y,1.620995549236213
2025-11-04,BRL,Desvíos del modelo (z-score),Tasa 10Y,1.7546282348481848
2025-11-05,BRL,Desvíos del modelo (z-score),Tasa 10Y,1.5463080259840347
2025-11-06,BRL,Desvíos del modelo (z-score),Tasa 10Y,1.559119040567798
2025-11-07,BRL,Desvíos del modelo (z-score),Tasa 10Y,1.4850424133545044
2025-11-10,BRL,Desvíos del modelo (z-score),Tasa 10Y,1.4314384646506217
2025-11-11,BRL,Desvíos del modelo (z-score),Tasa 10Y,1.378547872637416
2025-11-12,BRL,Desvíos del modelo (z-score),Tasa 10Y,1.3485967658045372
2025-11-13,BRL,Desvíos del modelo (z-score),Tasa 10Y,1.263867074618887
2025-11-14,BRL,Desvíos del modelo (z-score),Tasa 10Y,1.1855971769691942
2025-11-17,BRL,Desvíos del modelo (z-score),Tasa 10Y,1.2210386453427171
2025-11-18,BRL,Desvíos del modelo (z-score),Tasa 10Y,1.208854762183679
2025-11-19,BRL,Desvíos del modelo (z-score),Tasa 10Y,1.1469640836880475
2025-11-20,BRL,Desvíos del modelo (z-score),Tasa 10Y,1.2185805054637098
2025-11-21,BRL,Desvíos del modelo (z-score),Tasa 10Y,1.2188147639544675
2025-11-24,BRL,Desvíos del modelo (z-score),Tasa 10Y,1.2360817505725612
2025-11-25,BRL,Desvíos del modelo (z-score),Tasa 10Y,1.291216603223113
2025-11-26,BRL,Desvíos del modelo (z-score),Tasa 10Y,1.2304611423105094
2025-11-27,BRL,Desvíos del modelo (z-score),Tasa 10Y,1.1836662268993776
2025-11-28,BRL,Desvíos del modelo (z-score),Tasa 10Y,1.1313916301718945
2025-12-01,BRL,Desvíos del modelo (z-score),Tasa 10Y,0.9484983976041096
2025-12-02,BRL,Desvíos del modelo (z-score),Tasa 10Y,0.9048005070991557
2025-12-03,BRL,Desvíos del modelo (z-score),Tasa 10Y,0.979550948208224
2025-12-04,BRL,Desvíos del modelo (z-score),Tasa 10Y,0.9049626452853434
2025-12-05,BRL,Desvíos del modelo (z-score),Tasa 10Y,1.241931290217857
2025-12-09,BRL,Desvíos del modelo (z-score),Tasa 10Y,0.9615173406025986
2025-12-10,BRL,Desvíos del modelo (z-score),Tasa 10Y,1.1777093321664085
2025-12-11,BRL,Desvíos del modelo (z-score),Tasa 10Y,1.0336936465404267
2025-12-12,BRL,Desvíos del modelo (z-score),Tasa 10Y,0.9615758218081112
2025-12-15,BRL,Desvíos del modelo (z-score),Tasa 10Y,0.9342997646657385
2025-12-16,BRL,Desvíos del modelo (z-score),Tasa 10Y,1.0178793961823018
2025-12-17,BRL,Desvíos del modelo (z-score),Tasa 10Y,1.1082914440208715
2025-12-18,BRL,Desvíos del modelo (z-score),Tasa 10Y,1.2100140274704954
2025-12-19,BRL,Desvíos del modelo (z-score),Tasa 10Y,1.1674811585816531
2025-12-22,BRL,Desvíos del modelo (z-score),Tasa 10Y,1.2554464171273645
2025-12-23,BRL,Desvíos del modelo (z-score),Tasa 10Y,1.1682224668420407
2025-12-24,BRL,Desvíos del modelo (z-score),Tasa 10Y,1.1071148324583509
2025-12-26,BRL,Desvíos del modelo (z-score),Tasa 10Y,1.1473885290845853
2025-12-29,BRL,Desvíos del modelo (z-score),Tasa 10Y,1.1531560578727729
2025-12-30,BRL,Desvíos del modelo (z-score),Tasa 10Y,1.0023080527665476
2026-01-02,BRL,Desvíos del modelo (z-score),Tasa 10Y,0.8622707543974224
2026-01-05,BRL,Desvíos del modelo (z-score),Tasa 10Y,0.9358148335513213
2026-01-06,BRL,Desvíos del modelo (z-score),Tasa 10Y,0.8954304196714671
2026-01-07,BRL,Desvíos del modelo (z-score),Tasa 10Y,0.8828035459440436
2026-01-08,BRL,Desvíos del modelo (z-score),Tasa 10Y,0.9062438558987096
2026-01-09,BRL,Desvíos del modelo (z-score),Tasa 10Y,0.9542943466292383
2026-01-12,BRL,Desvíos del modelo (z-score),Tasa 10Y,0.8883672126514083
2026-01-13,BRL,Desvíos del modelo (z-score),Tasa 10Y,0.8503211237485216
2026-01-14,BRL,Desvíos del modelo (z-score),Tasa 10Y,1.0207875765081142
2026-01-15,BRL,Desvíos del modelo (z-score),Tasa 10Y,1.1666477522482956
2026-01-16,BRL,Desvíos del modelo (z-score),Tasa 10Y,1.1672766465242974
2026-01-19,BRL,Desvíos del modelo (z-score),Tasa 10Y,1.1012854285275535
2026-01-20,BRL,Desvíos del modelo (z-score),Tasa 10Y,1.0635675954072699
2026-01-21,BRL,Desvíos del modelo (z-score),Tasa 10Y,1.0626992581432095
2026-01-22,BRL,Desvíos del modelo (z-score),Tasa 10Y,1.1024512702533515
2026-01-23,BRL,Desvíos del modelo (z-score),Tasa 10Y,1.0469865183777367
2026-01-26,BRL,Desvíos del modelo (z-score),Tasa 10Y,0.8421941399683288
2026-01-27,BRL,Desvíos del modelo (z-score),Tasa 10Y,0.5688484820923339
2026-01-28,BRL,Desvíos del modelo (z-score),Tasa 10Y,0.44870528263168036
2026-01-29,BRL,Desvíos del modelo (z-score),Tasa 10Y,0.47771668799175354
2026-01-30,BRL,Desvíos del modelo (z-score),Tasa 10Y,0.6136840580881597
2026-02-02,BRL,Desvíos del modelo (z-score),Tasa 10Y,0.6714766675318629
2026-02-03,BRL,Desvíos del modelo (z-score),Tasa 10Y,0.6491334854363536
2026-02-04,BRL,Desvíos del modelo (z-score),Tasa 10Y,0.648969807944383
2026-02-05,BRL,Desvíos del modelo (z-score),Tasa 10Y,0.7686789698933065
2026-02-06,BRL,Desvíos del modelo (z-score),Tasa 10Y,0.9333758412505886
2026-02-09,BRL,Desvíos del modelo (z-score),Tasa 10Y,0.699083090600252
2026-02-10,BRL,Desvíos del modelo (z-score),Tasa 10Y,0.6553085076177853
2026-02-11,BRL,Desvíos del modelo (z-score),Tasa 10Y,0.6736785455043153
2026-02-12,BRL,Desvíos del modelo (z-score),Tasa 10Y,0.6175989292992394
2026-02-13,BRL,Desvíos del modelo (z-score),Tasa 10Y,0.752527367274486
2026-02-16,BRL,Desvíos del modelo (z-score),Tasa 10Y,0.7323589845347889
2026-02-17,BRL,Desvíos del modelo (z-score),Tasa 10Y,0.7691699977459275
2026-02-18,BRL,Desvíos del modelo (z-score),Tasa 10Y,0.67387673096795
2026-02-19,BRL,Desvíos del modelo (z-score),Tasa 10Y,0.8529612950256669
2026-02-20,BRL,Desvíos del modelo (z-score),Tasa 10Y,0.7894569175336269
2026-02-23,BRL,Desvíos del modelo (z-score),Tasa 10Y,0.8613697791414151
2026-02-24,BRL,Desvíos del modelo (z-score),Tasa 10Y,0.8233855036503666
2026-02-25,BRL,Desvíos del modelo (z-score),Tasa 10Y,0.799931854837092
2026-02-26,BRL,Desvíos del modelo (z-score),Tasa 10Y,0.7555710378381927
2026-02-27,BRL,Desvíos del modelo (z-score),Tasa 10Y,0.8598042502481941
2026-03-02,BRL,Desvíos del modelo (z-score),Tasa 10Y,0.8031501890318103
2026-03-03,BRL,Desvíos del modelo (z-score),Tasa 10Y,0.9848706772108969
2026-03-04,BRL,Desvíos del modelo (z-score),Tasa 10Y,0.9170849895567486
2026-03-05,BRL,Desvíos del modelo (z-score),Tasa 10Y,1.0000964263141514
2026-03-06,BRL,Desvíos del modelo (z-score),Tasa 10Y,1.178705369830515
2026-03-09,BRL,Desvíos del modelo (z-score),Tasa 10Y,0.9359110858116574
2026-03-10,BRL,Desvíos del modelo (z-score),Tasa 10Y,0.7976999477826103
2026-03-11,BRL,Desvíos del modelo (z-score),Tasa 10Y,0.7951529850653204
2026-03-12,BRL,Desvíos del modelo (z-score),Tasa 10Y,1.01341003357302
2026-03-13,BRL,Desvíos del modelo (z-score),Tasa 10Y,1.151182004657578
2026-03-16,BRL,Desvíos del modelo (z-score),Tasa 10Y,0.8549383361720327
2026-03-17,BRL,Desvíos del modelo (z-score),Tasa 10Y,0.8180102580810513
2026-03-18,BRL,Desvíos del modelo (z-score),Tasa 10Y,0.8600354934575873
2026-03-19,BRL,Desvíos del modelo (z-score),Tasa 10Y,0.8719868373474102
2026-03-20,BRL,Desvíos del modelo (z-score),Tasa 10Y,0.6799229814453069
2026-03-23,BRL,Desvíos del modelo (z-score),Tasa 10Y,0.7255183870472631
2026-03-24,BRL,Desvíos del modelo (z-score),Tasa 10Y,0.790008260809016
2026-03-25,BRL,Desvíos del modelo (z-score),Tasa 10Y,0.9180749809552919
2026-03-26,BRL,Desvíos del modelo (z-score),Tasa 10Y,0.8877350903022604
2026-03-27,BRL,Desvíos del modelo (z-score),Tasa 10Y,0.8058179100654029
2026-03-30,BRL,Desvíos del modelo (z-score),Tasa 10Y,0.9317223060597277
2026-03-31,BRL,Desvíos del modelo (z-score),Tasa 10Y,0.8643782401532105
2026-04-01,BRL,Desvíos del modelo (z-score),Tasa 10Y,0.8479246988708885
2026-04-02,BRL,Desvíos del modelo (z-score),Tasa 10Y,0.8640625721165315
2026-04-06,BRL,Desvíos del modelo (z-score),Tasa 10Y,0.8167544687954418
2026-04-07,BRL,Desvíos del modelo (z-score),Tasa 10Y,0.6714130115745962
2026-04-08,BRL,Desvíos del modelo (z-score),Tasa 10Y,0.47393831234303097
2026-04-09,BRL,Desvíos del modelo (z-score),Tasa 10Y,0.6535785982437854
2026-04-10,BRL,Desvíos del modelo (z-score),Tasa 10Y,0.4294212523137166
2026-04-13,BRL,Desvíos del modelo (z-score),Tasa 10Y,0.46600574388682225
2026-04-14,BRL,Desvíos del modelo (z-score),Tasa 10Y,0.5227872815504685
2026-04-15,BRL,Desvíos del modelo (z-score),Tasa 10Y,0.5053789198566008
2026-04-16,BRL,Desvíos del modelo (z-score),Tasa 10Y,0.4750778142618327
2026-04-17,BRL,Desvíos del modelo (z-score),Tasa 10Y,0.48360478654447375
2026-04-20,BRL,Desvíos del modelo (z-score),Tasa 10Y,0.42340699963675676
2026-04-21,BRL,Desvíos del modelo (z-score),Tasa 10Y,0.4633854153474401
2026-04-22,BRL,Desvíos del modelo (z-score),Tasa 10Y,0.5972131328811185
2026-04-23,BRL,Desvíos del modelo (z-score),Tasa 10Y,0.7460468903957997
2026-04-24,BRL,Desvíos del modelo (z-score),Tasa 10Y,0.6698665032688286
2026-04-27,BRL,Desvíos del modelo (z-score),Tasa 10Y,0.6916617740224256
2026-04-28,BRL,Desvíos del modelo (z-score),Tasa 10Y,0.7086097324450779
2026-04-29,BRL,Desvíos del modelo (z-score),Tasa 10Y,0.8092764313215385
2026-04-30,BRL,Desvíos del modelo (z-score),Tasa 10Y,0.914543989813493
2026-05-04,BRL,Desvíos del modelo (z-score),Tasa 10Y,0.9062862012461348
2026-05-05,BRL,Desvíos del modelo (z-score),Tasa 10Y,0.9629952759386898
2026-05-06,BRL,Desvíos del modelo (z-score),Tasa 10Y,0.8282328817761603
2026-05-07,BRL,Desvíos del modelo (z-score),Tasa 10Y,0.8076391476775389
2026-05-08,BRL,Desvíos del modelo (z-score),Tasa 10Y,0.7429764577128625
2026-05-11,BRL,Desvíos del modelo (z-score),Tasa 10Y,0.8081247171793634
2026-05-12,BRL,Desvíos del modelo (z-score),Tasa 10Y,0.7277787184774486
2026-05-13,BRL,Desvíos del modelo (z-score),Tasa 10Y,0.8045287800592679
2026-05-14,BRL,Desvíos del modelo (z-score),Tasa 10Y,0.8038305534252697
2026-05-15,BRL,Desvíos del modelo (z-score),Tasa 10Y,0.7632786251726061
2026-05-18,BRL,Desvíos del modelo (z-score),Tasa 10Y,0.5313868234183994
2026-05-19,BRL,Desvíos del modelo (z-score),Tasa 10Y,0.5190613966297176
2026-05-20,BRL,Desvíos del modelo (z-score),Tasa 10Y,0.635971445210275
2026-05-22,BRL,Desvíos del modelo (z-score),Tasa 10Y,0.579970434991913
2026-05-25,BRL,Desvíos del modelo (z-score),Tasa 10Y,0.46165637065358517
2026-05-26,BRL,Desvíos del modelo (z-score),Tasa 10Y,0.5548904698163102
2026-05-27,BRL,Desvíos del modelo (z-score),Tasa 10Y,0.6136609373726138
2026-05-28,BRL,Desvíos del modelo (z-score),Tasa 10Y,0.8392281424837154
2026-05-29,BRL,Desvíos del modelo (z-score),Tasa 10Y,0.7468904066396289
2026-06-01,BRL,Desvíos del modelo (z-score),Tasa 10Y,0.7758740352602732
2025-01-02,BRL,Tasas (%),TPM,12.25
2025-01-03,BRL,Tasas (%),TPM,12.25
2025-01-06,BRL,Tasas (%),TPM,12.25
2025-01-07,BRL,Tasas (%),TPM,12.25
2025-01-08,BRL,Tasas (%),TPM,12.25
2025-01-09,BRL,Tasas (%),TPM,12.25
2025-01-10,BRL,Tasas (%),TPM,12.25
2025-01-13,BRL,Tasas (%),TPM,12.25
2025-01-14,BRL,Tasas (%),TPM,12.25
2025-01-15,BRL,Tasas (%),TPM,12.25
2025-01-16,BRL,Tasas (%),TPM,12.25
2025-01-17,BRL,Tasas (%),TPM,12.25
2025-01-20,BRL,Tasas (%),TPM,12.25
2025-01-21,BRL,Tasas (%),TPM,12.25
2025-01-22,BRL,Tasas (%),TPM,12.25
2025-01-23,BRL,Tasas (%),TPM,12.25
2025-01-24,BRL,Tasas (%),TPM,12.25
2025-01-27,BRL,Tasas (%),TPM,12.25
2025-01-28,BRL,Tasas (%),TPM,12.25
2025-01-29,BRL,Tasas (%),TPM,13.25
2025-01-30,BRL,Tasas (%),TPM,13.25
2025-01-31,BRL,Tasas (%),TPM,13.25
2025-02-03,BRL,Tasas (%),TPM,13.25
2025-02-04,BRL,Tasas (%),TPM,13.25
2025-02-05,BRL,Tasas (%),TPM,13.25
2025-02-06,BRL,Tasas (%),TPM,13.25
2025-02-07,BRL,Tasas (%),TPM,13.25
2025-02-10,BRL,Tasas (%),TPM,13.25
2025-02-11,BRL,Tasas (%),TPM,13.25
2025-02-12,BRL,Tasas (%),TPM,13.25
2025-02-13,BRL,Tasas (%),TPM,13.25
2025-02-14,BRL,Tasas (%),TPM,13.25
2025-02-17,BRL,Tasas (%),TPM,13.25
2025-02-18,BRL,Tasas (%),TPM,13.25
2025-02-19,BRL,Tasas (%),TPM,13.25
2025-02-20,BRL,Tasas (%),TPM,13.25
2025-02-21,BRL,Tasas (%),TPM,13.25
2025-02-24,BRL,Tasas (%),TPM,13.25
2025-02-25,BRL,Tasas (%),TPM,13.25
2025-02-26,BRL,Tasas (%),TPM,13.25
2025-02-27,BRL,Tasas (%),TPM,13.25
2025-02-28,BRL,Tasas (%),TPM,13.25
2025-03-03,BRL,Tasas (%),TPM,13.25
2025-03-04,BRL,Tasas (%),TPM,13.25
2025-03-05,BRL,Tasas (%),TPM,13.25
2025-03-06,BRL,Tasas (%),TPM,13.25
2025-03-07,BRL,Tasas (%),TPM,13.25
2025-03-10,BRL,Tasas (%),TPM,13.25
2025-03-11,BRL,Tasas (%),TPM,13.25
2025-03-12,BRL,Tasas (%),TPM,13.25
2025-03-13,BRL,Tasas (%),TPM,13.25
2025-03-14,BRL,Tasas (%),TPM,13.25
2025-03-17,BRL,Tasas (%),TPM,13.25
2025-03-18,BRL,Tasas (%),TPM,13.25
2025-03-19,BRL,Tasas (%),TPM,14.25
2025-03-20,BRL,Tasas (%),TPM,14.25
2025-03-21,BRL,Tasas (%),TPM,14.25
2025-03-24,BRL,Tasas (%),TPM,14.25
2025-03-25,BRL,Tasas (%),TPM,14.25
2025-03-26,BRL,Tasas (%),TPM,14.25
2025-03-27,BRL,Tasas (%),TPM,14.25
2025-03-28,BRL,Tasas (%),TPM,14.25
2025-03-31,BRL,Tasas (%),TPM,14.25
2025-04-01,BRL,Tasas (%),TPM,14.25
2025-04-02,BRL,Tasas (%),TPM,14.25
2025-04-03,BRL,Tasas (%),TPM,14.25
2025-04-04,BRL,Tasas (%),TPM,14.25
2025-04-07,BRL,Tasas (%),TPM,14.25
2025-04-08,BRL,Tasas (%),TPM,14.25
2025-04-09,BRL,Tasas (%),TPM,14.25
2025-04-10,BRL,Tasas (%),TPM,14.25
2025-04-11,BRL,Tasas (%),TPM,14.25
2025-04-14,BRL,Tasas (%),TPM,14.25
2025-04-15,BRL,Tasas (%),TPM,14.25
2025-04-16,BRL,Tasas (%),TPM,14.25
2025-04-17,BRL,Tasas (%),TPM,14.25
2025-04-21,BRL,Tasas (%),TPM,14.25
2025-04-22,BRL,Tasas (%),TPM,14.25
2025-04-23,BRL,Tasas (%),TPM,14.25
2025-04-24,BRL,Tasas (%),TPM,14.25
2025-04-25,BRL,Tasas (%),TPM,14.25
2025-04-28,BRL,Tasas (%),TPM,14.25
2025-04-29,BRL,Tasas (%),TPM,14.25
2025-04-30,BRL,Tasas (%),TPM,14.25
2025-05-02,BRL,Tasas (%),TPM,14.25
2025-05-05,BRL,Tasas (%),TPM,14.25
2025-05-06,BRL,Tasas (%),TPM,14.25
2025-05-07,BRL,Tasas (%),TPM,14.75
2025-05-08,BRL,Tasas (%),TPM,14.75
2025-05-09,BRL,Tasas (%),TPM,14.75
2025-05-12,BRL,Tasas (%),TPM,14.75
2025-05-13,BRL,Tasas (%),TPM,14.75
2025-05-14,BRL,Tasas (%),TPM,14.75
2025-05-15,BRL,Tasas (%),TPM,14.75
2025-05-16,BRL,Tasas (%),TPM,14.75
2025-05-19,BRL,Tasas (%),TPM,14.75
2025-05-20,BRL,Tasas (%),TPM,14.75
2025-05-22,BRL,Tasas (%),TPM,14.75
2025-05-23,BRL,Tasas (%),TPM,14.75
2025-05-26,BRL,Tasas (%),TPM,14.75
2025-05-27,BRL,Tasas (%),TPM,14.75
2025-05-28,BRL,Tasas (%),TPM,14.75
2025-05-29,BRL,Tasas (%),TPM,14.75
2025-05-30,BRL,Tasas (%),TPM,14.75
2025-06-02,BRL,Tasas (%),TPM,14.75
2025-06-03,BRL,Tasas (%),TPM,14.75
2025-06-04,BRL,Tasas (%),TPM,14.75
2025-06-05,BRL,Tasas (%),TPM,14.75
2025-06-06,BRL,Tasas (%),TPM,14.75
2025-06-09,BRL,Tasas (%),TPM,14.75
2025-06-10,BRL,Tasas (%),TPM,14.75
2025-06-11,BRL,Tasas (%),TPM,14.75
2025-06-12,BRL,Tasas (%),TPM,14.75
2025-06-13,BRL,Tasas (%),TPM,14.75
2025-06-16,BRL,Tasas (%),TPM,14.75
2025-06-17,BRL,Tasas (%),TPM,14.75
2025-06-18,BRL,Tasas (%),TPM,15
2025-06-19,BRL,Tasas (%),TPM,15
2025-06-23,BRL,Tasas (%),TPM,15
2025-06-24,BRL,Tasas (%),TPM,15
2025-06-25,BRL,Tasas (%),TPM,15
2025-06-26,BRL,Tasas (%),TPM,15
2025-06-27,BRL,Tasas (%),TPM,15
2025-06-30,BRL,Tasas (%),TPM,15
2025-07-01,BRL,Tasas (%),TPM,15
2025-07-02,BRL,Tasas (%),TPM,15
2025-07-03,BRL,Tasas (%),TPM,15
2025-07-04,BRL,Tasas (%),TPM,15
2025-07-07,BRL,Tasas (%),TPM,15
2025-07-08,BRL,Tasas (%),TPM,15
2025-07-09,BRL,Tasas (%),TPM,15
2025-07-10,BRL,Tasas (%),TPM,15
2025-07-11,BRL,Tasas (%),TPM,15
2025-07-14,BRL,Tasas (%),TPM,15
2025-07-15,BRL,Tasas (%),TPM,15
2025-07-17,BRL,Tasas (%),TPM,15
2025-07-18,BRL,Tasas (%),TPM,15
2025-07-21,BRL,Tasas (%),TPM,15
2025-07-22,BRL,Tasas (%),TPM,15
2025-07-23,BRL,Tasas (%),TPM,15
2025-07-24,BRL,Tasas (%),TPM,15
2025-07-25,BRL,Tasas (%),TPM,15
2025-07-28,BRL,Tasas (%),TPM,15
2025-07-29,BRL,Tasas (%),TPM,15
2025-07-30,BRL,Tasas (%),TPM,15
2025-07-31,BRL,Tasas (%),TPM,15
2025-08-01,BRL,Tasas (%),TPM,15
2025-08-04,BRL,Tasas (%),TPM,15
2025-08-05,BRL,Tasas (%),TPM,15
2025-08-06,BRL,Tasas (%),TPM,15
2025-08-07,BRL,Tasas (%),TPM,15
2025-08-08,BRL,Tasas (%),TPM,15
2025-08-11,BRL,Tasas (%),TPM,15
2025-08-12,BRL,Tasas (%),TPM,15
2025-08-13,BRL,Tasas (%),TPM,15
2025-08-14,BRL,Tasas (%),TPM,15
2025-08-18,BRL,Tasas (%),TPM,15
2025-08-19,BRL,Tasas (%),TPM,15
2025-08-20,BRL,Tasas (%),TPM,15
2025-08-21,BRL,Tasas (%),TPM,15
2025-08-22,BRL,Tasas (%),TPM,15
2025-08-25,BRL,Tasas (%),TPM,15
2025-08-26,BRL,Tasas (%),TPM,15
2025-08-27,BRL,Tasas (%),TPM,15
2025-08-28,BRL,Tasas (%),TPM,15
2025-08-29,BRL,Tasas (%),TPM,15
2025-09-01,BRL,Tasas (%),TPM,15
2025-09-02,BRL,Tasas (%),TPM,15
2025-09-03,BRL,Tasas (%),TPM,15
2025-09-04,BRL,Tasas (%),TPM,15
2025-09-05,BRL,Tasas (%),TPM,15
2025-09-08,BRL,Tasas (%),TPM,15
2025-09-09,BRL,Tasas (%),TPM,15
2025-09-10,BRL,Tasas (%),TPM,15
2025-09-11,BRL,Tasas (%),TPM,15
2025-09-12,BRL,Tasas (%),TPM,15
2025-09-15,BRL,Tasas (%),TPM,15
2025-09-16,BRL,Tasas (%),TPM,15
2025-09-17,BRL,Tasas (%),TPM,15
2025-09-22,BRL,Tasas (%),TPM,15
2025-09-23,BRL,Tasas (%),TPM,15
2025-09-24,BRL,Tasas (%),TPM,15
2025-09-25,BRL,Tasas (%),TPM,15
2025-09-26,BRL,Tasas (%),TPM,15
2025-09-29,BRL,Tasas (%),TPM,15
2025-09-30,BRL,Tasas (%),TPM,15
2025-10-01,BRL,Tasas (%),TPM,15
2025-10-02,BRL,Tasas (%),TPM,15
2025-10-03,BRL,Tasas (%),TPM,15
2025-10-06,BRL,Tasas (%),TPM,15
2025-10-07,BRL,Tasas (%),TPM,15
2025-10-08,BRL,Tasas (%),TPM,15
2025-10-09,BRL,Tasas (%),TPM,15
2025-10-10,BRL,Tasas (%),TPM,15
2025-10-13,BRL,Tasas (%),TPM,15
2025-10-14,BRL,Tasas (%),TPM,15
2025-10-15,BRL,Tasas (%),TPM,15
2025-10-16,BRL,Tasas (%),TPM,15
2025-10-17,BRL,Tasas (%),TPM,15
2025-10-20,BRL,Tasas (%),TPM,15
2025-10-21,BRL,Tasas (%),TPM,15
2025-10-22,BRL,Tasas (%),TPM,15
2025-10-23,BRL,Tasas (%),TPM,15
2025-10-24,BRL,Tasas (%),TPM,15
2025-10-27,BRL,Tasas (%),TPM,15
2025-10-28,BRL,Tasas (%),TPM,15
2025-10-29,BRL,Tasas (%),TPM,15
2025-10-30,BRL,Tasas (%),TPM,15
2025-11-03,BRL,Tasas (%),TPM,15
2025-11-04,BRL,Tasas (%),TPM,15
2025-11-05,BRL,Tasas (%),TPM,15
2025-11-06,BRL,Tasas (%),TPM,15
2025-11-07,BRL,Tasas (%),TPM,15
2025-11-10,BRL,Tasas (%),TPM,15
2025-11-11,BRL,Tasas (%),TPM,15
2025-11-12,BRL,Tasas (%),TPM,15
2025-11-13,BRL,Tasas (%),TPM,15
2025-11-14,BRL,Tasas (%),TPM,15
2025-11-17,BRL,Tasas (%),TPM,15
2025-11-18,BRL,Tasas (%),TPM,15
2025-11-19,BRL,Tasas (%),TPM,15
2025-11-20,BRL,Tasas (%),TPM,15
2025-11-21,BRL,Tasas (%),TPM,15
2025-11-24,BRL,Tasas (%),TPM,15
2025-11-25,BRL,Tasas (%),TPM,15
2025-11-26,BRL,Tasas (%),TPM,15
2025-11-27,BRL,Tasas (%),TPM,15
2025-11-28,BRL,Tasas (%),TPM,15
2025-12-01,BRL,Tasas (%),TPM,15
2025-12-02,BRL,Tasas (%),TPM,15
2025-12-03,BRL,Tasas (%),TPM,15
2025-12-04,BRL,Tasas (%),TPM,15
2025-12-05,BRL,Tasas (%),TPM,15
2025-12-09,BRL,Tasas (%),TPM,15
2025-12-10,BRL,Tasas (%),TPM,15
2025-12-11,BRL,Tasas (%),TPM,15
2025-12-12,BRL,Tasas (%),TPM,15
2025-12-15,BRL,Tasas (%),TPM,15
2025-12-16,BRL,Tasas (%),TPM,15
2025-12-17,BRL,Tasas (%),TPM,15
2025-12-18,BRL,Tasas (%),TPM,15
2025-12-19,BRL,Tasas (%),TPM,15
2025-12-22,BRL,Tasas (%),TPM,15
2025-12-23,BRL,Tasas (%),TPM,15
2025-12-24,BRL,Tasas (%),TPM,15
2025-12-26,BRL,Tasas (%),TPM,15
2025-12-29,BRL,Tasas (%),TPM,15
2025-12-30,BRL,Tasas (%),TPM,15
2026-01-02,BRL,Tasas (%),TPM,15
2026-01-05,BRL,Tasas (%),TPM,15
2026-01-06,BRL,Tasas (%),TPM,15
2026-01-07,BRL,Tasas (%),TPM,15
2026-01-08,BRL,Tasas (%),TPM,15
2026-01-09,BRL,Tasas (%),TPM,15
2026-01-12,BRL,Tasas (%),TPM,15
2026-01-13,BRL,Tasas (%),TPM,15
2026-01-14,BRL,Tasas (%),TPM,15
2026-01-15,BRL,Tasas (%),TPM,15
2026-01-16,BRL,Tasas (%),TPM,15
2026-01-19,BRL,Tasas (%),TPM,15
2026-01-20,BRL,Tasas (%),TPM,15
2026-01-21,BRL,Tasas (%),TPM,15
2026-01-22,BRL,Tasas (%),TPM,15
2026-01-23,BRL,Tasas (%),TPM,15
2026-01-26,BRL,Tasas (%),TPM,15
2026-01-27,BRL,Tasas (%),TPM,15
2026-01-28,BRL,Tasas (%),TPM,15
2026-01-29,BRL,Tasas (%),TPM,15
2026-01-30,BRL,Tasas (%),TPM,15
2026-02-02,BRL,Tasas (%),TPM,15
2026-02-03,BRL,Tasas (%),TPM,15
2026-02-04,BRL,Tasas (%),TPM,15
2026-02-05,BRL,Tasas (%),TPM,15
2026-02-06,BRL,Tasas (%),TPM,15
2026-02-09,BRL,Tasas (%),TPM,15
2026-02-10,BRL,Tasas (%),TPM,15
2026-02-11,BRL,Tasas (%),TPM,15
2026-02-12,BRL,Tasas (%),TPM,15
2026-02-13,BRL,Tasas (%),TPM,15
2026-02-16,BRL,Tasas (%),TPM,15
2026-02-17,BRL,Tasas (%),TPM,15
2026-02-18,BRL,Tasas (%),TPM,15
2026-02-19,BRL,Tasas (%),TPM,15
2026-02-20,BRL,Tasas (%),TPM,15
2026-02-23,BRL,Tasas (%),TPM,15
2026-02-24,BRL,Tasas (%),TPM,15
2026-02-25,BRL,Tasas (%),TPM,15
2026-02-26,BRL,Tasas (%),TPM,15
2026-02-27,BRL,Tasas (%),TPM,15
2026-03-02,BRL,Tasas (%),TPM,15
2026-03-03,BRL,Tasas (%),TPM,15
2026-03-04,BRL,Tasas (%),TPM,15
2026-03-05,BRL,Tasas (%),TPM,15
2026-03-06,BRL,Tasas (%),TPM,15
2026-03-09,BRL,Tasas (%),TPM,15
2026-03-10,BRL,Tasas (%),TPM,15
2026-03-11,BRL,Tasas (%),TPM,15
2026-03-12,BRL,Tasas (%),TPM,15
2026-03-13,BRL,Tasas (%),TPM,15
2026-03-16,BRL,Tasas (%),TPM,15
2026-03-17,BRL,Tasas (%),TPM,15
2026-03-18,BRL,Tasas (%),TPM,14.75
2026-03-19,BRL,Tasas (%),TPM,14.75
2026-03-20,BRL,Tasas (%),TPM,14.75
2026-03-23,BRL,Tasas (%),TPM,14.75
2026-03-24,BRL,Tasas (%),TPM,14.75
2026-03-25,BRL,Tasas (%),TPM,14.75
2026-03-26,BRL,Tasas (%),TPM,14.75
2026-03-27,BRL,Tasas (%),TPM,14.75
2026-03-30,BRL,Tasas (%),TPM,14.75
2026-03-31,BRL,Tasas (%),TPM,14.75
2026-04-01,BRL,Tasas (%),TPM,14.75
2026-04-02,BRL,Tasas (%),TPM,14.75
2026-04-06,BRL,Tasas (%),TPM,14.75
2026-04-07,BRL,Tasas (%),TPM,14.75
2026-04-08,BRL,Tasas (%),TPM,14.75
2026-04-09,BRL,Tasas (%),TPM,14.75
2026-04-10,BRL,Tasas (%),TPM,14.75
2026-04-13,BRL,Tasas (%),TPM,14.75
2026-04-14,BRL,Tasas (%),TPM,14.75
2026-04-15,BRL,Tasas (%),TPM,14.75
2026-04-16,BRL,Tasas (%),TPM,14.75
2026-04-17,BRL,Tasas (%),TPM,14.75
2026-04-20,BRL,Tasas (%),TPM,14.75
2026-04-21,BRL,Tasas (%),TPM,14.75
2026-04-22,BRL,Tasas (%),TPM,14.75
2026-04-23,BRL,Tasas (%),TPM,14.75
2026-04-24,BRL,Tasas (%),TPM,14.75
2026-04-27,BRL,Tasas (%),TPM,14.75
2026-04-28,BRL,Tasas (%),TPM,14.75
2026-04-29,BRL,Tasas (%),TPM,14.5
2026-04-30,BRL,Tasas (%),TPM,14.5
2026-05-04,BRL,Tasas (%),TPM,14.5
2026-05-05,BRL,Tasas (%),TPM,14.5
2026-05-06,BRL,Tasas (%),TPM,14.5
2026-05-07,BRL,Tasas (%),TPM,14.5
2026-05-08,BRL,Tasas (%),TPM,14.5
2026-05-11,BRL,Tasas (%),TPM,14.5
2026-05-12,BRL,Tasas (%),TPM,14.5
2026-05-13,BRL,Tasas (%),TPM,14.5
2026-05-14,BRL,Tasas (%),TPM,14.5
2026-05-15,BRL,Tasas (%),TPM,14.5
2026-05-18,BRL,Tasas (%),TPM,14.5
2026-05-19,BRL,Tasas (%),TPM,14.5
2026-05-20,BRL,Tasas (%),TPM,14.5
2026-05-22,BRL,Tasas (%),TPM,14.5
2026-05-25,BRL,Tasas (%),TPM,14.5
2026-05-26,BRL,Tasas (%),TPM,14.5
2026-05-27,BRL,Tasas (%),TPM,14.5
2026-05-28,BRL,Tasas (%),TPM,14.5
2026-05-29,BRL,Tasas (%),TPM,14.5
2026-06-01,BRL,Tasas (%),TPM,14.5
2025-01-02,BRL,Tasas (%),Tasa 10Y,14.8036
2025-01-03,BRL,Tasas (%),Tasa 10Y,14.7572
2025-01-06,BRL,Tasas (%),Tasa 10Y,14.45075
2025-01-07,BRL,Tasas (%),Tasa 10Y,14.6586
2025-01-08,BRL,Tasas (%),Tasa 10Y,14.81545
2025-01-09,BRL,Tasas (%),Tasa 10Y,14.8087
2025-01-10,BRL,Tasas (%),Tasa 10Y,15.0882
2025-01-13,BRL,Tasas (%),Tasa 10Y,15.1181
2025-01-14,BRL,Tasas (%),Tasa 10Y,14.8357
2025-01-15,BRL,Tasas (%),Tasa 10Y,14.64815
2025-01-16,BRL,Tasas (%),Tasa 10Y,14.9579
2025-01-17,BRL,Tasas (%),Tasa 10Y,15.1947
2025-01-20,BRL,Tasas (%),Tasa 10Y,15.0865
2025-01-21,BRL,Tasas (%),Tasa 10Y,15.07455
2025-01-22,BRL,Tasas (%),Tasa 10Y,14.98665
2025-01-23,BRL,Tasas (%),Tasa 10Y,15.2386
2025-01-24,BRL,Tasas (%),Tasa 10Y,15.18675
2025-01-27,BRL,Tasas (%),Tasa 10Y,15.06225
2025-01-28,BRL,Tasas (%),Tasa 10Y,15.0702
2025-01-29,BRL,Tasas (%),Tasa 10Y,15.13225
2025-01-30,BRL,Tasas (%),Tasa 10Y,14.9938
2025-01-31,BRL,Tasas (%),Tasa 10Y,14.80365
2025-02-03,BRL,Tasas (%),Tasa 10Y,14.49545
2025-02-04,BRL,Tasas (%),Tasa 10Y,14.49045
2025-02-05,BRL,Tasas (%),Tasa 10Y,14.704
2025-02-06,BRL,Tasas (%),Tasa 10Y,14.76305
2025-02-07,BRL,Tasas (%),Tasa 10Y,14.93815
2025-02-10,BRL,Tasas (%),Tasa 10Y,14.92985
2025-02-11,BRL,Tasas (%),Tasa 10Y,14.90995
2025-02-12,BRL,Tasas (%),Tasa 10Y,14.9882
2025-02-13,BRL,Tasas (%),Tasa 10Y,14.90955
2025-02-14,BRL,Tasas (%),Tasa 10Y,14.5562
2025-02-17,BRL,Tasas (%),Tasa 10Y,14.42905
2025-02-18,BRL,Tasas (%),Tasa 10Y,14.42225
2025-02-19,BRL,Tasas (%),Tasa 10Y,14.5853
2025-02-20,BRL,Tasas (%),Tasa 10Y,14.6907
2025-02-21,BRL,Tasas (%),Tasa 10Y,14.6481
2025-02-24,BRL,Tasas (%),Tasa 10Y,14.8092
2025-02-25,BRL,Tasas (%),Tasa 10Y,14.7887
2025-02-26,BRL,Tasas (%),Tasa 10Y,15.08815
2025-02-27,BRL,Tasas (%),Tasa 10Y,15.10545
2025-02-28,BRL,Tasas (%),Tasa 10Y,15.2619
2025-03-03,BRL,Tasas (%),Tasa 10Y,15.17365
2025-03-04,BRL,Tasas (%),Tasa 10Y,15.0854
2025-03-05,BRL,Tasas (%),Tasa 10Y,14.99715
2025-03-06,BRL,Tasas (%),Tasa 10Y,15.11945
2025-03-07,BRL,Tasas (%),Tasa 10Y,14.82895
2025-03-10,BRL,Tasas (%),Tasa 10Y,14.9169
2025-03-11,BRL,Tasas (%),Tasa 10Y,14.776
2025-03-12,BRL,Tasas (%),Tasa 10Y,14.91885
2025-03-13,BRL,Tasas (%),Tasa 10Y,14.77845
2025-03-14,BRL,Tasas (%),Tasa 10Y,14.80935
2025-03-17,BRL,Tasas (%),Tasa 10Y,14.73255
2025-03-18,BRL,Tasas (%),Tasa 10Y,14.6114
2025-03-19,BRL,Tasas (%),Tasa 10Y,14.5181
2025-03-20,BRL,Tasas (%),Tasa 10Y,14.8296
2025-03-21,BRL,Tasas (%),Tasa 10Y,14.8374
2025-03-24,BRL,Tasas (%),Tasa 10Y,15.04765
2025-03-25,BRL,Tasas (%),Tasa 10Y,15.05615
2025-03-26,BRL,Tasas (%),Tasa 10Y,15.1498
2025-03-27,BRL,Tasas (%),Tasa 10Y,15.0934
2025-03-28,BRL,Tasas (%),Tasa 10Y,15.11975
2025-03-31,BRL,Tasas (%),Tasa 10Y,15.0776
2025-04-01,BRL,Tasas (%),Tasa 10Y,14.9415
2025-04-02,BRL,Tasas (%),Tasa 10Y,14.9876
2025-04-03,BRL,Tasas (%),Tasa 10Y,14.73605
2025-04-04,BRL,Tasas (%),Tasa 10Y,14.72215
2025-04-07,BRL,Tasas (%),Tasa 10Y,14.85755
2025-04-08,BRL,Tasas (%),Tasa 10Y,14.92805
2025-04-09,BRL,Tasas (%),Tasa 10Y,14.94475
2025-04-10,BRL,Tasas (%),Tasa 10Y,15.14415
2025-04-11,BRL,Tasas (%),Tasa 10Y,14.80365
2025-04-14,BRL,Tasas (%),Tasa 10Y,14.609
2025-04-15,BRL,Tasas (%),Tasa 10Y,14.6643
2025-04-16,BRL,Tasas (%),Tasa 10Y,14.6723125
2025-04-17,BRL,Tasas (%),Tasa 10Y,14.680325
2025-04-21,BRL,Tasas (%),Tasa 10Y,14.688337500000001
2025-04-22,BRL,Tasas (%),Tasa 10Y,14.69635
2025-04-23,BRL,Tasas (%),Tasa 10Y,14.5621
2025-04-24,BRL,Tasas (%),Tasa 10Y,14.30615
2025-04-25,BRL,Tasas (%),Tasa 10Y,14.28325
2025-04-28,BRL,Tasas (%),Tasa 10Y,14.26255
2025-04-29,BRL,Tasas (%),Tasa 10Y,14.218
2025-04-30,BRL,Tasas (%),Tasa 10Y,14.0721
2025-05-02,BRL,Tasas (%),Tasa 10Y,14.0628
2025-05-05,BRL,Tasas (%),Tasa 10Y,14.0996
2025-05-06,BRL,Tasas (%),Tasa 10Y,13.97795
2025-05-07,BRL,Tasas (%),Tasa 10Y,13.89795
2025-05-08,BRL,Tasas (%),Tasa 10Y,13.85865
2025-05-09,BRL,Tasas (%),Tasa 10Y,13.76095
2025-05-12,BRL,Tasas (%),Tasa 10Y,13.84955
2025-05-13,BRL,Tasas (%),Tasa 10Y,14.002
2025-05-14,BRL,Tasas (%),Tasa 10Y,14.15095
2025-05-15,BRL,Tasas (%),Tasa 10Y,13.99635
2025-05-16,BRL,Tasas (%),Tasa 10Y,14.01215
2025-05-19,BRL,Tasas (%),Tasa 10Y,14.0013
2025-05-20,BRL,Tasas (%),Tasa 10Y,14.0757
2025-05-22,BRL,Tasas (%),Tasa 10Y,14.1504
2025-05-23,BRL,Tasas (%),Tasa 10Y,14.1215
2025-05-26,BRL,Tasas (%),Tasa 10Y,14.06235
2025-05-27,BRL,Tasas (%),Tasa 10Y,13.9321
2025-05-28,BRL,Tasas (%),Tasa 10Y,13.97935
2025-05-29,BRL,Tasas (%),Tasa 10Y,13.9672
2025-05-30,BRL,Tasas (%),Tasa 10Y,14.02125
2025-06-02,BRL,Tasas (%),Tasa 10Y,14.03035
2025-06-03,BRL,Tasas (%),Tasa 10Y,14.00005
2025-06-04,BRL,Tasas (%),Tasa 10Y,13.9777
2025-06-05,BRL,Tasas (%),Tasa 10Y,14.16265
2025-06-06,BRL,Tasas (%),Tasa 10Y,14.0813
2025-06-09,BRL,Tasas (%),Tasa 10Y,14.0742
2025-06-10,BRL,Tasas (%),Tasa 10Y,13.9856
2025-06-11,BRL,Tasas (%),Tasa 10Y,13.96755
2025-06-12,BRL,Tasas (%),Tasa 10Y,13.99105
2025-06-13,BRL,Tasas (%),Tasa 10Y,13.9646
2025-06-16,BRL,Tasas (%),Tasa 10Y,13.92
2025-06-17,BRL,Tasas (%),Tasa 10Y,13.96635
2025-06-18,BRL,Tasas (%),Tasa 10Y,13.9714
2025-06-19,BRL,Tasas (%),Tasa 10Y,13.91805
2025-06-23,BRL,Tasas (%),Tasa 10Y,13.8647
2025-06-24,BRL,Tasas (%),Tasa 10Y,13.92115
2025-06-25,BRL,Tasas (%),Tasa 10Y,13.9385
2025-06-26,BRL,Tasas (%),Tasa 10Y,13.86665
2025-06-27,BRL,Tasas (%),Tasa 10Y,13.82245
2025-06-30,BRL,Tasas (%),Tasa 10Y,13.51635
2025-07-01,BRL,Tasas (%),Tasa 10Y,13.4974
2025-07-02,BRL,Tasas (%),Tasa 10Y,13.4822
2025-07-03,BRL,Tasas (%),Tasa 10Y,13.5804
2025-07-04,BRL,Tasas (%),Tasa 10Y,13.58615
2025-07-07,BRL,Tasas (%),Tasa 10Y,13.7297
2025-07-08,BRL,Tasas (%),Tasa 10Y,13.7448
2025-07-09,BRL,Tasas (%),Tasa 10Y,13.9431
2025-07-10,BRL,Tasas (%),Tasa 10Y,13.86895
2025-07-11,BRL,Tasas (%),Tasa 10Y,13.86235
2025-07-14,BRL,Tasas (%),Tasa 10Y,13.9525
2025-07-15,BRL,Tasas (%),Tasa 10Y,14.1067
2025-07-17,BRL,Tasas (%),Tasa 10Y,14.0691
2025-07-18,BRL,Tasas (%),Tasa 10Y,14.12175
2025-07-21,BRL,Tasas (%),Tasa 10Y,14.0764
2025-07-22,BRL,Tasas (%),Tasa 10Y,13.97405
2025-07-23,BRL,Tasas (%),Tasa 10Y,14.0534
2025-07-24,BRL,Tasas (%),Tasa 10Y,14.1351
2025-07-25,BRL,Tasas (%),Tasa 10Y,14.1529
2025-07-28,BRL,Tasas (%),Tasa 10Y,14.13425
2025-07-29,BRL,Tasas (%),Tasa 10Y,13.9487
2025-07-30,BRL,Tasas (%),Tasa 10Y,13.98585
2025-07-31,BRL,Tasas (%),Tasa 10Y,14.06705
2025-08-01,BRL,Tasas (%),Tasa 10Y,14.02915
2025-08-04,BRL,Tasas (%),Tasa 10Y,13.90055
2025-08-05,BRL,Tasas (%),Tasa 10Y,13.9838
2025-08-06,BRL,Tasas (%),Tasa 10Y,13.9457
2025-08-07,BRL,Tasas (%),Tasa 10Y,13.8174
2025-08-08,BRL,Tasas (%),Tasa 10Y,13.8451
2025-08-11,BRL,Tasas (%),Tasa 10Y,13.7608
2025-08-12,BRL,Tasas (%),Tasa 10Y,13.77295
2025-08-13,BRL,Tasas (%),Tasa 10Y,13.78925
2025-08-14,BRL,Tasas (%),Tasa 10Y,13.8075
2025-08-18,BRL,Tasas (%),Tasa 10Y,13.92265
2025-08-19,BRL,Tasas (%),Tasa 10Y,14.0882
2025-08-20,BRL,Tasas (%),Tasa 10Y,14.0328
2025-08-21,BRL,Tasas (%),Tasa 10Y,14.15295
2025-08-22,BRL,Tasas (%),Tasa 10Y,14.07935
2025-08-25,BRL,Tasas (%),Tasa 10Y,14.0214
2025-08-26,BRL,Tasas (%),Tasa 10Y,14.0246
2025-08-27,BRL,Tasas (%),Tasa 10Y,14.0724
2025-08-28,BRL,Tasas (%),Tasa 10Y,13.91485
2025-08-29,BRL,Tasas (%),Tasa 10Y,13.9292
2025-09-01,BRL,Tasas (%),Tasa 10Y,13.97635
2025-09-02,BRL,Tasas (%),Tasa 10Y,14.0838
2025-09-03,BRL,Tasas (%),Tasa 10Y,14.0882
2025-09-04,BRL,Tasas (%),Tasa 10Y,14.07835
2025-09-05,BRL,Tasas (%),Tasa 10Y,13.9132
2025-09-08,BRL,Tasas (%),Tasa 10Y,13.9013
2025-09-09,BRL,Tasas (%),Tasa 10Y,13.8862
2025-09-10,BRL,Tasas (%),Tasa 10Y,13.83695
2025-09-11,BRL,Tasas (%),Tasa 10Y,13.8089
2025-09-12,BRL,Tasas (%),Tasa 10Y,13.766
2025-09-15,BRL,Tasas (%),Tasa 10Y,13.7475
2025-09-16,BRL,Tasas (%),Tasa 10Y,13.6055
2025-09-17,BRL,Tasas (%),Tasa 10Y,13.56245
2025-09-22,BRL,Tasas (%),Tasa 10Y,13.7213
2025-09-23,BRL,Tasas (%),Tasa 10Y,13.6309
2025-09-24,BRL,Tasas (%),Tasa 10Y,13.62465
2025-09-25,BRL,Tasas (%),Tasa 10Y,13.65645
2025-09-26,BRL,Tasas (%),Tasa 10Y,13.7154
2025-09-29,BRL,Tasas (%),Tasa 10Y,13.762
2025-09-30,BRL,Tasas (%),Tasa 10Y,13.7181
2025-10-01,BRL,Tasas (%),Tasa 10Y,13.7045
2025-10-02,BRL,Tasas (%),Tasa 10Y,13.8391
2025-10-03,BRL,Tasas (%),Tasa 10Y,13.84515
2025-10-06,BRL,Tasas (%),Tasa 10Y,13.8586
2025-10-07,BRL,Tasas (%),Tasa 10Y,13.9782
2025-10-08,BRL,Tasas (%),Tasa 10Y,13.9343
2025-10-09,BRL,Tasas (%),Tasa 10Y,13.91785
2025-10-10,BRL,Tasas (%),Tasa 10Y,14.01735
2025-10-13,BRL,Tasas (%),Tasa 10Y,14.0216
2025-10-14,BRL,Tasas (%),Tasa 10Y,14.00245
2025-10-15,BRL,Tasas (%),Tasa 10Y,13.88325
2025-10-16,BRL,Tasas (%),Tasa 10Y,13.9524
2025-10-17,BRL,Tasas (%),Tasa 10Y,13.9557
2025-10-20,BRL,Tasas (%),Tasa 10Y,13.88645
2025-10-21,BRL,Tasas (%),Tasa 10Y,13.8574
2025-10-22,BRL,Tasas (%),Tasa 10Y,13.80355
2025-10-23,BRL,Tasas (%),Tasa 10Y,13.80215
2025-10-24,BRL,Tasas (%),Tasa 10Y,13.70045
2025-10-27,BRL,Tasas (%),Tasa 10Y,13.7069
2025-10-28,BRL,Tasas (%),Tasa 10Y,13.7538
2025-10-29,BRL,Tasas (%),Tasa 10Y,13.8508
2025-10-30,BRL,Tasas (%),Tasa 10Y,13.86975
2025-11-03,BRL,Tasas (%),Tasa 10Y,13.78775
2025-11-04,BRL,Tasas (%),Tasa 10Y,13.86185
2025-11-05,BRL,Tasas (%),Tasa 10Y,13.7795
2025-11-06,BRL,Tasas (%),Tasa 10Y,13.8062
2025-11-07,BRL,Tasas (%),Tasa 10Y,13.8056
2025-11-10,BRL,Tasas (%),Tasa 10Y,13.68465
2025-11-11,BRL,Tasas (%),Tasa 10Y,13.62605
2025-11-12,BRL,Tasas (%),Tasa 10Y,13.622
2025-11-13,BRL,Tasas (%),Tasa 10Y,13.67435
2025-11-14,BRL,Tasas (%),Tasa 10Y,13.66495
2025-11-17,BRL,Tasas (%),Tasa 10Y,13.69555
2025-11-18,BRL,Tasas (%),Tasa 10Y,13.7158
2025-11-19,BRL,Tasas (%),Tasa 10Y,13.6591
2025-11-20,BRL,Tasas (%),Tasa 10Y,13.644925
2025-11-21,BRL,Tasas (%),Tasa 10Y,13.63075
2025-11-24,BRL,Tasas (%),Tasa 10Y,13.5885
2025-11-25,BRL,Tasas (%),Tasa 10Y,13.5567
2025-11-26,BRL,Tasas (%),Tasa 10Y,13.47735
2025-11-27,BRL,Tasas (%),Tasa 10Y,13.446
2025-11-28,BRL,Tasas (%),Tasa 10Y,13.40895
2025-12-01,BRL,Tasas (%),Tasa 10Y,13.36545
2025-12-02,BRL,Tasas (%),Tasa 10Y,13.2636
2025-12-03,BRL,Tasas (%),Tasa 10Y,13.2739
2025-12-04,BRL,Tasas (%),Tasa 10Y,13.21445
2025-12-05,BRL,Tasas (%),Tasa 10Y,13.7555
2025-12-09,BRL,Tasas (%),Tasa 10Y,13.75625
2025-12-10,BRL,Tasas (%),Tasa 10Y,13.78795
2025-12-11,BRL,Tasas (%),Tasa 10Y,13.71075
2025-12-12,BRL,Tasas (%),Tasa 10Y,13.62965
2025-12-15,BRL,Tasas (%),Tasa 10Y,13.5431
2025-12-16,BRL,Tasas (%),Tasa 10Y,13.69615
2025-12-17,BRL,Tasas (%),Tasa 10Y,13.8949
2025-12-18,BRL,Tasas (%),Tasa 10Y,13.902
2025-12-19,BRL,Tasas (%),Tasa 10Y,13.80775
2025-12-22,BRL,Tasas (%),Tasa 10Y,13.91855
2025-12-23,BRL,Tasas (%),Tasa 10Y,13.86205
2025-12-24,BRL,Tasas (%),Tasa 10Y,13.842425
2025-12-26,BRL,Tasas (%),Tasa 10Y,13.8228
2025-12-29,BRL,Tasas (%),Tasa 10Y,13.81355
2025-12-30,BRL,Tasas (%),Tasa 10Y,13.73495
2026-01-02,BRL,Tasas (%),Tasa 10Y,13.6123
2026-01-05,BRL,Tasas (%),Tasa 10Y,13.66265
2026-01-06,BRL,Tasas (%),Tasa 10Y,13.70985
2026-01-07,BRL,Tasas (%),Tasa 10Y,13.70775
2026-01-08,BRL,Tasas (%),Tasa 10Y,13.69545
2026-01-09,BRL,Tasas (%),Tasa 10Y,13.69415
2026-01-12,BRL,Tasas (%),Tasa 10Y,13.64515
2026-01-13,BRL,Tasas (%),Tasa 10Y,13.6819
2026-01-14,BRL,Tasas (%),Tasa 10Y,13.77935
2026-01-15,BRL,Tasas (%),Tasa 10Y,13.82835
2026-01-16,BRL,Tasas (%),Tasa 10Y,13.9328
2026-01-19,BRL,Tasas (%),Tasa 10Y,13.9359
2026-01-20,BRL,Tasas (%),Tasa 10Y,14.0608
2026-01-21,BRL,Tasas (%),Tasa 10Y,13.9398
2026-01-22,BRL,Tasas (%),Tasa 10Y,13.860900000000001
2026-01-23,BRL,Tasas (%),Tasa 10Y,13.79885
2026-01-26,BRL,Tasas (%),Tasa 10Y,13.76255
2026-01-27,BRL,Tasas (%),Tasa 10Y,13.59405
2026-01-28,BRL,Tasas (%),Tasa 10Y,13.54085
2026-01-29,BRL,Tasas (%),Tasa 10Y,13.5432
2026-01-30,BRL,Tasas (%),Tasa 10Y,13.5857
2026-02-02,BRL,Tasas (%),Tasa 10Y,13.6444
2026-02-03,BRL,Tasas (%),Tasa 10Y,13.67515
2026-02-04,BRL,Tasas (%),Tasa 10Y,13.6657
2026-02-05,BRL,Tasas (%),Tasa 10Y,13.7069
2026-02-06,BRL,Tasas (%),Tasa 10Y,13.76385
2026-02-09,BRL,Tasas (%),Tasa 10Y,13.6663
2026-02-10,BRL,Tasas (%),Tasa 10Y,13.6837
2026-02-11,BRL,Tasas (%),Tasa 10Y,13.7174
2026-02-12,BRL,Tasas (%),Tasa 10Y,13.68745
2026-02-13,BRL,Tasas (%),Tasa 10Y,13.6168
2026-02-16,BRL,Tasas (%),Tasa 10Y,13.616033333333332
2026-02-17,BRL,Tasas (%),Tasa 10Y,13.615266666666667
2026-02-18,BRL,Tasas (%),Tasa 10Y,13.6145
2026-02-19,BRL,Tasas (%),Tasa 10Y,13.66845
2026-02-20,BRL,Tasas (%),Tasa 10Y,13.62605
2026-02-23,BRL,Tasas (%),Tasa 10Y,13.63565
2026-02-24,BRL,Tasas (%),Tasa 10Y,13.55355
2026-02-25,BRL,Tasas (%),Tasa 10Y,13.54005
2026-02-26,BRL,Tasas (%),Tasa 10Y,13.50975
2026-02-27,BRL,Tasas (%),Tasa 10Y,13.55165
2026-03-02,BRL,Tasas (%),Tasa 10Y,13.58285
2026-03-03,BRL,Tasas (%),Tasa 10Y,13.80525
2026-03-04,BRL,Tasas (%),Tasa 10Y,13.6742
2026-03-05,BRL,Tasas (%),Tasa 10Y,13.87775
2026-03-06,BRL,Tasas (%),Tasa 10Y,14.15785
2026-03-09,BRL,Tasas (%),Tasa 10Y,13.8336
2026-03-10,BRL,Tasas (%),Tasa 10Y,13.78395
2026-03-11,BRL,Tasas (%),Tasa 10Y,13.82105
2026-03-12,BRL,Tasas (%),Tasa 10Y,14.0721
2026-03-13,BRL,Tasas (%),Tasa 10Y,14.3427
2026-03-16,BRL,Tasas (%),Tasa 10Y,13.9064
2026-03-17,BRL,Tasas (%),Tasa 10Y,13.91555
2026-03-18,BRL,Tasas (%),Tasa 10Y,14.04705
2026-03-19,BRL,Tasas (%),Tasa 10Y,13.998
2026-03-20,BRL,Tasas (%),Tasa 10Y,14.17355
2026-03-23,BRL,Tasas (%),Tasa 10Y,14.029
2026-03-24,BRL,Tasas (%),Tasa 10Y,14.1172
2026-03-25,BRL,Tasas (%),Tasa 10Y,14.1472
2026-03-26,BRL,Tasas (%),Tasa 10Y,14.27305
2026-03-27,BRL,Tasas (%),Tasa 10Y,14.2841
2026-03-30,BRL,Tasas (%),Tasa 10Y,14.2615
2026-03-31,BRL,Tasas (%),Tasa 10Y,14.0096
2026-04-01,BRL,Tasas (%),Tasa 10Y,14.02135
2026-04-02,BRL,Tasas (%),Tasa 10Y,13.98315
2026-04-06,BRL,Tasas (%),Tasa 10Y,14.0298
2026-04-07,BRL,Tasas (%),Tasa 10Y,13.97675
2026-04-08,BRL,Tasas (%),Tasa 10Y,13.79965
2026-04-09,BRL,Tasas (%),Tasa 10Y,13.7901
2026-04-10,BRL,Tasas (%),Tasa 10Y,13.65015
2026-04-13,BRL,Tasas (%),Tasa 10Y,13.6104
2026-04-14,BRL,Tasas (%),Tasa 10Y,13.6362
2026-04-15,BRL,Tasas (%),Tasa 10Y,13.6896
2026-04-16,BRL,Tasas (%),Tasa 10Y,13.71355
2026-04-17,BRL,Tasas (%),Tasa 10Y,13.6212
2026-04-20,BRL,Tasas (%),Tasa 10Y,13.55275
2026-04-21,BRL,Tasas (%),Tasa 10Y,13.631975
2026-04-22,BRL,Tasas (%),Tasa 10Y,13.7112
2026-04-23,BRL,Tasas (%),Tasa 10Y,13.8687
2026-04-24,BRL,Tasas (%),Tasa 10Y,13.74285
2026-04-27,BRL,Tasas (%),Tasa 10Y,13.8461
2026-04-28,BRL,Tasas (%),Tasa 10Y,13.8053
2026-04-29,BRL,Tasas (%),Tasa 10Y,14.01835
2026-04-30,BRL,Tasas (%),Tasa 10Y,13.96375
2026-05-04,BRL,Tasas (%),Tasa 10Y,14.0563
2026-05-05,BRL,Tasas (%),Tasa 10Y,14.06965
2026-05-06,BRL,Tasas (%),Tasa 10Y,13.9224
2026-05-07,BRL,Tasas (%),Tasa 10Y,14.0343
2026-05-08,BRL,Tasas (%),Tasa 10Y,13.8993
2026-05-11,BRL,Tasas (%),Tasa 10Y,14.0263
2026-05-12,BRL,Tasas (%),Tasa 10Y,14.0679
2026-05-13,BRL,Tasas (%),Tasa 10Y,14.3168
2026-05-14,BRL,Tasas (%),Tasa 10Y,14.30165
2026-05-15,BRL,Tasas (%),Tasa 10Y,14.44475
2026-05-18,BRL,Tasas (%),Tasa 10Y,14.35995
2026-05-19,BRL,Tasas (%),Tasa 10Y,14.49445
2026-05-20,BRL,Tasas (%),Tasa 10Y,14.37475
2026-05-22,BRL,Tasas (%),Tasa 10Y,14.2386
2026-05-25,BRL,Tasas (%),Tasa 10Y,14.0938
2026-05-26,BRL,Tasas (%),Tasa 10Y,14.12935
2026-05-27,BRL,Tasas (%),Tasa 10Y,14.168
2026-05-28,BRL,Tasas (%),Tasa 10Y,14.2143
2026-05-29,BRL,Tasas (%),Tasa 10Y,14.11465
2026-06-01,BRL,Tasas (%),Tasa 10Y,14.22845
2025-01-02,MXN,Desvíos del modelo (z-score),FX,0.33030163582248206
2025-01-03,MXN,Desvíos del modelo (z-score),FX,0.16782222334982685
2025-01-06,MXN,Desvíos del modelo (z-score),FX,0.2858074189972248
2025-01-07,MXN,Desvíos del modelo (z-score),FX,0.298906212626101
2025-01-08,MXN,Desvíos del modelo (z-score),FX,0.10751040293516345
2025-01-09,MXN,Desvíos del modelo (z-score),FX,0.17860219049849732
2025-01-10,MXN,Desvíos del modelo (z-score),FX,0.20591292847636486
2025-01-13,MXN,Desvíos del modelo (z-score),FX,0.29247843489811254
2025-01-14,MXN,Desvíos del modelo (z-score),FX,0.28947182056670706
2025-01-15,MXN,Desvíos del modelo (z-score),FX,0.1147935527309767
2025-01-16,MXN,Desvíos del modelo (z-score),FX,0.22774888791227874
2025-01-17,MXN,Desvíos del modelo (z-score),FX,0.3944629978532848
2025-01-20,MXN,Desvíos del modelo (z-score),FX,0.46752377686095037
2025-01-21,MXN,Desvíos del modelo (z-score),FX,0.4294745232057156
2025-01-22,MXN,Desvíos del modelo (z-score),FX,0.5472568595133127
2025-01-23,MXN,Desvíos del modelo (z-score),FX,0.4705844375511811
2025-01-24,MXN,Desvíos del modelo (z-score),FX,0.39247937570456304
2025-01-27,MXN,Desvíos del modelo (z-score),FX,0.7450381834346627
2025-01-28,MXN,Desvíos del modelo (z-score),FX,0.5968330459560778
2025-01-29,MXN,Desvíos del modelo (z-score),FX,0.40667186861791504
2025-01-30,MXN,Desvíos del modelo (z-score),FX,0.3750034189611875
2025-01-31,MXN,Desvíos del modelo (z-score),FX,0.4836289157543801
2025-02-03,MXN,Desvíos del modelo (z-score),FX,0.3856556356853667
2025-02-04,MXN,Desvíos del modelo (z-score),FX,0.14931915672982887
2025-02-05,MXN,Desvíos del modelo (z-score),FX,0.46246378753048045
2025-02-06,MXN,Desvíos del modelo (z-score),FX,0.4061556278746635
2025-02-07,MXN,Desvíos del modelo (z-score),FX,0.49413090473610854
2025-02-10,MXN,Desvíos del modelo (z-score),FX,0.38607065266230656
2025-02-11,MXN,Desvíos del modelo (z-score),FX,0.4951206983464711
2025-02-12,MXN,Desvíos del modelo (z-score),FX,0.5884736591226993
2025-02-13,MXN,Desvíos del modelo (z-score),FX,0.5460912763846094
2025-02-14,MXN,Desvíos del modelo (z-score),FX,0.6405129277270503
2025-02-17,MXN,Desvíos del modelo (z-score),FX,0.6721054409304902
2025-02-18,MXN,Desvíos del modelo (z-score),FX,0.6067107915327322
2025-02-19,MXN,Desvíos del modelo (z-score),FX,0.5786403628470916
2025-02-20,MXN,Desvíos del modelo (z-score),FX,0.6330325950836122
2025-02-21,MXN,Desvíos del modelo (z-score),FX,0.7442795215199457
2025-02-24,MXN,Desvíos del modelo (z-score),FX,0.8243903908289842
2025-02-25,MXN,Desvíos del modelo (z-score),FX,0.8513862850287237
2025-02-26,MXN,Desvíos del modelo (z-score),FX,0.7465995054531008
2025-02-27,MXN,Desvíos del modelo (z-score),FX,0.7132631287153759
2025-02-28,MXN,Desvíos del modelo (z-score),FX,0.45598792584672493
2025-03-03,MXN,Desvíos del modelo (z-score),FX,0.5898055074670713
2025-03-04,MXN,Desvíos del modelo (z-score),FX,1.0725047472294278
2025-03-05,MXN,Desvíos del modelo (z-score),FX,1.0687056180468466
2025-03-06,MXN,Desvíos del modelo (z-score),FX,1.1759560959013797
2025-03-07,MXN,Desvíos del modelo (z-score),FX,1.2502204165572155
2025-03-10,MXN,Desvíos del modelo (z-score),FX,1.234216343181571
2025-03-11,MXN,Desvíos del modelo (z-score),FX,1.3246112919720394
2025-03-12,MXN,Desvíos del modelo (z-score),FX,1.1570520787667855
2025-03-13,MXN,Desvíos del modelo (z-score),FX,1.0162545847495579
2025-03-14,MXN,Desvíos del modelo (z-score),FX,0.9906172853177899
2025-03-17,MXN,Desvíos del modelo (z-score),FX,0.9068922669932216
2025-03-18,MXN,Desvíos del modelo (z-score),FX,1.054887748310079
2025-03-19,MXN,Desvíos del modelo (z-score),FX,0.8758547127804395
2025-03-20,MXN,Desvíos del modelo (z-score),FX,0.9837738743495346
2025-03-21,MXN,Desvíos del modelo (z-score),FX,1.071584420982082
2025-03-24,MXN,Desvíos del modelo (z-score),FX,1.0252040821404134
2025-03-25,MXN,Desvíos del modelo (z-score),FX,0.8702698165535444
2025-03-26,MXN,Desvíos del modelo (z-score),FX,0.9563816869018839
2025-03-27,MXN,Desvíos del modelo (z-score),FX,1.1119947093795208
2025-03-28,MXN,Desvíos del modelo (z-score),FX,1.0792162662372071
2025-03-31,MXN,Desvíos del modelo (z-score),FX,1.0068747879330924
2025-04-01,MXN,Desvíos del modelo (z-score),FX,1.0151315720657696
2025-04-02,MXN,Desvíos del modelo (z-score),FX,0.8911315911421209
2025-04-03,MXN,Desvíos del modelo (z-score),FX,1.2764487083227636
2025-04-04,MXN,Desvíos del modelo (z-score),FX,1.7544653668148722
2025-04-07,MXN,Desvíos del modelo (z-score),FX,1.7752985494708287
2025-04-08,MXN,Desvíos del modelo (z-score),FX,1.7028641895876728
2025-04-09,MXN,Desvíos del modelo (z-score),FX,1.8301037054658602
2025-04-10,MXN,Desvíos del modelo (z-score),FX,1.6763085076973057
2025-04-11,MXN,Desvíos del modelo (z-score),FX,2.0392196756987504
2025-04-14,MXN,Desvíos del modelo (z-score),FX,1.9887277977586733
2025-04-15,MXN,Desvíos del modelo (z-score),FX,1.9190907713105443
2025-04-16,MXN,Desvíos del modelo (z-score),FX,1.8971895342159129
2025-04-17,MXN,Desvíos del modelo (z-score),FX,1.868904348911706
2025-04-21,MXN,Desvíos del modelo (z-score),FX,1.8039464586078682
2025-04-22,MXN,Desvíos del modelo (z-score),FX,1.9482690249316021
2025-04-23,MXN,Desvíos del modelo (z-score),FX,1.7902521850704731
2025-04-24,MXN,Desvíos del modelo (z-score),FX,1.6244537678830906
2025-04-25,MXN,Desvíos del modelo (z-score),FX,1.5486502537323386
2025-04-28,MXN,Desvíos del modelo (z-score),FX,1.4656571010372974
2025-04-29,MXN,Desvíos del modelo (z-score),FX,1.6285801651903717
2025-04-30,MXN,Desvíos del modelo (z-score),FX,1.6310466860145905
2025-05-02,MXN,Desvíos del modelo (z-score),FX,2.056654233268961
2025-05-05,MXN,Desvíos del modelo (z-score),FX,2.0905004232652318
2025-05-06,MXN,Desvíos del modelo (z-score),FX,2.0043374652926196
2025-05-07,MXN,Desvíos del modelo (z-score),FX,1.9729676933398044
2025-05-08,MXN,Desvíos del modelo (z-score),FX,1.9019171679753646
2025-05-09,MXN,Desvíos del modelo (z-score),FX,1.6612882254336354
2025-05-12,MXN,Desvíos del modelo (z-score),FX,1.5459145344392722
2025-05-13,MXN,Desvíos del modelo (z-score),FX,1.509765231664217
2025-05-14,MXN,Desvíos del modelo (z-score),FX,1.7586386828923248
2025-05-15,MXN,Desvíos del modelo (z-score),FX,1.6219811884275068
2025-05-16,MXN,Desvíos del modelo (z-score),FX,1.766461869118531
2025-05-19,MXN,Desvíos del modelo (z-score),FX,1.820608346008478
2025-05-20,MXN,Desvíos del modelo (z-score),FX,1.6199361020896357
2025-05-22,MXN,Desvíos del modelo (z-score),FX,1.9638890717570658
2025-05-23,MXN,Desvíos del modelo (z-score),FX,1.902802625952518
2025-05-26,MXN,Desvíos del modelo (z-score),FX,1.936046519596182
2025-05-27,MXN,Desvíos del modelo (z-score),FX,1.887741866921978
2025-05-28,MXN,Desvíos del modelo (z-score),FX,1.8664039769164278
2025-05-29,MXN,Desvíos del modelo (z-score),FX,1.8713301856281097
2025-05-30,MXN,Desvíos del modelo (z-score),FX,1.8630423175428608
2025-06-02,MXN,Desvíos del modelo (z-score),FX,1.8834806915830042
2025-06-03,MXN,Desvíos del modelo (z-score),FX,1.7515492895106939
2025-06-04,MXN,Desvíos del modelo (z-score),FX,1.6601477160261129
2025-06-05,MXN,Desvíos del modelo (z-score),FX,1.7959677134489145
2025-06-06,MXN,Desvíos del modelo (z-score),FX,1.7857058808957924
2025-06-09,MXN,Desvíos del modelo (z-score),FX,1.713734742854562
2025-06-10,MXN,Desvíos del modelo (z-score),FX,1.7108585778112837
2025-06-11,MXN,Desvíos del modelo (z-score),FX,1.5907944727916832
2025-06-12,MXN,Desvíos del modelo (z-score),FX,1.6809180309826235
2025-06-13,MXN,Desvíos del modelo (z-score),FX,1.4901749733047143
2025-06-16,MXN,Desvíos del modelo (z-score),FX,1.6375071413498379
2025-06-17,MXN,Desvíos del modelo (z-score),FX,1.5106898564170501
2025-06-18,MXN,Desvíos del modelo (z-score),FX,1.4183293478704175
2025-06-19,MXN,Desvíos del modelo (z-score),FX,1.4460816108091366
2025-06-23,MXN,Desvíos del modelo (z-score),FX,1.4618439372419603
2025-06-24,MXN,Desvíos del modelo (z-score),FX,1.800296806507177
2025-06-25,MXN,Desvíos del modelo (z-score),FX,1.7535486522311658
2025-06-26,MXN,Desvíos del modelo (z-score),FX,1.702717471854847
2025-06-27,MXN,Desvíos del modelo (z-score),FX,1.8429838363959916
2025-06-30,MXN,Desvíos del modelo (z-score),FX,1.828953500165765
2025-07-01,MXN,Desvíos del modelo (z-score),FX,1.887277030899117
2025-07-02,MXN,Desvíos del modelo (z-score),FX,1.747587670409135
2025-07-03,MXN,Desvíos del modelo (z-score),FX,1.9023891150578105
2025-07-04,MXN,Desvíos del modelo (z-score),FX,1.7571089749913922
2025-07-07,MXN,Desvíos del modelo (z-score),FX,1.718696555109635
2025-07-08,MXN,Desvíos del modelo (z-score),FX,1.7392316975187037
2025-07-09,MXN,Desvíos del modelo (z-score),FX,1.536266551616842
2025-07-10,MXN,Desvíos del modelo (z-score),FX,1.630625508649066
2025-07-11,MXN,Desvíos del modelo (z-score),FX,1.5827079186499022
2025-07-14,MXN,Desvíos del modelo (z-score),FX,1.601751063588702
2025-07-15,MXN,Desvíos del modelo (z-score),FX,1.6372293515692244
2025-07-17,MXN,Desvíos del modelo (z-score),FX,1.5077949392588121
2025-07-18,MXN,Desvíos del modelo (z-score),FX,1.5779233024018315
2025-07-21,MXN,Desvíos del modelo (z-score),FX,1.5017791477095972
2025-07-22,MXN,Desvíos del modelo (z-score),FX,1.5257053885701988
2025-07-23,MXN,Desvíos del modelo (z-score),FX,1.75075155558174
2025-07-24,MXN,Desvíos del modelo (z-score),FX,1.7442312678669913
2025-07-25,MXN,Desvíos del modelo (z-score),FX,1.6299829842766622
2025-07-28,MXN,Desvíos del modelo (z-score),FX,1.5977143290858973
2025-07-29,MXN,Desvíos del modelo (z-score),FX,1.366783323120846
2025-07-30,MXN,Desvíos del modelo (z-score),FX,1.4609497612745581
2025-07-31,MXN,Desvíos del modelo (z-score),FX,1.3020031734794666
2025-08-01,MXN,Desvíos del modelo (z-score),FX,1.1709555377495884
2025-08-04,MXN,Desvíos del modelo (z-score),FX,1.3097061780816548
2025-08-05,MXN,Desvíos del modelo (z-score),FX,1.3028122557447173
2025-08-06,MXN,Desvíos del modelo (z-score),FX,1.2710147425709253
2025-08-07,MXN,Desvíos del modelo (z-score),FX,1.2603102632125935
2025-08-08,MXN,Desvíos del modelo (z-score),FX,1.2557628760408248
2025-08-11,MXN,Desvíos del modelo (z-score),FX,1.2265799600541123
2025-08-12,MXN,Desvíos del modelo (z-score),FX,1.2497017200357419
2025-08-13,MXN,Desvíos del modelo (z-score),FX,1.3388633221680528
2025-08-14,MXN,Desvíos del modelo (z-score),FX,1.4769296602450241
2025-08-18,MXN,Desvíos del modelo (z-score),FX,1.5789640910556995
2025-08-19,MXN,Desvíos del modelo (z-score),FX,1.630060955268756
2025-08-20,MXN,Desvíos del modelo (z-score),FX,1.4572566344010578
2025-08-21,MXN,Desvíos del modelo (z-score),FX,1.366528031559853
2025-08-22,MXN,Desvíos del modelo (z-score),FX,1.2056991107558324
2025-08-25,MXN,Desvíos del modelo (z-score),FX,1.352500845188938
2025-08-26,MXN,Desvíos del modelo (z-score),FX,1.2587706674836125
2025-08-27,MXN,Desvíos del modelo (z-score),FX,1.1772318043341565
2025-08-28,MXN,Desvíos del modelo (z-score),FX,1.2619676705614213
2025-08-29,MXN,Desvíos del modelo (z-score),FX,1.2302320194440477
2025-09-01,MXN,Desvíos del modelo (z-score),FX,1.2320269436908093
2025-09-02,MXN,Desvíos del modelo (z-score),FX,1.2012150292988357
2025-09-03,MXN,Desvíos del modelo (z-score),FX,1.1226710870217445
2025-09-04,MXN,Desvíos del modelo (z-score),FX,1.1329194522310944
2025-09-05,MXN,Desvíos del modelo (z-score),FX,1.0707849972805756
2025-09-08,MXN,Desvíos del modelo (z-score),FX,1.0028462567210212
2025-09-09,MXN,Desvíos del modelo (z-score),FX,1.0686687296430142
2025-09-10,MXN,Desvíos del modelo (z-score),FX,0.8624726970339083
2025-09-11,MXN,Desvíos del modelo (z-score),FX,0.7842092769892213
2025-09-12,MXN,Desvíos del modelo (z-score),FX,0.7828342202465828
2025-09-15,MXN,Desvíos del modelo (z-score),FX,0.7088451245749341
2025-09-16,MXN,Desvíos del modelo (z-score),FX,0.7807066874960666
2025-09-17,MXN,Desvíos del modelo (z-score),FX,0.8990579285022056
2025-09-22,MXN,Desvíos del modelo (z-score),FX,0.5859258493635638
2025-09-23,MXN,Desvíos del modelo (z-score),FX,0.45066915453198536
2025-09-24,MXN,Desvíos del modelo (z-score),FX,0.5129142939556235
2025-09-25,MXN,Desvíos del modelo (z-score),FX,0.47184095230635376
2025-09-26,MXN,Desvíos del modelo (z-score),FX,0.382527543782535
2025-09-29,MXN,Desvíos del modelo (z-score),FX,0.30875575294138974
2025-09-30,MXN,Desvíos del modelo (z-score),FX,0.3295338855762021
2025-10-01,MXN,Desvíos del modelo (z-score),FX,0.2526256754798956
2025-10-02,MXN,Desvíos del modelo (z-score),FX,0.37310517118554654
2025-10-03,MXN,Desvíos del modelo (z-score),FX,0.3876553036826171
2025-10-06,MXN,Desvíos del modelo (z-score),FX,0.201834651575112
2025-10-07,MXN,Desvíos del modelo (z-score),FX,0.17141163162957493
2025-10-08,MXN,Desvíos del modelo (z-score),FX,-0.03353133501493559
2025-10-09,MXN,Desvíos del modelo (z-score),FX,0.05572004631265739
2025-10-10,MXN,Desvíos del modelo (z-score),FX,-0.059385854050600755
2025-10-13,MXN,Desvíos del modelo (z-score),FX,-0.08022943287025734
2025-10-14,MXN,Desvíos del modelo (z-score),FX,-0.15836905749268496
2025-10-15,MXN,Desvíos del modelo (z-score),FX,-0.09005406765877098
2025-10-16,MXN,Desvíos del modelo (z-score),FX,-0.27376493108323835
2025-10-17,MXN,Desvíos del modelo (z-score),FX,-0.0433679707093483
2025-10-20,MXN,Desvíos del modelo (z-score),FX,-0.22245248375845317
2025-10-21,MXN,Desvíos del modelo (z-score),FX,-0.08445875887159339
2025-10-22,MXN,Desvíos del modelo (z-score),FX,-0.1628705231080926
2025-10-23,MXN,Desvíos del modelo (z-score),FX,-0.22789244059654737
2025-10-24,MXN,Desvíos del modelo (z-score),FX,-0.20447148849230928
2025-10-27,MXN,Desvíos del modelo (z-score),FX,-0.09677533376249067
2025-10-28,MXN,Desvíos del modelo (z-score),FX,-0.09665463859641207
2025-10-29,MXN,Desvíos del modelo (z-score),FX,0.046032891028706856
2025-10-30,MXN,Desvíos del modelo (z-score),FX,-0.08169717120721785
2025-11-03,MXN,Desvíos del modelo (z-score),FX,-0.1886990846620564
2025-11-04,MXN,Desvíos del modelo (z-score),FX,-0.101860025928219
2025-11-05,MXN,Desvíos del modelo (z-score),FX,-0.10143405611165743
2025-11-06,MXN,Desvíos del modelo (z-score),FX,-0.155336564617846
2025-11-07,MXN,Desvíos del modelo (z-score),FX,-0.1967297099801103
2025-11-10,MXN,Desvíos del modelo (z-score),FX,-0.39738150267708056
2025-11-11,MXN,Desvíos del modelo (z-score),FX,-0.43873634273080964
2025-11-12,MXN,Desvíos del modelo (z-score),FX,-0.5976289722332234
2025-11-13,MXN,Desvíos del modelo (z-score),FX,-0.4198690343289542
2025-11-14,MXN,Desvíos del modelo (z-score),FX,-0.25326542323877405
2025-11-17,MXN,Desvíos del modelo (z-score),FX,-0.37204747047889186
2025-11-18,MXN,Desvíos del modelo (z-score),FX,-0.4036332038955321
2025-11-19,MXN,Desvíos del modelo (z-score),FX,-0.5350437455764719
2025-11-20,MXN,Desvíos del modelo (z-score),FX,-0.5610479177697741
2025-11-21,MXN,Desvíos del modelo (z-score),FX,-0.5470697970778668
2025-11-24,MXN,Desvíos del modelo (z-score),FX,-0.7734863317211544
2025-11-25,MXN,Desvíos del modelo (z-score),FX,-0.6955667067892723
2025-11-26,MXN,Desvíos del modelo (z-score),FX,-0.8470274153393883
2025-11-27,MXN,Desvíos del modelo (z-score),FX,-0.8322682470032519
2025-11-28,MXN,Desvíos del modelo (z-score),FX,-0.8345238608069686
2025-12-01,MXN,Desvíos del modelo (z-score),FX,-0.7004080072144215
2025-12-02,MXN,Desvíos del modelo (z-score),FX,-0.6716907726530383
2025-12-03,MXN,Desvíos del modelo (z-score),FX,-0.5928278712937998
2025-12-04,MXN,Desvíos del modelo (z-score),FX,-0.5802381671140759
2025-12-05,MXN,Desvíos del modelo (z-score),FX,-0.5441055543862289
2025-12-09,MXN,Desvíos del modelo (z-score),FX,-0.4657032313283833
2025-12-10,MXN,Desvíos del modelo (z-score),FX,-0.5711259062349152
2025-12-11,MXN,Desvíos del modelo (z-score),FX,-0.5534769742076225
2025-12-12,MXN,Desvíos del modelo (z-score),FX,-0.5509640274749269
2025-12-15,MXN,Desvíos del modelo (z-score),FX,-0.47759256800672123
2025-12-16,MXN,Desvíos del modelo (z-score),FX,-0.5455380577121001
2025-12-17,MXN,Desvíos del modelo (z-score),FX,-0.5963721899296986
2025-12-18,MXN,Desvíos del modelo (z-score),FX,-0.6403181580491756
2025-12-19,MXN,Desvíos del modelo (z-score),FX,-0.6830904785216834
2025-12-22,MXN,Desvíos del modelo (z-score),FX,-0.6957199800783818
2025-12-23,MXN,Desvíos del modelo (z-score),FX,-0.6328931873475359
2025-12-24,MXN,Desvíos del modelo (z-score),FX,-0.5884934689456928
2025-12-26,MXN,Desvíos del modelo (z-score),FX,-0.5399163567282786
2025-12-29,MXN,Desvíos del modelo (z-score),FX,-0.4667139915168211
2025-12-30,MXN,Desvíos del modelo (z-score),FX,-0.4467263654534156
2026-01-02,MXN,Desvíos del modelo (z-score),FX,-0.40694239110222497
2026-01-05,MXN,Desvíos del modelo (z-score),FX,-0.5419471371099289
2026-01-06,MXN,Desvíos del modelo (z-score),FX,-0.5500806206908134
2026-01-07,MXN,Desvíos del modelo (z-score),FX,-0.46534526081389327
2026-01-08,MXN,Desvíos del modelo (z-score),FX,-0.5323395810183583
2026-01-09,MXN,Desvíos del modelo (z-score),FX,-0.6912704123070799
2026-01-12,MXN,Desvíos del modelo (z-score),FX,-0.8477488361720927
2026-01-13,MXN,Desvíos del modelo (z-score),FX,-0.9403410499747408
2026-01-14,MXN,Desvíos del modelo (z-score),FX,-1.0378070279888258
2026-01-15,MXN,Desvíos del modelo (z-score),FX,-0.9955274963349924
2026-01-16,MXN,Desvíos del modelo (z-score),FX,-1.0643382337614886
2026-01-19,MXN,Desvíos del modelo (z-score),FX,-1.1679175515160931
2026-01-20,MXN,Desvíos del modelo (z-score),FX,-1.0839797255076382
2026-01-21,MXN,Desvíos del modelo (z-score),FX,-1.1335441411959033
2026-01-22,MXN,Desvíos del modelo (z-score),FX,-1.26155396794893
2026-01-23,MXN,Desvíos del modelo (z-score),FX,-1.3038092130538843
2026-01-26,MXN,Desvíos del modelo (z-score),FX,-1.1176137180429677
2026-01-27,MXN,Desvíos del modelo (z-score),FX,-0.9754399797064409
2026-01-28,MXN,Desvíos del modelo (z-score),FX,-1.0135629384672382
2026-01-29,MXN,Desvíos del modelo (z-score),FX,-1.0186895468448376
2026-01-30,MXN,Desvíos del modelo (z-score),FX,-0.6809656564263948
2026-02-02,MXN,Desvíos del modelo (z-score),FX,-0.5953524562032276
2026-02-03,MXN,Desvíos del modelo (z-score),FX,-0.8763428257137602
2026-02-04,MXN,Desvíos del modelo (z-score),FX,-0.9644602437321581
2026-02-05,MXN,Desvíos del modelo (z-score),FX,-0.7398837092652901
2026-02-06,MXN,Desvíos del modelo (z-score),FX,-0.9457379334940664
2026-02-09,MXN,Desvíos del modelo (z-score),FX,-1.0418161875907508
2026-02-10,MXN,Desvíos del modelo (z-score),FX,-0.9992309843742395
2026-02-11,MXN,Desvíos del modelo (z-score),FX,-0.9531550567231994
2026-02-12,MXN,Desvíos del modelo (z-score),FX,-0.8498456710576763
2026-02-13,MXN,Desvíos del modelo (z-score),FX,-1.0023980841591047
2026-02-16,MXN,Desvíos del modelo (z-score),FX,-1.048639083033814
2026-02-17,MXN,Desvíos del modelo (z-score),FX,-0.9925663517746947
2026-02-18,MXN,Desvíos del modelo (z-score),FX,-1.1552634959185155
2026-02-19,MXN,Desvíos del modelo (z-score),FX,-1.3022965727976705
2026-02-20,MXN,Desvíos del modelo (z-score),FX,-1.3237417979124058
2026-02-23,MXN,Desvíos del modelo (z-score),FX,-1.3572839473797242
2026-02-24,MXN,Desvíos del modelo (z-score),FX,-1.3292412910710063
2026-02-25,MXN,Desvíos del modelo (z-score),FX,-1.3982588410777836
2026-02-26,MXN,Desvíos del modelo (z-score),FX,-1.3650975411014081
2026-02-27,MXN,Desvíos del modelo (z-score),FX,-1.466116209722642
2026-03-02,MXN,Desvíos del modelo (z-score),FX,-1.5577720480057957
2026-03-03,MXN,Desvíos del modelo (z-score),FX,-1.4172164006883243
2026-03-04,MXN,Desvíos del modelo (z-score),FX,-1.2849946399847019
2026-03-05,MXN,Desvíos del modelo (z-score),FX,-1.243268921880737
2026-03-06,MXN,Desvíos del modelo (z-score),FX,-1.339079102466997
2026-03-09,MXN,Desvíos del modelo (z-score),FX,-1.3789284100673633
2026-03-10,MXN,Desvíos del modelo (z-score),FX,-1.2312297580753149
2026-03-11,MXN,Desvíos del modelo (z-score),FX,-1.1790941578626328
2026-03-12,MXN,Desvíos del modelo (z-score),FX,-1.1798404760490149
2026-03-13,MXN,Desvíos del modelo (z-score),FX,-1.152150740476989
2026-03-16,MXN,Desvíos del modelo (z-score),FX,-1.1199966919338888
2026-03-17,MXN,Desvíos del modelo (z-score),FX,-1.219293266579046
2026-03-18,MXN,Desvíos del modelo (z-score),FX,-1.0245536482293363
2026-03-19,MXN,Desvíos del modelo (z-score),FX,-0.788635368711801
2026-03-20,MXN,Desvíos del modelo (z-score),FX,-0.6306413793091028
2026-03-23,MXN,Desvíos del modelo (z-score),FX,-0.6110933398626688
2026-03-24,MXN,Desvíos del modelo (z-score),FX,-0.6785189234883069
2026-03-25,MXN,Desvíos del modelo (z-score),FX,-0.7311485773704516
2026-03-26,MXN,Desvíos del modelo (z-score),FX,-0.6929065618099228
2026-03-27,MXN,Desvíos del modelo (z-score),FX,-0.6445054553617499
2026-03-30,MXN,Desvíos del modelo (z-score),FX,-0.7412882401009794
2026-03-31,MXN,Desvíos del modelo (z-score),FX,-0.9729973737188682
2026-04-01,MXN,Desvíos del modelo (z-score),FX,-0.936651093793332
2026-04-02,MXN,Desvíos del modelo (z-score),FX,-1.1256322206922371
2026-04-06,MXN,Desvíos del modelo (z-score),FX,-1.2663236282261725
2026-04-07,MXN,Desvíos del modelo (z-score),FX,-1.2783217315361495
2026-04-08,MXN,Desvíos del modelo (z-score),FX,-1.0435270971512025
2026-04-09,MXN,Desvíos del modelo (z-score),FX,-1.1544943491950215
2026-04-10,MXN,Desvíos del modelo (z-score),FX,-1.0920616043825468
2026-04-13,MXN,Desvíos del modelo (z-score),FX,-1.1909597145360862
2026-04-14,MXN,Desvíos del modelo (z-score),FX,-1.014218551097391
2026-04-15,MXN,Desvíos del modelo (z-score),FX,-0.9005373709937723
2026-04-16,MXN,Desvíos del modelo (z-score),FX,-0.8510462562230087
2026-04-17,MXN,Desvíos del modelo (z-score),FX,-0.8767571735484153
2026-04-20,MXN,Desvíos del modelo (z-score),FX,-0.8269172796146537
2026-04-21,MXN,Desvíos del modelo (z-score),FX,-0.6669585540941164
2026-04-22,MXN,Desvíos del modelo (z-score),FX,-0.8055873464494296
2026-04-23,MXN,Desvíos del modelo (z-score),FX,-0.7996443771988054
2026-04-24,MXN,Desvíos del modelo (z-score),FX,-0.7920878404391261
2026-04-27,MXN,Desvíos del modelo (z-score),FX,-0.6718801537028535
2026-04-28,MXN,Desvíos del modelo (z-score),FX,-0.6704401815961423
2026-04-29,MXN,Desvíos del modelo (z-score),FX,-0.651099661201151
2026-04-30,MXN,Desvíos del modelo (z-score),FX,-0.6102380364191669
2026-05-04,MXN,Desvíos del modelo (z-score),FX,-0.5215969176749522
2026-05-05,MXN,Desvíos del modelo (z-score),FX,-0.5741995762166587
2026-05-06,MXN,Desvíos del modelo (z-score),FX,-0.6780768519551879
2026-05-07,MXN,Desvíos del modelo (z-score),FX,-0.6209313680775816
2026-05-08,MXN,Desvíos del modelo (z-score),FX,-0.7559190152581117
2026-05-11,MXN,Desvíos del modelo (z-score),FX,-0.8861251418809752
2026-05-12,MXN,Desvíos del modelo (z-score),FX,-0.9422605764967793
2026-05-13,MXN,Desvíos del modelo (z-score),FX,-0.8988807667324262
2026-05-14,MXN,Desvíos del modelo (z-score),FX,-0.8976797757968367
2026-05-15,MXN,Desvíos del modelo (z-score),FX,-0.6519402076835792
2026-05-18,MXN,Desvíos del modelo (z-score),FX,-0.7596425486632435
2026-05-19,MXN,Desvíos del modelo (z-score),FX,-0.6612088871047651
2026-05-20,MXN,Desvíos del modelo (z-score),FX,-0.707132774919087
2026-05-22,MXN,Desvíos del modelo (z-score),FX,-0.7333233036408134
2026-05-25,MXN,Desvíos del modelo (z-score),FX,-0.7298840459983028
2026-05-26,MXN,Desvíos del modelo (z-score),FX,-0.7802271823300884
2026-05-27,MXN,Desvíos del modelo (z-score),FX,-0.6206360498504533
2026-05-28,MXN,Desvíos del modelo (z-score),FX,-0.7116917448957994
2026-05-29,MXN,Desvíos del modelo (z-score),FX,-0.7251940721429562
2026-06-01,MXN,Desvíos del modelo (z-score),FX,-0.7451859410743669
2025-01-02,MXN,Desvíos del modelo (z-score),Tasa 10Y,0.3576690675285085
2025-01-03,MXN,Desvíos del modelo (z-score),Tasa 10Y,0.4897718581906607
2025-01-06,MXN,Desvíos del modelo (z-score),Tasa 10Y,0.49630333195376075
2025-01-07,MXN,Desvíos del modelo (z-score),Tasa 10Y,0.17004369965761124
2025-01-08,MXN,Desvíos del modelo (z-score),Tasa 10Y,0.012634569193688076
2025-01-09,MXN,Desvíos del modelo (z-score),Tasa 10Y,-0.10092553760615709
2025-01-10,MXN,Desvíos del modelo (z-score),Tasa 10Y,-0.23185817820665203
2025-01-13,MXN,Desvíos del modelo (z-score),Tasa 10Y,-0.0592834874413434
2025-01-14,MXN,Desvíos del modelo (z-score),Tasa 10Y,-0.014993694156763604
2025-01-15,MXN,Desvíos del modelo (z-score),Tasa 10Y,0.21106112040346797
2025-01-16,MXN,Desvíos del modelo (z-score),Tasa 10Y,0.25108735359869716
2025-01-17,MXN,Desvíos del modelo (z-score),Tasa 10Y,0.3276962333690146
2025-01-20,MXN,Desvíos del modelo (z-score),Tasa 10Y,0.3489744644531118
2025-01-21,MXN,Desvíos del modelo (z-score),Tasa 10Y,0.07842687611555771
2025-01-22,MXN,Desvíos del modelo (z-score),Tasa 10Y,-0.27408217401874274
2025-01-23,MXN,Desvíos del modelo (z-score),Tasa 10Y,-0.4723847017509443
2025-01-24,MXN,Desvíos del modelo (z-score),Tasa 10Y,-0.25909931211377984
2025-01-27,MXN,Desvíos del modelo (z-score),Tasa 10Y,-0.11008206386356868
2025-01-28,MXN,Desvíos del modelo (z-score),Tasa 10Y,-0.20616825127063038
2025-01-29,MXN,Desvíos del modelo (z-score),Tasa 10Y,-0.12924200295541083
2025-01-30,MXN,Desvíos del modelo (z-score),Tasa 10Y,-0.23842039678442115
2025-01-31,MXN,Desvíos del modelo (z-score),Tasa 10Y,0.010146033698563022
2025-02-03,MXN,Desvíos del modelo (z-score),Tasa 10Y,-0.2537257645409582
2025-02-04,MXN,Desvíos del modelo (z-score),Tasa 10Y,-0.231885761372224
2025-02-05,MXN,Desvíos del modelo (z-score),Tasa 10Y,-0.20160358013004523
2025-02-06,MXN,Desvíos del modelo (z-score),Tasa 10Y,-0.4953285934274431
2025-02-07,MXN,Desvíos del modelo (z-score),Tasa 10Y,-0.6423170721747318
2025-02-10,MXN,Desvíos del modelo (z-score),Tasa 10Y,-0.6594016929409281
2025-02-11,MXN,Desvíos del modelo (z-score),Tasa 10Y,-0.5752210827512757
2025-02-12,MXN,Desvíos del modelo (z-score),Tasa 10Y,-0.5611424037776762
2025-02-13,MXN,Desvíos del modelo (z-score),Tasa 10Y,-0.37130288464805195
2025-02-14,MXN,Desvíos del modelo (z-score),Tasa 10Y,-0.20232975445543533
2025-02-17,MXN,Desvíos del modelo (z-score),Tasa 10Y,-0.22378376697326674
2025-02-18,MXN,Desvíos del modelo (z-score),Tasa 10Y,-0.43536500122895305
2025-02-19,MXN,Desvíos del modelo (z-score),Tasa 10Y,-0.2713239798888699
2025-02-20,MXN,Desvíos del modelo (z-score),Tasa 10Y,-0.24811537654299004
2025-02-21,MXN,Desvíos del modelo (z-score),Tasa 10Y,-0.4226568821772348
2025-02-24,MXN,Desvíos del modelo (z-score),Tasa 10Y,-0.4893754867421414
2025-02-25,MXN,Desvíos del modelo (z-score),Tasa 10Y,-0.5495973509065138
2025-02-26,MXN,Desvíos del modelo (z-score),Tasa 10Y,-0.6342272426683752
2025-02-27,MXN,Desvíos del modelo (z-score),Tasa 10Y,-0.7280818901312535
2025-02-28,MXN,Desvíos del modelo (z-score),Tasa 10Y,-0.7064544779133227
2025-03-03,MXN,Desvíos del modelo (z-score),Tasa 10Y,-0.7313157688521248
2025-03-04,MXN,Desvíos del modelo (z-score),Tasa 10Y,-0.5869985520651281
2025-03-05,MXN,Desvíos del modelo (z-score),Tasa 10Y,-0.8585119523365976
2025-03-06,MXN,Desvíos del modelo (z-score),Tasa 10Y,-0.8754880623475697
2025-03-07,MXN,Desvíos del modelo (z-score),Tasa 10Y,-0.8662709472129044
2025-03-10,MXN,Desvíos del modelo (z-score),Tasa 10Y,-0.6590302826462879
2025-03-11,MXN,Desvíos del modelo (z-score),Tasa 10Y,-0.6161883045204489
2025-03-12,MXN,Desvíos del modelo (z-score),Tasa 10Y,-0.6233917189801623
2025-03-13,MXN,Desvíos del modelo (z-score),Tasa 10Y,-0.7614508772889853
2025-03-14,MXN,Desvíos del modelo (z-score),Tasa 10Y,-0.8391861330706859
2025-03-17,MXN,Desvíos del modelo (z-score),Tasa 10Y,-0.818438793972716
2025-03-18,MXN,Desvíos del modelo (z-score),Tasa 10Y,-0.8284131044035711
2025-03-19,MXN,Desvíos del modelo (z-score),Tasa 10Y,-0.7878984481552138
2025-03-20,MXN,Desvíos del modelo (z-score),Tasa 10Y,-0.7678872541733488
2025-03-21,MXN,Desvíos del modelo (z-score),Tasa 10Y,-0.6075524642948763
2025-03-24,MXN,Desvíos del modelo (z-score),Tasa 10Y,-0.6757301644560195
2025-03-25,MXN,Desvíos del modelo (z-score),Tasa 10Y,-0.6510046858057448
2025-03-26,MXN,Desvíos del modelo (z-score),Tasa 10Y,-0.7839444017619489
2025-03-27,MXN,Desvíos del modelo (z-score),Tasa 10Y,-0.9665283192214152
2025-03-28,MXN,Desvíos del modelo (z-score),Tasa 10Y,-0.9432022539799749
2025-03-31,MXN,Desvíos del modelo (z-score),Tasa 10Y,-0.8773402719803731
2025-04-01,MXN,Desvíos del modelo (z-score),Tasa 10Y,-0.9946394650146894
2025-04-02,MXN,Desvíos del modelo (z-score),Tasa 10Y,-1.0440180194454864
2025-04-03,MXN,Desvíos del modelo (z-score),Tasa 10Y,-1.4644893474781968
2025-04-04,MXN,Desvíos del modelo (z-score),Tasa 10Y,-1.3272403724931947
2025-04-07,MXN,Desvíos del modelo (z-score),Tasa 10Y,-1.417291410553553
2025-04-08,MXN,Desvíos del modelo (z-score),Tasa 10Y,-1.6176560147449945
2025-04-09,MXN,Desvíos del modelo (z-score),Tasa 10Y,-1.6769017654826646
2025-04-10,MXN,Desvíos del modelo (z-score),Tasa 10Y,-1.5839795593158899
2025-04-11,MXN,Desvíos del modelo (z-score),Tasa 10Y,-1.4857181408601625
2025-04-14,MXN,Desvíos del modelo (z-score),Tasa 10Y,-1.15758526395762
2025-04-15,MXN,Desvíos del modelo (z-score),Tasa 10Y,-1.1747437964998815
2025-04-16,MXN,Desvíos del modelo (z-score),Tasa 10Y,-1.23310850746356
2025-04-17,MXN,Desvíos del modelo (z-score),Tasa 10Y,-1.0787077242490046
2025-04-21,MXN,Desvíos del modelo (z-score),Tasa 10Y,-1.1701421224678639
2025-04-22,MXN,Desvíos del modelo (z-score),Tasa 10Y,-1.1645694801544808
2025-04-23,MXN,Desvíos del modelo (z-score),Tasa 10Y,-1.1644290458159139
2025-04-24,MXN,Desvíos del modelo (z-score),Tasa 10Y,-1.3185703339404322
2025-04-25,MXN,Desvíos del modelo (z-score),Tasa 10Y,-1.2196465800811769
2025-04-28,MXN,Desvíos del modelo (z-score),Tasa 10Y,-1.1875651030468175
2025-04-29,MXN,Desvíos del modelo (z-score),Tasa 10Y,-1.0217626739296228
2025-04-30,MXN,Desvíos del modelo (z-score),Tasa 10Y,-0.9124387577046373
2025-05-02,MXN,Desvíos del modelo (z-score),Tasa 10Y,-1.0806812919010171
2025-05-05,MXN,Desvíos del modelo (z-score),Tasa 10Y,-1.095513739697536
2025-05-06,MXN,Desvíos del modelo (z-score),Tasa 10Y,-1.0960533261670575
2025-05-07,MXN,Desvíos del modelo (z-score),Tasa 10Y,-1.1609531852722252
2025-05-08,MXN,Desvíos del modelo (z-score),Tasa 10Y,-1.2384647323588611
2025-05-09,MXN,Desvíos del modelo (z-score),Tasa 10Y,-1.0542219804071384
2025-05-12,MXN,Desvíos del modelo (z-score),Tasa 10Y,-1.112080473692281
2025-05-13,MXN,Desvíos del modelo (z-score),Tasa 10Y,-1.0575693823574077
2025-05-14,MXN,Desvíos del modelo (z-score),Tasa 10Y,-0.9650180078359909
2025-05-15,MXN,Desvíos del modelo (z-score),Tasa 10Y,-0.9439491322623609
2025-05-16,MXN,Desvíos del modelo (z-score),Tasa 10Y,-0.9687537917048572
2025-05-19,MXN,Desvíos del modelo (z-score),Tasa 10Y,-0.9723132543333811
2025-05-20,MXN,Desvíos del modelo (z-score),Tasa 10Y,-1.0914215392347597
2025-05-22,MXN,Desvíos del modelo (z-score),Tasa 10Y,-1.1788308339908586
2025-05-23,MXN,Desvíos del modelo (z-score),Tasa 10Y,-1.1525797793410424
2025-05-26,MXN,Desvíos del modelo (z-score),Tasa 10Y,-0.9879662538791119
2025-05-27,MXN,Desvíos del modelo (z-score),Tasa 10Y,-1.0398108876042704
2025-05-28,MXN,Desvíos del modelo (z-score),Tasa 10Y,-1.1335950593331519
2025-05-29,MXN,Desvíos del modelo (z-score),Tasa 10Y,-1.149648624902495
2025-05-30,MXN,Desvíos del modelo (z-score),Tasa 10Y,-1.0949746083239709
2025-06-02,MXN,Desvíos del modelo (z-score),Tasa 10Y,-1.1299488091795897
2025-06-03,MXN,Desvíos del modelo (z-score),Tasa 10Y,-1.1874191814426325
2025-06-04,MXN,Desvíos del modelo (z-score),Tasa 10Y,-1.184720212593373
2025-06-05,MXN,Desvíos del modelo (z-score),Tasa 10Y,-1.2989603648151637
2025-06-06,MXN,Desvíos del modelo (z-score),Tasa 10Y,-1.4541952316324176
2025-06-09,MXN,Desvíos del modelo (z-score),Tasa 10Y,-1.4306071371640747
2025-06-10,MXN,Desvíos del modelo (z-score),Tasa 10Y,-1.3803424957582369
2025-06-11,MXN,Desvíos del modelo (z-score),Tasa 10Y,-1.0818507704547442
2025-06-12,MXN,Desvíos del modelo (z-score),Tasa 10Y,-0.9445477882842815
2025-06-13,MXN,Desvíos del modelo (z-score),Tasa 10Y,-1.0609079271689494
2025-06-16,MXN,Desvíos del modelo (z-score),Tasa 10Y,-0.8372361171852518
2025-06-17,MXN,Desvíos del modelo (z-score),Tasa 10Y,-0.8584274245128795
2025-06-18,MXN,Desvíos del modelo (z-score),Tasa 10Y,-0.871219694679772
2025-06-19,MXN,Desvíos del modelo (z-score),Tasa 10Y,-0.9478262828210624
2025-06-23,MXN,Desvíos del modelo (z-score),Tasa 10Y,-0.5682632784481672
2025-06-24,MXN,Desvíos del modelo (z-score),Tasa 10Y,-0.493048453275947
2025-06-25,MXN,Desvíos del modelo (z-score),Tasa 10Y,-0.5887614734953538
2025-06-26,MXN,Desvíos del modelo (z-score),Tasa 10Y,-0.4665211337396928
2025-06-27,MXN,Desvíos del modelo (z-score),Tasa 10Y,-0.39134459986031767
2025-06-30,MXN,Desvíos del modelo (z-score),Tasa 10Y,-0.49470936340920263
2025-07-01,MXN,Desvíos del modelo (z-score),Tasa 10Y,-0.4521063702570958
2025-07-02,MXN,Desvíos del modelo (z-score),Tasa 10Y,-0.565061985130239
2025-07-03,MXN,Desvíos del modelo (z-score),Tasa 10Y,-0.6379208613489489
2025-07-04,MXN,Desvíos del modelo (z-score),Tasa 10Y,-0.6692355821082187
2025-07-07,MXN,Desvíos del modelo (z-score),Tasa 10Y,-0.6127257852826055
2025-07-08,MXN,Desvíos del modelo (z-score),Tasa 10Y,-0.5342018677359235
2025-07-09,MXN,Desvíos del modelo (z-score),Tasa 10Y,-0.4856354732467527
2025-07-10,MXN,Desvíos del modelo (z-score),Tasa 10Y,-0.44850806045852576
2025-07-11,MXN,Desvíos del modelo (z-score),Tasa 10Y,-0.49607379204471463
2025-07-14,MXN,Desvíos del modelo (z-score),Tasa 10Y,-0.6358688961912808
2025-07-15,MXN,Desvíos del modelo (z-score),Tasa 10Y,-0.6480334926076157
2025-07-17,MXN,Desvíos del modelo (z-score),Tasa 10Y,-0.7001321641419807
2025-07-18,MXN,Desvíos del modelo (z-score),Tasa 10Y,-0.4998136009050214
2025-07-21,MXN,Desvíos del modelo (z-score),Tasa 10Y,-0.4059274346301813
2025-07-22,MXN,Desvíos del modelo (z-score),Tasa 10Y,-0.30297081488936506
2025-07-23,MXN,Desvíos del modelo (z-score),Tasa 10Y,-0.3130819836420783
2025-07-24,MXN,Desvíos del modelo (z-score),Tasa 10Y,-0.30106002796591647
2025-07-25,MXN,Desvíos del modelo (z-score),Tasa 10Y,-0.290944483982487
2025-07-28,MXN,Desvíos del modelo (z-score),Tasa 10Y,-0.32921368660169753
2025-07-29,MXN,Desvíos del modelo (z-score),Tasa 10Y,-0.33386680480930037
2025-07-30,MXN,Desvíos del modelo (z-score),Tasa 10Y,-0.43182746758098506
2025-07-31,MXN,Desvíos del modelo (z-score),Tasa 10Y,-0.5011228572772973
2025-08-01,MXN,Desvíos del modelo (z-score),Tasa 10Y,-0.65528580028479
2025-08-04,MXN,Desvíos del modelo (z-score),Tasa 10Y,-0.4449509729973093
2025-08-05,MXN,Desvíos del modelo (z-score),Tasa 10Y,-0.5733585281851805
2025-08-06,MXN,Desvíos del modelo (z-score),Tasa 10Y,-0.6958700451544417
2025-08-07,MXN,Desvíos del modelo (z-score),Tasa 10Y,-0.8144324892929287
2025-08-08,MXN,Desvíos del modelo (z-score),Tasa 10Y,-0.7159547270663514
2025-08-11,MXN,Desvíos del modelo (z-score),Tasa 10Y,-0.8273164347125714
2025-08-12,MXN,Desvíos del modelo (z-score),Tasa 10Y,-0.7989246400147972
2025-08-13,MXN,Desvíos del modelo (z-score),Tasa 10Y,-0.7409792626214383
2025-08-14,MXN,Desvíos del modelo (z-score),Tasa 10Y,-0.7734373231596495
2025-08-18,MXN,Desvíos del modelo (z-score),Tasa 10Y,-0.8453065070480806
2025-08-19,MXN,Desvíos del modelo (z-score),Tasa 10Y,-0.7785463610086095
2025-08-20,MXN,Desvíos del modelo (z-score),Tasa 10Y,-0.7675007489593777
2025-08-21,MXN,Desvíos del modelo (z-score),Tasa 10Y,-0.8502705466630115
2025-08-22,MXN,Desvíos del modelo (z-score),Tasa 10Y,-0.9659455100897117
2025-08-25,MXN,Desvíos del modelo (z-score),Tasa 10Y,-0.904728888221722
2025-08-26,MXN,Desvíos del modelo (z-score),Tasa 10Y,-0.9449392622416739
2025-08-27,MXN,Desvíos del modelo (z-score),Tasa 10Y,-0.9339472104886201
2025-08-28,MXN,Desvíos del modelo (z-score),Tasa 10Y,-0.8421438001856547
2025-08-29,MXN,Desvíos del modelo (z-score),Tasa 10Y,-0.9628393839142103
2025-09-01,MXN,Desvíos del modelo (z-score),Tasa 10Y,-0.975164873260813
2025-09-02,MXN,Desvíos del modelo (z-score),Tasa 10Y,-0.9742299248312155
2025-09-03,MXN,Desvíos del modelo (z-score),Tasa 10Y,-0.9367007081428248
2025-09-04,MXN,Desvíos del modelo (z-score),Tasa 10Y,-0.8611513065410134
2025-09-05,MXN,Desvíos del modelo (z-score),Tasa 10Y,-0.7347758483102652
2025-09-08,MXN,Desvíos del modelo (z-score),Tasa 10Y,-0.7591185802591474
2025-09-09,MXN,Desvíos del modelo (z-score),Tasa 10Y,-0.7040281534977778
2025-09-10,MXN,Desvíos del modelo (z-score),Tasa 10Y,-0.6961896509612777
2025-09-11,MXN,Desvíos del modelo (z-score),Tasa 10Y,-0.8510419772644513
2025-09-12,MXN,Desvíos del modelo (z-score),Tasa 10Y,-0.828688945536454
2025-09-15,MXN,Desvíos del modelo (z-score),Tasa 10Y,-0.7617552359197091
2025-09-16,MXN,Desvíos del modelo (z-score),Tasa 10Y,-0.7536146042765972
2025-09-17,MXN,Desvíos del modelo (z-score),Tasa 10Y,-0.8251133126759846
2025-09-22,MXN,Desvíos del modelo (z-score),Tasa 10Y,-1.1590148624956131
2025-09-23,MXN,Desvíos del modelo (z-score),Tasa 10Y,-1.1205568321084705
2025-09-24,MXN,Desvíos del modelo (z-score),Tasa 10Y,-1.235324934446474
2025-09-25,MXN,Desvíos del modelo (z-score),Tasa 10Y,-1.2092845057914665
2025-09-26,MXN,Desvíos del modelo (z-score),Tasa 10Y,-1.0599078673976463
2025-09-29,MXN,Desvíos del modelo (z-score),Tasa 10Y,-1.0214475588427607
2025-09-30,MXN,Desvíos del modelo (z-score),Tasa 10Y,-1.0028296830123686
2025-10-01,MXN,Desvíos del modelo (z-score),Tasa 10Y,-0.872490753086626
2025-10-02,MXN,Desvíos del modelo (z-score),Tasa 10Y,-0.8779041722506543
2025-10-03,MXN,Desvíos del modelo (z-score),Tasa 10Y,-0.8778554369902071
2025-10-06,MXN,Desvíos del modelo (z-score),Tasa 10Y,-0.9264184146954401
2025-10-07,MXN,Desvíos del modelo (z-score),Tasa 10Y,-0.9155038838499386
2025-10-08,MXN,Desvíos del modelo (z-score),Tasa 10Y,-0.9208091709212209
2025-10-09,MXN,Desvíos del modelo (z-score),Tasa 10Y,-1.1422354826862715
2025-10-10,MXN,Desvíos del modelo (z-score),Tasa 10Y,-1.2011954443504131
2025-10-13,MXN,Desvíos del modelo (z-score),Tasa 10Y,-1.1748773850469256
2025-10-14,MXN,Desvíos del modelo (z-score),Tasa 10Y,-1.2454655948364368
2025-10-15,MXN,Desvíos del modelo (z-score),Tasa 10Y,-1.2586076415473775
2025-10-16,MXN,Desvíos del modelo (z-score),Tasa 10Y,-1.310208931001941
2025-10-17,MXN,Desvíos del modelo (z-score),Tasa 10Y,-1.125318510306722
2025-10-20,MXN,Desvíos del modelo (z-score),Tasa 10Y,-0.9366654583162821
2025-10-21,MXN,Desvíos del modelo (z-score),Tasa 10Y,-0.9844049176137426
2025-10-22,MXN,Desvíos del modelo (z-score),Tasa 10Y,-1.021318557756208
2025-10-23,MXN,Desvíos del modelo (z-score),Tasa 10Y,-0.987483871332705
2025-10-24,MXN,Desvíos del modelo (z-score),Tasa 10Y,-0.8060747799443606
2025-10-27,MXN,Desvíos del modelo (z-score),Tasa 10Y,-0.798684176831477
2025-10-28,MXN,Desvíos del modelo (z-score),Tasa 10Y,-0.8991097626906491
2025-10-29,MXN,Desvíos del modelo (z-score),Tasa 10Y,-0.9403304385554815
2025-10-30,MXN,Desvíos del modelo (z-score),Tasa 10Y,-0.975078520987419
2025-11-03,MXN,Desvíos del modelo (z-score),Tasa 10Y,-1.0028079216182137
2025-11-04,MXN,Desvíos del modelo (z-score),Tasa 10Y,-1.0249096986635426
2025-11-05,MXN,Desvíos del modelo (z-score),Tasa 10Y,-1.098848140004375
2025-11-06,MXN,Desvíos del modelo (z-score),Tasa 10Y,-0.9750954223158794
2025-11-07,MXN,Desvíos del modelo (z-score),Tasa 10Y,-0.8783504437073236
2025-11-10,MXN,Desvíos del modelo (z-score),Tasa 10Y,-0.7843628962724718
2025-11-11,MXN,Desvíos del modelo (z-score),Tasa 10Y,-0.7652714302881085
2025-11-12,MXN,Desvíos del modelo (z-score),Tasa 10Y,-0.7568138183764108
2025-11-13,MXN,Desvíos del modelo (z-score),Tasa 10Y,-0.876719459305124
2025-11-14,MXN,Desvíos del modelo (z-score),Tasa 10Y,-0.9030422749804878
2025-11-17,MXN,Desvíos del modelo (z-score),Tasa 10Y,-1.0058250390395511
2025-11-18,MXN,Desvíos del modelo (z-score),Tasa 10Y,-1.0503515291865768
2025-11-19,MXN,Desvíos del modelo (z-score),Tasa 10Y,-1.0339995581071932
2025-11-20,MXN,Desvíos del modelo (z-score),Tasa 10Y,-0.9593201825437457
2025-11-21,MXN,Desvíos del modelo (z-score),Tasa 10Y,-0.762746619293991
2025-11-24,MXN,Desvíos del modelo (z-score),Tasa 10Y,-0.588549052176452
2025-11-25,MXN,Desvíos del modelo (z-score),Tasa 10Y,-0.550482090755467
2025-11-26,MXN,Desvíos del modelo (z-score),Tasa 10Y,-0.6355484797895999
2025-11-27,MXN,Desvíos del modelo (z-score),Tasa 10Y,-0.6411226968111422
2025-11-28,MXN,Desvíos del modelo (z-score),Tasa 10Y,-0.6100556288493163
2025-12-01,MXN,Desvíos del modelo (z-score),Tasa 10Y,-0.6616322023367811
2025-12-02,MXN,Desvíos del modelo (z-score),Tasa 10Y,-0.7592019953168092
2025-12-03,MXN,Desvíos del modelo (z-score),Tasa 10Y,-0.7485400229324425
2025-12-04,MXN,Desvíos del modelo (z-score),Tasa 10Y,-0.814093379316403
2025-12-05,MXN,Desvíos del modelo (z-score),Tasa 10Y,-0.8141549921992597
2025-12-09,MXN,Desvíos del modelo (z-score),Tasa 10Y,-0.481914109471179
2025-12-10,MXN,Desvíos del modelo (z-score),Tasa 10Y,-0.40259761979945646
2025-12-11,MXN,Desvíos del modelo (z-score),Tasa 10Y,-0.3480697309526243
2025-12-12,MXN,Desvíos del modelo (z-score),Tasa 10Y,-0.3050888810794787
2025-12-15,MXN,Desvíos del modelo (z-score),Tasa 10Y,-0.1984655544031651
2025-12-16,MXN,Desvíos del modelo (z-score),Tasa 10Y,-0.23576366836074453
2025-12-17,MXN,Desvíos del modelo (z-score),Tasa 10Y,-0.3825562395624679
2025-12-18,MXN,Desvíos del modelo (z-score),Tasa 10Y,-0.34814606441006907
2025-12-19,MXN,Desvíos del modelo (z-score),Tasa 10Y,-0.3303446835336082
2025-12-22,MXN,Desvíos del modelo (z-score),Tasa 10Y,-0.12988662824357097
2025-12-23,MXN,Desvíos del modelo (z-score),Tasa 10Y,-0.12633945213780873
2025-12-24,MXN,Desvíos del modelo (z-score),Tasa 10Y,0.011332645126006428
2025-12-26,MXN,Desvíos del modelo (z-score),Tasa 10Y,0.07735858279160947
2025-12-29,MXN,Desvíos del modelo (z-score),Tasa 10Y,0.1063501444572939
2025-12-30,MXN,Desvíos del modelo (z-score),Tasa 10Y,0.0010083649520714558
2026-01-02,MXN,Desvíos del modelo (z-score),Tasa 10Y,-0.28183162329335604
2026-01-05,MXN,Desvíos del modelo (z-score),Tasa 10Y,-0.43781396732046335
2026-01-06,MXN,Desvíos del modelo (z-score),Tasa 10Y,-0.6607513725837947
2026-01-07,MXN,Desvíos del modelo (z-score),Tasa 10Y,-0.7925076358848718
2026-01-08,MXN,Desvíos del modelo (z-score),Tasa 10Y,-0.7067934610786123
2026-01-09,MXN,Desvíos del modelo (z-score),Tasa 10Y,-0.5593563040291075
2026-01-12,MXN,Desvíos del modelo (z-score),Tasa 10Y,-0.6166819831499967
2026-01-13,MXN,Desvíos del modelo (z-score),Tasa 10Y,-0.6508915512686638
2026-01-14,MXN,Desvíos del modelo (z-score),Tasa 10Y,-0.5770619102722034
2026-01-15,MXN,Desvíos del modelo (z-score),Tasa 10Y,-0.49466035886872867
2026-01-16,MXN,Desvíos del modelo (z-score),Tasa 10Y,-0.4002206707396895
2026-01-19,MXN,Desvíos del modelo (z-score),Tasa 10Y,-0.47342833976258913
2026-01-20,MXN,Desvíos del modelo (z-score),Tasa 10Y,-0.358460013644098
2026-01-21,MXN,Desvíos del modelo (z-score),Tasa 10Y,-0.3880243855618603
2026-01-22,MXN,Desvíos del modelo (z-score),Tasa 10Y,-0.6779200216238532
2026-01-23,MXN,Desvíos del modelo (z-score),Tasa 10Y,-0.668936098272923
2026-01-26,MXN,Desvíos del modelo (z-score),Tasa 10Y,-0.5320206923904558
2026-01-27,MXN,Desvíos del modelo (z-score),Tasa 10Y,-0.741112063754893
2026-01-28,MXN,Desvíos del modelo (z-score),Tasa 10Y,-0.8038306550666435
2026-01-29,MXN,Desvíos del modelo (z-score),Tasa 10Y,-0.935966731330111
2026-01-30,MXN,Desvíos del modelo (z-score),Tasa 10Y,-0.8453018282224266
2026-02-02,MXN,Desvíos del modelo (z-score),Tasa 10Y,-0.8819376041548123
2026-02-03,MXN,Desvíos del modelo (z-score),Tasa 10Y,-0.8793271424518766
2026-02-04,MXN,Desvíos del modelo (z-score),Tasa 10Y,-0.8210080672540235
2026-02-05,MXN,Desvíos del modelo (z-score),Tasa 10Y,-0.8636805922392685
2026-02-06,MXN,Desvíos del modelo (z-score),Tasa 10Y,-0.9640010145457408
2026-02-09,MXN,Desvíos del modelo (z-score),Tasa 10Y,-0.8831494667599704
2026-02-10,MXN,Desvíos del modelo (z-score),Tasa 10Y,-0.8679228372557324
2026-02-11,MXN,Desvíos del modelo (z-score),Tasa 10Y,-0.9077212895811
2026-02-12,MXN,Desvíos del modelo (z-score),Tasa 10Y,-0.8633931977829054
2026-02-13,MXN,Desvíos del modelo (z-score),Tasa 10Y,-0.7632815078399483
2026-02-16,MXN,Desvíos del modelo (z-score),Tasa 10Y,-0.7795920249242716
2026-02-17,MXN,Desvíos del modelo (z-score),Tasa 10Y,-0.7234856267413372
2026-02-18,MXN,Desvíos del modelo (z-score),Tasa 10Y,-0.7154994456047582
2026-02-19,MXN,Desvíos del modelo (z-score),Tasa 10Y,-0.698649769951789
2026-02-20,MXN,Desvíos del modelo (z-score),Tasa 10Y,-0.5109135172965327
2026-02-23,MXN,Desvíos del modelo (z-score),Tasa 10Y,-0.5844487709236358
2026-02-24,MXN,Desvíos del modelo (z-score),Tasa 10Y,-0.6355288385837365
2026-02-25,MXN,Desvíos del modelo (z-score),Tasa 10Y,-0.7678554780927525
2026-02-26,MXN,Desvíos del modelo (z-score),Tasa 10Y,-0.712654046017667
2026-02-27,MXN,Desvíos del modelo (z-score),Tasa 10Y,-0.6313435781196822
2026-03-02,MXN,Desvíos del modelo (z-score),Tasa 10Y,-0.6340807533294333
2026-03-03,MXN,Desvíos del modelo (z-score),Tasa 10Y,-0.5995791561635908
2026-03-04,MXN,Desvíos del modelo (z-score),Tasa 10Y,-0.7070024505621904
2026-03-05,MXN,Desvíos del modelo (z-score),Tasa 10Y,-0.49143673269414456
2026-03-06,MXN,Desvíos del modelo (z-score),Tasa 10Y,-0.5361532914691971
2026-03-09,MXN,Desvíos del modelo (z-score),Tasa 10Y,-0.30881822010362053
2026-03-10,MXN,Desvíos del modelo (z-score),Tasa 10Y,-0.47431670144502014
2026-03-11,MXN,Desvíos del modelo (z-score),Tasa 10Y,-0.5238928272492737
2026-03-12,MXN,Desvíos del modelo (z-score),Tasa 10Y,-0.2504928733112863
2026-03-13,MXN,Desvíos del modelo (z-score),Tasa 10Y,0.14187420498904826
2026-03-16,MXN,Desvíos del modelo (z-score),Tasa 10Y,0.20382294994628725
2026-03-17,MXN,Desvíos del modelo (z-score),Tasa 10Y,0.17993733051325436
2026-03-18,MXN,Desvíos del modelo (z-score),Tasa 10Y,0.13854827329358335
2026-03-19,MXN,Desvíos del modelo (z-score),Tasa 10Y,-0.001296807577496224
2026-03-20,MXN,Desvíos del modelo (z-score),Tasa 10Y,-0.06038973533228372
2026-03-23,MXN,Desvíos del modelo (z-score),Tasa 10Y,-0.31407595000990224
2026-03-24,MXN,Desvíos del modelo (z-score),Tasa 10Y,-0.47997510577194263
2026-03-25,MXN,Desvíos del modelo (z-score),Tasa 10Y,-0.8700350691341824
2026-03-26,MXN,Desvíos del modelo (z-score),Tasa 10Y,-0.7591178733872731
2026-03-27,MXN,Desvíos del modelo (z-score),Tasa 10Y,-0.6763674330266141
2026-03-30,MXN,Desvíos del modelo (z-score),Tasa 10Y,-0.24259420909201915
2026-03-31,MXN,Desvíos del modelo (z-score),Tasa 10Y,-0.2780606978735283
2026-04-01,MXN,Desvíos del modelo (z-score),Tasa 10Y,-0.6003224645950366
2026-04-02,MXN,Desvíos del modelo (z-score),Tasa 10Y,-0.47959034019441055
2026-04-06,MXN,Desvíos del modelo (z-score),Tasa 10Y,-0.378340934199446
2026-04-07,MXN,Desvíos del modelo (z-score),Tasa 10Y,-0.17093205321100657
2026-04-08,MXN,Desvíos del modelo (z-score),Tasa 10Y,-0.4700944842008294
2026-04-09,MXN,Desvíos del modelo (z-score),Tasa 10Y,-0.4321849930952104
2026-04-10,MXN,Desvíos del modelo (z-score),Tasa 10Y,-0.5448161876781847
2026-04-13,MXN,Desvíos del modelo (z-score),Tasa 10Y,-0.6419680899526646
2026-04-14,MXN,Desvíos del modelo (z-score),Tasa 10Y,-0.6181421866902781
2026-04-15,MXN,Desvíos del modelo (z-score),Tasa 10Y,-0.5464864916070123
2026-04-16,MXN,Desvíos del modelo (z-score),Tasa 10Y,-0.5916847674717147
2026-04-17,MXN,Desvíos del modelo (z-score),Tasa 10Y,-0.7587405439174427
2026-04-20,MXN,Desvíos del modelo (z-score),Tasa 10Y,-0.7724838969874721
2026-04-21,MXN,Desvíos del modelo (z-score),Tasa 10Y,-0.683234342551223
2026-04-22,MXN,Desvíos del modelo (z-score),Tasa 10Y,-0.8105034936989827
2026-04-23,MXN,Desvíos del modelo (z-score),Tasa 10Y,-0.6218316508692465
2026-04-24,MXN,Desvíos del modelo (z-score),Tasa 10Y,-0.5766430985803523
2026-04-27,MXN,Desvíos del modelo (z-score),Tasa 10Y,-0.5591865710950616
2026-04-28,MXN,Desvíos del modelo (z-score),Tasa 10Y,-0.48294526283247957
2026-04-29,MXN,Desvíos del modelo (z-score),Tasa 10Y,-0.365448232332252
2026-04-30,MXN,Desvíos del modelo (z-score),Tasa 10Y,-0.20130676418889037
2026-05-04,MXN,Desvíos del modelo (z-score),Tasa 10Y,-0.2571434605509228
2026-05-05,MXN,Desvíos del modelo (z-score),Tasa 10Y,-0.3034080730925838
2026-05-06,MXN,Desvíos del modelo (z-score),Tasa 10Y,-0.512826004964489
2026-05-07,MXN,Desvíos del modelo (z-score),Tasa 10Y,-0.5675611259259387
2026-05-08,MXN,Desvíos del modelo (z-score),Tasa 10Y,-0.4211513635237057
2026-05-11,MXN,Desvíos del modelo (z-score),Tasa 10Y,-0.3473284229044682
2026-05-12,MXN,Desvíos del modelo (z-score),Tasa 10Y,-0.4128082468716559
2026-05-13,MXN,Desvíos del modelo (z-score),Tasa 10Y,-0.5111281428049981
2026-05-14,MXN,Desvíos del modelo (z-score),Tasa 10Y,-0.4714241046319163
2026-05-15,MXN,Desvíos del modelo (z-score),Tasa 10Y,-0.4831212329142986
2026-05-18,MXN,Desvíos del modelo (z-score),Tasa 10Y,-0.40287795669340104
2026-05-19,MXN,Desvíos del modelo (z-score),Tasa 10Y,-0.42613588051460455
2026-05-20,MXN,Desvíos del modelo (z-score),Tasa 10Y,-0.5461034399674013
2026-05-22,MXN,Desvíos del modelo (z-score),Tasa 10Y,-0.3593055179950889
2026-05-25,MXN,Desvíos del modelo (z-score),Tasa 10Y,-0.5727175138514675
2026-05-26,MXN,Desvíos del modelo (z-score),Tasa 10Y,-0.4384672622170289
2026-05-27,MXN,Desvíos del modelo (z-score),Tasa 10Y,-0.45768542591931327
2026-05-28,MXN,Desvíos del modelo (z-score),Tasa 10Y,-0.5236377033617867
2026-05-29,MXN,Desvíos del modelo (z-score),Tasa 10Y,-0.4166060096666338
2026-06-01,MXN,Desvíos del modelo (z-score),Tasa 10Y,-0.6181171024762594
2025-01-02,MXN,Tasas (%),TPM,10
2025-01-03,MXN,Tasas (%),TPM,10
2025-01-06,MXN,Tasas (%),TPM,10
2025-01-07,MXN,Tasas (%),TPM,10
2025-01-08,MXN,Tasas (%),TPM,10
2025-01-09,MXN,Tasas (%),TPM,10
2025-01-10,MXN,Tasas (%),TPM,10
2025-01-13,MXN,Tasas (%),TPM,10
2025-01-14,MXN,Tasas (%),TPM,10
2025-01-15,MXN,Tasas (%),TPM,10
2025-01-16,MXN,Tasas (%),TPM,10
2025-01-17,MXN,Tasas (%),TPM,10
2025-01-20,MXN,Tasas (%),TPM,10
2025-01-21,MXN,Tasas (%),TPM,10
2025-01-22,MXN,Tasas (%),TPM,10
2025-01-23,MXN,Tasas (%),TPM,10
2025-01-24,MXN,Tasas (%),TPM,10
2025-01-27,MXN,Tasas (%),TPM,10
2025-01-28,MXN,Tasas (%),TPM,10
2025-01-29,MXN,Tasas (%),TPM,10
2025-01-30,MXN,Tasas (%),TPM,10
2025-01-31,MXN,Tasas (%),TPM,10
2025-02-03,MXN,Tasas (%),TPM,10
2025-02-04,MXN,Tasas (%),TPM,10
2025-02-05,MXN,Tasas (%),TPM,10
2025-02-06,MXN,Tasas (%),TPM,9.5
2025-02-07,MXN,Tasas (%),TPM,9.5
2025-02-10,MXN,Tasas (%),TPM,9.5
2025-02-11,MXN,Tasas (%),TPM,9.5
2025-02-12,MXN,Tasas (%),TPM,9.5
2025-02-13,MXN,Tasas (%),TPM,9.5
2025-02-14,MXN,Tasas (%),TPM,9.5
2025-02-17,MXN,Tasas (%),TPM,9.5
2025-02-18,MXN,Tasas (%),TPM,9.5
2025-02-19,MXN,Tasas (%),TPM,9.5
2025-02-20,MXN,Tasas (%),TPM,9.5
2025-02-21,MXN,Tasas (%),TPM,9.5
2025-02-24,MXN,Tasas (%),TPM,9.5
2025-02-25,MXN,Tasas (%),TPM,9.5
2025-02-26,MXN,Tasas (%),TPM,9.5
2025-02-27,MXN,Tasas (%),TPM,9.5
2025-02-28,MXN,Tasas (%),TPM,9.5
2025-03-03,MXN,Tasas (%),TPM,9.5
2025-03-04,MXN,Tasas (%),TPM,9.5
2025-03-05,MXN,Tasas (%),TPM,9.5
2025-03-06,MXN,Tasas (%),TPM,9.5
2025-03-07,MXN,Tasas (%),TPM,9.5
2025-03-10,MXN,Tasas (%),TPM,9.5
2025-03-11,MXN,Tasas (%),TPM,9.5
2025-03-12,MXN,Tasas (%),TPM,9.5
2025-03-13,MXN,Tasas (%),TPM,9.5
2025-03-14,MXN,Tasas (%),TPM,9.5
2025-03-17,MXN,Tasas (%),TPM,9.5
2025-03-18,MXN,Tasas (%),TPM,9.5
2025-03-19,MXN,Tasas (%),TPM,9.5
2025-03-20,MXN,Tasas (%),TPM,9.5
2025-03-21,MXN,Tasas (%),TPM,9.5
2025-03-24,MXN,Tasas (%),TPM,9.5
2025-03-25,MXN,Tasas (%),TPM,9.5
2025-03-26,MXN,Tasas (%),TPM,9.5
2025-03-27,MXN,Tasas (%),TPM,9
2025-03-28,MXN,Tasas (%),TPM,9
2025-03-31,MXN,Tasas (%),TPM,9
2025-04-01,MXN,Tasas (%),TPM,9
2025-04-02,MXN,Tasas (%),TPM,9
2025-04-03,MXN,Tasas (%),TPM,9
2025-04-04,MXN,Tasas (%),TPM,9
2025-04-07,MXN,Tasas (%),TPM,9
2025-04-08,MXN,Tasas (%),TPM,9
2025-04-09,MXN,Tasas (%),TPM,9
2025-04-10,MXN,Tasas (%),TPM,9
2025-04-11,MXN,Tasas (%),TPM,9
2025-04-14,MXN,Tasas (%),TPM,9
2025-04-15,MXN,Tasas (%),TPM,9
2025-04-16,MXN,Tasas (%),TPM,9
2025-04-17,MXN,Tasas (%),TPM,9
2025-04-21,MXN,Tasas (%),TPM,9
2025-04-22,MXN,Tasas (%),TPM,9
2025-04-23,MXN,Tasas (%),TPM,9
2025-04-24,MXN,Tasas (%),TPM,9
2025-04-25,MXN,Tasas (%),TPM,9
2025-04-28,MXN,Tasas (%),TPM,9
2025-04-29,MXN,Tasas (%),TPM,9
2025-04-30,MXN,Tasas (%),TPM,9
2025-05-02,MXN,Tasas (%),TPM,9
2025-05-05,MXN,Tasas (%),TPM,9
2025-05-06,MXN,Tasas (%),TPM,9
2025-05-07,MXN,Tasas (%),TPM,9
2025-05-08,MXN,Tasas (%),TPM,9
2025-05-09,MXN,Tasas (%),TPM,9
2025-05-12,MXN,Tasas (%),TPM,9
2025-05-13,MXN,Tasas (%),TPM,9
2025-05-14,MXN,Tasas (%),TPM,9
2025-05-15,MXN,Tasas (%),TPM,8.5
2025-05-16,MXN,Tasas (%),TPM,8.5
2025-05-19,MXN,Tasas (%),TPM,8.5
2025-05-20,MXN,Tasas (%),TPM,8.5
2025-05-22,MXN,Tasas (%),TPM,8.5
2025-05-23,MXN,Tasas (%),TPM,8.5
2025-05-26,MXN,Tasas (%),TPM,8.5
2025-05-27,MXN,Tasas (%),TPM,8.5
2025-05-28,MXN,Tasas (%),TPM,8.5
2025-05-29,MXN,Tasas (%),TPM,8.5
2025-05-30,MXN,Tasas (%),TPM,8.5
2025-06-02,MXN,Tasas (%),TPM,8.5
2025-06-03,MXN,Tasas (%),TPM,8.5
2025-06-04,MXN,Tasas (%),TPM,8.5
2025-06-05,MXN,Tasas (%),TPM,8.5
2025-06-06,MXN,Tasas (%),TPM,8.5
2025-06-09,MXN,Tasas (%),TPM,8.5
2025-06-10,MXN,Tasas (%),TPM,8.5
2025-06-11,MXN,Tasas (%),TPM,8.5
2025-06-12,MXN,Tasas (%),TPM,8.5
2025-06-13,MXN,Tasas (%),TPM,8.5
2025-06-16,MXN,Tasas (%),TPM,8.5
2025-06-17,MXN,Tasas (%),TPM,8.5
2025-06-18,MXN,Tasas (%),TPM,8.5
2025-06-19,MXN,Tasas (%),TPM,8.5
2025-06-23,MXN,Tasas (%),TPM,8.5
2025-06-24,MXN,Tasas (%),TPM,8.5
2025-06-25,MXN,Tasas (%),TPM,8.5
2025-06-26,MXN,Tasas (%),TPM,8
2025-06-27,MXN,Tasas (%),TPM,8
2025-06-30,MXN,Tasas (%),TPM,8
2025-07-01,MXN,Tasas (%),TPM,8
2025-07-02,MXN,Tasas (%),TPM,8
2025-07-03,MXN,Tasas (%),TPM,8
2025-07-04,MXN,Tasas (%),TPM,8
2025-07-07,MXN,Tasas (%),TPM,8
2025-07-08,MXN,Tasas (%),TPM,8
2025-07-09,MXN,Tasas (%),TPM,8
2025-07-10,MXN,Tasas (%),TPM,8
2025-07-11,MXN,Tasas (%),TPM,8
2025-07-14,MXN,Tasas (%),TPM,8
2025-07-15,MXN,Tasas (%),TPM,8
2025-07-17,MXN,Tasas (%),TPM,8
2025-07-18,MXN,Tasas (%),TPM,8
2025-07-21,MXN,Tasas (%),TPM,8
2025-07-22,MXN,Tasas (%),TPM,8
2025-07-23,MXN,Tasas (%),TPM,8
2025-07-24,MXN,Tasas (%),TPM,8
2025-07-25,MXN,Tasas (%),TPM,8
2025-07-28,MXN,Tasas (%),TPM,8
2025-07-29,MXN,Tasas (%),TPM,8
2025-07-30,MXN,Tasas (%),TPM,8
2025-07-31,MXN,Tasas (%),TPM,8
2025-08-01,MXN,Tasas (%),TPM,8
2025-08-04,MXN,Tasas (%),TPM,8
2025-08-05,MXN,Tasas (%),TPM,8
2025-08-06,MXN,Tasas (%),TPM,8
2025-08-07,MXN,Tasas (%),TPM,7.75
2025-08-08,MXN,Tasas (%),TPM,7.75
2025-08-11,MXN,Tasas (%),TPM,7.75
2025-08-12,MXN,Tasas (%),TPM,7.75
2025-08-13,MXN,Tasas (%),TPM,7.75
2025-08-14,MXN,Tasas (%),TPM,7.75
2025-08-18,MXN,Tasas (%),TPM,7.75
2025-08-19,MXN,Tasas (%),TPM,7.75
2025-08-20,MXN,Tasas (%),TPM,7.75
2025-08-21,MXN,Tasas (%),TPM,7.75
2025-08-22,MXN,Tasas (%),TPM,7.75
2025-08-25,MXN,Tasas (%),TPM,7.75
2025-08-26,MXN,Tasas (%),TPM,7.75
2025-08-27,MXN,Tasas (%),TPM,7.75
2025-08-28,MXN,Tasas (%),TPM,7.75
2025-08-29,MXN,Tasas (%),TPM,7.75
2025-09-01,MXN,Tasas (%),TPM,7.75
2025-09-02,MXN,Tasas (%),TPM,7.75
2025-09-03,MXN,Tasas (%),TPM,7.75
2025-09-04,MXN,Tasas (%),TPM,7.75
2025-09-05,MXN,Tasas (%),TPM,7.75
2025-09-08,MXN,Tasas (%),TPM,7.75
2025-09-09,MXN,Tasas (%),TPM,7.75
2025-09-10,MXN,Tasas (%),TPM,7.75
2025-09-11,MXN,Tasas (%),TPM,7.75
2025-09-12,MXN,Tasas (%),TPM,7.75
2025-09-15,MXN,Tasas (%),TPM,7.75
2025-09-16,MXN,Tasas (%),TPM,7.75
2025-09-17,MXN,Tasas (%),TPM,7.75
2025-09-22,MXN,Tasas (%),TPM,7.75
2025-09-23,MXN,Tasas (%),TPM,7.75
2025-09-24,MXN,Tasas (%),TPM,7.75
2025-09-25,MXN,Tasas (%),TPM,7.5
2025-09-26,MXN,Tasas (%),TPM,7.5
2025-09-29,MXN,Tasas (%),TPM,7.5
2025-09-30,MXN,Tasas (%),TPM,7.5
2025-10-01,MXN,Tasas (%),TPM,7.5
2025-10-02,MXN,Tasas (%),TPM,7.5
2025-10-03,MXN,Tasas (%),TPM,7.5
2025-10-06,MXN,Tasas (%),TPM,7.5
2025-10-07,MXN,Tasas (%),TPM,7.5
2025-10-08,MXN,Tasas (%),TPM,7.5
2025-10-09,MXN,Tasas (%),TPM,7.5
2025-10-10,MXN,Tasas (%),TPM,7.5
2025-10-13,MXN,Tasas (%),TPM,7.5
2025-10-14,MXN,Tasas (%),TPM,7.5
2025-10-15,MXN,Tasas (%),TPM,7.5
2025-10-16,MXN,Tasas (%),TPM,7.5
2025-10-17,MXN,Tasas (%),TPM,7.5
2025-10-20,MXN,Tasas (%),TPM,7.5
2025-10-21,MXN,Tasas (%),TPM,7.5
2025-10-22,MXN,Tasas (%),TPM,7.5
2025-10-23,MXN,Tasas (%),TPM,7.5
2025-10-24,MXN,Tasas (%),TPM,7.5
2025-10-27,MXN,Tasas (%),TPM,7.5
2025-10-28,MXN,Tasas (%),TPM,7.5
2025-10-29,MXN,Tasas (%),TPM,7.5
2025-10-30,MXN,Tasas (%),TPM,7.5
2025-11-03,MXN,Tasas (%),TPM,7.5
2025-11-04,MXN,Tasas (%),TPM,7.5
2025-11-05,MXN,Tasas (%),TPM,7.5
2025-11-06,MXN,Tasas (%),TPM,7.25
2025-11-07,MXN,Tasas (%),TPM,7.25
2025-11-10,MXN,Tasas (%),TPM,7.25
2025-11-11,MXN,Tasas (%),TPM,7.25
2025-11-12,MXN,Tasas (%),TPM,7.25
2025-11-13,MXN,Tasas (%),TPM,7.25
2025-11-14,MXN,Tasas (%),TPM,7.25
2025-11-17,MXN,Tasas (%),TPM,7.25
2025-11-18,MXN,Tasas (%),TPM,7.25
2025-11-19,MXN,Tasas (%),TPM,7.25
2025-11-20,MXN,Tasas (%),TPM,7.25
2025-11-21,MXN,Tasas (%),TPM,7.25
2025-11-24,MXN,Tasas (%),TPM,7.25
2025-11-25,MXN,Tasas (%),TPM,7.25
2025-11-26,MXN,Tasas (%),TPM,7.25
2025-11-27,MXN,Tasas (%),TPM,7.25
2025-11-28,MXN,Tasas (%),TPM,7.25
2025-12-01,MXN,Tasas (%),TPM,7.25
2025-12-02,MXN,Tasas (%),TPM,7.25
2025-12-03,MXN,Tasas (%),TPM,7.25
2025-12-04,MXN,Tasas (%),TPM,7.25
2025-12-05,MXN,Tasas (%),TPM,7.25
2025-12-09,MXN,Tasas (%),TPM,7.25
2025-12-10,MXN,Tasas (%),TPM,7.25
2025-12-11,MXN,Tasas (%),TPM,7.25
2025-12-12,MXN,Tasas (%),TPM,7.25
2025-12-15,MXN,Tasas (%),TPM,7.25
2025-12-16,MXN,Tasas (%),TPM,7.25
2025-12-17,MXN,Tasas (%),TPM,7.25
2025-12-18,MXN,Tasas (%),TPM,7
2025-12-19,MXN,Tasas (%),TPM,7
2025-12-22,MXN,Tasas (%),TPM,7
2025-12-23,MXN,Tasas (%),TPM,7
2025-12-24,MXN,Tasas (%),TPM,7
2025-12-26,MXN,Tasas (%),TPM,7
2025-12-29,MXN,Tasas (%),TPM,7
2025-12-30,MXN,Tasas (%),TPM,7
2026-01-02,MXN,Tasas (%),TPM,7
2026-01-05,MXN,Tasas (%),TPM,7
2026-01-06,MXN,Tasas (%),TPM,7
2026-01-07,MXN,Tasas (%),TPM,7
2026-01-08,MXN,Tasas (%),TPM,7
2026-01-09,MXN,Tasas (%),TPM,7
2026-01-12,MXN,Tasas (%),TPM,7
2026-01-13,MXN,Tasas (%),TPM,7
2026-01-14,MXN,Tasas (%),TPM,7
2026-01-15,MXN,Tasas (%),TPM,7
2026-01-16,MXN,Tasas (%),TPM,7
2026-01-19,MXN,Tasas (%),TPM,7
2026-01-20,MXN,Tasas (%),TPM,7
2026-01-21,MXN,Tasas (%),TPM,7
2026-01-22,MXN,Tasas (%),TPM,7
2026-01-23,MXN,Tasas (%),TPM,7
2026-01-26,MXN,Tasas (%),TPM,7
2026-01-27,MXN,Tasas (%),TPM,7
2026-01-28,MXN,Tasas (%),TPM,7
2026-01-29,MXN,Tasas (%),TPM,7
2026-01-30,MXN,Tasas (%),TPM,7
2026-02-02,MXN,Tasas (%),TPM,7
2026-02-03,MXN,Tasas (%),TPM,7
2026-02-04,MXN,Tasas (%),TPM,7
2026-02-05,MXN,Tasas (%),TPM,7
2026-02-06,MXN,Tasas (%),TPM,7
2026-02-09,MXN,Tasas (%),TPM,7
2026-02-10,MXN,Tasas (%),TPM,7
2026-02-11,MXN,Tasas (%),TPM,7
2026-02-12,MXN,Tasas (%),TPM,7
2026-02-13,MXN,Tasas (%),TPM,7
2026-02-16,MXN,Tasas (%),TPM,7
2026-02-17,MXN,Tasas (%),TPM,7
2026-02-18,MXN,Tasas (%),TPM,7
2026-02-19,MXN,Tasas (%),TPM,7
2026-02-20,MXN,Tasas (%),TPM,7
2026-02-23,MXN,Tasas (%),TPM,7
2026-02-24,MXN,Tasas (%),TPM,7
2026-02-25,MXN,Tasas (%),TPM,7
2026-02-26,MXN,Tasas (%),TPM,7
2026-02-27,MXN,Tasas (%),TPM,7
2026-03-02,MXN,Tasas (%),TPM,7
2026-03-03,MXN,Tasas (%),TPM,7
2026-03-04,MXN,Tasas (%),TPM,7
2026-03-05,MXN,Tasas (%),TPM,7
2026-03-06,MXN,Tasas (%),TPM,7
2026-03-09,MXN,Tasas (%),TPM,7
2026-03-10,MXN,Tasas (%),TPM,7
2026-03-11,MXN,Tasas (%),TPM,7
2026-03-12,MXN,Tasas (%),TPM,7
2026-03-13,MXN,Tasas (%),TPM,7
2026-03-16,MXN,Tasas (%),TPM,7
2026-03-17,MXN,Tasas (%),TPM,7
2026-03-18,MXN,Tasas (%),TPM,7
2026-03-19,MXN,Tasas (%),TPM,7
2026-03-20,MXN,Tasas (%),TPM,7
2026-03-23,MXN,Tasas (%),TPM,7
2026-03-24,MXN,Tasas (%),TPM,7
2026-03-25,MXN,Tasas (%),TPM,7
2026-03-26,MXN,Tasas (%),TPM,6.75
2026-03-27,MXN,Tasas (%),TPM,6.75
2026-03-30,MXN,Tasas (%),TPM,6.75
2026-03-31,MXN,Tasas (%),TPM,6.75
2026-04-01,MXN,Tasas (%),TPM,6.75
2026-04-02,MXN,Tasas (%),TPM,6.75
2026-04-06,MXN,Tasas (%),TPM,6.75
2026-04-07,MXN,Tasas (%),TPM,6.75
2026-04-08,MXN,Tasas (%),TPM,6.75
2026-04-09,MXN,Tasas (%),TPM,6.75
2026-04-10,MXN,Tasas (%),TPM,6.75
2026-04-13,MXN,Tasas (%),TPM,6.75
2026-04-14,MXN,Tasas (%),TPM,6.75
2026-04-15,MXN,Tasas (%),TPM,6.75
2026-04-16,MXN,Tasas (%),TPM,6.75
2026-04-17,MXN,Tasas (%),TPM,6.75
2026-04-20,MXN,Tasas (%),TPM,6.75
2026-04-21,MXN,Tasas (%),TPM,6.75
2026-04-22,MXN,Tasas (%),TPM,6.75
2026-04-23,MXN,Tasas (%),TPM,6.75
2026-04-24,MXN,Tasas (%),TPM,6.75
2026-04-27,MXN,Tasas (%),TPM,6.75
2026-04-28,MXN,Tasas (%),TPM,6.75
2026-04-29,MXN,Tasas (%),TPM,6.75
2026-04-30,MXN,Tasas (%),TPM,6.75
2026-05-04,MXN,Tasas (%),TPM,6.75
2026-05-05,MXN,Tasas (%),TPM,6.75
2026-05-06,MXN,Tasas (%),TPM,6.75
2026-05-07,MXN,Tasas (%),TPM,6.5
2026-05-08,MXN,Tasas (%),TPM,6.5
2026-05-11,MXN,Tasas (%),TPM,6.5
2026-05-12,MXN,Tasas (%),TPM,6.5
2026-05-13,MXN,Tasas (%),TPM,6.5
2026-05-14,MXN,Tasas (%),TPM,6.5
2026-05-15,MXN,Tasas (%),TPM,6.5
2026-05-18,MXN,Tasas (%),TPM,6.5
2026-05-19,MXN,Tasas (%),TPM,6.5
2026-05-20,MXN,Tasas (%),TPM,6.5
2026-05-22,MXN,Tasas (%),TPM,6.5
2026-05-25,MXN,Tasas (%),TPM,6.5
2026-05-26,MXN,Tasas (%),TPM,6.5
2026-05-27,MXN,Tasas (%),TPM,6.5
2026-05-28,MXN,Tasas (%),TPM,6.5
2026-05-29,MXN,Tasas (%),TPM,6.5
2026-06-01,MXN,Tasas (%),TPM,6.5
2025-01-02,MXN,Tasas (%),Tasa 10Y,10.31
2025-01-03,MXN,Tasas (%),Tasa 10Y,10.383
2025-01-06,MXN,Tasas (%),Tasa 10Y,10.383
2025-01-07,MXN,Tasas (%),Tasa 10Y,10.303
2025-01-08,MXN,Tasas (%),Tasa 10Y,10.279
2025-01-09,MXN,Tasas (%),Tasa 10Y,10.222
2025-01-10,MXN,Tasas (%),Tasa 10Y,10.265
2025-01-13,MXN,Tasas (%),Tasa 10Y,10.378
2025-01-14,MXN,Tasas (%),Tasa 10Y,10.395
2025-01-15,MXN,Tasas (%),Tasa 10Y,10.31
2025-01-16,MXN,Tasas (%),Tasa 10Y,10.295
2025-01-17,MXN,Tasas (%),Tasa 10Y,10.348
2025-01-20,MXN,Tasas (%),Tasa 10Y,10.348
2025-01-21,MXN,Tasas (%),Tasa 10Y,10.133
2025-01-22,MXN,Tasas (%),Tasa 10Y,10.02
2025-01-23,MXN,Tasas (%),Tasa 10Y,9.987
2025-01-24,MXN,Tasas (%),Tasa 10Y,10.002
2025-01-27,MXN,Tasas (%),Tasa 10Y,10.033
2025-01-28,MXN,Tasas (%),Tasa 10Y,10.002
2025-01-29,MXN,Tasas (%),Tasa 10Y,10.025
2025-01-30,MXN,Tasas (%),Tasa 10Y,9.96
2025-01-31,MXN,Tasas (%),Tasa 10Y,10.08
2025-02-03,MXN,Tasas (%),Tasa 10Y,10.0215
2025-02-04,MXN,Tasas (%),Tasa 10Y,9.963
2025-02-05,MXN,Tasas (%),Tasa 10Y,9.86
2025-02-06,MXN,Tasas (%),Tasa 10Y,9.76
2025-02-07,MXN,Tasas (%),Tasa 10Y,9.762
2025-02-10,MXN,Tasas (%),Tasa 10Y,9.753
2025-02-11,MXN,Tasas (%),Tasa 10Y,9.843
2025-02-12,MXN,Tasas (%),Tasa 10Y,9.91
2025-02-13,MXN,Tasas (%),Tasa 10Y,9.877
2025-02-14,MXN,Tasas (%),Tasa 10Y,9.853
2025-02-17,MXN,Tasas (%),Tasa 10Y,9.853
2025-02-18,MXN,Tasas (%),Tasa 10Y,9.85
2025-02-19,MXN,Tasas (%),Tasa 10Y,9.912
2025-02-20,MXN,Tasas (%),Tasa 10Y,9.887
2025-02-21,MXN,Tasas (%),Tasa 10Y,9.773
2025-02-24,MXN,Tasas (%),Tasa 10Y,9.725
2025-02-25,MXN,Tasas (%),Tasa 10Y,9.608
2025-02-26,MXN,Tasas (%),Tasa 10Y,9.523
2025-02-27,MXN,Tasas (%),Tasa 10Y,9.505
2025-02-28,MXN,Tasas (%),Tasa 10Y,9.48
2025-03-03,MXN,Tasas (%),Tasa 10Y,9.448
2025-03-04,MXN,Tasas (%),Tasa 10Y,9.577
2025-03-05,MXN,Tasas (%),Tasa 10Y,9.47
2025-03-06,MXN,Tasas (%),Tasa 10Y,9.475
2025-03-07,MXN,Tasas (%),Tasa 10Y,9.473
2025-03-10,MXN,Tasas (%),Tasa 10Y,9.522
2025-03-11,MXN,Tasas (%),Tasa 10Y,9.577
2025-03-12,MXN,Tasas (%),Tasa 10Y,9.582
2025-03-13,MXN,Tasas (%),Tasa 10Y,9.498
2025-03-14,MXN,Tasas (%),Tasa 10Y,9.468
2025-03-17,MXN,Tasas (%),Tasa 10Y,9.433499999999999
2025-03-18,MXN,Tasas (%),Tasa 10Y,9.399
2025-03-19,MXN,Tasas (%),Tasa 10Y,9.338
2025-03-20,MXN,Tasas (%),Tasa 10Y,9.377
2025-03-21,MXN,Tasas (%),Tasa 10Y,9.462
2025-03-24,MXN,Tasas (%),Tasa 10Y,9.488
2025-03-25,MXN,Tasas (%),Tasa 10Y,9.467
2025-03-26,MXN,Tasas (%),Tasa 10Y,9.46
2025-03-27,MXN,Tasas (%),Tasa 10Y,9.41
2025-03-28,MXN,Tasas (%),Tasa 10Y,9.352
2025-03-31,MXN,Tasas (%),Tasa 10Y,9.345
2025-04-01,MXN,Tasas (%),Tasa 10Y,9.263
2025-04-02,MXN,Tasas (%),Tasa 10Y,9.207
2025-04-03,MXN,Tasas (%),Tasa 10Y,9.013
2025-04-04,MXN,Tasas (%),Tasa 10Y,9.147
2025-04-07,MXN,Tasas (%),Tasa 10Y,9.352
2025-04-08,MXN,Tasas (%),Tasa 10Y,9.408
2025-04-09,MXN,Tasas (%),Tasa 10Y,9.363
2025-04-10,MXN,Tasas (%),Tasa 10Y,9.489
2025-04-11,MXN,Tasas (%),Tasa 10Y,9.569
2025-04-14,MXN,Tasas (%),Tasa 10Y,9.54
2025-04-15,MXN,Tasas (%),Tasa 10Y,9.54125
2025-04-16,MXN,Tasas (%),Tasa 10Y,9.5425
2025-04-17,MXN,Tasas (%),Tasa 10Y,9.54375
2025-04-21,MXN,Tasas (%),Tasa 10Y,9.545
2025-04-22,MXN,Tasas (%),Tasa 10Y,9.51
2025-04-23,MXN,Tasas (%),Tasa 10Y,9.45
2025-04-24,MXN,Tasas (%),Tasa 10Y,9.322
2025-04-25,MXN,Tasas (%),Tasa 10Y,9.278
2025-04-28,MXN,Tasas (%),Tasa 10Y,9.283
2025-04-29,MXN,Tasas (%),Tasa 10Y,9.296
2025-04-30,MXN,Tasas (%),Tasa 10Y,9.339
2025-05-02,MXN,Tasas (%),Tasa 10Y,9.394
2025-05-05,MXN,Tasas (%),Tasa 10Y,9.426
2025-05-06,MXN,Tasas (%),Tasa 10Y,9.355
2025-05-07,MXN,Tasas (%),Tasa 10Y,9.285
2025-05-08,MXN,Tasas (%),Tasa 10Y,9.335
2025-05-09,MXN,Tasas (%),Tasa 10Y,9.394
2025-05-12,MXN,Tasas (%),Tasa 10Y,9.395
2025-05-13,MXN,Tasas (%),Tasa 10Y,9.413
2025-05-14,MXN,Tasas (%),Tasa 10Y,9.519
2025-05-15,MXN,Tasas (%),Tasa 10Y,9.408
2025-05-16,MXN,Tasas (%),Tasa 10Y,9.421
2025-05-19,MXN,Tasas (%),Tasa 10Y,9.399
2025-05-20,MXN,Tasas (%),Tasa 10Y,9.378
2025-05-22,MXN,Tasas (%),Tasa 10Y,9.396
2025-05-23,MXN,Tasas (%),Tasa 10Y,9.412
2025-05-26,MXN,Tasas (%),Tasa 10Y,9.43
2025-05-27,MXN,Tasas (%),Tasa 10Y,9.372
2025-05-28,MXN,Tasas (%),Tasa 10Y,9.373
2025-05-29,MXN,Tasas (%),Tasa 10Y,9.307
2025-05-30,MXN,Tasas (%),Tasa 10Y,9.322
2025-06-02,MXN,Tasas (%),Tasa 10Y,9.325
2025-06-03,MXN,Tasas (%),Tasa 10Y,9.285
2025-06-04,MXN,Tasas (%),Tasa 10Y,9.193
2025-06-05,MXN,Tasas (%),Tasa 10Y,9.174
2025-06-06,MXN,Tasas (%),Tasa 10Y,9.186
2025-06-09,MXN,Tasas (%),Tasa 10Y,9.175
2025-06-10,MXN,Tasas (%),Tasa 10Y,9.183
2025-06-11,MXN,Tasas (%),Tasa 10Y,9.246
2025-06-12,MXN,Tasas (%),Tasa 10Y,9.249
2025-06-13,MXN,Tasas (%),Tasa 10Y,9.275
2025-06-16,MXN,Tasas (%),Tasa 10Y,9.381
2025-06-17,MXN,Tasas (%),Tasa 10Y,9.37
2025-06-18,MXN,Tasas (%),Tasa 10Y,9.354
2025-06-19,MXN,Tasas (%),Tasa 10Y,9.354
2025-06-23,MXN,Tasas (%),Tasa 10Y,9.457
2025-06-24,MXN,Tasas (%),Tasa 10Y,9.386
2025-06-25,MXN,Tasas (%),Tasa 10Y,9.337
2025-06-26,MXN,Tasas (%),Tasa 10Y,9.334
2025-06-27,MXN,Tasas (%),Tasa 10Y,9.381
2025-06-30,MXN,Tasas (%),Tasa 10Y,9.295
2025-07-01,MXN,Tasas (%),Tasa 10Y,9.299
2025-07-02,MXN,Tasas (%),Tasa 10Y,9.286
2025-07-03,MXN,Tasas (%),Tasa 10Y,9.295
2025-07-04,MXN,Tasas (%),Tasa 10Y,9.295
2025-07-07,MXN,Tasas (%),Tasa 10Y,9.37
2025-07-08,MXN,Tasas (%),Tasa 10Y,9.42
2025-07-09,MXN,Tasas (%),Tasa 10Y,9.357
2025-07-10,MXN,Tasas (%),Tasa 10Y,9.391
2025-07-11,MXN,Tasas (%),Tasa 10Y,9.431
2025-07-14,MXN,Tasas (%),Tasa 10Y,9.412
2025-07-15,MXN,Tasas (%),Tasa 10Y,9.451
2025-07-17,MXN,Tasas (%),Tasa 10Y,9.455
2025-07-18,MXN,Tasas (%),Tasa 10Y,9.487
2025-07-21,MXN,Tasas (%),Tasa 10Y,9.474
2025-07-22,MXN,Tasas (%),Tasa 10Y,9.48
2025-07-23,MXN,Tasas (%),Tasa 10Y,9.472
2025-07-24,MXN,Tasas (%),Tasa 10Y,9.486
2025-07-25,MXN,Tasas (%),Tasa 10Y,9.49
2025-07-28,MXN,Tasas (%),Tasa 10Y,9.49
2025-07-29,MXN,Tasas (%),Tasa 10Y,9.42
2025-07-30,MXN,Tasas (%),Tasa 10Y,9.415
2025-07-31,MXN,Tasas (%),Tasa 10Y,9.405
2025-08-01,MXN,Tasas (%),Tasa 10Y,9.277
2025-08-04,MXN,Tasas (%),Tasa 10Y,9.258
2025-08-05,MXN,Tasas (%),Tasa 10Y,9.235
2025-08-06,MXN,Tasas (%),Tasa 10Y,9.197
2025-08-07,MXN,Tasas (%),Tasa 10Y,9.146
2025-08-08,MXN,Tasas (%),Tasa 10Y,9.196
2025-08-11,MXN,Tasas (%),Tasa 10Y,9.162
2025-08-12,MXN,Tasas (%),Tasa 10Y,9.147
2025-08-13,MXN,Tasas (%),Tasa 10Y,9.087
2025-08-14,MXN,Tasas (%),Tasa 10Y,9.118
2025-08-18,MXN,Tasas (%),Tasa 10Y,9.136
2025-08-19,MXN,Tasas (%),Tasa 10Y,9.14
2025-08-20,MXN,Tasas (%),Tasa 10Y,9.146
2025-08-21,MXN,Tasas (%),Tasa 10Y,9.171
2025-08-22,MXN,Tasas (%),Tasa 10Y,9.015
2025-08-25,MXN,Tasas (%),Tasa 10Y,9.046
2025-08-26,MXN,Tasas (%),Tasa 10Y,9.037
2025-08-27,MXN,Tasas (%),Tasa 10Y,9.032
2025-08-28,MXN,Tasas (%),Tasa 10Y,9
2025-08-29,MXN,Tasas (%),Tasa 10Y,8.967
2025-09-01,MXN,Tasas (%),Tasa 10Y,8.968
2025-09-02,MXN,Tasas (%),Tasa 10Y,9.012
2025-09-03,MXN,Tasas (%),Tasa 10Y,8.972
2025-09-04,MXN,Tasas (%),Tasa 10Y,8.935
2025-09-05,MXN,Tasas (%),Tasa 10Y,8.89
2025-09-08,MXN,Tasas (%),Tasa 10Y,8.846
2025-09-09,MXN,Tasas (%),Tasa 10Y,8.885
2025-09-10,MXN,Tasas (%),Tasa 10Y,8.837
2025-09-11,MXN,Tasas (%),Tasa 10Y,8.735
2025-09-12,MXN,Tasas (%),Tasa 10Y,8.786
2025-09-15,MXN,Tasas (%),Tasa 10Y,8.812
2025-09-16,MXN,Tasas (%),Tasa 10Y,8.8105
2025-09-17,MXN,Tasas (%),Tasa 10Y,8.809
2025-09-22,MXN,Tasas (%),Tasa 10Y,8.759
2025-09-23,MXN,Tasas (%),Tasa 10Y,8.733
2025-09-24,MXN,Tasas (%),Tasa 10Y,8.714
2025-09-25,MXN,Tasas (%),Tasa 10Y,8.757
2025-09-26,MXN,Tasas (%),Tasa 10Y,8.817
2025-09-29,MXN,Tasas (%),Tasa 10Y,8.801
2025-09-30,MXN,Tasas (%),Tasa 10Y,8.816
2025-10-01,MXN,Tasas (%),Tasa 10Y,8.832
2025-10-02,MXN,Tasas (%),Tasa 10Y,8.823
2025-10-03,MXN,Tasas (%),Tasa 10Y,8.84
2025-10-06,MXN,Tasas (%),Tasa 10Y,8.855
2025-10-07,MXN,Tasas (%),Tasa 10Y,8.852
2025-10-08,MXN,Tasas (%),Tasa 10Y,8.842
2025-10-09,MXN,Tasas (%),Tasa 10Y,8.778
2025-10-10,MXN,Tasas (%),Tasa 10Y,8.745
2025-10-13,MXN,Tasas (%),Tasa 10Y,8.745
2025-10-14,MXN,Tasas (%),Tasa 10Y,8.738
2025-10-15,MXN,Tasas (%),Tasa 10Y,8.7
2025-10-16,MXN,Tasas (%),Tasa 10Y,8.687
2025-10-17,MXN,Tasas (%),Tasa 10Y,8.742
2025-10-20,MXN,Tasas (%),Tasa 10Y,8.767
2025-10-21,MXN,Tasas (%),Tasa 10Y,8.71
2025-10-22,MXN,Tasas (%),Tasa 10Y,8.702
2025-10-23,MXN,Tasas (%),Tasa 10Y,8.743
2025-10-24,MXN,Tasas (%),Tasa 10Y,8.807
2025-10-27,MXN,Tasas (%),Tasa 10Y,8.776
2025-10-28,MXN,Tasas (%),Tasa 10Y,8.747
2025-10-29,MXN,Tasas (%),Tasa 10Y,8.818
2025-10-30,MXN,Tasas (%),Tasa 10Y,8.839
2025-11-03,MXN,Tasas (%),Tasa 10Y,8.852
2025-11-04,MXN,Tasas (%),Tasa 10Y,8.854
2025-11-05,MXN,Tasas (%),Tasa 10Y,8.878
2025-11-06,MXN,Tasas (%),Tasa 10Y,8.873
2025-11-07,MXN,Tasas (%),Tasa 10Y,8.923
2025-11-10,MXN,Tasas (%),Tasa 10Y,8.959
2025-11-11,MXN,Tasas (%),Tasa 10Y,8.959
2025-11-12,MXN,Tasas (%),Tasa 10Y,8.922
2025-11-13,MXN,Tasas (%),Tasa 10Y,8.917
2025-11-14,MXN,Tasas (%),Tasa 10Y,8.929
2025-11-17,MXN,Tasas (%),Tasa 10Y,8.9185
2025-11-18,MXN,Tasas (%),Tasa 10Y,8.908
2025-11-19,MXN,Tasas (%),Tasa 10Y,8.93
2025-11-20,MXN,Tasas (%),Tasa 10Y,8.937
2025-11-21,MXN,Tasas (%),Tasa 10Y,8.984
2025-11-24,MXN,Tasas (%),Tasa 10Y,8.997
2025-11-25,MXN,Tasas (%),Tasa 10Y,8.963
2025-11-26,MXN,Tasas (%),Tasa 10Y,8.907
2025-11-27,MXN,Tasas (%),Tasa 10Y,8.907
2025-11-28,MXN,Tasas (%),Tasa 10Y,8.909
2025-12-01,MXN,Tasas (%),Tasa 10Y,8.95
2025-12-02,MXN,Tasas (%),Tasa 10Y,8.897
2025-12-03,MXN,Tasas (%),Tasa 10Y,8.85
2025-12-04,MXN,Tasas (%),Tasa 10Y,8.86
2025-12-05,MXN,Tasas (%),Tasa 10Y,8.893
2025-12-09,MXN,Tasas (%),Tasa 10Y,9.128
2025-12-10,MXN,Tasas (%),Tasa 10Y,9.11
2025-12-11,MXN,Tasas (%),Tasa 10Y,9.1
2025-12-12,MXN,Tasas (%),Tasa 10Y,9.1265
2025-12-15,MXN,Tasas (%),Tasa 10Y,9.153
2025-12-16,MXN,Tasas (%),Tasa 10Y,9.12
2025-12-17,MXN,Tasas (%),Tasa 10Y,9.08
2025-12-18,MXN,Tasas (%),Tasa 10Y,9.068
2025-12-19,MXN,Tasas (%),Tasa 10Y,9.065
2025-12-22,MXN,Tasas (%),Tasa 10Y,9.15
2025-12-23,MXN,Tasas (%),Tasa 10Y,9.147
2025-12-24,MXN,Tasas (%),Tasa 10Y,9.16
2025-12-26,MXN,Tasas (%),Tasa 10Y,9.184
2025-12-29,MXN,Tasas (%),Tasa 10Y,9.189
2025-12-30,MXN,Tasas (%),Tasa 10Y,9.146
2026-01-02,MXN,Tasas (%),Tasa 10Y,9.077
2026-01-05,MXN,Tasas (%),Tasa 10Y,9.003
2026-01-06,MXN,Tasas (%),Tasa 10Y,8.917
2026-01-07,MXN,Tasas (%),Tasa 10Y,8.865
2026-01-08,MXN,Tasas (%),Tasa 10Y,8.91
2026-01-09,MXN,Tasas (%),Tasa 10Y,8.97
2026-01-12,MXN,Tasas (%),Tasa 10Y,8.963
2026-01-13,MXN,Tasas (%),Tasa 10Y,8.979
2026-01-14,MXN,Tasas (%),Tasa 10Y,8.97
2026-01-15,MXN,Tasas (%),Tasa 10Y,9.007
2026-01-16,MXN,Tasas (%),Tasa 10Y,9.089
2026-01-19,MXN,Tasas (%),Tasa 10Y,9.09
2026-01-20,MXN,Tasas (%),Tasa 10Y,9.21
2026-01-21,MXN,Tasas (%),Tasa 10Y,9.082
2026-01-22,MXN,Tasas (%),Tasa 10Y,8.97
2026-01-23,MXN,Tasas (%),Tasa 10Y,8.953
2026-01-26,MXN,Tasas (%),Tasa 10Y,8.977
2026-01-27,MXN,Tasas (%),Tasa 10Y,8.927
2026-01-28,MXN,Tasas (%),Tasa 10Y,8.894
2026-01-29,MXN,Tasas (%),Tasa 10Y,8.827
2026-01-30,MXN,Tasas (%),Tasa 10Y,8.864
2026-02-02,MXN,Tasas (%),Tasa 10Y,8.872
2026-02-03,MXN,Tasas (%),Tasa 10Y,8.88
2026-02-04,MXN,Tasas (%),Tasa 10Y,8.91
2026-02-05,MXN,Tasas (%),Tasa 10Y,8.843
2026-02-06,MXN,Tasas (%),Tasa 10Y,8.787
2026-02-09,MXN,Tasas (%),Tasa 10Y,8.792
2026-02-10,MXN,Tasas (%),Tasa 10Y,8.738
2026-02-11,MXN,Tasas (%),Tasa 10Y,8.742
2026-02-12,MXN,Tasas (%),Tasa 10Y,8.701
2026-02-13,MXN,Tasas (%),Tasa 10Y,8.717
2026-02-16,MXN,Tasas (%),Tasa 10Y,8.717
2026-02-17,MXN,Tasas (%),Tasa 10Y,8.74
2026-02-18,MXN,Tasas (%),Tasa 10Y,8.752
2026-02-19,MXN,Tasas (%),Tasa 10Y,8.762
2026-02-20,MXN,Tasas (%),Tasa 10Y,8.838
2026-02-23,MXN,Tasas (%),Tasa 10Y,8.78
2026-02-24,MXN,Tasas (%),Tasa 10Y,8.735
2026-02-25,MXN,Tasas (%),Tasa 10Y,8.673
2026-02-26,MXN,Tasas (%),Tasa 10Y,8.65
2026-02-27,MXN,Tasas (%),Tasa 10Y,8.66
2026-03-02,MXN,Tasas (%),Tasa 10Y,8.797
2026-03-03,MXN,Tasas (%),Tasa 10Y,8.887
2026-03-04,MXN,Tasas (%),Tasa 10Y,8.817
2026-03-05,MXN,Tasas (%),Tasa 10Y,8.988
2026-03-06,MXN,Tasas (%),Tasa 10Y,9.037
2026-03-09,MXN,Tasas (%),Tasa 10Y,9.087
2026-03-10,MXN,Tasas (%),Tasa 10Y,8.993
2026-03-11,MXN,Tasas (%),Tasa 10Y,9.033
2026-03-12,MXN,Tasas (%),Tasa 10Y,9.221
2026-03-13,MXN,Tasas (%),Tasa 10Y,9.431
2026-03-16,MXN,Tasas (%),Tasa 10Y,9.3795
2026-03-17,MXN,Tasas (%),Tasa 10Y,9.328
2026-03-18,MXN,Tasas (%),Tasa 10Y,9.398
2026-03-19,MXN,Tasas (%),Tasa 10Y,9.33
2026-03-20,MXN,Tasas (%),Tasa 10Y,9.445
2026-03-23,MXN,Tasas (%),Tasa 10Y,9.287
2026-03-24,MXN,Tasas (%),Tasa 10Y,9.249
2026-03-25,MXN,Tasas (%),Tasa 10Y,9.04
2026-03-26,MXN,Tasas (%),Tasa 10Y,9.183
2026-03-27,MXN,Tasas (%),Tasa 10Y,9.277
2026-03-30,MXN,Tasas (%),Tasa 10Y,9.397
2026-03-31,MXN,Tasas (%),Tasa 10Y,9.29
2026-04-01,MXN,Tasas (%),Tasa 10Y,9.11
2026-04-02,MXN,Tasas (%),Tasa 10Y,9.1665
2026-04-06,MXN,Tasas (%),Tasa 10Y,9.223
2026-04-07,MXN,Tasas (%),Tasa 10Y,9.28
2026-04-08,MXN,Tasas (%),Tasa 10Y,9.047
2026-04-09,MXN,Tasas (%),Tasa 10Y,9.032
2026-04-10,MXN,Tasas (%),Tasa 10Y,9.015
2026-04-13,MXN,Tasas (%),Tasa 10Y,8.963
2026-04-14,MXN,Tasas (%),Tasa 10Y,8.893
2026-04-15,MXN,Tasas (%),Tasa 10Y,8.977
2026-04-16,MXN,Tasas (%),Tasa 10Y,8.979
2026-04-17,MXN,Tasas (%),Tasa 10Y,8.853
2026-04-20,MXN,Tasas (%),Tasa 10Y,8.862
2026-04-21,MXN,Tasas (%),Tasa 10Y,8.944
2026-04-22,MXN,Tasas (%),Tasa 10Y,8.906
2026-04-23,MXN,Tasas (%),Tasa 10Y,9.025
2026-04-24,MXN,Tasas (%),Tasa 10Y,9.035
2026-04-27,MXN,Tasas (%),Tasa 10Y,9.05
2026-04-28,MXN,Tasas (%),Tasa 10Y,9.095
2026-04-29,MXN,Tasas (%),Tasa 10Y,9.227
2026-04-30,MXN,Tasas (%),Tasa 10Y,9.211
2026-05-04,MXN,Tasas (%),Tasa 10Y,9.27
2026-05-05,MXN,Tasas (%),Tasa 10Y,9.219
2026-05-06,MXN,Tasas (%),Tasa 10Y,9.049
2026-05-07,MXN,Tasas (%),Tasa 10Y,9.052
2026-05-08,MXN,Tasas (%),Tasa 10Y,9.098
2026-05-11,MXN,Tasas (%),Tasa 10Y,9.198
2026-05-12,MXN,Tasas (%),Tasa 10Y,9.214
2026-05-13,MXN,Tasas (%),Tasa 10Y,9.194
2026-05-14,MXN,Tasas (%),Tasa 10Y,9.216
2026-05-15,MXN,Tasas (%),Tasa 10Y,9.348
2026-05-18,MXN,Tasas (%),Tasa 10Y,9.37
2026-05-19,MXN,Tasas (%),Tasa 10Y,9.455
2026-05-20,MXN,Tasas (%),Tasa 10Y,9.327
2026-05-22,MXN,Tasas (%),Tasa 10Y,9.368
2026-05-25,MXN,Tasas (%),Tasa 10Y,9.233
2026-05-26,MXN,Tasas (%),Tasa 10Y,9.271
2026-05-27,MXN,Tasas (%),Tasa 10Y,9.248
2026-05-28,MXN,Tasas (%),Tasa 10Y,9.175
2026-05-29,MXN,Tasas (%),Tasa 10Y,9.183
2026-06-01,MXN,Tasas (%),Tasa 10Y,9.129
2025-01-02,PEN,Desvíos del modelo (z-score),FX,-0.04103268954772977
2025-01-03,PEN,Desvíos del modelo (z-score),FX,0.0781971909463424
2025-01-06,PEN,Desvíos del modelo (z-score),FX,0.3896821885037121
2025-01-07,PEN,Desvíos del modelo (z-score),FX,0.5650922936595838
2025-01-08,PEN,Desvíos del modelo (z-score),FX,0.4230619388766774
2025-01-09,PEN,Desvíos del modelo (z-score),FX,0.37908930153491394
2025-01-10,PEN,Desvíos del modelo (z-score),FX,0.3601276763195617
2025-01-13,PEN,Desvíos del modelo (z-score),FX,0.20190941897453332
2025-01-14,PEN,Desvíos del modelo (z-score),FX,0.4457545780390188
2025-01-15,PEN,Desvíos del modelo (z-score),FX,0.14091210554932915
2025-01-16,PEN,Desvíos del modelo (z-score),FX,0.06796457025270869
2025-01-17,PEN,Desvíos del modelo (z-score),FX,-0.09865395628897844
2025-01-20,PEN,Desvíos del modelo (z-score),FX,-0.2284330299499933
2025-01-21,PEN,Desvíos del modelo (z-score),FX,-0.24214023657420997
2025-01-22,PEN,Desvíos del modelo (z-score),FX,-0.19946017345385122
2025-01-23,PEN,Desvíos del modelo (z-score),FX,-0.17775438371057306
2025-01-24,PEN,Desvíos del modelo (z-score),FX,-0.10461481901630809
2025-01-27,PEN,Desvíos del modelo (z-score),FX,0.09616024361348234
2025-01-28,PEN,Desvíos del modelo (z-score),FX,-0.1389685555088161
2025-01-29,PEN,Desvíos del modelo (z-score),FX,-0.12986031784878008
2025-01-30,PEN,Desvíos del modelo (z-score),FX,-0.07956008959123195
2025-01-31,PEN,Desvíos del modelo (z-score),FX,-0.12481317591332028
2025-02-03,PEN,Desvíos del modelo (z-score),FX,-0.3892712332120809
2025-02-04,PEN,Desvíos del modelo (z-score),FX,-0.27007188376527735
2025-02-05,PEN,Desvíos del modelo (z-score),FX,-0.05153673373303884
2025-02-06,PEN,Desvíos del modelo (z-score),FX,-0.11350910735669421
2025-02-07,PEN,Desvíos del modelo (z-score),FX,0.06769426320613471
2025-02-10,PEN,Desvíos del modelo (z-score),FX,0.004360089932325792
2025-02-11,PEN,Desvíos del modelo (z-score),FX,-0.11112624944679306
2025-02-12,PEN,Desvíos del modelo (z-score),FX,0.18876778336927225
2025-02-13,PEN,Desvíos del modelo (z-score),FX,0.09784738185533452
2025-02-14,PEN,Desvíos del modelo (z-score),FX,-0.022781037165032002
2025-02-17,PEN,Desvíos del modelo (z-score),FX,-0.1489829700612172
2025-02-18,PEN,Desvíos del modelo (z-score),FX,-0.1743205847736847
2025-02-19,PEN,Desvíos del modelo (z-score),FX,-0.19954382726911912
2025-02-20,PEN,Desvíos del modelo (z-score),FX,-0.28084205335844326
2025-02-21,PEN,Desvíos del modelo (z-score),FX,-0.3966769489326919
2025-02-24,PEN,Desvíos del modelo (z-score),FX,-0.49079468136468146
2025-02-25,PEN,Desvíos del modelo (z-score),FX,-0.6208986469723616
2025-02-26,PEN,Desvíos del modelo (z-score),FX,-0.657947564717886
2025-02-27,PEN,Desvíos del modelo (z-score),FX,-0.7906306395827641
2025-02-28,PEN,Desvíos del modelo (z-score),FX,-1.0065299788143398
2025-03-03,PEN,Desvíos del modelo (z-score),FX,-0.8816348646366159
2025-03-04,PEN,Desvíos del modelo (z-score),FX,-0.665904396979464
2025-03-05,PEN,Desvíos del modelo (z-score),FX,-0.5927751762091651
2025-03-06,PEN,Desvíos del modelo (z-score),FX,-0.4959627167166878
2025-03-07,PEN,Desvíos del modelo (z-score),FX,-0.44398775488446457
2025-03-10,PEN,Desvíos del modelo (z-score),FX,-0.521732961609612
2025-03-11,PEN,Desvíos del modelo (z-score),FX,-0.31951464238456767
2025-03-12,PEN,Desvíos del modelo (z-score),FX,-0.3246729786782483
2025-03-13,PEN,Desvíos del modelo (z-score),FX,-0.29544880496479975
2025-03-14,PEN,Desvíos del modelo (z-score),FX,-0.2455898387169634
2025-03-17,PEN,Desvíos del modelo (z-score),FX,-0.2701817958974207
2025-03-18,PEN,Desvíos del modelo (z-score),FX,-0.3882171784191723
2025-03-19,PEN,Desvíos del modelo (z-score),FX,-0.6309912725852028
2025-03-20,PEN,Desvíos del modelo (z-score),FX,-0.7961327888587869
2025-03-21,PEN,Desvíos del modelo (z-score),FX,-0.7932733212071382
2025-03-24,PEN,Desvíos del modelo (z-score),FX,-0.5998822296414209
2025-03-25,PEN,Desvíos del modelo (z-score),FX,-0.5179488072185203
2025-03-26,PEN,Desvíos del modelo (z-score),FX,-0.5704891653861903
2025-03-27,PEN,Desvíos del modelo (z-score),FX,-0.5646695047703342
2025-03-28,PEN,Desvíos del modelo (z-score),FX,-0.6041775211262039
2025-03-31,PEN,Desvíos del modelo (z-score),FX,-0.5831996578290588
2025-04-01,PEN,Desvíos del modelo (z-score),FX,-0.6113050757165464
2025-04-02,PEN,Desvíos del modelo (z-score),FX,-0.5268880051772885
2025-04-03,PEN,Desvíos del modelo (z-score),FX,-0.07863701930042026
2025-04-04,PEN,Desvíos del modelo (z-score),FX,-0.1523598877653017
2025-04-07,PEN,Desvíos del modelo (z-score),FX,0.12808983009082472
2025-04-08,PEN,Desvíos del modelo (z-score),FX,0.9943971381074926
2025-04-09,PEN,Desvíos del modelo (z-score),FX,1.1986058060735727
2025-04-10,PEN,Desvíos del modelo (z-score),FX,1.6742449995183475
2025-04-11,PEN,Desvíos del modelo (z-score),FX,2.1852677724971143
2025-04-14,PEN,Desvíos del modelo (z-score),FX,1.9981234177550806
2025-04-15,PEN,Desvíos del modelo (z-score),FX,2.148354800417032
2025-04-16,PEN,Desvíos del modelo (z-score),FX,2.1458457286112043
2025-04-17,PEN,Desvíos del modelo (z-score),FX,1.9247638974582801
2025-04-21,PEN,Desvíos del modelo (z-score),FX,1.9694967981220393
2025-04-22,PEN,Desvíos del modelo (z-score),FX,1.9345099007646183
2025-04-23,PEN,Desvíos del modelo (z-score),FX,1.8008796276330306
2025-04-24,PEN,Desvíos del modelo (z-score),FX,1.3898336237927442
2025-04-25,PEN,Desvíos del modelo (z-score),FX,1.0184614945167898
2025-04-28,PEN,Desvíos del modelo (z-score),FX,1.0895683677909442
2025-04-29,PEN,Desvíos del modelo (z-score),FX,1.0383193636654808
2025-04-30,PEN,Desvíos del modelo (z-score),FX,1.2219582413842176
2025-05-02,PEN,Desvíos del modelo (z-score),FX,1.1516218175815383
2025-05-05,PEN,Desvíos del modelo (z-score),FX,1.5192948773930897
2025-05-06,PEN,Desvíos del modelo (z-score),FX,1.2805734669336586
2025-05-07,PEN,Desvíos del modelo (z-score),FX,1.2457941311134109
2025-05-08,PEN,Desvíos del modelo (z-score),FX,1.0425261598381876
2025-05-09,PEN,Desvíos del modelo (z-score),FX,1.0818675442436774
2025-05-12,PEN,Desvíos del modelo (z-score),FX,0.7985163271269407
2025-05-13,PEN,Desvíos del modelo (z-score),FX,0.6778357082130227
2025-05-14,PEN,Desvíos del modelo (z-score),FX,1.229863651593033
2025-05-15,PEN,Desvíos del modelo (z-score),FX,1.1431588960122478
2025-05-16,PEN,Desvíos del modelo (z-score),FX,1.2240344092783064
2025-05-19,PEN,Desvíos del modelo (z-score),FX,1.3068521345741198
2025-05-20,PEN,Desvíos del modelo (z-score),FX,1.6166733771628772
2025-05-22,PEN,Desvíos del modelo (z-score),FX,1.5175221399585284
2025-05-23,PEN,Desvíos del modelo (z-score),FX,1.5064559589075202
2025-05-26,PEN,Desvíos del modelo (z-score),FX,1.5777868668171893
2025-05-27,PEN,Desvíos del modelo (z-score),FX,1.2915105708922987
2025-05-28,PEN,Desvíos del modelo (z-score),FX,1.2487606424235134
2025-05-29,PEN,Desvíos del modelo (z-score),FX,1.0112696757660526
2025-05-30,PEN,Desvíos del modelo (z-score),FX,1.025659669577336
2025-06-02,PEN,Desvíos del modelo (z-score),FX,1.2367519044961934
2025-06-03,PEN,Desvíos del modelo (z-score),FX,1.182638623752471
2025-06-04,PEN,Desvíos del modelo (z-score),FX,0.9672695510998152
2025-06-05,PEN,Desvíos del modelo (z-score),FX,1.2032122364613487
2025-06-06,PEN,Desvíos del modelo (z-score),FX,1.4670281963170448
2025-06-09,PEN,Desvíos del modelo (z-score),FX,1.3855751186877694
2025-06-10,PEN,Desvíos del modelo (z-score),FX,1.2630772967805426
2025-06-11,PEN,Desvíos del modelo (z-score),FX,1.036832868941117
2025-06-12,PEN,Desvíos del modelo (z-score),FX,1.097147695890697
2025-06-13,PEN,Desvíos del modelo (z-score),FX,0.9314190124280587
2025-06-16,PEN,Desvíos del modelo (z-score),FX,1.0290019702235198
2025-06-17,PEN,Desvíos del modelo (z-score),FX,0.9253573286955188
2025-06-18,PEN,Desvíos del modelo (z-score),FX,0.6183974045040369
2025-06-19,PEN,Desvíos del modelo (z-score),FX,0.513095173849697
2025-06-23,PEN,Desvíos del modelo (z-score),FX,0.49079388026266213
2025-06-24,PEN,Desvíos del modelo (z-score),FX,0.5020536005677892
2025-06-25,PEN,Desvíos del modelo (z-score),FX,0.44101726467543884
2025-06-26,PEN,Desvíos del modelo (z-score),FX,0.5324754158222403
2025-06-27,PEN,Desvíos del modelo (z-score),FX,0.2786102780819306
2025-06-30,PEN,Desvíos del modelo (z-score),FX,0.11452509871062276
2025-07-01,PEN,Desvíos del modelo (z-score),FX,0.4550163450402646
2025-07-02,PEN,Desvíos del modelo (z-score),FX,0.42355469521181144
2025-07-03,PEN,Desvíos del modelo (z-score),FX,0.4637461123050311
2025-07-04,PEN,Desvíos del modelo (z-score),FX,0.5621868240732991
2025-07-07,PEN,Desvíos del modelo (z-score),FX,0.6521464011753091
2025-07-08,PEN,Desvíos del modelo (z-score),FX,0.610016288809385
2025-07-09,PEN,Desvíos del modelo (z-score),FX,0.4334555463798298
2025-07-10,PEN,Desvíos del modelo (z-score),FX,0.5901778001939039
2025-07-11,PEN,Desvíos del modelo (z-score),FX,0.6476550053551696
2025-07-14,PEN,Desvíos del modelo (z-score),FX,0.8486484172983353
2025-07-15,PEN,Desvíos del modelo (z-score),FX,0.9146660375987752
2025-07-17,PEN,Desvíos del modelo (z-score),FX,0.5936301117646271
2025-07-18,PEN,Desvíos del modelo (z-score),FX,0.7712298412722862
2025-07-21,PEN,Desvíos del modelo (z-score),FX,0.8539604302696382
2025-07-22,PEN,Desvíos del modelo (z-score),FX,0.9062085134350203
2025-07-23,PEN,Desvíos del modelo (z-score),FX,0.9453809481812083
2025-07-24,PEN,Desvíos del modelo (z-score),FX,0.9017143963958701
2025-07-25,PEN,Desvíos del modelo (z-score),FX,0.8142843686141075
2025-07-28,PEN,Desvíos del modelo (z-score),FX,0.7455209053377452
2025-07-29,PEN,Desvíos del modelo (z-score),FX,0.4893923429112294
2025-07-30,PEN,Desvíos del modelo (z-score),FX,0.5289839986636398
2025-07-31,PEN,Desvíos del modelo (z-score),FX,0.576926319495397
2025-08-01,PEN,Desvíos del modelo (z-score),FX,0.45256111576842195
2025-08-04,PEN,Desvíos del modelo (z-score),FX,0.6628763368073164
2025-08-05,PEN,Desvíos del modelo (z-score),FX,0.6797002485297434
2025-08-06,PEN,Desvíos del modelo (z-score),FX,0.760431658808762
2025-08-07,PEN,Desvíos del modelo (z-score),FX,0.8819597742424143
2025-08-08,PEN,Desvíos del modelo (z-score),FX,0.7724845331902811
2025-08-11,PEN,Desvíos del modelo (z-score),FX,0.7348892729193934
2025-08-12,PEN,Desvíos del modelo (z-score),FX,0.6494134350825904
2025-08-13,PEN,Desvíos del modelo (z-score),FX,0.9142035195905809
2025-08-14,PEN,Desvíos del modelo (z-score),FX,1.0152505975239512
2025-08-18,PEN,Desvíos del modelo (z-score),FX,1.145639714115921
2025-08-19,PEN,Desvíos del modelo (z-score),FX,0.8871455570438392
2025-08-20,PEN,Desvíos del modelo (z-score),FX,0.8728998598505879
2025-08-21,PEN,Desvíos del modelo (z-score),FX,1.0208736351438612
2025-08-22,PEN,Desvíos del modelo (z-score),FX,0.8011311389100498
2025-08-25,PEN,Desvíos del modelo (z-score),FX,0.9910741844054692
2025-08-26,PEN,Desvíos del modelo (z-score),FX,1.0867280218987159
2025-08-27,PEN,Desvíos del modelo (z-score),FX,1.0873946389028817
2025-08-28,PEN,Desvíos del modelo (z-score),FX,1.0331994831415705
2025-08-29,PEN,Desvíos del modelo (z-score),FX,1.0701501342539654
2025-09-01,PEN,Desvíos del modelo (z-score),FX,1.1575686151038087
2025-09-02,PEN,Desvíos del modelo (z-score),FX,1.113956400293785
2025-09-03,PEN,Desvíos del modelo (z-score),FX,1.0331213223317828
2025-09-04,PEN,Desvíos del modelo (z-score),FX,0.7415007311844982
2025-09-05,PEN,Desvíos del modelo (z-score),FX,0.8413233431035748
2025-09-08,PEN,Desvíos del modelo (z-score),FX,0.8138396382810267
2025-09-09,PEN,Desvíos del modelo (z-score),FX,0.7331809519660768
2025-09-10,PEN,Desvíos del modelo (z-score),FX,0.4765147459724805
2025-09-11,PEN,Desvíos del modelo (z-score),FX,0.4495149374761974
2025-09-12,PEN,Desvíos del modelo (z-score),FX,0.6637666954240982
2025-09-15,PEN,Desvíos del modelo (z-score),FX,0.7385647686051046
2025-09-16,PEN,Desvíos del modelo (z-score),FX,0.61632652981643
2025-09-17,PEN,Desvíos del modelo (z-score),FX,0.6814682372304944
2025-09-22,PEN,Desvíos del modelo (z-score),FX,1.0687176888781007
2025-09-23,PEN,Desvíos del modelo (z-score),FX,1.0271002021910158
2025-09-24,PEN,Desvíos del modelo (z-score),FX,0.9839871296602649
2025-09-25,PEN,Desvíos del modelo (z-score),FX,0.9857340034836052
2025-09-26,PEN,Desvíos del modelo (z-score),FX,0.6838308661843574
2025-09-29,PEN,Desvíos del modelo (z-score),FX,0.7489138859350873
2025-09-30,PEN,Desvíos del modelo (z-score),FX,0.7318097030321695
2025-10-01,PEN,Desvíos del modelo (z-score),FX,0.6538948873462158
2025-10-02,PEN,Desvíos del modelo (z-score),FX,0.8566007239637227
2025-10-03,PEN,Desvíos del modelo (z-score),FX,0.6593006512634707
2025-10-06,PEN,Desvíos del modelo (z-score),FX,0.5155954779967481
2025-10-07,PEN,Desvíos del modelo (z-score),FX,0.2455092087103288
2025-10-08,PEN,Desvíos del modelo (z-score),FX,0.1491848735781317
2025-10-09,PEN,Desvíos del modelo (z-score),FX,0.03305071160983343
2025-10-10,PEN,Desvíos del modelo (z-score),FX,-0.047172911480383974
2025-10-13,PEN,Desvíos del modelo (z-score),FX,-0.14825687873203003
2025-10-14,PEN,Desvíos del modelo (z-score),FX,-0.21142216156990848
2025-10-15,PEN,Desvíos del modelo (z-score),FX,-0.27057976974813236
2025-10-16,PEN,Desvíos del modelo (z-score),FX,-0.21646361661827984
2025-10-17,PEN,Desvíos del modelo (z-score),FX,-0.549920922735741
2025-10-20,PEN,Desvíos del modelo (z-score),FX,-0.658555922504553
2025-10-21,PEN,Desvíos del modelo (z-score),FX,-0.8615436421047173
2025-10-22,PEN,Desvíos del modelo (z-score),FX,-0.7814496970170905
2025-10-23,PEN,Desvíos del modelo (z-score),FX,-0.8299358824914786
2025-10-24,PEN,Desvíos del modelo (z-score),FX,-1.011770401742955
2025-10-27,PEN,Desvíos del modelo (z-score),FX,-1.1739079037817974
2025-10-28,PEN,Desvíos del modelo (z-score),FX,-1.081882847891943
2025-10-29,PEN,Desvíos del modelo (z-score),FX,-0.9116722598064282
2025-10-30,PEN,Desvíos del modelo (z-score),FX,-0.9768637452688411
2025-11-03,PEN,Desvíos del modelo (z-score),FX,-1.3555667150537194
2025-11-04,PEN,Desvíos del modelo (z-score),FX,-1.343053337840995
2025-11-05,PEN,Desvíos del modelo (z-score),FX,-1.2404215041737674
2025-11-06,PEN,Desvíos del modelo (z-score),FX,-1.1892166446314107
2025-11-07,PEN,Desvíos del modelo (z-score),FX,-1.1134168102734794
2025-11-10,PEN,Desvíos del modelo (z-score),FX,-0.9572823088348219
2025-11-11,PEN,Desvíos del modelo (z-score),FX,-1.0741905001215732
2025-11-12,PEN,Desvíos del modelo (z-score),FX,-0.9679307515971398
2025-11-13,PEN,Desvíos del modelo (z-score),FX,-0.9386021737533916
2025-11-14,PEN,Desvíos del modelo (z-score),FX,-1.003110504303017
2025-11-17,PEN,Desvíos del modelo (z-score),FX,-1.137353362547822
2025-11-18,PEN,Desvíos del modelo (z-score),FX,-1.1572636791783704
2025-11-19,PEN,Desvíos del modelo (z-score),FX,-0.9257640148486953
2025-11-20,PEN,Desvíos del modelo (z-score),FX,-1.1454444956377967
2025-11-21,PEN,Desvíos del modelo (z-score),FX,-1.2068837003635133
2025-11-24,PEN,Desvíos del modelo (z-score),FX,-1.2026998648707092
2025-11-25,PEN,Desvíos del modelo (z-score),FX,-1.3107320430884246
2025-11-26,PEN,Desvíos del modelo (z-score),FX,-1.3196615414762614
2025-11-27,PEN,Desvíos del modelo (z-score),FX,-1.2639627659614838
2025-11-28,PEN,Desvíos del modelo (z-score),FX,-1.321312779945312
2025-12-01,PEN,Desvíos del modelo (z-score),FX,-1.0197252623957618
2025-12-02,PEN,Desvíos del modelo (z-score),FX,-1.2219979639523533
2025-12-03,PEN,Desvíos del modelo (z-score),FX,-1.2799020727920867
2025-12-04,PEN,Desvíos del modelo (z-score),FX,-1.2598796044924676
2025-12-05,PEN,Desvíos del modelo (z-score),FX,-1.2295327011260837
2025-12-09,PEN,Desvíos del modelo (z-score),FX,-1.0179082660752397
2025-12-10,PEN,Desvíos del modelo (z-score),FX,-1.0698351514407678
2025-12-11,PEN,Desvíos del modelo (z-score),FX,-0.8619268447271878
2025-12-12,PEN,Desvíos del modelo (z-score),FX,-0.7539824953898875
2025-12-15,PEN,Desvíos del modelo (z-score),FX,-0.7889412536187879
2025-12-16,PEN,Desvíos del modelo (z-score),FX,-0.7160265328070587
2025-12-17,PEN,Desvíos del modelo (z-score),FX,-0.7477557378756464
2025-12-18,PEN,Desvíos del modelo (z-score),FX,-0.8415440236172658
2025-12-19,PEN,Desvíos del modelo (z-score),FX,-0.8417472492505319
2025-12-22,PEN,Desvíos del modelo (z-score),FX,-0.7516394670606337
2025-12-23,PEN,Desvíos del modelo (z-score),FX,-0.7072023301260929
2025-12-24,PEN,Desvíos del modelo (z-score),FX,-0.7812759855135007
2025-12-26,PEN,Desvíos del modelo (z-score),FX,-0.6882576559668051
2025-12-29,PEN,Desvíos del modelo (z-score),FX,-0.9542073324066648
2025-12-30,PEN,Desvíos del modelo (z-score),FX,-0.9680446938057056
2026-01-02,PEN,Desvíos del modelo (z-score),FX,-0.9092876770350913
2026-01-05,PEN,Desvíos del modelo (z-score),FX,-1.0562553761059503
2026-01-06,PEN,Desvíos del modelo (z-score),FX,-0.8078334976703183
2026-01-07,PEN,Desvíos del modelo (z-score),FX,-0.964628441289073
2026-01-08,PEN,Desvíos del modelo (z-score),FX,-1.1414227830506751
2026-01-09,PEN,Desvíos del modelo (z-score),FX,-1.172953615054255
2026-01-12,PEN,Desvíos del modelo (z-score),FX,-0.9622995989268884
2026-01-13,PEN,Desvíos del modelo (z-score),FX,-1.156418390846412
2026-01-14,PEN,Desvíos del modelo (z-score),FX,-1.2734943318732626
2026-01-15,PEN,Desvíos del modelo (z-score),FX,-1.1277708864205573
2026-01-16,PEN,Desvíos del modelo (z-score),FX,-1.0711731395991089
2026-01-19,PEN,Desvíos del modelo (z-score),FX,-0.9442690204163966
2026-01-20,PEN,Desvíos del modelo (z-score),FX,-0.6568419546295384
2026-01-21,PEN,Desvíos del modelo (z-score),FX,-0.7838344636476057
2026-01-22,PEN,Desvíos del modelo (z-score),FX,-0.6293512146735076
2026-01-23,PEN,Desvíos del modelo (z-score),FX,-0.6234571662375866
2026-01-26,PEN,Desvíos del modelo (z-score),FX,-0.4664149768645744
2026-01-27,PEN,Desvíos del modelo (z-score),FX,-0.42160033174623046
2026-01-28,PEN,Desvíos del modelo (z-score),FX,-0.3525370625292424
2026-01-29,PEN,Desvíos del modelo (z-score),FX,-0.4501627459674679
2026-01-30,PEN,Desvíos del modelo (z-score),FX,-0.8264404455331807
2026-02-02,PEN,Desvíos del modelo (z-score),FX,-0.980597386837226
2026-02-03,PEN,Desvíos del modelo (z-score),FX,-0.7747049670852763
2026-02-04,PEN,Desvíos del modelo (z-score),FX,-0.7570578607211
2026-02-05,PEN,Desvíos del modelo (z-score),FX,-1.203216341084264
2026-02-06,PEN,Desvíos del modelo (z-score),FX,-1.1171462218196129
2026-02-09,PEN,Desvíos del modelo (z-score),FX,-0.8833787079280315
2026-02-10,PEN,Desvíos del modelo (z-score),FX,-0.9586400621718473
2026-02-11,PEN,Desvíos del modelo (z-score),FX,-0.8894194894121156
2026-02-12,PEN,Desvíos del modelo (z-score),FX,-1.1486188202525585
2026-02-13,PEN,Desvíos del modelo (z-score),FX,-1.198815009693884
2026-02-16,PEN,Desvíos del modelo (z-score),FX,-1.2202700420588255
2026-02-17,PEN,Desvíos del modelo (z-score),FX,-1.3663810125491218
2026-02-18,PEN,Desvíos del modelo (z-score),FX,-1.3170837489918992
2026-02-19,PEN,Desvíos del modelo (z-score),FX,-1.3289590604887078
2026-02-20,PEN,Desvíos del modelo (z-score),FX,-1.3926555799512248
2026-02-23,PEN,Desvíos del modelo (z-score),FX,-1.347114106886597
2026-02-24,PEN,Desvíos del modelo (z-score),FX,-1.4821299476262095
2026-02-25,PEN,Desvíos del modelo (z-score),FX,-1.4064520991004517
2026-02-26,PEN,Desvíos del modelo (z-score),FX,-1.548769008101831
2026-02-27,PEN,Desvíos del modelo (z-score),FX,-1.7312236104055692
2026-03-02,PEN,Desvíos del modelo (z-score),FX,-1.808111886158522
2026-03-03,PEN,Desvíos del modelo (z-score),FX,-1.795711398509991
2026-03-04,PEN,Desvíos del modelo (z-score),FX,-1.6414106203916903
2026-03-05,PEN,Desvíos del modelo (z-score),FX,-1.6545466327713818
2026-03-06,PEN,Desvíos del modelo (z-score),FX,-1.5504751247503799
2026-03-09,PEN,Desvíos del modelo (z-score),FX,-1.5208172040903707
2026-03-10,PEN,Desvíos del modelo (z-score),FX,-1.4135312094670875
2026-03-11,PEN,Desvíos del modelo (z-score),FX,-1.7940531750437576
2026-03-12,PEN,Desvíos del modelo (z-score),FX,-1.8743056644338576
2026-03-13,PEN,Desvíos del modelo (z-score),FX,-2.083353957107541
2026-03-16,PEN,Desvíos del modelo (z-score),FX,-2.2066056801396403
2026-03-17,PEN,Desvíos del modelo (z-score),FX,-2.4189122970771217
2026-03-18,PEN,Desvíos del modelo (z-score),FX,-2.370662314781936
2026-03-19,PEN,Desvíos del modelo (z-score),FX,-2.4222656938429887
2026-03-20,PEN,Desvíos del modelo (z-score),FX,-1.952516614509212
2026-03-23,PEN,Desvíos del modelo (z-score),FX,-1.801821840387047
2026-03-24,PEN,Desvíos del modelo (z-score),FX,-1.822582824738413
2026-03-25,PEN,Desvíos del modelo (z-score),FX,-1.6827738227668458
2026-03-26,PEN,Desvíos del modelo (z-score),FX,-1.845589686687098
2026-03-27,PEN,Desvíos del modelo (z-score),FX,-1.7601255188253673
2026-03-30,PEN,Desvíos del modelo (z-score),FX,-1.9522204587839065
2026-03-31,PEN,Desvíos del modelo (z-score),FX,-1.8425851576230248
2026-04-01,PEN,Desvíos del modelo (z-score),FX,-1.8512136854452355
2026-04-02,PEN,Desvíos del modelo (z-score),FX,-2.3951162730181985
2026-04-06,PEN,Desvíos del modelo (z-score),FX,-2.6505381254928015
2026-04-07,PEN,Desvíos del modelo (z-score),FX,-2.680430549663419
2026-04-08,PEN,Desvíos del modelo (z-score),FX,-2.26837596183945
2026-04-09,PEN,Desvíos del modelo (z-score),FX,-2.59436524550976
2026-04-10,PEN,Desvíos del modelo (z-score),FX,-2.478848198526618
2026-04-13,PEN,Desvíos del modelo (z-score),FX,-2.7572133087818558
2026-04-14,PEN,Desvíos del modelo (z-score),FX,-2.3229235631530507
2026-04-15,PEN,Desvíos del modelo (z-score),FX,-1.9616395858989792
2026-04-16,PEN,Desvíos del modelo (z-score),FX,-1.9950093378939266
2026-04-17,PEN,Desvíos del modelo (z-score),FX,-1.6545653549541612
2026-04-20,PEN,Desvíos del modelo (z-score),FX,-1.8852152374166846
2026-04-21,PEN,Desvíos del modelo (z-score),FX,-2.025170883246044
2026-04-22,PEN,Desvíos del modelo (z-score),FX,-1.9880518440889419
2026-04-23,PEN,Desvíos del modelo (z-score),FX,-1.9575288462417013
2026-04-24,PEN,Desvíos del modelo (z-score),FX,-1.8778342150249954
2026-04-27,PEN,Desvíos del modelo (z-score),FX,-1.529156932250293
2026-04-28,PEN,Desvíos del modelo (z-score),FX,-1.6964175882530461
2026-04-29,PEN,Desvíos del modelo (z-score),FX,-1.6039494833080599
2026-04-30,PEN,Desvíos del modelo (z-score),FX,-1.6920264306037587
2026-05-04,PEN,Desvíos del modelo (z-score),FX,-1.6493884673703496
2026-05-05,PEN,Desvíos del modelo (z-score),FX,-1.8291613838191036
2026-05-06,PEN,Desvíos del modelo (z-score),FX,-1.7157812549367835
2026-05-07,PEN,Desvíos del modelo (z-score),FX,-1.7811090593705798
2026-05-08,PEN,Desvíos del modelo (z-score),FX,-2.0538480851234304
2026-05-11,PEN,Desvíos del modelo (z-score),FX,-2.0370060626805246
2026-05-12,PEN,Desvíos del modelo (z-score),FX,-2.2372420627773213
2026-05-13,PEN,Desvíos del modelo (z-score),FX,-2.3734269055162303
2026-05-14,PEN,Desvíos del modelo (z-score),FX,-2.615385921457688
2026-05-15,PEN,Desvíos del modelo (z-score),FX,-2.7292473307035507
2026-05-18,PEN,Desvíos del modelo (z-score),FX,-2.7702092241218783
2026-05-19,PEN,Desvíos del modelo (z-score),FX,-2.7533469834023725
2026-05-20,PEN,Desvíos del modelo (z-score),FX,-2.8042082241856376
2026-05-22,PEN,Desvíos del modelo (z-score),FX,-2.7567196688781346
2026-05-25,PEN,Desvíos del modelo (z-score),FX,-2.707226056355047
2026-05-26,PEN,Desvíos del modelo (z-score),FX,-2.7072953545936786
2026-05-27,PEN,Desvíos del modelo (z-score),FX,-2.7043219482844383
2026-05-28,PEN,Desvíos del modelo (z-score),FX,-2.8141987484700657
2026-05-29,PEN,Desvíos del modelo (z-score),FX,-2.6881294209015643
2025-01-02,PEN,Desvíos del modelo (z-score),Tasa 10Y,-1.1827368500353408
2025-01-03,PEN,Desvíos del modelo (z-score),Tasa 10Y,-1.0836149621815288
2025-01-06,PEN,Desvíos del modelo (z-score),Tasa 10Y,-1.01513753182777
2025-01-07,PEN,Desvíos del modelo (z-score),Tasa 10Y,-1.007732855132583
2025-01-08,PEN,Desvíos del modelo (z-score),Tasa 10Y,-1.3033056819087256
2025-01-09,PEN,Desvíos del modelo (z-score),Tasa 10Y,-1.1530245335514886
2025-01-10,PEN,Desvíos del modelo (z-score),Tasa 10Y,-1.2533348339665107
2025-01-13,PEN,Desvíos del modelo (z-score),Tasa 10Y,-1.2814304179102405
2025-01-14,PEN,Desvíos del modelo (z-score),Tasa 10Y,-1.2470815112147438
2025-01-15,PEN,Desvíos del modelo (z-score),Tasa 10Y,-1.1306629174680496
2025-01-16,PEN,Desvíos del modelo (z-score),Tasa 10Y,-1.2706604140349065
2025-01-17,PEN,Desvíos del modelo (z-score),Tasa 10Y,-1.2196220854036748
2025-01-20,PEN,Desvíos del modelo (z-score),Tasa 10Y,-1.218488558508402
2025-01-21,PEN,Desvíos del modelo (z-score),Tasa 10Y,-1.1087911415856206
2025-01-22,PEN,Desvíos del modelo (z-score),Tasa 10Y,-1.0218316935342031
2025-01-23,PEN,Desvíos del modelo (z-score),Tasa 10Y,-1.0137088209423588
2025-01-24,PEN,Desvíos del modelo (z-score),Tasa 10Y,-0.9905110389536161
2025-01-27,PEN,Desvíos del modelo (z-score),Tasa 10Y,-0.8925610073377199
2025-01-28,PEN,Desvíos del modelo (z-score),Tasa 10Y,-1.0034304663868754
2025-01-29,PEN,Desvíos del modelo (z-score),Tasa 10Y,-1.053381678963861
2025-01-30,PEN,Desvíos del modelo (z-score),Tasa 10Y,-1.0578105785856262
2025-01-31,PEN,Desvíos del modelo (z-score),Tasa 10Y,-1.0978569313856483
2025-02-03,PEN,Desvíos del modelo (z-score),Tasa 10Y,-1.1914578073328468
2025-02-04,PEN,Desvíos del modelo (z-score),Tasa 10Y,-1.1584758999596734
2025-02-05,PEN,Desvíos del modelo (z-score),Tasa 10Y,-1.0654980523427828
2025-02-06,PEN,Desvíos del modelo (z-score),Tasa 10Y,-0.9947929556226783
2025-02-07,PEN,Desvíos del modelo (z-score),Tasa 10Y,-1.3198592810985923
2025-02-10,PEN,Desvíos del modelo (z-score),Tasa 10Y,-1.5158850407498552
2025-02-11,PEN,Desvíos del modelo (z-score),Tasa 10Y,-1.4947323047581196
2025-02-12,PEN,Desvíos del modelo (z-score),Tasa 10Y,-1.5152261094336608
2025-02-13,PEN,Desvíos del modelo (z-score),Tasa 10Y,-1.4817093962540646
2025-02-14,PEN,Desvíos del modelo (z-score),Tasa 10Y,-1.2619419452213696
2025-02-17,PEN,Desvíos del modelo (z-score),Tasa 10Y,-1.2421728459326655
2025-02-18,PEN,Desvíos del modelo (z-score),Tasa 10Y,-1.2357527874208392
2025-02-19,PEN,Desvíos del modelo (z-score),Tasa 10Y,-1.3332450595941896
2025-02-20,PEN,Desvíos del modelo (z-score),Tasa 10Y,-1.346170576138074
2025-02-21,PEN,Desvíos del modelo (z-score),Tasa 10Y,-1.2870437408041135
2025-02-24,PEN,Desvíos del modelo (z-score),Tasa 10Y,-1.3110215303393216
2025-02-25,PEN,Desvíos del modelo (z-score),Tasa 10Y,-1.280413717593357
2025-02-26,PEN,Desvíos del modelo (z-score),Tasa 10Y,-1.2686002475180147
2025-02-27,PEN,Desvíos del modelo (z-score),Tasa 10Y,-1.2272095707483908
2025-02-28,PEN,Desvíos del modelo (z-score),Tasa 10Y,-1.2589427893957192
2025-03-03,PEN,Desvíos del modelo (z-score),Tasa 10Y,-1.0826438826394533
2025-03-04,PEN,Desvíos del modelo (z-score),Tasa 10Y,-0.9493232724633939
2025-03-05,PEN,Desvíos del modelo (z-score),Tasa 10Y,-0.7683610006506363
2025-03-06,PEN,Desvíos del modelo (z-score),Tasa 10Y,-0.8849585833718249
2025-03-07,PEN,Desvíos del modelo (z-score),Tasa 10Y,-0.8466233924083482
2025-03-10,PEN,Desvíos del modelo (z-score),Tasa 10Y,-0.7147878839066624
2025-03-11,PEN,Desvíos del modelo (z-score),Tasa 10Y,-0.8568806474228031
2025-03-12,PEN,Desvíos del modelo (z-score),Tasa 10Y,-0.9238327597428654
2025-03-13,PEN,Desvíos del modelo (z-score),Tasa 10Y,-1.2747148463455675
2025-03-14,PEN,Desvíos del modelo (z-score),Tasa 10Y,-1.2741013239766377
2025-03-17,PEN,Desvíos del modelo (z-score),Tasa 10Y,-1.5028944661081582
2025-03-18,PEN,Desvíos del modelo (z-score),Tasa 10Y,-1.4121494179836322
2025-03-19,PEN,Desvíos del modelo (z-score),Tasa 10Y,-1.2274640722778765
2025-03-20,PEN,Desvíos del modelo (z-score),Tasa 10Y,-1.130426787353141
2025-03-21,PEN,Desvíos del modelo (z-score),Tasa 10Y,-1.1328077026488628
2025-03-24,PEN,Desvíos del modelo (z-score),Tasa 10Y,-1.0629709046777784
2025-03-25,PEN,Desvíos del modelo (z-score),Tasa 10Y,-1.0593245678387122
2025-03-26,PEN,Desvíos del modelo (z-score),Tasa 10Y,-0.9841637012611221
2025-03-27,PEN,Desvíos del modelo (z-score),Tasa 10Y,-1.0368653110383197
2025-03-28,PEN,Desvíos del modelo (z-score),Tasa 10Y,-0.7297836187191817
2025-03-31,PEN,Desvíos del modelo (z-score),Tasa 10Y,-0.7438293848198484
2025-04-01,PEN,Desvíos del modelo (z-score),Tasa 10Y,-0.6108719423767166
2025-04-02,PEN,Desvíos del modelo (z-score),Tasa 10Y,-0.6057640198203339
2025-04-03,PEN,Desvíos del modelo (z-score),Tasa 10Y,-0.4987112301707054
2025-04-04,PEN,Desvíos del modelo (z-score),Tasa 10Y,-1.0459000904006617
2025-04-07,PEN,Desvíos del modelo (z-score),Tasa 10Y,-1.2620376477453696
2025-04-08,PEN,Desvíos del modelo (z-score),Tasa 10Y,-1.2639970913158076
2025-04-09,PEN,Desvíos del modelo (z-score),Tasa 10Y,-1.1831650488562047
2025-04-10,PEN,Desvíos del modelo (z-score),Tasa 10Y,-0.9766257687882781
2025-04-11,PEN,Desvíos del modelo (z-score),Tasa 10Y,-1.2205948338154557
2025-04-14,PEN,Desvíos del modelo (z-score),Tasa 10Y,-1.022992691053358
2025-04-15,PEN,Desvíos del modelo (z-score),Tasa 10Y,-1.1275122263660955
2025-04-16,PEN,Desvíos del modelo (z-score),Tasa 10Y,-1.2197794594332911
2025-04-17,PEN,Desvíos del modelo (z-score),Tasa 10Y,-1.0812518618997258
2025-04-21,PEN,Desvíos del modelo (z-score),Tasa 10Y,-1.0150341457452448
2025-04-22,PEN,Desvíos del modelo (z-score),Tasa 10Y,-0.7878132449218147
2025-04-23,PEN,Desvíos del modelo (z-score),Tasa 10Y,-0.640859047164743
2025-04-24,PEN,Desvíos del modelo (z-score),Tasa 10Y,-0.7008775201115565
2025-04-25,PEN,Desvíos del modelo (z-score),Tasa 10Y,-0.6076071631253614
2025-04-28,PEN,Desvíos del modelo (z-score),Tasa 10Y,-0.7105435216670838
2025-04-29,PEN,Desvíos del modelo (z-score),Tasa 10Y,-0.8135103458186023
2025-04-30,PEN,Desvíos del modelo (z-score),Tasa 10Y,-0.877260012094952
2025-05-02,PEN,Desvíos del modelo (z-score),Tasa 10Y,-0.7363421925371241
2025-05-05,PEN,Desvíos del modelo (z-score),Tasa 10Y,-0.7759759117458473
2025-05-06,PEN,Desvíos del modelo (z-score),Tasa 10Y,-0.6772046461287221
2025-05-07,PEN,Desvíos del modelo (z-score),Tasa 10Y,-0.8170184002818753
2025-05-08,PEN,Desvíos del modelo (z-score),Tasa 10Y,-0.763543272121284
2025-05-09,PEN,Desvíos del modelo (z-score),Tasa 10Y,-0.8345233417867003
2025-05-12,PEN,Desvíos del modelo (z-score),Tasa 10Y,-1.1803609109567077
2025-05-13,PEN,Desvíos del modelo (z-score),Tasa 10Y,-1.1679999769919711
2025-05-14,PEN,Desvíos del modelo (z-score),Tasa 10Y,-1.144612308601081
2025-05-15,PEN,Desvíos del modelo (z-score),Tasa 10Y,-1.0594244939794575
2025-05-16,PEN,Desvíos del modelo (z-score),Tasa 10Y,-1.2197342998616458
2025-05-19,PEN,Desvíos del modelo (z-score),Tasa 10Y,-0.9309719920711782
2025-05-20,PEN,Desvíos del modelo (z-score),Tasa 10Y,-0.9197300888456373
2025-05-22,PEN,Desvíos del modelo (z-score),Tasa 10Y,-0.74311597820247
2025-05-23,PEN,Desvíos del modelo (z-score),Tasa 10Y,-0.6286089131709344
2025-05-26,PEN,Desvíos del modelo (z-score),Tasa 10Y,-0.6208652358022239
2025-05-27,PEN,Desvíos del modelo (z-score),Tasa 10Y,-0.6887820806207763
2025-05-28,PEN,Desvíos del modelo (z-score),Tasa 10Y,-0.8689385397710548
2025-05-29,PEN,Desvíos del modelo (z-score),Tasa 10Y,-0.7761999140708821
2025-05-30,PEN,Desvíos del modelo (z-score),Tasa 10Y,-0.9051386032508588
2025-06-02,PEN,Desvíos del modelo (z-score),Tasa 10Y,-0.807766358084874
2025-06-03,PEN,Desvíos del modelo (z-score),Tasa 10Y,-0.7500667807977293
2025-06-04,PEN,Desvíos del modelo (z-score),Tasa 10Y,-0.9095571868864725
2025-06-05,PEN,Desvíos del modelo (z-score),Tasa 10Y,-0.8453659708813206
2025-06-06,PEN,Desvíos del modelo (z-score),Tasa 10Y,-0.5425880331238829
2025-06-09,PEN,Desvíos del modelo (z-score),Tasa 10Y,-0.29169663183265404
2025-06-10,PEN,Desvíos del modelo (z-score),Tasa 10Y,0.04125821914418773
2025-06-11,PEN,Desvíos del modelo (z-score),Tasa 10Y,0.08346189053261978
2025-06-12,PEN,Desvíos del modelo (z-score),Tasa 10Y,-0.11368368332499389
2025-06-13,PEN,Desvíos del modelo (z-score),Tasa 10Y,0.04473365985632042
2025-06-16,PEN,Desvíos del modelo (z-score),Tasa 10Y,0.09059083038463966
2025-06-17,PEN,Desvíos del modelo (z-score),Tasa 10Y,0.08504902704256417
2025-06-18,PEN,Desvíos del modelo (z-score),Tasa 10Y,-0.17742872065735207
2025-06-19,PEN,Desvíos del modelo (z-score),Tasa 10Y,-0.26027783268312465
2025-06-23,PEN,Desvíos del modelo (z-score),Tasa 10Y,-0.49556963895293726
2025-06-24,PEN,Desvíos del modelo (z-score),Tasa 10Y,-0.5142198581742717
2025-06-25,PEN,Desvíos del modelo (z-score),Tasa 10Y,-0.6506838389126044
2025-06-26,PEN,Desvíos del modelo (z-score),Tasa 10Y,-0.666248377604869
2025-06-27,PEN,Desvíos del modelo (z-score),Tasa 10Y,-0.536592957801637
2025-06-30,PEN,Desvíos del modelo (z-score),Tasa 10Y,-0.56098990665112
2025-07-01,PEN,Desvíos del modelo (z-score),Tasa 10Y,-0.3738285774475993
2025-07-02,PEN,Desvíos del modelo (z-score),Tasa 10Y,-0.49175775076855877
2025-07-03,PEN,Desvíos del modelo (z-score),Tasa 10Y,-0.41653459554443156
2025-07-04,PEN,Desvíos del modelo (z-score),Tasa 10Y,-0.36099746613263944
2025-07-07,PEN,Desvíos del modelo (z-score),Tasa 10Y,-0.33666006475019683
2025-07-08,PEN,Desvíos del modelo (z-score),Tasa 10Y,-0.4987453053975705
2025-07-09,PEN,Desvíos del modelo (z-score),Tasa 10Y,-0.33624495126965115
2025-07-10,PEN,Desvíos del modelo (z-score),Tasa 10Y,-0.3370371080612677
2025-07-11,PEN,Desvíos del modelo (z-score),Tasa 10Y,-0.11592002120038077
2025-07-14,PEN,Desvíos del modelo (z-score),Tasa 10Y,-0.17923400339684556
2025-07-15,PEN,Desvíos del modelo (z-score),Tasa 10Y,-0.02680731655820327
2025-07-17,PEN,Desvíos del modelo (z-score),Tasa 10Y,-0.08369268865398528
2025-07-18,PEN,Desvíos del modelo (z-score),Tasa 10Y,0.029370703724756562
2025-07-21,PEN,Desvíos del modelo (z-score),Tasa 10Y,0.16173996391333442
2025-07-22,PEN,Desvíos del modelo (z-score),Tasa 10Y,8.517898576755657e-4
2025-07-23,PEN,Desvíos del modelo (z-score),Tasa 10Y,-0.03439854480731304
2025-07-24,PEN,Desvíos del modelo (z-score),Tasa 10Y,-0.046375744531077255
2025-07-25,PEN,Desvíos del modelo (z-score),Tasa 10Y,-0.23209465671699905
2025-07-28,PEN,Desvíos del modelo (z-score),Tasa 10Y,-0.2921529061086941
2025-07-29,PEN,Desvíos del modelo (z-score),Tasa 10Y,-0.2677106690469235
2025-07-30,PEN,Desvíos del modelo (z-score),Tasa 10Y,-0.3692670044254851
2025-07-31,PEN,Desvíos del modelo (z-score),Tasa 10Y,-0.20655466419084012
2025-08-01,PEN,Desvíos del modelo (z-score),Tasa 10Y,-0.09677631164032814
2025-08-04,PEN,Desvíos del modelo (z-score),Tasa 10Y,-0.18156985310960175
2025-08-05,PEN,Desvíos del modelo (z-score),Tasa 10Y,-0.2993888333318374
2025-08-06,PEN,Desvíos del modelo (z-score),Tasa 10Y,-0.08329368556239253
2025-08-07,PEN,Desvíos del modelo (z-score),Tasa 10Y,-0.3374993285283938
2025-08-08,PEN,Desvíos del modelo (z-score),Tasa 10Y,-0.3012708262849603
2025-08-11,PEN,Desvíos del modelo (z-score),Tasa 10Y,-0.3275450128193405
2025-08-12,PEN,Desvíos del modelo (z-score),Tasa 10Y,-0.4232014247245286
2025-08-13,PEN,Desvíos del modelo (z-score),Tasa 10Y,-0.36792185353731155
2025-08-14,PEN,Desvíos del modelo (z-score),Tasa 10Y,-0.30189077889617333
2025-08-18,PEN,Desvíos del modelo (z-score),Tasa 10Y,-0.048101419554798304
2025-08-19,PEN,Desvíos del modelo (z-score),Tasa 10Y,0.010149102042216284
2025-08-20,PEN,Desvíos del modelo (z-score),Tasa 10Y,-0.026296276803004868
2025-08-21,PEN,Desvíos del modelo (z-score),Tasa 10Y,-0.09530036677256572
2025-08-22,PEN,Desvíos del modelo (z-score),Tasa 10Y,-0.20957726042908587
2025-08-25,PEN,Desvíos del modelo (z-score),Tasa 10Y,-0.10108601568692267
2025-08-26,PEN,Desvíos del modelo (z-score),Tasa 10Y,-0.13797283216080516
2025-08-27,PEN,Desvíos del modelo (z-score),Tasa 10Y,-0.2651749961035199
2025-08-28,PEN,Desvíos del modelo (z-score),Tasa 10Y,-0.20653496606584917
2025-08-29,PEN,Desvíos del modelo (z-score),Tasa 10Y,-0.08525412019584762
2025-09-01,PEN,Desvíos del modelo (z-score),Tasa 10Y,-0.07069731436237041
2025-09-02,PEN,Desvíos del modelo (z-score),Tasa 10Y,-0.21525475558970691
2025-09-03,PEN,Desvíos del modelo (z-score),Tasa 10Y,-0.22596315633826553
2025-09-04,PEN,Desvíos del modelo (z-score),Tasa 10Y,-0.2147898963747905
2025-09-05,PEN,Desvíos del modelo (z-score),Tasa 10Y,-0.325688416899302
2025-09-08,PEN,Desvíos del modelo (z-score),Tasa 10Y,-0.26322431929985796
2025-09-09,PEN,Desvíos del modelo (z-score),Tasa 10Y,-0.26343476692433676
2025-09-10,PEN,Desvíos del modelo (z-score),Tasa 10Y,-0.1603592250698019
2025-09-11,PEN,Desvíos del modelo (z-score),Tasa 10Y,-0.09319158056349099
2025-09-12,PEN,Desvíos del modelo (z-score),Tasa 10Y,-0.06360424607753071
2025-09-15,PEN,Desvíos del modelo (z-score),Tasa 10Y,0.2659949487087211
2025-09-16,PEN,Desvíos del modelo (z-score),Tasa 10Y,0.4450834205126703
2025-09-17,PEN,Desvíos del modelo (z-score),Tasa 10Y,0.3575963404047905
2025-09-22,PEN,Desvíos del modelo (z-score),Tasa 10Y,0.3066235398190799
2025-09-23,PEN,Desvíos del modelo (z-score),Tasa 10Y,0.340874236771588
2025-09-24,PEN,Desvíos del modelo (z-score),Tasa 10Y,0.33974953866000257
2025-09-25,PEN,Desvíos del modelo (z-score),Tasa 10Y,0.29668715332537327
2025-09-26,PEN,Desvíos del modelo (z-score),Tasa 10Y,0.20610449284067797
2025-09-29,PEN,Desvíos del modelo (z-score),Tasa 10Y,0.1379775959435169
2025-09-30,PEN,Desvíos del modelo (z-score),Tasa 10Y,0.11120938291204222
2025-10-01,PEN,Desvíos del modelo (z-score),Tasa 10Y,0.07571792065206637
2025-10-02,PEN,Desvíos del modelo (z-score),Tasa 10Y,0.0660178391077835
2025-10-03,PEN,Desvíos del modelo (z-score),Tasa 10Y,0.17600437769161165
2025-10-06,PEN,Desvíos del modelo (z-score),Tasa 10Y,0.28051828945990287
2025-10-07,PEN,Desvíos del modelo (z-score),Tasa 10Y,0.2427126101997067
2025-10-08,PEN,Desvíos del modelo (z-score),Tasa 10Y,0.24235739934337935
2025-10-09,PEN,Desvíos del modelo (z-score),Tasa 10Y,0.23983971401061968
2025-10-10,PEN,Desvíos del modelo (z-score),Tasa 10Y,0.2914836121214867
2025-10-13,PEN,Desvíos del modelo (z-score),Tasa 10Y,0.21584593023324083
2025-10-14,PEN,Desvíos del modelo (z-score),Tasa 10Y,0.26069591226129546
2025-10-15,PEN,Desvíos del modelo (z-score),Tasa 10Y,0.38713798101418495
2025-10-16,PEN,Desvíos del modelo (z-score),Tasa 10Y,0.44821566934794443
2025-10-17,PEN,Desvíos del modelo (z-score),Tasa 10Y,0.32995594723468713
2025-10-20,PEN,Desvíos del modelo (z-score),Tasa 10Y,0.27901774972864496
2025-10-21,PEN,Desvíos del modelo (z-score),Tasa 10Y,0.4119743772046171
2025-10-22,PEN,Desvíos del modelo (z-score),Tasa 10Y,0.39494153946536803
2025-10-23,PEN,Desvíos del modelo (z-score),Tasa 10Y,0.17960510844613398
2025-10-24,PEN,Desvíos del modelo (z-score),Tasa 10Y,0.16143302654807384
2025-10-27,PEN,Desvíos del modelo (z-score),Tasa 10Y,0.11217780322518862
2025-10-28,PEN,Desvíos del modelo (z-score),Tasa 10Y,0.05678033765119953
2025-10-29,PEN,Desvíos del modelo (z-score),Tasa 10Y,0.17170170583366876
2025-10-30,PEN,Desvíos del modelo (z-score),Tasa 10Y,-0.022073008687699108
2025-11-03,PEN,Desvíos del modelo (z-score),Tasa 10Y,-0.07721518329300749
2025-11-04,PEN,Desvíos del modelo (z-score),Tasa 10Y,-0.10926858605664788
2025-11-05,PEN,Desvíos del modelo (z-score),Tasa 10Y,-0.1674747073512761
2025-11-06,PEN,Desvíos del modelo (z-score),Tasa 10Y,-0.20412724288347242
2025-11-07,PEN,Desvíos del modelo (z-score),Tasa 10Y,-0.2347352388976452
2025-11-10,PEN,Desvíos del modelo (z-score),Tasa 10Y,-0.09866432383612019
2025-11-11,PEN,Desvíos del modelo (z-score),Tasa 10Y,-0.12541635933517029
2025-11-12,PEN,Desvíos del modelo (z-score),Tasa 10Y,-0.09120176433870476
2025-11-13,PEN,Desvíos del modelo (z-score),Tasa 10Y,0.00624101012173081
2025-11-14,PEN,Desvíos del modelo (z-score),Tasa 10Y,0.17876663958854777
2025-11-17,PEN,Desvíos del modelo (z-score),Tasa 10Y,0.09894596842200877
2025-11-18,PEN,Desvíos del modelo (z-score),Tasa 10Y,0.09025261889081322
2025-11-19,PEN,Desvíos del modelo (z-score),Tasa 10Y,0.1482560939139853
2025-11-20,PEN,Desvíos del modelo (z-score),Tasa 10Y,-0.026174552472354763
2025-11-21,PEN,Desvíos del modelo (z-score),Tasa 10Y,-0.1824248553988599
2025-11-24,PEN,Desvíos del modelo (z-score),Tasa 10Y,-0.34698676845519305
2025-11-25,PEN,Desvíos del modelo (z-score),Tasa 10Y,-0.4185598184868828
2025-11-26,PEN,Desvíos del modelo (z-score),Tasa 10Y,-0.4706354242842334
2025-11-27,PEN,Desvíos del modelo (z-score),Tasa 10Y,-0.4471592227150685
2025-11-28,PEN,Desvíos del modelo (z-score),Tasa 10Y,-0.4413370774781799
2025-12-01,PEN,Desvíos del modelo (z-score),Tasa 10Y,-0.2948831473611854
2025-12-02,PEN,Desvíos del modelo (z-score),Tasa 10Y,-0.31902140158096354
2025-12-03,PEN,Desvíos del modelo (z-score),Tasa 10Y,-0.389882546628318
2025-12-04,PEN,Desvíos del modelo (z-score),Tasa 10Y,-0.43472474766925084
2025-12-05,PEN,Desvíos del modelo (z-score),Tasa 10Y,-0.5506468138492578
2025-12-09,PEN,Desvíos del modelo (z-score),Tasa 10Y,-0.692744679726819
2025-12-10,PEN,Desvíos del modelo (z-score),Tasa 10Y,-0.6679808918608606
2025-12-11,PEN,Desvíos del modelo (z-score),Tasa 10Y,-0.7361520284426631
2025-12-12,PEN,Desvíos del modelo (z-score),Tasa 10Y,-0.611110164979606
2025-12-15,PEN,Desvíos del modelo (z-score),Tasa 10Y,-0.6447244289737782
2025-12-16,PEN,Desvíos del modelo (z-score),Tasa 10Y,-0.8196418491686783
2025-12-17,PEN,Desvíos del modelo (z-score),Tasa 10Y,-0.7292734934550332
2025-12-18,PEN,Desvíos del modelo (z-score),Tasa 10Y,-0.8941687375792273
2025-12-19,PEN,Desvíos del modelo (z-score),Tasa 10Y,-0.897068956124075
2025-12-22,PEN,Desvíos del modelo (z-score),Tasa 10Y,-0.8307591275519438
2025-12-23,PEN,Desvíos del modelo (z-score),Tasa 10Y,-0.9981600901903921
2025-12-24,PEN,Desvíos del modelo (z-score),Tasa 10Y,-1.1510495822354332
2025-12-26,PEN,Desvíos del modelo (z-score),Tasa 10Y,-1.0506105039449682
2025-12-29,PEN,Desvíos del modelo (z-score),Tasa 10Y,-1.0348067292255652
2025-12-30,PEN,Desvíos del modelo (z-score),Tasa 10Y,-1.234864292603599
2026-01-02,PEN,Desvíos del modelo (z-score),Tasa 10Y,-1.2768199913475715
2026-01-05,PEN,Desvíos del modelo (z-score),Tasa 10Y,-1.2570557975978656
2026-01-06,PEN,Desvíos del modelo (z-score),Tasa 10Y,-1.2111463665837752
2026-01-07,PEN,Desvíos del modelo (z-score),Tasa 10Y,-1.2128514645359747
2026-01-08,PEN,Desvíos del modelo (z-score),Tasa 10Y,-1.1327726217536633
2026-01-09,PEN,Desvíos del modelo (z-score),Tasa 10Y,-1.1882996988076435
2026-01-12,PEN,Desvíos del modelo (z-score),Tasa 10Y,-1.0126485637603302
2026-01-13,PEN,Desvíos del modelo (z-score),Tasa 10Y,-1.030443875231462
2026-01-14,PEN,Desvíos del modelo (z-score),Tasa 10Y,-1.0157307316655237
2026-01-15,PEN,Desvíos del modelo (z-score),Tasa 10Y,-0.9591926712133381
2026-01-16,PEN,Desvíos del modelo (z-score),Tasa 10Y,-0.8226764470491336
2026-01-19,PEN,Desvíos del modelo (z-score),Tasa 10Y,-0.737565196018028
2026-01-20,PEN,Desvíos del modelo (z-score),Tasa 10Y,-0.7841684618333541
2026-01-21,PEN,Desvíos del modelo (z-score),Tasa 10Y,-0.8430915250121499
2026-01-22,PEN,Desvíos del modelo (z-score),Tasa 10Y,-0.8717854017277761
2026-01-23,PEN,Desvíos del modelo (z-score),Tasa 10Y,-0.8639904708316185
2026-01-26,PEN,Desvíos del modelo (z-score),Tasa 10Y,-0.7769203276314021
2026-01-27,PEN,Desvíos del modelo (z-score),Tasa 10Y,-0.7864305310224091
2026-01-28,PEN,Desvíos del modelo (z-score),Tasa 10Y,-0.868532418668711
2026-01-29,PEN,Desvíos del modelo (z-score),Tasa 10Y,-1.0702197276110879
2026-01-30,PEN,Desvíos del modelo (z-score),Tasa 10Y,-1.0227217558497408
2026-02-02,PEN,Desvíos del modelo (z-score),Tasa 10Y,-1.0673617033393805
2026-02-03,PEN,Desvíos del modelo (z-score),Tasa 10Y,-1.0890341972780377
2026-02-04,PEN,Desvíos del modelo (z-score),Tasa 10Y,-0.9885433610009903
2026-02-05,PEN,Desvíos del modelo (z-score),Tasa 10Y,-0.9061485336563013
2026-02-06,PEN,Desvíos del modelo (z-score),Tasa 10Y,-1.1596589878228485
2026-02-09,PEN,Desvíos del modelo (z-score),Tasa 10Y,-1.0906231525108625
2026-02-10,PEN,Desvíos del modelo (z-score),Tasa 10Y,-1.0612978604307104
2026-02-11,PEN,Desvíos del modelo (z-score),Tasa 10Y,-1.0089924642665273
2026-02-12,PEN,Desvíos del modelo (z-score),Tasa 10Y,-1.0135056102917643
2026-02-13,PEN,Desvíos del modelo (z-score),Tasa 10Y,-0.9671419726326741
2026-02-16,PEN,Desvíos del modelo (z-score),Tasa 10Y,-0.9836411037900229
2026-02-17,PEN,Desvíos del modelo (z-score),Tasa 10Y,-1.047144354908692
2026-02-18,PEN,Desvíos del modelo (z-score),Tasa 10Y,-1.045371711739726
2026-02-19,PEN,Desvíos del modelo (z-score),Tasa 10Y,-1.0437019002065147
2026-02-20,PEN,Desvíos del modelo (z-score),Tasa 10Y,-1.0009224042500537
2026-02-23,PEN,Desvíos del modelo (z-score),Tasa 10Y,-0.9914743936048491
2026-02-24,PEN,Desvíos del modelo (z-score),Tasa 10Y,-1.0390451986649964
2026-02-25,PEN,Desvíos del modelo (z-score),Tasa 10Y,-0.9800057223151197
2026-02-26,PEN,Desvíos del modelo (z-score),Tasa 10Y,-1.0196456356067887
2026-02-27,PEN,Desvíos del modelo (z-score),Tasa 10Y,-0.9710611431935874
2026-03-02,PEN,Desvíos del modelo (z-score),Tasa 10Y,-0.9607512651153796
2026-03-03,PEN,Desvíos del modelo (z-score),Tasa 10Y,-0.9154552242383689
2026-03-04,PEN,Desvíos del modelo (z-score),Tasa 10Y,0.313784154950297
2026-03-05,PEN,Desvíos del modelo (z-score),Tasa 10Y,0.45222839187191255
2026-03-06,PEN,Desvíos del modelo (z-score),Tasa 10Y,0.5843968982876824
2026-03-09,PEN,Desvíos del modelo (z-score),Tasa 10Y,0.529057136582946
2026-03-10,PEN,Desvíos del modelo (z-score),Tasa 10Y,0.5774640023294376
2026-03-11,PEN,Desvíos del modelo (z-score),Tasa 10Y,0.5789809966157523
2026-03-12,PEN,Desvíos del modelo (z-score),Tasa 10Y,0.5404161915669534
2026-03-13,PEN,Desvíos del modelo (z-score),Tasa 10Y,0.41314746568042165
2026-03-16,PEN,Desvíos del modelo (z-score),Tasa 10Y,0.6090709894465398
2026-03-17,PEN,Desvíos del modelo (z-score),Tasa 10Y,0.6124391214344931
2026-03-18,PEN,Desvíos del modelo (z-score),Tasa 10Y,0.5263521379909335
2026-03-19,PEN,Desvíos del modelo (z-score),Tasa 10Y,0.48810240094415264
2026-03-20,PEN,Desvíos del modelo (z-score),Tasa 10Y,0.4852846748310393
2026-03-23,PEN,Desvíos del modelo (z-score),Tasa 10Y,0.5217765650497804
2026-03-24,PEN,Desvíos del modelo (z-score),Tasa 10Y,0.4719262445266247
2026-03-25,PEN,Desvíos del modelo (z-score),Tasa 10Y,0.5702745186844321
2026-03-26,PEN,Desvíos del modelo (z-score),Tasa 10Y,0.7425595597827125
2026-03-27,PEN,Desvíos del modelo (z-score),Tasa 10Y,0.855154570188669
2026-03-30,PEN,Desvíos del modelo (z-score),Tasa 10Y,0.8473028683576844
2026-03-31,PEN,Desvíos del modelo (z-score),Tasa 10Y,0.9619023818742949
2026-04-01,PEN,Desvíos del modelo (z-score),Tasa 10Y,1.0095082545755705
2026-04-02,PEN,Desvíos del modelo (z-score),Tasa 10Y,0.9707668575905612
2026-04-06,PEN,Desvíos del modelo (z-score),Tasa 10Y,0.8980354612576686
2026-04-07,PEN,Desvíos del modelo (z-score),Tasa 10Y,0.9947045226123709
2026-04-08,PEN,Desvíos del modelo (z-score),Tasa 10Y,1.0448289897153116
2026-04-09,PEN,Desvíos del modelo (z-score),Tasa 10Y,0.8607824307482693
2026-04-10,PEN,Desvíos del modelo (z-score),Tasa 10Y,0.6475528588642705
2026-04-13,PEN,Desvíos del modelo (z-score),Tasa 10Y,0.3895243552839996
2026-04-14,PEN,Desvíos del modelo (z-score),Tasa 10Y,0.720390165659117
2026-04-15,PEN,Desvíos del modelo (z-score),Tasa 10Y,1.041443523361698
2026-04-16,PEN,Desvíos del modelo (z-score),Tasa 10Y,0.8210932725431604
2026-04-17,PEN,Desvíos del modelo (z-score),Tasa 10Y,0.6088607674268022
2026-04-20,PEN,Desvíos del modelo (z-score),Tasa 10Y,0.4601632481621533
2026-04-21,PEN,Desvíos del modelo (z-score),Tasa 10Y,0.4528427353251393
2026-04-22,PEN,Desvíos del modelo (z-score),Tasa 10Y,0.6424764127870067
2026-04-23,PEN,Desvíos del modelo (z-score),Tasa 10Y,0.6662528339933269
2026-04-24,PEN,Desvíos del modelo (z-score),Tasa 10Y,0.6017093989806039
2026-04-27,PEN,Desvíos del modelo (z-score),Tasa 10Y,0.6417066549815671
2026-04-28,PEN,Desvíos del modelo (z-score),Tasa 10Y,0.4768702819991159
2026-04-29,PEN,Desvíos del modelo (z-score),Tasa 10Y,0.777918457341904
2026-04-30,PEN,Desvíos del modelo (z-score),Tasa 10Y,0.8489520753070955
2026-05-04,PEN,Desvíos del modelo (z-score),Tasa 10Y,0.9603077781510393
2026-05-05,PEN,Desvíos del modelo (z-score),Tasa 10Y,0.9125592524493091
2026-05-06,PEN,Desvíos del modelo (z-score),Tasa 10Y,0.997242681960249
2026-05-07,PEN,Desvíos del modelo (z-score),Tasa 10Y,0.8734840169149132
2026-05-08,PEN,Desvíos del modelo (z-score),Tasa 10Y,0.8373185820357705
2026-05-11,PEN,Desvíos del modelo (z-score),Tasa 10Y,0.9414748692485216
2026-05-12,PEN,Desvíos del modelo (z-score),Tasa 10Y,0.94468537298344
2026-05-13,PEN,Desvíos del modelo (z-score),Tasa 10Y,0.9143607310271371
2026-05-14,PEN,Desvíos del modelo (z-score),Tasa 10Y,1.0891461091198231
2026-05-15,PEN,Desvíos del modelo (z-score),Tasa 10Y,0.9842662279486369
2026-05-18,PEN,Desvíos del modelo (z-score),Tasa 10Y,0.8656956274933626
2026-05-19,PEN,Desvíos del modelo (z-score),Tasa 10Y,0.948483965524149
2026-05-20,PEN,Desvíos del modelo (z-score),Tasa 10Y,0.7170600326619471
2026-05-22,PEN,Desvíos del modelo (z-score),Tasa 10Y,0.7523784439968767
2026-05-25,PEN,Desvíos del modelo (z-score),Tasa 10Y,0.7358790458493222
2026-05-26,PEN,Desvíos del modelo (z-score),Tasa 10Y,0.8298065748637438
2026-05-27,PEN,Desvíos del modelo (z-score),Tasa 10Y,0.8084071858422198
2026-05-28,PEN,Desvíos del modelo (z-score),Tasa 10Y,0.9263306515608921
2026-05-29,PEN,Desvíos del modelo (z-score),Tasa 10Y,0.7829685788196337
2025-01-02,PEN,Tasas (%),TPM,5
2025-01-03,PEN,Tasas (%),TPM,5
2025-01-06,PEN,Tasas (%),TPM,5
2025-01-07,PEN,Tasas (%),TPM,5
2025-01-08,PEN,Tasas (%),TPM,5
2025-01-09,PEN,Tasas (%),TPM,4.75
2025-01-10,PEN,Tasas (%),TPM,4.75
2025-01-13,PEN,Tasas (%),TPM,4.75
2025-01-14,PEN,Tasas (%),TPM,4.75
2025-01-15,PEN,Tasas (%),TPM,4.75
2025-01-16,PEN,Tasas (%),TPM,4.75
2025-01-17,PEN,Tasas (%),TPM,4.75
2025-01-20,PEN,Tasas (%),TPM,4.75
2025-01-21,PEN,Tasas (%),TPM,4.75
2025-01-22,PEN,Tasas (%),TPM,4.75
2025-01-23,PEN,Tasas (%),TPM,4.75
2025-01-24,PEN,Tasas (%),TPM,4.75
2025-01-27,PEN,Tasas (%),TPM,4.75
2025-01-28,PEN,Tasas (%),TPM,4.75
2025-01-29,PEN,Tasas (%),TPM,4.75
2025-01-30,PEN,Tasas (%),TPM,4.75
2025-01-31,PEN,Tasas (%),TPM,4.75
2025-02-03,PEN,Tasas (%),TPM,4.75
2025-02-04,PEN,Tasas (%),TPM,4.75
2025-02-05,PEN,Tasas (%),TPM,4.75
2025-02-06,PEN,Tasas (%),TPM,4.75
2025-02-07,PEN,Tasas (%),TPM,4.75
2025-02-10,PEN,Tasas (%),TPM,4.75
2025-02-11,PEN,Tasas (%),TPM,4.75
2025-02-12,PEN,Tasas (%),TPM,4.75
2025-02-13,PEN,Tasas (%),TPM,4.75
2025-02-14,PEN,Tasas (%),TPM,4.75
2025-02-17,PEN,Tasas (%),TPM,4.75
2025-02-18,PEN,Tasas (%),TPM,4.75
2025-02-19,PEN,Tasas (%),TPM,4.75
2025-02-20,PEN,Tasas (%),TPM,4.75
2025-02-21,PEN,Tasas (%),TPM,4.75
2025-02-24,PEN,Tasas (%),TPM,4.75
2025-02-25,PEN,Tasas (%),TPM,4.75
2025-02-26,PEN,Tasas (%),TPM,4.75
2025-02-27,PEN,Tasas (%),TPM,4.75
2025-02-28,PEN,Tasas (%),TPM,4.75
2025-03-03,PEN,Tasas (%),TPM,4.75
2025-03-04,PEN,Tasas (%),TPM,4.75
2025-03-05,PEN,Tasas (%),TPM,4.75
2025-03-06,PEN,Tasas (%),TPM,4.75
2025-03-07,PEN,Tasas (%),TPM,4.75
2025-03-10,PEN,Tasas (%),TPM,4.75
2025-03-11,PEN,Tasas (%),TPM,4.75
2025-03-12,PEN,Tasas (%),TPM,4.75
2025-03-13,PEN,Tasas (%),TPM,4.75
2025-03-14,PEN,Tasas (%),TPM,4.75
2025-03-17,PEN,Tasas (%),TPM,4.75
2025-03-18,PEN,Tasas (%),TPM,4.75
2025-03-19,PEN,Tasas (%),TPM,4.75
2025-03-20,PEN,Tasas (%),TPM,4.75
2025-03-21,PEN,Tasas (%),TPM,4.75
2025-03-24,PEN,Tasas (%),TPM,4.75
2025-03-25,PEN,Tasas (%),TPM,4.75
2025-03-26,PEN,Tasas (%),TPM,4.75
2025-03-27,PEN,Tasas (%),TPM,4.75
2025-03-28,PEN,Tasas (%),TPM,4.75
2025-03-31,PEN,Tasas (%),TPM,4.75
2025-04-01,PEN,Tasas (%),TPM,4.75
2025-04-02,PEN,Tasas (%),TPM,4.75
2025-04-03,PEN,Tasas (%),TPM,4.75
2025-04-04,PEN,Tasas (%),TPM,4.75
2025-04-07,PEN,Tasas (%),TPM,4.75
2025-04-08,PEN,Tasas (%),TPM,4.75
2025-04-09,PEN,Tasas (%),TPM,4.75
2025-04-10,PEN,Tasas (%),TPM,4.75
2025-04-11,PEN,Tasas (%),TPM,4.75
2025-04-14,PEN,Tasas (%),TPM,4.75
2025-04-15,PEN,Tasas (%),TPM,4.75
2025-04-16,PEN,Tasas (%),TPM,4.75
2025-04-17,PEN,Tasas (%),TPM,4.75
2025-04-21,PEN,Tasas (%),TPM,4.75
2025-04-22,PEN,Tasas (%),TPM,4.75
2025-04-23,PEN,Tasas (%),TPM,4.75
2025-04-24,PEN,Tasas (%),TPM,4.75
2025-04-25,PEN,Tasas (%),TPM,4.75
2025-04-28,PEN,Tasas (%),TPM,4.75
2025-04-29,PEN,Tasas (%),TPM,4.75
2025-04-30,PEN,Tasas (%),TPM,4.75
2025-05-02,PEN,Tasas (%),TPM,4.75
2025-05-05,PEN,Tasas (%),TPM,4.75
2025-05-06,PEN,Tasas (%),TPM,4.75
2025-05-07,PEN,Tasas (%),TPM,4.75
2025-05-08,PEN,Tasas (%),TPM,4.5
2025-05-09,PEN,Tasas (%),TPM,4.5
2025-05-12,PEN,Tasas (%),TPM,4.5
2025-05-13,PEN,Tasas (%),TPM,4.5
2025-05-14,PEN,Tasas (%),TPM,4.5
2025-05-15,PEN,Tasas (%),TPM,4.5
2025-05-16,PEN,Tasas (%),TPM,4.5
2025-05-19,PEN,Tasas (%),TPM,4.5
2025-05-20,PEN,Tasas (%),TPM,4.5
2025-05-22,PEN,Tasas (%),TPM,4.5
2025-05-23,PEN,Tasas (%),TPM,4.5
2025-05-26,PEN,Tasas (%),TPM,4.5
2025-05-27,PEN,Tasas (%),TPM,4.5
2025-05-28,PEN,Tasas (%),TPM,4.5
2025-05-29,PEN,Tasas (%),TPM,4.5
2025-05-30,PEN,Tasas (%),TPM,4.5
2025-06-02,PEN,Tasas (%),TPM,4.5
2025-06-03,PEN,Tasas (%),TPM,4.5
2025-06-04,PEN,Tasas (%),TPM,4.5
2025-06-05,PEN,Tasas (%),TPM,4.5
2025-06-06,PEN,Tasas (%),TPM,4.5
2025-06-09,PEN,Tasas (%),TPM,4.5
2025-06-10,PEN,Tasas (%),TPM,4.5
2025-06-11,PEN,Tasas (%),TPM,4.5
2025-06-12,PEN,Tasas (%),TPM,4.5
2025-06-13,PEN,Tasas (%),TPM,4.5
2025-06-16,PEN,Tasas (%),TPM,4.5
2025-06-17,PEN,Tasas (%),TPM,4.5
2025-06-18,PEN,Tasas (%),TPM,4.5
2025-06-19,PEN,Tasas (%),TPM,4.5
2025-06-23,PEN,Tasas (%),TPM,4.5
2025-06-24,PEN,Tasas (%),TPM,4.5
2025-06-25,PEN,Tasas (%),TPM,4.5
2025-06-26,PEN,Tasas (%),TPM,4.5
2025-06-27,PEN,Tasas (%),TPM,4.5
2025-06-30,PEN,Tasas (%),TPM,4.5
2025-07-01,PEN,Tasas (%),TPM,4.5
2025-07-02,PEN,Tasas (%),TPM,4.5
2025-07-03,PEN,Tasas (%),TPM,4.5
2025-07-04,PEN,Tasas (%),TPM,4.5
2025-07-07,PEN,Tasas (%),TPM,4.5
2025-07-08,PEN,Tasas (%),TPM,4.5
2025-07-09,PEN,Tasas (%),TPM,4.5
2025-07-10,PEN,Tasas (%),TPM,4.5
2025-07-11,PEN,Tasas (%),TPM,4.5
2025-07-14,PEN,Tasas (%),TPM,4.5
2025-07-15,PEN,Tasas (%),TPM,4.5
2025-07-17,PEN,Tasas (%),TPM,4.5
2025-07-18,PEN,Tasas (%),TPM,4.5
2025-07-21,PEN,Tasas (%),TPM,4.5
2025-07-22,PEN,Tasas (%),TPM,4.5
2025-07-23,PEN,Tasas (%),TPM,4.5
2025-07-24,PEN,Tasas (%),TPM,4.5
2025-07-25,PEN,Tasas (%),TPM,4.5
2025-07-28,PEN,Tasas (%),TPM,4.5
2025-07-29,PEN,Tasas (%),TPM,4.5
2025-07-30,PEN,Tasas (%),TPM,4.5
2025-07-31,PEN,Tasas (%),TPM,4.5
2025-08-01,PEN,Tasas (%),TPM,4.5
2025-08-04,PEN,Tasas (%),TPM,4.5
2025-08-05,PEN,Tasas (%),TPM,4.5
2025-08-06,PEN,Tasas (%),TPM,4.5
2025-08-07,PEN,Tasas (%),TPM,4.5
2025-08-08,PEN,Tasas (%),TPM,4.5
2025-08-11,PEN,Tasas (%),TPM,4.5
2025-08-12,PEN,Tasas (%),TPM,4.5
2025-08-13,PEN,Tasas (%),TPM,4.5
2025-08-14,PEN,Tasas (%),TPM,4.5
2025-08-18,PEN,Tasas (%),TPM,4.5
2025-08-19,PEN,Tasas (%),TPM,4.5
2025-08-20,PEN,Tasas (%),TPM,4.5
2025-08-21,PEN,Tasas (%),TPM,4.5
2025-08-22,PEN,Tasas (%),TPM,4.5
2025-08-25,PEN,Tasas (%),TPM,4.5
2025-08-26,PEN,Tasas (%),TPM,4.5
2025-08-27,PEN,Tasas (%),TPM,4.5
2025-08-28,PEN,Tasas (%),TPM,4.5
2025-08-29,PEN,Tasas (%),TPM,4.5
2025-09-01,PEN,Tasas (%),TPM,4.5
2025-09-02,PEN,Tasas (%),TPM,4.5
2025-09-03,PEN,Tasas (%),TPM,4.5
2025-09-04,PEN,Tasas (%),TPM,4.5
2025-09-05,PEN,Tasas (%),TPM,4.5
2025-09-08,PEN,Tasas (%),TPM,4.5
2025-09-09,PEN,Tasas (%),TPM,4.5
2025-09-10,PEN,Tasas (%),TPM,4.5
2025-09-11,PEN,Tasas (%),TPM,4.25
2025-09-12,PEN,Tasas (%),TPM,4.25
2025-09-15,PEN,Tasas (%),TPM,4.25
2025-09-16,PEN,Tasas (%),TPM,4.25
2025-09-17,PEN,Tasas (%),TPM,4.25
2025-09-22,PEN,Tasas (%),TPM,4.25
2025-09-23,PEN,Tasas (%),TPM,4.25
2025-09-24,PEN,Tasas (%),TPM,4.25
2025-09-25,PEN,Tasas (%),TPM,4.25
2025-09-26,PEN,Tasas (%),TPM,4.25
2025-09-29,PEN,Tasas (%),TPM,4.25
2025-09-30,PEN,Tasas (%),TPM,4.25
2025-10-01,PEN,Tasas (%),TPM,4.25
2025-10-02,PEN,Tasas (%),TPM,4.25
2025-10-03,PEN,Tasas (%),TPM,4.25
2025-10-06,PEN,Tasas (%),TPM,4.25
2025-10-07,PEN,Tasas (%),TPM,4.25
2025-10-08,PEN,Tasas (%),TPM,4.25
2025-10-09,PEN,Tasas (%),TPM,4.25
2025-10-10,PEN,Tasas (%),TPM,4.25
2025-10-13,PEN,Tasas (%),TPM,4.25
2025-10-14,PEN,Tasas (%),TPM,4.25
2025-10-15,PEN,Tasas (%),TPM,4.25
2025-10-16,PEN,Tasas (%),TPM,4.25
2025-10-17,PEN,Tasas (%),TPM,4.25
2025-10-20,PEN,Tasas (%),TPM,4.25
2025-10-21,PEN,Tasas (%),TPM,4.25
2025-10-22,PEN,Tasas (%),TPM,4.25
2025-10-23,PEN,Tasas (%),TPM,4.25
2025-10-24,PEN,Tasas (%),TPM,4.25
2025-10-27,PEN,Tasas (%),TPM,4.25
2025-10-28,PEN,Tasas (%),TPM,4.25
2025-10-29,PEN,Tasas (%),TPM,4.25
2025-10-30,PEN,Tasas (%),TPM,4.25
2025-11-03,PEN,Tasas (%),TPM,4.25
2025-11-04,PEN,Tasas (%),TPM,4.25
2025-11-05,PEN,Tasas (%),TPM,4.25
2025-11-06,PEN,Tasas (%),TPM,4.25
2025-11-07,PEN,Tasas (%),TPM,4.25
2025-11-10,PEN,Tasas (%),TPM,4.25
2025-11-11,PEN,Tasas (%),TPM,4.25
2025-11-12,PEN,Tasas (%),TPM,4.25
2025-11-13,PEN,Tasas (%),TPM,4.25
2025-11-14,PEN,Tasas (%),TPM,4.25
2025-11-17,PEN,Tasas (%),TPM,4.25
2025-11-18,PEN,Tasas (%),TPM,4.25
2025-11-19,PEN,Tasas (%),TPM,4.25
2025-11-20,PEN,Tasas (%),TPM,4.25
2025-11-21,PEN,Tasas (%),TPM,4.25
2025-11-24,PEN,Tasas (%),TPM,4.25
2025-11-25,PEN,Tasas (%),TPM,4.25
2025-11-26,PEN,Tasas (%),TPM,4.25
2025-11-27,PEN,Tasas (%),TPM,4.25
2025-11-28,PEN,Tasas (%),TPM,4.25
2025-12-01,PEN,Tasas (%),TPM,4.25
2025-12-02,PEN,Tasas (%),TPM,4.25
2025-12-03,PEN,Tasas (%),TPM,4.25
2025-12-04,PEN,Tasas (%),TPM,4.25
2025-12-05,PEN,Tasas (%),TPM,4.25
2025-12-09,PEN,Tasas (%),TPM,4.25
2025-12-10,PEN,Tasas (%),TPM,4.25
2025-12-11,PEN,Tasas (%),TPM,4.25
2025-12-12,PEN,Tasas (%),TPM,4.25
2025-12-15,PEN,Tasas (%),TPM,4.25
2025-12-16,PEN,Tasas (%),TPM,4.25
2025-12-17,PEN,Tasas (%),TPM,4.25
2025-12-18,PEN,Tasas (%),TPM,4.25
2025-12-19,PEN,Tasas (%),TPM,4.25
2025-12-22,PEN,Tasas (%),TPM,4.25
2025-12-23,PEN,Tasas (%),TPM,4.25
2025-12-24,PEN,Tasas (%),TPM,4.25
2025-12-26,PEN,Tasas (%),TPM,4.25
2025-12-29,PEN,Tasas (%),TPM,4.25
2025-12-30,PEN,Tasas (%),TPM,4.25
2026-01-02,PEN,Tasas (%),TPM,4.25
2026-01-05,PEN,Tasas (%),TPM,4.25
2026-01-06,PEN,Tasas (%),TPM,4.25
2026-01-07,PEN,Tasas (%),TPM,4.25
2026-01-08,PEN,Tasas (%),TPM,4.25
2026-01-09,PEN,Tasas (%),TPM,4.25
2026-01-12,PEN,Tasas (%),TPM,4.25
2026-01-13,PEN,Tasas (%),TPM,4.25
2026-01-14,PEN,Tasas (%),TPM,4.25
2026-01-15,PEN,Tasas (%),TPM,4.25
2026-01-16,PEN,Tasas (%),TPM,4.25
2026-01-19,PEN,Tasas (%),TPM,4.25
2026-01-20,PEN,Tasas (%),TPM,4.25
2026-01-21,PEN,Tasas (%),TPM,4.25
2026-01-22,PEN,Tasas (%),TPM,4.25
2026-01-23,PEN,Tasas (%),TPM,4.25
2026-01-26,PEN,Tasas (%),TPM,4.25
2026-01-27,PEN,Tasas (%),TPM,4.25
2026-01-28,PEN,Tasas (%),TPM,4.25
2026-01-29,PEN,Tasas (%),TPM,4.25
2026-01-30,PEN,Tasas (%),TPM,4.25
2026-02-02,PEN,Tasas (%),TPM,4.25
2026-02-03,PEN,Tasas (%),TPM,4.25
2026-02-04,PEN,Tasas (%),TPM,4.25
2026-02-05,PEN,Tasas (%),TPM,4.25
2026-02-06,PEN,Tasas (%),TPM,4.25
2026-02-09,PEN,Tasas (%),TPM,4.25
2026-02-10,PEN,Tasas (%),TPM,4.25
2026-02-11,PEN,Tasas (%),TPM,4.25
2026-02-12,PEN,Tasas (%),TPM,4.25
2026-02-13,PEN,Tasas (%),TPM,4.25
2026-02-16,PEN,Tasas (%),TPM,4.25
2026-02-17,PEN,Tasas (%),TPM,4.25
2026-02-18,PEN,Tasas (%),TPM,4.25
2026-02-19,PEN,Tasas (%),TPM,4.25
2026-02-20,PEN,Tasas (%),TPM,4.25
2026-02-23,PEN,Tasas (%),TPM,4.25
2026-02-24,PEN,Tasas (%),TPM,4.25
2026-02-25,PEN,Tasas (%),TPM,4.25
2026-02-26,PEN,Tasas (%),TPM,4.25
2026-02-27,PEN,Tasas (%),TPM,4.25
2026-03-02,PEN,Tasas (%),TPM,4.25
2026-03-03,PEN,Tasas (%),TPM,4.25
2026-03-04,PEN,Tasas (%),TPM,4.25
2026-03-05,PEN,Tasas (%),TPM,4.25
2026-03-06,PEN,Tasas (%),TPM,4.25
2026-03-09,PEN,Tasas (%),TPM,4.25
2026-03-10,PEN,Tasas (%),TPM,4.25
2026-03-11,PEN,Tasas (%),TPM,4.25
2026-03-12,PEN,Tasas (%),TPM,4.25
2026-03-13,PEN,Tasas (%),TPM,4.25
2026-03-16,PEN,Tasas (%),TPM,4.25
2026-03-17,PEN,Tasas (%),TPM,4.25
2026-03-18,PEN,Tasas (%),TPM,4.25
2026-03-19,PEN,Tasas (%),TPM,4.25
2026-03-20,PEN,Tasas (%),TPM,4.25
2026-03-23,PEN,Tasas (%),TPM,4.25
2026-03-24,PEN,Tasas (%),TPM,4.25
2026-03-25,PEN,Tasas (%),TPM,4.25
2026-03-26,PEN,Tasas (%),TPM,4.25
2026-03-27,PEN,Tasas (%),TPM,4.25
2026-03-30,PEN,Tasas (%),TPM,4.25
2026-03-31,PEN,Tasas (%),TPM,4.25
2026-04-01,PEN,Tasas (%),TPM,4.25
2026-04-02,PEN,Tasas (%),TPM,4.25
2026-04-06,PEN,Tasas (%),TPM,4.25
2026-04-07,PEN,Tasas (%),TPM,4.25
2026-04-08,PEN,Tasas (%),TPM,4.25
2026-04-09,PEN,Tasas (%),TPM,4.25
2026-04-10,PEN,Tasas (%),TPM,4.25
2026-04-13,PEN,Tasas (%),TPM,4.25
2026-04-14,PEN,Tasas (%),TPM,4.25
2026-04-15,PEN,Tasas (%),TPM,4.25
2026-04-16,PEN,Tasas (%),TPM,4.25
2026-04-17,PEN,Tasas (%),TPM,4.25
2026-04-20,PEN,Tasas (%),TPM,4.25
2026-04-21,PEN,Tasas (%),TPM,4.25
2026-04-22,PEN,Tasas (%),TPM,4.25
2026-04-23,PEN,Tasas (%),TPM,4.25
2026-04-24,PEN,Tasas (%),TPM,4.25
2026-04-27,PEN,Tasas (%),TPM,4.25
2026-04-28,PEN,Tasas (%),TPM,4.25
2026-04-29,PEN,Tasas (%),TPM,4.25
2026-04-30,PEN,Tasas (%),TPM,4.25
2026-05-04,PEN,Tasas (%),TPM,4.25
2026-05-05,PEN,Tasas (%),TPM,4.25
2026-05-06,PEN,Tasas (%),TPM,4.25
2026-05-07,PEN,Tasas (%),TPM,4.25
2026-05-08,PEN,Tasas (%),TPM,4.25
2026-05-11,PEN,Tasas (%),TPM,4.25
2026-05-12,PEN,Tasas (%),TPM,4.25
2026-05-13,PEN,Tasas (%),TPM,4.25
2026-05-14,PEN,Tasas (%),TPM,4.25
2026-05-15,PEN,Tasas (%),TPM,4.25
2026-05-18,PEN,Tasas (%),TPM,4.25
2026-05-19,PEN,Tasas (%),TPM,4.25
2026-05-20,PEN,Tasas (%),TPM,4.25
2026-05-22,PEN,Tasas (%),TPM,4.25
2026-05-25,PEN,Tasas (%),TPM,4.25
2026-05-26,PEN,Tasas (%),TPM,4.25
2026-05-27,PEN,Tasas (%),TPM,4.25
2026-05-28,PEN,Tasas (%),TPM,4.25
2026-05-29,PEN,Tasas (%),TPM,4.25
2025-01-02,PEN,Tasas (%),Tasa 10Y,6.641
2025-01-03,PEN,Tasas (%),Tasa 10Y,6.666
2025-01-06,PEN,Tasas (%),Tasa 10Y,6.714
2025-01-07,PEN,Tasas (%),Tasa 10Y,6.695
2025-01-08,PEN,Tasas (%),Tasa 10Y,6.702
2025-01-09,PEN,Tasas (%),Tasa 10Y,6.696
2025-01-10,PEN,Tasas (%),Tasa 10Y,6.7
2025-01-13,PEN,Tasas (%),Tasa 10Y,6.71
2025-01-14,PEN,Tasas (%),Tasa 10Y,6.736
2025-01-15,PEN,Tasas (%),Tasa 10Y,6.714
2025-01-16,PEN,Tasas (%),Tasa 10Y,6.633
2025-01-17,PEN,Tasas (%),Tasa 10Y,6.627
2025-01-20,PEN,Tasas (%),Tasa 10Y,6.6395
2025-01-21,PEN,Tasas (%),Tasa 10Y,6.652
2025-01-22,PEN,Tasas (%),Tasa 10Y,6.687
2025-01-23,PEN,Tasas (%),Tasa 10Y,6.746
2025-01-24,PEN,Tasas (%),Tasa 10Y,6.731
2025-01-27,PEN,Tasas (%),Tasa 10Y,6.729
2025-01-28,PEN,Tasas (%),Tasa 10Y,6.718
2025-01-29,PEN,Tasas (%),Tasa 10Y,6.703
2025-01-30,PEN,Tasas (%),Tasa 10Y,6.684
2025-01-31,PEN,Tasas (%),Tasa 10Y,6.699
2025-02-03,PEN,Tasas (%),Tasa 10Y,6.692
2025-02-04,PEN,Tasas (%),Tasa 10Y,6.669
2025-02-05,PEN,Tasas (%),Tasa 10Y,6.644
2025-02-06,PEN,Tasas (%),Tasa 10Y,6.625
2025-02-07,PEN,Tasas (%),Tasa 10Y,6.5265
2025-02-10,PEN,Tasas (%),Tasa 10Y,6.428
2025-02-11,PEN,Tasas (%),Tasa 10Y,6.465
2025-02-12,PEN,Tasas (%),Tasa 10Y,6.502
2025-02-13,PEN,Tasas (%),Tasa 10Y,6.48
2025-02-14,PEN,Tasas (%),Tasa 10Y,6.47
2025-02-17,PEN,Tasas (%),Tasa 10Y,6.468999999999999
2025-02-18,PEN,Tasas (%),Tasa 10Y,6.468
2025-02-19,PEN,Tasas (%),Tasa 10Y,6.48
2025-02-20,PEN,Tasas (%),Tasa 10Y,6.472
2025-02-21,PEN,Tasas (%),Tasa 10Y,6.453
2025-02-24,PEN,Tasas (%),Tasa 10Y,6.429
2025-02-25,PEN,Tasas (%),Tasa 10Y,6.391
2025-02-26,PEN,Tasas (%),Tasa 10Y,6.34
2025-02-27,PEN,Tasas (%),Tasa 10Y,6.335
2025-02-28,PEN,Tasas (%),Tasa 10Y,6.379
2025-03-03,PEN,Tasas (%),Tasa 10Y,6.429
2025-03-04,PEN,Tasas (%),Tasa 10Y,6.436
2025-03-05,PEN,Tasas (%),Tasa 10Y,6.459
2025-03-06,PEN,Tasas (%),Tasa 10Y,6.465
2025-03-07,PEN,Tasas (%),Tasa 10Y,6.463
2025-03-10,PEN,Tasas (%),Tasa 10Y,6.474
2025-03-11,PEN,Tasas (%),Tasa 10Y,6.482
2025-03-12,PEN,Tasas (%),Tasa 10Y,6.483
2025-03-13,PEN,Tasas (%),Tasa 10Y,6.459
2025-03-14,PEN,Tasas (%),Tasa 10Y,6.449
2025-03-17,PEN,Tasas (%),Tasa 10Y,6.378
2025-03-18,PEN,Tasas (%),Tasa 10Y,6.385
2025-03-19,PEN,Tasas (%),Tasa 10Y,6.394
2025-03-20,PEN,Tasas (%),Tasa 10Y,6.411
2025-03-21,PEN,Tasas (%),Tasa 10Y,6.423
2025-03-24,PEN,Tasas (%),Tasa 10Y,6.475
2025-03-25,PEN,Tasas (%),Tasa 10Y,6.49
2025-03-26,PEN,Tasas (%),Tasa 10Y,6.525
2025-03-27,PEN,Tasas (%),Tasa 10Y,6.562
2025-03-28,PEN,Tasas (%),Tasa 10Y,6.692
2025-03-31,PEN,Tasas (%),Tasa 10Y,6.687
2025-04-01,PEN,Tasas (%),Tasa 10Y,6.69
2025-04-02,PEN,Tasas (%),Tasa 10Y,6.657
2025-04-03,PEN,Tasas (%),Tasa 10Y,6.659
2025-04-04,PEN,Tasas (%),Tasa 10Y,6.402
2025-04-07,PEN,Tasas (%),Tasa 10Y,6.463
2025-04-08,PEN,Tasas (%),Tasa 10Y,6.516666666666667
2025-04-09,PEN,Tasas (%),Tasa 10Y,6.570333333333333
2025-04-10,PEN,Tasas (%),Tasa 10Y,6.624
2025-04-11,PEN,Tasas (%),Tasa 10Y,6.654
2025-04-14,PEN,Tasas (%),Tasa 10Y,6.633
2025-04-15,PEN,Tasas (%),Tasa 10Y,6.619
2025-04-16,PEN,Tasas (%),Tasa 10Y,6.632666666666666
2025-04-17,PEN,Tasas (%),Tasa 10Y,6.646333333333334
2025-04-21,PEN,Tasas (%),Tasa 10Y,6.66
2025-04-22,PEN,Tasas (%),Tasa 10Y,6.691
2025-04-23,PEN,Tasas (%),Tasa 10Y,6.656
2025-04-24,PEN,Tasas (%),Tasa 10Y,6.652
2025-04-25,PEN,Tasas (%),Tasa 10Y,6.641
2025-04-28,PEN,Tasas (%),Tasa 10Y,6.594
2025-04-29,PEN,Tasas (%),Tasa 10Y,6.59
2025-04-30,PEN,Tasas (%),Tasa 10Y,6.542
2025-05-02,PEN,Tasas (%),Tasa 10Y,6.577
2025-05-05,PEN,Tasas (%),Tasa 10Y,6.596
2025-05-06,PEN,Tasas (%),Tasa 10Y,6.591
2025-05-07,PEN,Tasas (%),Tasa 10Y,6.55
2025-05-08,PEN,Tasas (%),Tasa 10Y,6.551
2025-05-09,PEN,Tasas (%),Tasa 10Y,6.545
2025-05-12,PEN,Tasas (%),Tasa 10Y,6.396
2025-05-13,PEN,Tasas (%),Tasa 10Y,6.381
2025-05-14,PEN,Tasas (%),Tasa 10Y,6.412
2025-05-15,PEN,Tasas (%),Tasa 10Y,6.403
2025-05-16,PEN,Tasas (%),Tasa 10Y,6.396
2025-05-19,PEN,Tasas (%),Tasa 10Y,6.427
2025-05-20,PEN,Tasas (%),Tasa 10Y,6.457
2025-05-22,PEN,Tasas (%),Tasa 10Y,6.556
2025-05-23,PEN,Tasas (%),Tasa 10Y,6.573
2025-05-26,PEN,Tasas (%),Tasa 10Y,6.557
2025-05-27,PEN,Tasas (%),Tasa 10Y,6.492
2025-05-28,PEN,Tasas (%),Tasa 10Y,6.469
2025-05-29,PEN,Tasas (%),Tasa 10Y,6.46
2025-05-30,PEN,Tasas (%),Tasa 10Y,6.474
2025-06-02,PEN,Tasas (%),Tasa 10Y,6.519
2025-06-03,PEN,Tasas (%),Tasa 10Y,6.525
2025-06-04,PEN,Tasas (%),Tasa 10Y,6.478
2025-06-05,PEN,Tasas (%),Tasa 10Y,6.467
2025-06-06,PEN,Tasas (%),Tasa 10Y,6.621
2025-06-09,PEN,Tasas (%),Tasa 10Y,6.7595
2025-06-10,PEN,Tasas (%),Tasa 10Y,6.898
2025-06-11,PEN,Tasas (%),Tasa 10Y,6.84
2025-06-12,PEN,Tasas (%),Tasa 10Y,6.719
2025-06-13,PEN,Tasas (%),Tasa 10Y,6.741
2025-06-16,PEN,Tasas (%),Tasa 10Y,6.722
2025-06-17,PEN,Tasas (%),Tasa 10Y,6.694
2025-06-18,PEN,Tasas (%),Tasa 10Y,6.672
2025-06-19,PEN,Tasas (%),Tasa 10Y,6.612
2025-06-23,PEN,Tasas (%),Tasa 10Y,6.552
2025-06-24,PEN,Tasas (%),Tasa 10Y,6.529
2025-06-25,PEN,Tasas (%),Tasa 10Y,6.51
2025-06-26,PEN,Tasas (%),Tasa 10Y,6.485
2025-06-27,PEN,Tasas (%),Tasa 10Y,6.486
2025-06-30,PEN,Tasas (%),Tasa 10Y,6.412
2025-07-01,PEN,Tasas (%),Tasa 10Y,6.415
2025-07-02,PEN,Tasas (%),Tasa 10Y,6.386
2025-07-03,PEN,Tasas (%),Tasa 10Y,6.371
2025-07-04,PEN,Tasas (%),Tasa 10Y,6.375
2025-07-07,PEN,Tasas (%),Tasa 10Y,6.379
2025-07-08,PEN,Tasas (%),Tasa 10Y,6.406
2025-07-09,PEN,Tasas (%),Tasa 10Y,6.393
2025-07-10,PEN,Tasas (%),Tasa 10Y,6.412
2025-07-11,PEN,Tasas (%),Tasa 10Y,6.438
2025-07-14,PEN,Tasas (%),Tasa 10Y,6.463
2025-07-15,PEN,Tasas (%),Tasa 10Y,6.5
2025-07-17,PEN,Tasas (%),Tasa 10Y,6.564
2025-07-18,PEN,Tasas (%),Tasa 10Y,6.583
2025-07-21,PEN,Tasas (%),Tasa 10Y,6.571
2025-07-22,PEN,Tasas (%),Tasa 10Y,6.558
2025-07-23,PEN,Tasas (%),Tasa 10Y,6.554
2025-07-24,PEN,Tasas (%),Tasa 10Y,6.52
2025-07-25,PEN,Tasas (%),Tasa 10Y,6.509
2025-07-28,PEN,Tasas (%),Tasa 10Y,6.45
2025-07-29,PEN,Tasas (%),Tasa 10Y,6.446
2025-07-30,PEN,Tasas (%),Tasa 10Y,6.442
2025-07-31,PEN,Tasas (%),Tasa 10Y,6.474
2025-08-01,PEN,Tasas (%),Tasa 10Y,6.476
2025-08-04,PEN,Tasas (%),Tasa 10Y,6.378
2025-08-05,PEN,Tasas (%),Tasa 10Y,6.348
2025-08-06,PEN,Tasas (%),Tasa 10Y,6.347
2025-08-07,PEN,Tasas (%),Tasa 10Y,6.256
2025-08-08,PEN,Tasas (%),Tasa 10Y,6.251
2025-08-11,PEN,Tasas (%),Tasa 10Y,6.206
2025-08-12,PEN,Tasas (%),Tasa 10Y,6.176
2025-08-13,PEN,Tasas (%),Tasa 10Y,6.133
2025-08-14,PEN,Tasas (%),Tasa 10Y,6.152
2025-08-18,PEN,Tasas (%),Tasa 10Y,6.258
2025-08-19,PEN,Tasas (%),Tasa 10Y,6.275
2025-08-20,PEN,Tasas (%),Tasa 10Y,6.288
2025-08-21,PEN,Tasas (%),Tasa 10Y,6.304
2025-08-22,PEN,Tasas (%),Tasa 10Y,6.258
2025-08-25,PEN,Tasas (%),Tasa 10Y,6.273
2025-08-26,PEN,Tasas (%),Tasa 10Y,6.288
2025-08-27,PEN,Tasas (%),Tasa 10Y,6.298
2025-08-28,PEN,Tasas (%),Tasa 10Y,6.291
2025-08-29,PEN,Tasas (%),Tasa 10Y,6.287
2025-09-01,PEN,Tasas (%),Tasa 10Y,6.2705
2025-09-02,PEN,Tasas (%),Tasa 10Y,6.254
2025-09-03,PEN,Tasas (%),Tasa 10Y,6.223
2025-09-04,PEN,Tasas (%),Tasa 10Y,6.21
2025-09-05,PEN,Tasas (%),Tasa 10Y,6.086
2025-09-08,PEN,Tasas (%),Tasa 10Y,6.069
2025-09-09,PEN,Tasas (%),Tasa 10Y,6.087
2025-09-10,PEN,Tasas (%),Tasa 10Y,6.051
2025-09-11,PEN,Tasas (%),Tasa 10Y,5.991
2025-09-12,PEN,Tasas (%),Tasa 10Y,6.011
2025-09-15,PEN,Tasas (%),Tasa 10Y,6.134
2025-09-16,PEN,Tasas (%),Tasa 10Y,6.192
2025-09-17,PEN,Tasas (%),Tasa 10Y,6.156
2025-09-22,PEN,Tasas (%),Tasa 10Y,6.14
2025-09-23,PEN,Tasas (%),Tasa 10Y,6.134
2025-09-24,PEN,Tasas (%),Tasa 10Y,6.14
2025-09-25,PEN,Tasas (%),Tasa 10Y,6.153
2025-09-26,PEN,Tasas (%),Tasa 10Y,6.146
2025-09-29,PEN,Tasas (%),Tasa 10Y,6.099
2025-09-30,PEN,Tasas (%),Tasa 10Y,6.071
2025-10-01,PEN,Tasas (%),Tasa 10Y,6.046
2025-10-02,PEN,Tasas (%),Tasa 10Y,6.039
2025-10-03,PEN,Tasas (%),Tasa 10Y,6.071
2025-10-06,PEN,Tasas (%),Tasa 10Y,6.125
2025-10-07,PEN,Tasas (%),Tasa 10Y,6.124
2025-10-08,PEN,Tasas (%),Tasa 10Y,6.125
2025-10-09,PEN,Tasas (%),Tasa 10Y,6.169
2025-10-10,PEN,Tasas (%),Tasa 10Y,6.221
2025-10-13,PEN,Tasas (%),Tasa 10Y,6.220000000000001
2025-10-14,PEN,Tasas (%),Tasa 10Y,6.219
2025-10-15,PEN,Tasas (%),Tasa 10Y,6.179
2025-10-16,PEN,Tasas (%),Tasa 10Y,6.152
2025-10-17,PEN,Tasas (%),Tasa 10Y,6.128
2025-10-20,PEN,Tasas (%),Tasa 10Y,6.085
2025-10-21,PEN,Tasas (%),Tasa 10Y,6.083
2025-10-22,PEN,Tasas (%),Tasa 10Y,6.105
2025-10-23,PEN,Tasas (%),Tasa 10Y,6.082
2025-10-24,PEN,Tasas (%),Tasa 10Y,6.053
2025-10-27,PEN,Tasas (%),Tasa 10Y,6.039
2025-10-28,PEN,Tasas (%),Tasa 10Y,6.018
2025-10-29,PEN,Tasas (%),Tasa 10Y,6.029
2025-10-30,PEN,Tasas (%),Tasa 10Y,6.042
2025-11-03,PEN,Tasas (%),Tasa 10Y,6.05
2025-11-04,PEN,Tasas (%),Tasa 10Y,6.047
2025-11-05,PEN,Tasas (%),Tasa 10Y,6.058
2025-11-06,PEN,Tasas (%),Tasa 10Y,6.029
2025-11-07,PEN,Tasas (%),Tasa 10Y,6.031
2025-11-10,PEN,Tasas (%),Tasa 10Y,6.051
2025-11-11,PEN,Tasas (%),Tasa 10Y,6.0445
2025-11-12,PEN,Tasas (%),Tasa 10Y,6.038
2025-11-13,PEN,Tasas (%),Tasa 10Y,6.056
2025-11-14,PEN,Tasas (%),Tasa 10Y,6.074
2025-11-17,PEN,Tasas (%),Tasa 10Y,6.082
2025-11-18,PEN,Tasas (%),Tasa 10Y,6.052
2025-11-19,PEN,Tasas (%),Tasa 10Y,6.02
2025-11-20,PEN,Tasas (%),Tasa 10Y,5.983
2025-11-21,PEN,Tasas (%),Tasa 10Y,5.953
2025-11-24,PEN,Tasas (%),Tasa 10Y,5.922
2025-11-25,PEN,Tasas (%),Tasa 10Y,5.914
2025-11-26,PEN,Tasas (%),Tasa 10Y,5.908
2025-11-27,PEN,Tasas (%),Tasa 10Y,5.9115
2025-11-28,PEN,Tasas (%),Tasa 10Y,5.915
2025-12-01,PEN,Tasas (%),Tasa 10Y,5.942
2025-12-02,PEN,Tasas (%),Tasa 10Y,5.932
2025-12-03,PEN,Tasas (%),Tasa 10Y,5.883
2025-12-04,PEN,Tasas (%),Tasa 10Y,5.855
2025-12-05,PEN,Tasas (%),Tasa 10Y,5.834
2025-12-09,PEN,Tasas (%),Tasa 10Y,5.8365
2025-12-10,PEN,Tasas (%),Tasa 10Y,5.839
2025-12-11,PEN,Tasas (%),Tasa 10Y,5.825
2025-12-12,PEN,Tasas (%),Tasa 10Y,5.834
2025-12-15,PEN,Tasas (%),Tasa 10Y,5.777
2025-12-16,PEN,Tasas (%),Tasa 10Y,5.744
2025-12-17,PEN,Tasas (%),Tasa 10Y,5.731
2025-12-18,PEN,Tasas (%),Tasa 10Y,5.747
2025-12-19,PEN,Tasas (%),Tasa 10Y,5.839
2025-12-22,PEN,Tasas (%),Tasa 10Y,5.88
2025-12-23,PEN,Tasas (%),Tasa 10Y,5.866
2025-12-24,PEN,Tasas (%),Tasa 10Y,5.818
2025-12-26,PEN,Tasas (%),Tasa 10Y,5.825
2025-12-29,PEN,Tasas (%),Tasa 10Y,5.883
2025-12-30,PEN,Tasas (%),Tasa 10Y,5.82
2026-01-02,PEN,Tasas (%),Tasa 10Y,5.784
2026-01-05,PEN,Tasas (%),Tasa 10Y,5.809
2026-01-06,PEN,Tasas (%),Tasa 10Y,5.852
2026-01-07,PEN,Tasas (%),Tasa 10Y,5.855
2026-01-08,PEN,Tasas (%),Tasa 10Y,5.88
2026-01-09,PEN,Tasas (%),Tasa 10Y,5.914
2026-01-12,PEN,Tasas (%),Tasa 10Y,5.935
2026-01-13,PEN,Tasas (%),Tasa 10Y,5.916
2026-01-14,PEN,Tasas (%),Tasa 10Y,5.927
2026-01-15,PEN,Tasas (%),Tasa 10Y,5.951
2026-01-16,PEN,Tasas (%),Tasa 10Y,5.964
2026-01-19,PEN,Tasas (%),Tasa 10Y,5.953
2026-01-20,PEN,Tasas (%),Tasa 10Y,5.942
2026-01-21,PEN,Tasas (%),Tasa 10Y,5.882
2026-01-22,PEN,Tasas (%),Tasa 10Y,5.89
2026-01-23,PEN,Tasas (%),Tasa 10Y,5.883
2026-01-26,PEN,Tasas (%),Tasa 10Y,5.879
2026-01-27,PEN,Tasas (%),Tasa 10Y,5.858
2026-01-28,PEN,Tasas (%),Tasa 10Y,5.825
2026-01-29,PEN,Tasas (%),Tasa 10Y,5.766
2026-01-30,PEN,Tasas (%),Tasa 10Y,5.777
2026-02-02,PEN,Tasas (%),Tasa 10Y,5.793
2026-02-03,PEN,Tasas (%),Tasa 10Y,5.799
2026-02-04,PEN,Tasas (%),Tasa 10Y,5.809
2026-02-05,PEN,Tasas (%),Tasa 10Y,5.779
2026-02-06,PEN,Tasas (%),Tasa 10Y,5.773
2026-02-09,PEN,Tasas (%),Tasa 10Y,5.797
2026-02-10,PEN,Tasas (%),Tasa 10Y,5.797
2026-02-11,PEN,Tasas (%),Tasa 10Y,5.806
2026-02-12,PEN,Tasas (%),Tasa 10Y,5.813
2026-02-13,PEN,Tasas (%),Tasa 10Y,5.801
2026-02-16,PEN,Tasas (%),Tasa 10Y,5.781499999999999
2026-02-17,PEN,Tasas (%),Tasa 10Y,5.762
2026-02-18,PEN,Tasas (%),Tasa 10Y,5.768
2026-02-19,PEN,Tasas (%),Tasa 10Y,5.802
2026-02-20,PEN,Tasas (%),Tasa 10Y,5.812
2026-02-23,PEN,Tasas (%),Tasa 10Y,5.798
2026-02-24,PEN,Tasas (%),Tasa 10Y,5.796
2026-02-25,PEN,Tasas (%),Tasa 10Y,5.812
2026-02-26,PEN,Tasas (%),Tasa 10Y,5.847
2026-02-27,PEN,Tasas (%),Tasa 10Y,5.853
2026-03-02,PEN,Tasas (%),Tasa 10Y,5.897
2026-03-03,PEN,Tasas (%),Tasa 10Y,5.97
2026-03-04,PEN,Tasas (%),Tasa 10Y,6.491
2026-03-05,PEN,Tasas (%),Tasa 10Y,6.556
2026-03-06,PEN,Tasas (%),Tasa 10Y,6.605
2026-03-09,PEN,Tasas (%),Tasa 10Y,6.638
2026-03-10,PEN,Tasas (%),Tasa 10Y,6.586
2026-03-11,PEN,Tasas (%),Tasa 10Y,6.581
2026-03-12,PEN,Tasas (%),Tasa 10Y,6.63
2026-03-13,PEN,Tasas (%),Tasa 10Y,6.641
2026-03-16,PEN,Tasas (%),Tasa 10Y,6.784
2026-03-17,PEN,Tasas (%),Tasa 10Y,6.728
2026-03-18,PEN,Tasas (%),Tasa 10Y,6.715
2026-03-19,PEN,Tasas (%),Tasa 10Y,6.773
2026-03-20,PEN,Tasas (%),Tasa 10Y,6.818
2026-03-23,PEN,Tasas (%),Tasa 10Y,6.786
2026-03-24,PEN,Tasas (%),Tasa 10Y,6.78
2026-03-25,PEN,Tasas (%),Tasa 10Y,6.795
2026-03-26,PEN,Tasas (%),Tasa 10Y,6.819
2026-03-27,PEN,Tasas (%),Tasa 10Y,6.988
2026-03-30,PEN,Tasas (%),Tasa 10Y,7.026
2026-03-31,PEN,Tasas (%),Tasa 10Y,7.004
2026-04-01,PEN,Tasas (%),Tasa 10Y,6.99
2026-04-02,PEN,Tasas (%),Tasa 10Y,6.99
2026-04-06,PEN,Tasas (%),Tasa 10Y,6.983
2026-04-07,PEN,Tasas (%),Tasa 10Y,6.994
2026-04-08,PEN,Tasas (%),Tasa 10Y,6.872
2026-04-09,PEN,Tasas (%),Tasa 10Y,6.797
2026-04-10,PEN,Tasas (%),Tasa 10Y,6.6579999999999995
2026-04-13,PEN,Tasas (%),Tasa 10Y,6.519
2026-04-14,PEN,Tasas (%),Tasa 10Y,6.599
2026-04-15,PEN,Tasas (%),Tasa 10Y,6.818
2026-04-16,PEN,Tasas (%),Tasa 10Y,6.751
2026-04-17,PEN,Tasas (%),Tasa 10Y,6.619
2026-04-20,PEN,Tasas (%),Tasa 10Y,6.534
2026-04-21,PEN,Tasas (%),Tasa 10Y,6.533
2026-04-22,PEN,Tasas (%),Tasa 10Y,6.603
2026-04-23,PEN,Tasas (%),Tasa 10Y,6.646
2026-04-24,PEN,Tasas (%),Tasa 10Y,6.638
2026-04-27,PEN,Tasas (%),Tasa 10Y,6.679
2026-04-28,PEN,Tasas (%),Tasa 10Y,6.689
2026-04-29,PEN,Tasas (%),Tasa 10Y,6.737
2026-04-30,PEN,Tasas (%),Tasa 10Y,6.725
2026-05-04,PEN,Tasas (%),Tasa 10Y,6.746
2026-05-05,PEN,Tasas (%),Tasa 10Y,6.745
2026-05-06,PEN,Tasas (%),Tasa 10Y,6.709
2026-05-07,PEN,Tasas (%),Tasa 10Y,6.704
2026-05-08,PEN,Tasas (%),Tasa 10Y,6.68
2026-05-11,PEN,Tasas (%),Tasa 10Y,6.705
2026-05-12,PEN,Tasas (%),Tasa 10Y,6.711
2026-05-13,PEN,Tasas (%),Tasa 10Y,6.719
2026-05-14,PEN,Tasas (%),Tasa 10Y,6.738
2026-05-15,PEN,Tasas (%),Tasa 10Y,6.778
2026-05-18,PEN,Tasas (%),Tasa 10Y,6.802
2026-05-19,PEN,Tasas (%),Tasa 10Y,6.832
2026-05-20,PEN,Tasas (%),Tasa 10Y,6.795
2026-05-22,PEN,Tasas (%),Tasa 10Y,6.771
2026-05-25,PEN,Tasas (%),Tasa 10Y,6.732
2026-05-26,PEN,Tasas (%),Tasa 10Y,6.742
2026-05-27,PEN,Tasas (%),Tasa 10Y,6.729
2026-05-28,PEN,Tasas (%),Tasa 10Y,6.72
2026-05-29,PEN,Tasas (%),Tasa 10Y,6.668
2025-01-02,COP,Desvíos del modelo (z-score),FX,0.8419161726768329
2025-01-03,COP,Desvíos del modelo (z-score),FX,1.0471733473717417
2025-01-06,COP,Desvíos del modelo (z-score),FX,1.147868916946047
2025-01-07,COP,Desvíos del modelo (z-score),FX,1.1234087079906723
2025-01-08,COP,Desvíos del modelo (z-score),FX,0.8417077717511597
2025-01-09,COP,Desvíos del modelo (z-score),FX,0.8560059187264739
2025-01-10,COP,Desvíos del modelo (z-score),FX,0.7928624757904879
2025-01-13,COP,Desvíos del modelo (z-score),FX,0.680753331309643
2025-01-14,COP,Desvíos del modelo (z-score),FX,0.6735482348218585
2025-01-15,COP,Desvíos del modelo (z-score),FX,0.6415233617985038
2025-01-16,COP,Desvíos del modelo (z-score),FX,0.3788805421808629
2025-01-17,COP,Desvíos del modelo (z-score),FX,0.6988692653919503
2025-01-20,COP,Desvíos del modelo (z-score),FX,0.6981606399449362
2025-01-21,COP,Desvíos del modelo (z-score),FX,0.6862773135912947
2025-01-22,COP,Desvíos del modelo (z-score),FX,0.7828541732909058
2025-01-23,COP,Desvíos del modelo (z-score),FX,0.640026014436525
2025-01-24,COP,Desvíos del modelo (z-score),FX,0.4854765500356528
2025-01-27,COP,Desvíos del modelo (z-score),FX,-0.10048577338815869
2025-01-28,COP,Desvíos del modelo (z-score),FX,-0.0074767324010041845
2025-01-29,COP,Desvíos del modelo (z-score),FX,-0.012804018307407695
2025-01-30,COP,Desvíos del modelo (z-score),FX,-0.04387445697763556
2025-01-31,COP,Desvíos del modelo (z-score),FX,-0.29995313497107534
2025-02-03,COP,Desvíos del modelo (z-score),FX,-0.4278440720427133
2025-02-04,COP,Desvíos del modelo (z-score),FX,-0.049150263142172385
2025-02-05,COP,Desvíos del modelo (z-score),FX,-0.29809019722999025
2025-02-06,COP,Desvíos del modelo (z-score),FX,-0.20792650351684072
2025-02-07,COP,Desvíos del modelo (z-score),FX,-0.32592620902703445
2025-02-10,COP,Desvíos del modelo (z-score),FX,-0.44669385683394425
2025-02-11,COP,Desvíos del modelo (z-score),FX,-0.38385627148905577
2025-02-12,COP,Desvíos del modelo (z-score),FX,-0.1511468432166185
2025-02-13,COP,Desvíos del modelo (z-score),FX,-0.07138395986114655
2025-02-14,COP,Desvíos del modelo (z-score),FX,-0.07697987187955173
2025-02-17,COP,Desvíos del modelo (z-score),FX,-0.3749216782567763
2025-02-18,COP,Desvíos del modelo (z-score),FX,-0.25309959840263535
2025-02-19,COP,Desvíos del modelo (z-score),FX,-0.19697332906033616
2025-02-20,COP,Desvíos del modelo (z-score),FX,-0.307880158402876
2025-02-21,COP,Desvíos del modelo (z-score),FX,-0.7151903368099316
2025-02-24,COP,Desvíos del modelo (z-score),FX,-0.8696699302782824
2025-02-25,COP,Desvíos del modelo (z-score),FX,-0.9694975908958369
2025-02-26,COP,Desvíos del modelo (z-score),FX,-0.9238851493366448
2025-02-27,COP,Desvíos del modelo (z-score),FX,-1.1372918795453388
2025-02-28,COP,Desvíos del modelo (z-score),FX,-1.2756194513532184
2025-03-03,COP,Desvíos del modelo (z-score),FX,-1.372818272254318
2025-03-04,COP,Desvíos del modelo (z-score),FX,-1.3529909428430487
2025-03-05,COP,Desvíos del modelo (z-score),FX,-0.8838605306991506
2025-03-06,COP,Desvíos del modelo (z-score),FX,-0.99213242466411
2025-03-07,COP,Desvíos del modelo (z-score),FX,-1.0361274992037943
2025-03-10,COP,Desvíos del modelo (z-score),FX,-1.392329129316965
2025-03-11,COP,Desvíos del modelo (z-score),FX,-1.0892079675979838
2025-03-12,COP,Desvíos del modelo (z-score),FX,-1.0251124768553652
2025-03-13,COP,Desvíos del modelo (z-score),FX,-1.5091117477602711
2025-03-14,COP,Desvíos del modelo (z-score),FX,-1.2221341240735004
2025-03-17,COP,Desvíos del modelo (z-score),FX,-1.2054505069993808
2025-03-18,COP,Desvíos del modelo (z-score),FX,-1.5351190118068638
2025-03-19,COP,Desvíos del modelo (z-score),FX,-1.2595245212144743
2025-03-20,COP,Desvíos del modelo (z-score),FX,-1.3136151107846938
2025-03-21,COP,Desvíos del modelo (z-score),FX,-1.0857163408065247
2025-03-24,COP,Desvíos del modelo (z-score),FX,-0.9119082707576374
2025-03-25,COP,Desvíos del modelo (z-score),FX,-0.7864005476531875
2025-03-26,COP,Desvíos del modelo (z-score),FX,-1.3185375662774208
2025-03-27,COP,Desvíos del modelo (z-score),FX,-1.2788737411046887
2025-03-28,COP,Desvíos del modelo (z-score),FX,-1.4249765641794483
2025-03-31,COP,Desvíos del modelo (z-score),FX,-1.195251886833704
2025-04-01,COP,Desvíos del modelo (z-score),FX,-1.212793106521795
2025-04-02,COP,Desvíos del modelo (z-score),FX,-1.29314760616295
2025-04-03,COP,Desvíos del modelo (z-score),FX,-1.3491345586720238
2025-04-04,COP,Desvíos del modelo (z-score),FX,-2.208850361538166
2025-04-07,COP,Desvíos del modelo (z-score),FX,-1.344741643349331
2025-04-08,COP,Desvíos del modelo (z-score),FX,-0.6528532543494495
2025-04-09,COP,Desvíos del modelo (z-score),FX,0.43438646302843126
2025-04-10,COP,Desvíos del modelo (z-score),FX,0.6679353216071462
2025-04-11,COP,Desvíos del modelo (z-score),FX,1.0532957023201839
2025-04-14,COP,Desvíos del modelo (z-score),FX,0.752299274556705
2025-04-15,COP,Desvíos del modelo (z-score),FX,0.42695315052566174
2025-04-16,COP,Desvíos del modelo (z-score),FX,0.5475169950998346
2025-04-17,COP,Desvíos del modelo (z-score),FX,0.3478284919854329
2025-04-21,COP,Desvíos del modelo (z-score),FX,0.21543524439545086
2025-04-22,COP,Desvíos del modelo (z-score),FX,0.40735221433201774
2025-04-23,COP,Desvíos del modelo (z-score),FX,0.40628587412478756
2025-04-24,COP,Desvíos del modelo (z-score),FX,0.5658484431894365
2025-04-25,COP,Desvíos del modelo (z-score),FX,0.30344694830969376
2025-04-28,COP,Desvíos del modelo (z-score),FX,0.13711802707515938
2025-04-29,COP,Desvíos del modelo (z-score),FX,-0.046750371666540017
2025-04-30,COP,Desvíos del modelo (z-score),FX,-0.21937456520686924
2025-05-02,COP,Desvíos del modelo (z-score),FX,0.20171722741912293
2025-05-05,COP,Desvíos del modelo (z-score),FX,0.5001957444967269
2025-05-06,COP,Desvíos del modelo (z-score),FX,0.5641609963657562
2025-05-07,COP,Desvíos del modelo (z-score),FX,0.5707813353354083
2025-05-08,COP,Desvíos del modelo (z-score),FX,0.6454833906078601
2025-05-09,COP,Desvíos del modelo (z-score),FX,0.45573633697590654
2025-05-12,COP,Desvíos del modelo (z-score),FX,0.20494796315657104
2025-05-13,COP,Desvíos del modelo (z-score),FX,0.2587570382864999
2025-05-14,COP,Desvíos del modelo (z-score),FX,0.5134704696410829
2025-05-15,COP,Desvíos del modelo (z-score),FX,0.23871103845867203
2025-05-16,COP,Desvíos del modelo (z-score),FX,0.27861496094013216
2025-05-19,COP,Desvíos del modelo (z-score),FX,0.4535192929350564
2025-05-20,COP,Desvíos del modelo (z-score),FX,0.4317738258916662
2025-05-22,COP,Desvíos del modelo (z-score),FX,0.4837925444508518
2025-05-23,COP,Desvíos del modelo (z-score),FX,0.5874532703613734
2025-05-26,COP,Desvíos del modelo (z-score),FX,0.6515803653782163
2025-05-27,COP,Desvíos del modelo (z-score),FX,0.501340239568863
2025-05-28,COP,Desvíos del modelo (z-score),FX,0.2753319150424818
2025-05-29,COP,Desvíos del modelo (z-score),FX,0.1011650670251763
2025-05-30,COP,Desvíos del modelo (z-score),FX,-0.013173597933240237
2025-06-02,COP,Desvíos del modelo (z-score),FX,0.6370489391801816
2025-06-03,COP,Desvíos del modelo (z-score),FX,0.6342999952508428
2025-06-04,COP,Desvíos del modelo (z-score),FX,0.46545385583204946
2025-06-05,COP,Desvíos del modelo (z-score),FX,0.4052690862680843
2025-06-06,COP,Desvíos del modelo (z-score),FX,0.45922995593735544
2025-06-09,COP,Desvíos del modelo (z-score),FX,0.7388434441023045
2025-06-10,COP,Desvíos del modelo (z-score),FX,0.757658700209296
2025-06-11,COP,Desvíos del modelo (z-score),FX,1.0222307666217911
2025-06-12,COP,Desvíos del modelo (z-score),FX,1.297111502678989
2025-06-13,COP,Desvíos del modelo (z-score),FX,1.3007172058088081
2025-06-16,COP,Desvíos del modelo (z-score),FX,1.3389118568221237
2025-06-17,COP,Desvíos del modelo (z-score),FX,1.084239147277857
2025-06-18,COP,Desvíos del modelo (z-score),FX,0.8872738936928968
2025-06-19,COP,Desvíos del modelo (z-score),FX,0.6934529119652106
2025-06-23,COP,Desvíos del modelo (z-score),FX,0.31337914552262425
2025-06-24,COP,Desvíos del modelo (z-score),FX,0.3869238977934343
2025-06-25,COP,Desvíos del modelo (z-score),FX,0.35849974512855487
2025-06-26,COP,Desvíos del modelo (z-score),FX,0.5633456797923897
2025-06-27,COP,Desvíos del modelo (z-score),FX,0.4458889421471494
2025-06-30,COP,Desvíos del modelo (z-score),FX,0.5828712205925535
2025-07-01,COP,Desvíos del modelo (z-score),FX,0.7217103676690186
2025-07-02,COP,Desvíos del modelo (z-score),FX,0.707186181353827
2025-07-03,COP,Desvíos del modelo (z-score),FX,0.6376471814904227
2025-07-04,COP,Desvíos del modelo (z-score),FX,0.5042019019894065
2025-07-07,COP,Desvíos del modelo (z-score),FX,0.43168418299818573
2025-07-08,COP,Desvíos del modelo (z-score),FX,0.5682203181601979
2025-07-09,COP,Desvíos del modelo (z-score),FX,0.7242943393445744
2025-07-10,COP,Desvíos del modelo (z-score),FX,0.5367843645653846
2025-07-11,COP,Desvíos del modelo (z-score),FX,0.5734604131828819
2025-07-14,COP,Desvíos del modelo (z-score),FX,0.5589261668209959
2025-07-15,COP,Desvíos del modelo (z-score),FX,0.5998718209682554
2025-07-17,COP,Desvíos del modelo (z-score),FX,0.592446488674004
2025-07-18,COP,Desvíos del modelo (z-score),FX,0.5453031658018299
2025-07-21,COP,Desvíos del modelo (z-score),FX,0.5657466424125338
2025-07-22,COP,Desvíos del modelo (z-score),FX,0.662232594792209
2025-07-23,COP,Desvíos del modelo (z-score),FX,0.8472111705360518
2025-07-24,COP,Desvíos del modelo (z-score),FX,0.8590192360737806
2025-07-25,COP,Desvíos del modelo (z-score),FX,0.795156877114903
2025-07-28,COP,Desvíos del modelo (z-score),FX,1.0056558934105626
2025-07-29,COP,Desvíos del modelo (z-score),FX,1.1593127293093928
2025-07-30,COP,Desvíos del modelo (z-score),FX,1.0633982306963443
2025-07-31,COP,Desvíos del modelo (z-score),FX,1.1104397771797507
2025-08-01,COP,Desvíos del modelo (z-score),FX,0.8541282078778064
2025-08-04,COP,Desvíos del modelo (z-score),FX,0.8379254141308714
2025-08-05,COP,Desvíos del modelo (z-score),FX,0.6141561141539484
2025-08-06,COP,Desvíos del modelo (z-score),FX,0.7533430679060524
2025-08-07,COP,Desvíos del modelo (z-score),FX,0.6702923958186606
2025-08-08,COP,Desvíos del modelo (z-score),FX,0.7091780755703443
2025-08-11,COP,Desvíos del modelo (z-score),FX,0.6049192362515048
2025-08-12,COP,Desvíos del modelo (z-score),FX,0.6437216842682417
2025-08-13,COP,Desvíos del modelo (z-score),FX,0.5651445280309252
2025-08-14,COP,Desvíos del modelo (z-score),FX,0.5729213727673973
2025-08-18,COP,Desvíos del modelo (z-score),FX,0.5214509554941945
2025-08-19,COP,Desvíos del modelo (z-score),FX,0.27945102556119356
2025-08-20,COP,Desvíos del modelo (z-score),FX,0.3015093894784994
2025-08-21,COP,Desvíos del modelo (z-score),FX,0.3274067011962658
2025-08-22,COP,Desvíos del modelo (z-score),FX,0.28208579774303033
2025-08-25,COP,Desvíos del modelo (z-score),FX,0.3173872324253046
2025-08-26,COP,Desvíos del modelo (z-score),FX,0.2994556767062141
2025-08-27,COP,Desvíos del modelo (z-score),FX,0.3813666948506693
2025-08-28,COP,Desvíos del modelo (z-score),FX,0.508807454878664
2025-08-29,COP,Desvíos del modelo (z-score),FX,0.2676204254079294
2025-09-01,COP,Desvíos del modelo (z-score),FX,0.3872020484808025
2025-09-02,COP,Desvíos del modelo (z-score),FX,0.32613202380641776
2025-09-03,COP,Desvíos del modelo (z-score),FX,0.3374704925335583
2025-09-04,COP,Desvíos del modelo (z-score),FX,0.11680916499520702
2025-09-05,COP,Desvíos del modelo (z-score),FX,0.019091231996914076
2025-09-08,COP,Desvíos del modelo (z-score),FX,-0.038896930941205665
2025-09-09,COP,Desvíos del modelo (z-score),FX,-0.03642593202338569
2025-09-10,COP,Desvíos del modelo (z-score),FX,-0.19867911319934087
2025-09-11,COP,Desvíos del modelo (z-score),FX,-0.25475841916786496
2025-09-12,COP,Desvíos del modelo (z-score),FX,-0.19687352771038472
2025-09-15,COP,Desvíos del modelo (z-score),FX,0.10140609782872326
2025-09-16,COP,Desvíos del modelo (z-score),FX,0.14482225113394823
2025-09-17,COP,Desvíos del modelo (z-score),FX,0.01388596427446522
2025-09-22,COP,Desvíos del modelo (z-score),FX,0.39110018959120163
2025-09-23,COP,Desvíos del modelo (z-score),FX,0.10509899816065629
2025-09-24,COP,Desvíos del modelo (z-score),FX,-0.05897980211500422
2025-09-25,COP,Desvíos del modelo (z-score),FX,0.11326314092471866
2025-09-26,COP,Desvíos del modelo (z-score),FX,0.07624494356435237
2025-09-29,COP,Desvíos del modelo (z-score),FX,0.25561826480112304
2025-09-30,COP,Desvíos del modelo (z-score),FX,0.2861499248884884
2025-10-01,COP,Desvíos del modelo (z-score),FX,0.3868500963797475
2025-10-02,COP,Desvíos del modelo (z-score),FX,0.2092046019947015
2025-10-03,COP,Desvíos del modelo (z-score),FX,0.2021019763780176
2025-10-06,COP,Desvíos del modelo (z-score),FX,0.0869097538649598
2025-10-07,COP,Desvíos del modelo (z-score),FX,-0.18721588591670232
2025-10-08,COP,Desvíos del modelo (z-score),FX,-0.03957820819947523
2025-10-09,COP,Desvíos del modelo (z-score),FX,-0.07827068766773318
2025-10-10,COP,Desvíos del modelo (z-score),FX,-0.3375605800511723
2025-10-13,COP,Desvíos del modelo (z-score),FX,-0.11070764632302953
2025-10-14,COP,Desvíos del modelo (z-score),FX,-0.13249330989201832
2025-10-15,COP,Desvíos del modelo (z-score),FX,0.13675197794811964
2025-10-16,COP,Desvíos del modelo (z-score),FX,0.22851118698140363
2025-10-17,COP,Desvíos del modelo (z-score),FX,-0.1904541541431642
2025-10-20,COP,Desvíos del modelo (z-score),FX,-0.6013836829435377
2025-10-21,COP,Desvíos del modelo (z-score),FX,-0.5716981801305214
2025-10-22,COP,Desvíos del modelo (z-score),FX,-0.6289834538210791
2025-10-23,COP,Desvíos del modelo (z-score),FX,-0.31795395212755934
2025-10-24,COP,Desvíos del modelo (z-score),FX,-0.3747144549066129
2025-10-27,COP,Desvíos del modelo (z-score),FX,-0.5364032059416255
2025-10-28,COP,Desvíos del modelo (z-score),FX,-0.5678818446187966
2025-10-29,COP,Desvíos del modelo (z-score),FX,-0.1532280748323328
2025-10-30,COP,Desvíos del modelo (z-score),FX,-0.39421385110952584
2025-11-03,COP,Desvíos del modelo (z-score),FX,-0.45480540135262765
2025-11-04,COP,Desvíos del modelo (z-score),FX,-0.7276478240693663
2025-11-05,COP,Desvíos del modelo (z-score),FX,-0.572561984710007
2025-11-06,COP,Desvíos del modelo (z-score),FX,-0.8899538206313816
2025-11-07,COP,Desvíos del modelo (z-score),FX,-1.0567383806709236
2025-11-10,COP,Desvíos del modelo (z-score),FX,-0.8595621036534113
2025-11-11,COP,Desvíos del modelo (z-score),FX,-1.0291132059190955
2025-11-12,COP,Desvíos del modelo (z-score),FX,-1.0499441685720174
2025-11-13,COP,Desvíos del modelo (z-score),FX,-1.4039244151262187
2025-11-14,COP,Desvíos del modelo (z-score),FX,-1.3674852938589181
2025-11-17,COP,Desvíos del modelo (z-score),FX,-1.142665039417558
2025-11-18,COP,Desvíos del modelo (z-score),FX,-1.1810490017942763
2025-11-19,COP,Desvíos del modelo (z-score),FX,-1.298910217329188
2025-11-20,COP,Desvíos del modelo (z-score),FX,-1.8247884440307791
2025-11-21,COP,Desvíos del modelo (z-score),FX,-1.8175289413491802
2025-11-24,COP,Desvíos del modelo (z-score),FX,-1.1946467424051581
2025-11-25,COP,Desvíos del modelo (z-score),FX,-1.3298150706963738
2025-11-26,COP,Desvíos del modelo (z-score),FX,-1.170421655406675
2025-11-27,COP,Desvíos del modelo (z-score),FX,-1.2715118709336035
2025-11-28,COP,Desvíos del modelo (z-score),FX,-1.3195726185589023
2025-12-01,COP,Desvíos del modelo (z-score),FX,-1.2510204096083881
2025-12-02,COP,Desvíos del modelo (z-score),FX,-1.181234477079977
2025-12-03,COP,Desvíos del modelo (z-score),FX,-0.9435908799419414
2025-12-04,COP,Desvíos del modelo (z-score),FX,-1.0779431344523107
2025-12-05,COP,Desvíos del modelo (z-score),FX,-1.2225576740498785
2025-12-09,COP,Desvíos del modelo (z-score),FX,-0.6767259413520842
2025-12-10,COP,Desvíos del modelo (z-score),FX,-0.5535759408579949
2025-12-11,COP,Desvíos del modelo (z-score),FX,-0.4933228307604787
2025-12-12,COP,Desvíos del modelo (z-score),FX,-0.8381682138069108
2025-12-15,COP,Desvíos del modelo (z-score),FX,-1.0310301017110644
2025-12-16,COP,Desvíos del modelo (z-score),FX,-0.8634524895065468
2025-12-17,COP,Desvíos del modelo (z-score),FX,-0.865005334276459
2025-12-18,COP,Desvíos del modelo (z-score),FX,-0.6828169131685412
2025-12-19,COP,Desvíos del modelo (z-score),FX,-0.5870117676715244
2025-12-22,COP,Desvíos del modelo (z-score),FX,-0.7651543274952267
2025-12-23,COP,Desvíos del modelo (z-score),FX,-0.786353434113821
2025-12-24,COP,Desvíos del modelo (z-score),FX,-1.0240918922209503
2025-12-26,COP,Desvíos del modelo (z-score),FX,-1.4323286095386079
2025-12-29,COP,Desvíos del modelo (z-score),FX,-1.527903489126778
2025-12-30,COP,Desvíos del modelo (z-score),FX,-1.619053464219985
2026-01-02,COP,Desvíos del modelo (z-score),FX,-1.4033775730881246
2026-01-05,COP,Desvíos del modelo (z-score),FX,-1.1623194690616208
2026-01-06,COP,Desvíos del modelo (z-score),FX,-1.0967160306863502
2026-01-07,COP,Desvíos del modelo (z-score),FX,-1.4672500025937698
2026-01-08,COP,Desvíos del modelo (z-score),FX,-1.4059365020534136
2026-01-09,COP,Desvíos del modelo (z-score),FX,-1.4489157896542022
2026-01-12,COP,Desvíos del modelo (z-score),FX,-1.2786974127537811
2026-01-13,COP,Desvíos del modelo (z-score),FX,-1.2586606525395494
2026-01-14,COP,Desvíos del modelo (z-score),FX,-1.6846850528399369
2026-01-15,COP,Desvíos del modelo (z-score),FX,-1.8382540439412076
2026-01-16,COP,Desvíos del modelo (z-score),FX,-1.5439422883297322
2026-01-19,COP,Desvíos del modelo (z-score),FX,-1.2877804944868503
2026-01-20,COP,Desvíos del modelo (z-score),FX,-1.0756294298734503
2026-01-21,COP,Desvíos del modelo (z-score),FX,-1.279765988304493
2026-01-22,COP,Desvíos del modelo (z-score),FX,-1.3094968773614648
2026-01-23,COP,Desvíos del modelo (z-score),FX,-1.350300081935032
2026-01-26,COP,Desvíos del modelo (z-score),FX,-1.0549256805646035
2026-01-27,COP,Desvíos del modelo (z-score),FX,-0.48585883304678346
2026-01-28,COP,Desvíos del modelo (z-score),FX,-0.2658264960627507
2026-01-29,COP,Desvíos del modelo (z-score),FX,-0.3979213234540408
2026-01-30,COP,Desvíos del modelo (z-score),FX,-0.932610602055166
2026-02-02,COP,Desvíos del modelo (z-score),FX,-1.2124567205196841
2026-02-03,COP,Desvíos del modelo (z-score),FX,-1.3460239617408305
2026-02-04,COP,Desvíos del modelo (z-score),FX,-1.4073707648027307
2026-02-05,COP,Desvíos del modelo (z-score),FX,-1.771883763178083
2026-02-06,COP,Desvíos del modelo (z-score),FX,-1.259738300900624
2026-02-09,COP,Desvíos del modelo (z-score),FX,-1.0327260974514783
2026-02-10,COP,Desvíos del modelo (z-score),FX,-1.2559912566325075
2026-02-11,COP,Desvíos del modelo (z-score),FX,-1.1046728697893802
2026-02-12,COP,Desvíos del modelo (z-score),FX,-1.3932784023181135
2026-02-13,COP,Desvíos del modelo (z-score),FX,-1.450897384053145
2026-02-16,COP,Desvíos del modelo (z-score),FX,-1.4910133871417734
2026-02-17,COP,Desvíos del modelo (z-score),FX,-1.6472298511616885
2026-02-18,COP,Desvíos del modelo (z-score),FX,-1.3359922419810975
2026-02-19,COP,Desvíos del modelo (z-score),FX,-1.4237217219422629
2026-02-20,COP,Desvíos del modelo (z-score),FX,-1.1801320379897975
2026-02-23,COP,Desvíos del modelo (z-score),FX,-1.1864231026050984
2026-02-24,COP,Desvíos del modelo (z-score),FX,-1.2702210677096855
2026-02-25,COP,Desvíos del modelo (z-score),FX,-1.1340021678925667
2026-02-26,COP,Desvíos del modelo (z-score),FX,-1.2978848990832943
2026-02-27,COP,Desvíos del modelo (z-score),FX,-1.094236309966771
2026-03-02,COP,Desvíos del modelo (z-score),FX,-0.8227334446489598
2026-03-03,COP,Desvíos del modelo (z-score),FX,-1.04431474424504
2026-03-04,COP,Desvíos del modelo (z-score),FX,-0.7160461358086966
2026-03-05,COP,Desvíos del modelo (z-score),FX,-0.8561951321877068
2026-03-06,COP,Desvíos del modelo (z-score),FX,-0.6374242145584185
2026-03-09,COP,Desvíos del modelo (z-score),FX,-0.40889888176702954
2026-03-10,COP,Desvíos del modelo (z-score),FX,-0.7291302898061494
2026-03-11,COP,Desvíos del modelo (z-score),FX,-1.0352435360574233
2026-03-12,COP,Desvíos del modelo (z-score),FX,-1.1670618303036446
2026-03-13,COP,Desvíos del modelo (z-score),FX,-1.364336886167895
2026-03-16,COP,Desvíos del modelo (z-score),FX,-1.6351777899047708
2026-03-17,COP,Desvíos del modelo (z-score),FX,-1.4738556979111428
2026-03-18,COP,Desvíos del modelo (z-score),FX,-1.7086864503637293
2026-03-19,COP,Desvíos del modelo (z-score),FX,-1.9181461683199026
2026-03-20,COP,Desvíos del modelo (z-score),FX,-1.8414874181793173
2026-03-23,COP,Desvíos del modelo (z-score),FX,-1.6759033403458319
2026-03-24,COP,Desvíos del modelo (z-score),FX,-1.705615770542145
2026-03-25,COP,Desvíos del modelo (z-score),FX,-1.7157454868643118
2026-03-26,COP,Desvíos del modelo (z-score),FX,-1.939026254873757
2026-03-27,COP,Desvíos del modelo (z-score),FX,-2.1124304572607886
2026-03-30,COP,Desvíos del modelo (z-score),FX,-2.35205367077333
2026-03-31,COP,Desvíos del modelo (z-score),FX,-2.082156775228709
2026-04-01,COP,Desvíos del modelo (z-score),FX,-1.8368630692486112
2026-04-02,COP,Desvíos del modelo (z-score),FX,-1.6982376970705213
2026-04-06,COP,Desvíos del modelo (z-score),FX,-1.6878070028044028
2026-04-07,COP,Desvíos del modelo (z-score),FX,-1.5967629960553367
2026-04-08,COP,Desvíos del modelo (z-score),FX,-1.4026893501630024
2026-04-09,COP,Desvíos del modelo (z-score),FX,-1.645843180790166
2026-04-10,COP,Desvíos del modelo (z-score),FX,-1.5877253594663008
2026-04-13,COP,Desvíos del modelo (z-score),FX,-1.597162247354608
2026-04-14,COP,Desvíos del modelo (z-score),FX,-1.5839619774649156
2026-04-15,COP,Desvíos del modelo (z-score),FX,-1.7149817675839976
2026-04-16,COP,Desvíos del modelo (z-score),FX,-1.4546458881413356
2026-04-17,COP,Desvíos del modelo (z-score),FX,-1.4320763610619138
2026-04-20,COP,Desvíos del modelo (z-score),FX,-1.5094643107757457
2026-04-21,COP,Desvíos del modelo (z-score),FX,-1.6973541483892804
2026-04-22,COP,Desvíos del modelo (z-score),FX,-1.5181324567561092
2026-04-23,COP,Desvíos del modelo (z-score),FX,-1.6292002762611377
2026-04-24,COP,Desvíos del modelo (z-score),FX,-1.5973538440317168
2026-04-27,COP,Desvíos del modelo (z-score),FX,-1.5842706260647472
2026-04-28,COP,Desvíos del modelo (z-score),FX,-1.5767073041484851
2026-04-29,COP,Desvíos del modelo (z-score),FX,-1.0644551593189764
2026-04-30,COP,Desvíos del modelo (z-score),FX,-1.2096999342856205
2026-05-04,COP,Desvíos del modelo (z-score),FX,-0.8933301871990371
2026-05-05,COP,Desvíos del modelo (z-score),FX,-0.5088982554949405
2026-05-06,COP,Desvíos del modelo (z-score),FX,-0.0637884413872961
2026-05-07,COP,Desvíos del modelo (z-score),FX,-0.19870335587697008
2026-05-08,COP,Desvíos del modelo (z-score),FX,0.0646813629292025
2026-05-11,COP,Desvíos del modelo (z-score),FX,0.4197980715281864
2026-05-12,COP,Desvíos del modelo (z-score),FX,0.3875923264346954
2026-05-13,COP,Desvíos del modelo (z-score),FX,0.5057752403364562
2026-05-14,COP,Desvíos del modelo (z-score),FX,0.6006367363931309
2026-05-15,COP,Desvíos del modelo (z-score),FX,0.3307140340281089
2026-05-18,COP,Desvíos del modelo (z-score),FX,0.37757732667684646
2026-05-19,COP,Desvíos del modelo (z-score),FX,0.2927603684644947
2026-05-20,COP,Desvíos del modelo (z-score),FX,0.16721543064986438
2026-05-22,COP,Desvíos del modelo (z-score),FX,-0.5010436606990091
2026-05-25,COP,Desvíos del modelo (z-score),FX,-0.64103106488191
2026-05-26,COP,Desvíos del modelo (z-score),FX,-0.6381729188294485
2026-05-27,COP,Desvíos del modelo (z-score),FX,-1.0272337436125392
2026-05-28,COP,Desvíos del modelo (z-score),FX,-1.09993233865444
2026-05-29,COP,Desvíos del modelo (z-score),FX,-0.9549680857905241
2026-06-01,COP,Desvíos del modelo (z-score),FX,-0.6272998455784593
2025-01-02,COP,Desvíos del modelo (z-score),Tasa 10Y,0.19927146454346903
2025-01-03,COP,Desvíos del modelo (z-score),Tasa 10Y,0.2217097131395145
2025-01-06,COP,Desvíos del modelo (z-score),Tasa 10Y,0.034313667174547674
2025-01-07,COP,Desvíos del modelo (z-score),Tasa 10Y,-0.18730232040111755
2025-01-08,COP,Desvíos del modelo (z-score),Tasa 10Y,-0.337440001163645
2025-01-09,COP,Desvíos del modelo (z-score),Tasa 10Y,-0.40003446510802304
2025-01-10,COP,Desvíos del modelo (z-score),Tasa 10Y,-0.5271496980986767
2025-01-13,COP,Desvíos del modelo (z-score),Tasa 10Y,-0.26652432128130216
2025-01-14,COP,Desvíos del modelo (z-score),Tasa 10Y,-0.25469989578996616
2025-01-15,COP,Desvíos del modelo (z-score),Tasa 10Y,0.06410919641327988
2025-01-16,COP,Desvíos del modelo (z-score),Tasa 10Y,0.21525102988419817
2025-01-17,COP,Desvíos del modelo (z-score),Tasa 10Y,0.23959207942983798
2025-01-20,COP,Desvíos del modelo (z-score),Tasa 10Y,0.13385886462544389
2025-01-21,COP,Desvíos del modelo (z-score),Tasa 10Y,-0.0015444622939138307
2025-01-22,COP,Desvíos del modelo (z-score),Tasa 10Y,-0.05260408056591331
2025-01-23,COP,Desvíos del modelo (z-score),Tasa 10Y,-0.20495594735587028
2025-01-24,COP,Desvíos del modelo (z-score),Tasa 10Y,-0.3984193631111761
2025-01-27,COP,Desvíos del modelo (z-score),Tasa 10Y,-0.4739101838119753
2025-01-28,COP,Desvíos del modelo (z-score),Tasa 10Y,-0.27070041845231363
2025-01-29,COP,Desvíos del modelo (z-score),Tasa 10Y,-0.3098853690034702
2025-01-30,COP,Desvíos del modelo (z-score),Tasa 10Y,-0.1623777622162156
2025-01-31,COP,Desvíos del modelo (z-score),Tasa 10Y,-0.24088755527329134
2025-02-03,COP,Desvíos del modelo (z-score),Tasa 10Y,-0.1754256058927879
2025-02-04,COP,Desvíos del modelo (z-score),Tasa 10Y,-0.39325304419289475
2025-02-05,COP,Desvíos del modelo (z-score),Tasa 10Y,-0.28249178614071585
2025-02-06,COP,Desvíos del modelo (z-score),Tasa 10Y,-0.2962390067640975
2025-02-07,COP,Desvíos del modelo (z-score),Tasa 10Y,-0.3188956252434701
2025-02-10,COP,Desvíos del modelo (z-score),Tasa 10Y,-0.15262537678015956
2025-02-11,COP,Desvíos del modelo (z-score),Tasa 10Y,-0.14021399465089648
2025-02-12,COP,Desvíos del modelo (z-score),Tasa 10Y,0.012870892673209382
2025-02-13,COP,Desvíos del modelo (z-score),Tasa 10Y,0.16285768397216513
2025-02-14,COP,Desvíos del modelo (z-score),Tasa 10Y,0.3795322336933658
2025-02-17,COP,Desvíos del modelo (z-score),Tasa 10Y,0.36229078877139076
2025-02-18,COP,Desvíos del modelo (z-score),Tasa 10Y,0.28728897800491954
2025-02-19,COP,Desvíos del modelo (z-score),Tasa 10Y,0.25886105296263395
2025-02-20,COP,Desvíos del modelo (z-score),Tasa 10Y,0.1779015846152479
2025-02-21,COP,Desvíos del modelo (z-score),Tasa 10Y,-0.03281153685966139
2025-02-24,COP,Desvíos del modelo (z-score),Tasa 10Y,-0.09946890869043447
2025-02-25,COP,Desvíos del modelo (z-score),Tasa 10Y,-0.019667950900197705
2025-02-26,COP,Desvíos del modelo (z-score),Tasa 10Y,0.02607877894086715
2025-02-27,COP,Desvíos del modelo (z-score),Tasa 10Y,-0.1433456858054402
2025-02-28,COP,Desvíos del modelo (z-score),Tasa 10Y,-0.10838108661257524
2025-03-03,COP,Desvíos del modelo (z-score),Tasa 10Y,-0.16229171258971198
2025-03-04,COP,Desvíos del modelo (z-score),Tasa 10Y,-0.3240699369097553
2025-03-05,COP,Desvíos del modelo (z-score),Tasa 10Y,-0.20879172543423513
2025-03-06,COP,Desvíos del modelo (z-score),Tasa 10Y,-0.5407160691074764
2025-03-07,COP,Desvíos del modelo (z-score),Tasa 10Y,-0.45581558504883435
2025-03-10,COP,Desvíos del modelo (z-score),Tasa 10Y,-0.4573484103653993
2025-03-11,COP,Desvíos del modelo (z-score),Tasa 10Y,-0.524762637519497
2025-03-12,COP,Desvíos del modelo (z-score),Tasa 10Y,-0.347111400862528
2025-03-13,COP,Desvíos del modelo (z-score),Tasa 10Y,-0.3974732129311033
2025-03-14,COP,Desvíos del modelo (z-score),Tasa 10Y,-0.25281016319968974
2025-03-17,COP,Desvíos del modelo (z-score),Tasa 10Y,-0.17176996103057104
2025-03-18,COP,Desvíos del modelo (z-score),Tasa 10Y,-0.013474629236351326
2025-03-19,COP,Desvíos del modelo (z-score),Tasa 10Y,0.40485100088979303
2025-03-20,COP,Desvíos del modelo (z-score),Tasa 10Y,0.40036601754096673
2025-03-21,COP,Desvíos del modelo (z-score),Tasa 10Y,0.10322556883667584
2025-03-24,COP,Desvíos del modelo (z-score),Tasa 10Y,0.14908772396652656
2025-03-25,COP,Desvíos del modelo (z-score),Tasa 10Y,0.2373925141723997
2025-03-26,COP,Desvíos del modelo (z-score),Tasa 10Y,0.23558999179662907
2025-03-27,COP,Desvíos del modelo (z-score),Tasa 10Y,0.34131825568350344
2025-03-28,COP,Desvíos del modelo (z-score),Tasa 10Y,0.3277547174830523
2025-03-31,COP,Desvíos del modelo (z-score),Tasa 10Y,0.2849166701587929
2025-04-01,COP,Desvíos del modelo (z-score),Tasa 10Y,0.3416894501954615
2025-04-02,COP,Desvíos del modelo (z-score),Tasa 10Y,0.40769295873495953
2025-04-03,COP,Desvíos del modelo (z-score),Tasa 10Y,-0.3107308111908274
2025-04-04,COP,Desvíos del modelo (z-score),Tasa 10Y,-1.0197371934712123
2025-04-07,COP,Desvíos del modelo (z-score),Tasa 10Y,-1.2268226944203398
2025-04-08,COP,Desvíos del modelo (z-score),Tasa 10Y,-1.4410674665468148
2025-04-09,COP,Desvíos del modelo (z-score),Tasa 10Y,-0.7122679007411037
2025-04-10,COP,Desvíos del modelo (z-score),Tasa 10Y,-1.3603554167050012
2025-04-11,COP,Desvíos del modelo (z-score),Tasa 10Y,-0.9644995284343886
2025-04-14,COP,Desvíos del modelo (z-score),Tasa 10Y,-0.6183289656789239
2025-04-15,COP,Desvíos del modelo (z-score),Tasa 10Y,-0.8198964205178445
2025-04-16,COP,Desvíos del modelo (z-score),Tasa 10Y,-1.2801279084535286
2025-04-17,COP,Desvíos del modelo (z-score),Tasa 10Y,-1.1162177486499303
2025-04-21,COP,Desvíos del modelo (z-score),Tasa 10Y,-1.38050629930279
2025-04-22,COP,Desvíos del modelo (z-score),Tasa 10Y,-1.4174516919504732
2025-04-23,COP,Desvíos del modelo (z-score),Tasa 10Y,-1.297415267383854
2025-04-24,COP,Desvíos del modelo (z-score),Tasa 10Y,-1.2561451871936695
2025-04-25,COP,Desvíos del modelo (z-score),Tasa 10Y,-0.938779119701956
2025-04-28,COP,Desvíos del modelo (z-score),Tasa 10Y,-0.9225668190270606
2025-04-29,COP,Desvíos del modelo (z-score),Tasa 10Y,-0.6744655198536796
2025-04-30,COP,Desvíos del modelo (z-score),Tasa 10Y,-0.6724842916589866
2025-05-02,COP,Desvíos del modelo (z-score),Tasa 10Y,-0.7947576015844406
2025-05-05,COP,Desvíos del modelo (z-score),Tasa 10Y,-0.881847580103941
2025-05-06,COP,Desvíos del modelo (z-score),Tasa 10Y,-0.8610651750579225
2025-05-07,COP,Desvíos del modelo (z-score),Tasa 10Y,-0.9763567962730351
2025-05-08,COP,Desvíos del modelo (z-score),Tasa 10Y,-0.9039057989685763
2025-05-09,COP,Desvíos del modelo (z-score),Tasa 10Y,-0.8371603719534464
2025-05-12,COP,Desvíos del modelo (z-score),Tasa 10Y,-0.08833749212881531
2025-05-13,COP,Desvíos del modelo (z-score),Tasa 10Y,0.09879194304740595
2025-05-14,COP,Desvíos del modelo (z-score),Tasa 10Y,-0.15207421362510565
2025-05-15,COP,Desvíos del modelo (z-score),Tasa 10Y,-0.2071331579410722
2025-05-16,COP,Desvíos del modelo (z-score),Tasa 10Y,-0.23477391568422715
2025-05-19,COP,Desvíos del modelo (z-score),Tasa 10Y,-0.20614293184122054
2025-05-20,COP,Desvíos del modelo (z-score),Tasa 10Y,-0.2318799062778571
2025-05-22,COP,Desvíos del modelo (z-score),Tasa 10Y,-0.22896758507706383
2025-05-23,COP,Desvíos del modelo (z-score),Tasa 10Y,-0.20886555179644556
2025-05-26,COP,Desvíos del modelo (z-score),Tasa 10Y,-0.184343126785551
2025-05-27,COP,Desvíos del modelo (z-score),Tasa 10Y,0.04095656374326609
2025-05-28,COP,Desvíos del modelo (z-score),Tasa 10Y,0.08937460706644823
2025-05-29,COP,Desvíos del modelo (z-score),Tasa 10Y,0.1764883960611563
2025-05-30,COP,Desvíos del modelo (z-score),Tasa 10Y,0.10745325971587355
2025-06-02,COP,Desvíos del modelo (z-score),Tasa 10Y,0.05789340098291967
2025-06-03,COP,Desvíos del modelo (z-score),Tasa 10Y,0.2582721336232599
2025-06-04,COP,Desvíos del modelo (z-score),Tasa 10Y,0.3299375076920661
2025-06-05,COP,Desvíos del modelo (z-score),Tasa 10Y,0.12379254414031683
2025-06-06,COP,Desvíos del modelo (z-score),Tasa 10Y,0.11126988308530418
2025-06-09,COP,Desvíos del modelo (z-score),Tasa 10Y,0.23676142843314618
2025-06-10,COP,Desvíos del modelo (z-score),Tasa 10Y,0.29517811563643787
2025-06-11,COP,Desvíos del modelo (z-score),Tasa 10Y,0.4850990165042487
2025-06-12,COP,Desvíos del modelo (z-score),Tasa 10Y,0.5809994561794908
2025-06-13,COP,Desvíos del modelo (z-score),Tasa 10Y,0.4330457942085154
2025-06-16,COP,Desvíos del modelo (z-score),Tasa 10Y,0.3541942674816799
2025-06-17,COP,Desvíos del modelo (z-score),Tasa 10Y,0.08495691105270177
2025-06-18,COP,Desvíos del modelo (z-score),Tasa 10Y,-0.1686203208788184
2025-06-19,COP,Desvíos del modelo (z-score),Tasa 10Y,-0.2062743476644973
2025-06-23,COP,Desvíos del modelo (z-score),Tasa 10Y,-0.1497966676419023
2025-06-24,COP,Desvíos del modelo (z-score),Tasa 10Y,-0.07540129246461791
2025-06-25,COP,Desvíos del modelo (z-score),Tasa 10Y,-0.02856273163624899
2025-06-26,COP,Desvíos del modelo (z-score),Tasa 10Y,-0.043169809318042436
2025-06-27,COP,Desvíos del modelo (z-score),Tasa 10Y,-0.10869864996599213
2025-06-30,COP,Desvíos del modelo (z-score),Tasa 10Y,0.051395330246524144
2025-07-01,COP,Desvíos del modelo (z-score),Tasa 10Y,0.07269898913736109
2025-07-02,COP,Desvíos del modelo (z-score),Tasa 10Y,0.05796319054064524
2025-07-03,COP,Desvíos del modelo (z-score),Tasa 10Y,0.31833037908724926
2025-07-04,COP,Desvíos del modelo (z-score),Tasa 10Y,0.323048277613567
2025-07-07,COP,Desvíos del modelo (z-score),Tasa 10Y,0.3178929352671082
2025-07-08,COP,Desvíos del modelo (z-score),Tasa 10Y,0.16570383317049234
2025-07-09,COP,Desvíos del modelo (z-score),Tasa 10Y,0.3366897943680664
2025-07-10,COP,Desvíos del modelo (z-score),Tasa 10Y,0.2435850139104736
2025-07-11,COP,Desvíos del modelo (z-score),Tasa 10Y,0.13391009146581717
2025-07-14,COP,Desvíos del modelo (z-score),Tasa 10Y,-0.08629075647926017
2025-07-15,COP,Desvíos del modelo (z-score),Tasa 10Y,-0.21613013959591884
2025-07-17,COP,Desvíos del modelo (z-score),Tasa 10Y,-0.4709755917388121
2025-07-18,COP,Desvíos del modelo (z-score),Tasa 10Y,-0.5267831431347286
2025-07-21,COP,Desvíos del modelo (z-score),Tasa 10Y,-0.48989670367612265
2025-07-22,COP,Desvíos del modelo (z-score),Tasa 10Y,-0.19285037938439126
2025-07-23,COP,Desvíos del modelo (z-score),Tasa 10Y,-0.004941244920409476
2025-07-24,COP,Desvíos del modelo (z-score),Tasa 10Y,0.0908775762111989
2025-07-25,COP,Desvíos del modelo (z-score),Tasa 10Y,0.11163007495126877
2025-07-28,COP,Desvíos del modelo (z-score),Tasa 10Y,0.28131974561867873
2025-07-29,COP,Desvíos del modelo (z-score),Tasa 10Y,0.2262093603526159
2025-07-30,COP,Desvíos del modelo (z-score),Tasa 10Y,0.2511189631871777
2025-07-31,COP,Desvíos del modelo (z-score),Tasa 10Y,0.4542658945610399
2025-08-01,COP,Desvíos del modelo (z-score),Tasa 10Y,0.2532063708051551
2025-08-04,COP,Desvíos del modelo (z-score),Tasa 10Y,0.47708017889508697
2025-08-05,COP,Desvíos del modelo (z-score),Tasa 10Y,0.10532893221953352
2025-08-06,COP,Desvíos del modelo (z-score),Tasa 10Y,0.05873105046417788
2025-08-07,COP,Desvíos del modelo (z-score),Tasa 10Y,0.1801694674275627
2025-08-08,COP,Desvíos del modelo (z-score),Tasa 10Y,0.31371252299813074
2025-08-11,COP,Desvíos del modelo (z-score),Tasa 10Y,0.4995859327685492
2025-08-12,COP,Desvíos del modelo (z-score),Tasa 10Y,0.6457114653550297
2025-08-13,COP,Desvíos del modelo (z-score),Tasa 10Y,0.7455679650673266
2025-08-14,COP,Desvíos del modelo (z-score),Tasa 10Y,0.7565504570759565
2025-08-18,COP,Desvíos del modelo (z-score),Tasa 10Y,0.7452955921522731
2025-08-19,COP,Desvíos del modelo (z-score),Tasa 10Y,0.7416835354094793
2025-08-20,COP,Desvíos del modelo (z-score),Tasa 10Y,0.5740170467163256
2025-08-21,COP,Desvíos del modelo (z-score),Tasa 10Y,0.4733840055272396
2025-08-22,COP,Desvíos del modelo (z-score),Tasa 10Y,0.6051501268142689
2025-08-25,COP,Desvíos del modelo (z-score),Tasa 10Y,0.2732978681706025
2025-08-26,COP,Desvíos del modelo (z-score),Tasa 10Y,0.20916339908970685
2025-08-27,COP,Desvíos del modelo (z-score),Tasa 10Y,0.16509111606539026
2025-08-28,COP,Desvíos del modelo (z-score),Tasa 10Y,0.5363852508615485
2025-08-29,COP,Desvíos del modelo (z-score),Tasa 10Y,0.3469893817315654
2025-09-01,COP,Desvíos del modelo (z-score),Tasa 10Y,0.33690333637706193
2025-09-02,COP,Desvíos del modelo (z-score),Tasa 10Y,0.3455743070551123
2025-09-03,COP,Desvíos del modelo (z-score),Tasa 10Y,0.6059331131828135
2025-09-04,COP,Desvíos del modelo (z-score),Tasa 10Y,0.8523690364432401
2025-09-05,COP,Desvíos del modelo (z-score),Tasa 10Y,1.2518660400651915
2025-09-08,COP,Desvíos del modelo (z-score),Tasa 10Y,1.305212275490837
2025-09-09,COP,Desvíos del modelo (z-score),Tasa 10Y,1.275115292547072
2025-09-10,COP,Desvíos del modelo (z-score),Tasa 10Y,1.4913723081623587
2025-09-11,COP,Desvíos del modelo (z-score),Tasa 10Y,1.4691475902729165
2025-09-12,COP,Desvíos del modelo (z-score),Tasa 10Y,1.393649796135198
2025-09-15,COP,Desvíos del modelo (z-score),Tasa 10Y,1.3226269063480722
2025-09-16,COP,Desvíos del modelo (z-score),Tasa 10Y,1.049327181939086
2025-09-17,COP,Desvíos del modelo (z-score),Tasa 10Y,0.8110260628529152
2025-09-22,COP,Desvíos del modelo (z-score),Tasa 10Y,1.0074726606851145
2025-09-23,COP,Desvíos del modelo (z-score),Tasa 10Y,1.035166835096572
2025-09-24,COP,Desvíos del modelo (z-score),Tasa 10Y,1.0556694529085215
2025-09-25,COP,Desvíos del modelo (z-score),Tasa 10Y,1.0009497805676189
2025-09-26,COP,Desvíos del modelo (z-score),Tasa 10Y,1.0382920714250417
2025-09-29,COP,Desvíos del modelo (z-score),Tasa 10Y,0.8362989121194961
2025-09-30,COP,Desvíos del modelo (z-score),Tasa 10Y,0.8785675656161681
2025-10-01,COP,Desvíos del modelo (z-score),Tasa 10Y,0.9355122462766006
2025-10-02,COP,Desvíos del modelo (z-score),Tasa 10Y,0.9485948942679431
2025-10-03,COP,Desvíos del modelo (z-score),Tasa 10Y,1.0684110647876537
2025-10-06,COP,Desvíos del modelo (z-score),Tasa 10Y,1.1854195070714824
2025-10-07,COP,Desvíos del modelo (z-score),Tasa 10Y,1.150270868518583
2025-10-08,COP,Desvíos del modelo (z-score),Tasa 10Y,1.3526541739040718
2025-10-09,COP,Desvíos del modelo (z-score),Tasa 10Y,1.2336852253952888
2025-10-10,COP,Desvíos del modelo (z-score),Tasa 10Y,1.1571400654386947
2025-10-13,COP,Desvíos del modelo (z-score),Tasa 10Y,1.2207106788838513
2025-10-14,COP,Desvíos del modelo (z-score),Tasa 10Y,1.0211040663907869
2025-10-15,COP,Desvíos del modelo (z-score),Tasa 10Y,1.038570167882629
2025-10-16,COP,Desvíos del modelo (z-score),Tasa 10Y,1.0337414127776294
2025-10-17,COP,Desvíos del modelo (z-score),Tasa 10Y,1.1748732490038865
2025-10-20,COP,Desvíos del modelo (z-score),Tasa 10Y,1.3654828024354246
2025-10-21,COP,Desvíos del modelo (z-score),Tasa 10Y,1.5283474716468815
2025-10-22,COP,Desvíos del modelo (z-score),Tasa 10Y,1.5205830289273368
2025-10-23,COP,Desvíos del modelo (z-score),Tasa 10Y,1.9160953599281503
2025-10-24,COP,Desvíos del modelo (z-score),Tasa 10Y,1.8445842461773805
2025-10-27,COP,Desvíos del modelo (z-score),Tasa 10Y,1.805826045416595
2025-10-28,COP,Desvíos del modelo (z-score),Tasa 10Y,1.8119186389183866
2025-10-29,COP,Desvíos del modelo (z-score),Tasa 10Y,1.7920668415024594
2025-10-30,COP,Desvíos del modelo (z-score),Tasa 10Y,1.7815605501180842
2025-11-03,COP,Desvíos del modelo (z-score),Tasa 10Y,1.7842926632727392
2025-11-04,COP,Desvíos del modelo (z-score),Tasa 10Y,1.6516855695255719
2025-11-05,COP,Desvíos del modelo (z-score),Tasa 10Y,1.8405994908598982
2025-11-06,COP,Desvíos del modelo (z-score),Tasa 10Y,1.7945789965023202
2025-11-07,COP,Desvíos del modelo (z-score),Tasa 10Y,1.825845398459295
2025-11-10,COP,Desvíos del modelo (z-score),Tasa 10Y,2.058070695018294
2025-11-11,COP,Desvíos del modelo (z-score),Tasa 10Y,2.142708376988585
2025-11-12,COP,Desvíos del modelo (z-score),Tasa 10Y,2.4031243687258628
2025-11-13,COP,Desvíos del modelo (z-score),Tasa 10Y,2.3271265022923457
2025-11-14,COP,Desvíos del modelo (z-score),Tasa 10Y,2.400450845814816
2025-11-17,COP,Desvíos del modelo (z-score),Tasa 10Y,2.5816877336368935
2025-11-18,COP,Desvíos del modelo (z-score),Tasa 10Y,2.517313237570493
2025-11-19,COP,Desvíos del modelo (z-score),Tasa 10Y,2.633635451393943
2025-11-20,COP,Desvíos del modelo (z-score),Tasa 10Y,2.4145976939852485
2025-11-21,COP,Desvíos del modelo (z-score),Tasa 10Y,2.480745693027148
2025-11-24,COP,Desvíos del modelo (z-score),Tasa 10Y,2.473748355407409
2025-11-25,COP,Desvíos del modelo (z-score),Tasa 10Y,2.308162869659577
2025-11-26,COP,Desvíos del modelo (z-score),Tasa 10Y,2.6701968123628297
2025-11-27,COP,Desvíos del modelo (z-score),Tasa 10Y,2.5666848322679106
2025-11-28,COP,Desvíos del modelo (z-score),Tasa 10Y,2.608998025584225
2025-12-01,COP,Desvíos del modelo (z-score),Tasa 10Y,2.455843170697138
2025-12-02,COP,Desvíos del modelo (z-score),Tasa 10Y,2.62627454171003
2025-12-03,COP,Desvíos del modelo (z-score),Tasa 10Y,2.4101551203353773
2025-12-04,COP,Desvíos del modelo (z-score),Tasa 10Y,2.0213930770155284
2025-12-05,COP,Desvíos del modelo (z-score),Tasa 10Y,1.8891023063012238
2025-12-09,COP,Desvíos del modelo (z-score),Tasa 10Y,1.5852045482685728
2025-12-10,COP,Desvíos del modelo (z-score),Tasa 10Y,2.172150005577005
2025-12-11,COP,Desvíos del modelo (z-score),Tasa 10Y,2.2229672798545193
2025-12-12,COP,Desvíos del modelo (z-score),Tasa 10Y,2.1163852178533173
2025-12-15,COP,Desvíos del modelo (z-score),Tasa 10Y,2.016028476742796
2025-12-16,COP,Desvíos del modelo (z-score),Tasa 10Y,1.9608120409517877
2025-12-17,COP,Desvíos del modelo (z-score),Tasa 10Y,1.9534705809058535
2025-12-18,COP,Desvíos del modelo (z-score),Tasa 10Y,2.1060364281452713
2025-12-19,COP,Desvíos del modelo (z-score),Tasa 10Y,2.029557237092626
2025-12-22,COP,Desvíos del modelo (z-score),Tasa 10Y,1.5433744183549238
2025-12-23,COP,Desvíos del modelo (z-score),Tasa 10Y,1.5398595627129341
2025-12-24,COP,Desvíos del modelo (z-score),Tasa 10Y,1.6205070343178611
2025-12-26,COP,Desvíos del modelo (z-score),Tasa 10Y,1.7807813476764989
2025-12-29,COP,Desvíos del modelo (z-score),Tasa 10Y,2.4547149232110304
2025-12-30,COP,Desvíos del modelo (z-score),Tasa 10Y,2.447943221963598
2026-01-02,COP,Desvíos del modelo (z-score),Tasa 10Y,2.3946613119942763
2026-01-05,COP,Desvíos del modelo (z-score),Tasa 10Y,2.3099348019263597
2026-01-06,COP,Desvíos del modelo (z-score),Tasa 10Y,2.1509166772863684
2026-01-07,COP,Desvíos del modelo (z-score),Tasa 10Y,2.2100181456515564
2026-01-08,COP,Desvíos del modelo (z-score),Tasa 10Y,2.2432629810577063
2026-01-09,COP,Desvíos del modelo (z-score),Tasa 10Y,2.2620163362286188
2026-01-12,COP,Desvíos del modelo (z-score),Tasa 10Y,2.2673495215372754
2026-01-13,COP,Desvíos del modelo (z-score),Tasa 10Y,2.1852100398347276
2026-01-14,COP,Desvíos del modelo (z-score),Tasa 10Y,1.9241963912328433
2026-01-15,COP,Desvíos del modelo (z-score),Tasa 10Y,1.844326711226333
2026-01-16,COP,Desvíos del modelo (z-score),Tasa 10Y,1.8308642182869679
2026-01-19,COP,Desvíos del modelo (z-score),Tasa 10Y,1.732620783189674
2026-01-20,COP,Desvíos del modelo (z-score),Tasa 10Y,1.521606631272344
2026-01-21,COP,Desvíos del modelo (z-score),Tasa 10Y,1.8919584156932914
2026-01-22,COP,Desvíos del modelo (z-score),Tasa 10Y,2.0770943410856555
2026-01-23,COP,Desvíos del modelo (z-score),Tasa 10Y,1.972344250966248
2026-01-26,COP,Desvíos del modelo (z-score),Tasa 10Y,1.98753234063824
2026-01-27,COP,Desvíos del modelo (z-score),Tasa 10Y,1.8730597048139155
2026-01-28,COP,Desvíos del modelo (z-score),Tasa 10Y,1.748277840440415
2026-01-29,COP,Desvíos del modelo (z-score),Tasa 10Y,1.8636941132337157
2026-01-30,COP,Desvíos del modelo (z-score),Tasa 10Y,1.9708867255624332
2026-02-02,COP,Desvíos del modelo (z-score),Tasa 10Y,1.9662202683831274
2026-02-03,COP,Desvíos del modelo (z-score),Tasa 10Y,2.0169293651080835
2026-02-04,COP,Desvíos del modelo (z-score),Tasa 10Y,2.4024028939919093
2026-02-05,COP,Desvíos del modelo (z-score),Tasa 10Y,2.2966963469796684
2026-02-06,COP,Desvíos del modelo (z-score),Tasa 10Y,2.4961835732845543
2026-02-09,COP,Desvíos del modelo (z-score),Tasa 10Y,2.602758853974504
2026-02-10,COP,Desvíos del modelo (z-score),Tasa 10Y,2.7305564203635884
2026-02-11,COP,Desvíos del modelo (z-score),Tasa 10Y,2.7595380870810957
2026-02-12,COP,Desvíos del modelo (z-score),Tasa 10Y,2.63983885380554
2026-02-13,COP,Desvíos del modelo (z-score),Tasa 10Y,2.5236026924151354
2026-02-16,COP,Desvíos del modelo (z-score),Tasa 10Y,2.6602371677853833
2026-02-17,COP,Desvíos del modelo (z-score),Tasa 10Y,2.86218830249403
2026-02-18,COP,Desvíos del modelo (z-score),Tasa 10Y,2.9840212420154635
2026-02-19,COP,Desvíos del modelo (z-score),Tasa 10Y,3.1589148398778826
2026-02-20,COP,Desvíos del modelo (z-score),Tasa 10Y,3.2318515617965606
2026-02-23,COP,Desvíos del modelo (z-score),Tasa 10Y,3.6087542628132803
2026-02-24,COP,Desvíos del modelo (z-score),Tasa 10Y,3.9412378861494144
2026-02-25,COP,Desvíos del modelo (z-score),Tasa 10Y,3.739075114793406
2026-02-26,COP,Desvíos del modelo (z-score),Tasa 10Y,3.5705639781421383
2026-02-27,COP,Desvíos del modelo (z-score),Tasa 10Y,3.1358019886327475
2026-03-02,COP,Desvíos del modelo (z-score),Tasa 10Y,3.110565251037271
2026-03-03,COP,Desvíos del modelo (z-score),Tasa 10Y,3.0934307960380507
2026-03-04,COP,Desvíos del modelo (z-score),Tasa 10Y,3.0832970936956583
2026-03-05,COP,Desvíos del modelo (z-score),Tasa 10Y,2.6782115587137696
2026-03-06,COP,Desvíos del modelo (z-score),Tasa 10Y,2.4227187701733985
2026-03-09,COP,Desvíos del modelo (z-score),Tasa 10Y,2.6180199111412774
2026-03-10,COP,Desvíos del modelo (z-score),Tasa 10Y,2.6051883584402784
2026-03-11,COP,Desvíos del modelo (z-score),Tasa 10Y,2.704210542560379
2026-03-12,COP,Desvíos del modelo (z-score),Tasa 10Y,2.7050383534769153
2026-03-13,COP,Desvíos del modelo (z-score),Tasa 10Y,2.8024386627428384
2026-03-16,COP,Desvíos del modelo (z-score),Tasa 10Y,2.885075984893373
2026-03-17,COP,Desvíos del modelo (z-score),Tasa 10Y,2.7370624729280024
2026-03-18,COP,Desvíos del modelo (z-score),Tasa 10Y,2.5397572596564664
2026-03-19,COP,Desvíos del modelo (z-score),Tasa 10Y,2.5114889623468635
2026-03-20,COP,Desvíos del modelo (z-score),Tasa 10Y,2.3314622585305123
2026-03-23,COP,Desvíos del modelo (z-score),Tasa 10Y,2.4421117870785496
2026-03-24,COP,Desvíos del modelo (z-score),Tasa 10Y,2.2599644452077485
2026-03-25,COP,Desvíos del modelo (z-score),Tasa 10Y,2.330654481669826
2026-03-26,COP,Desvíos del modelo (z-score),Tasa 10Y,2.0963468056137713
2026-03-27,COP,Desvíos del modelo (z-score),Tasa 10Y,1.810256856654268
2026-03-30,COP,Desvíos del modelo (z-score),Tasa 10Y,1.7316943395806763
2026-03-31,COP,Desvíos del modelo (z-score),Tasa 10Y,1.9903110819129082
2026-04-01,COP,Desvíos del modelo (z-score),Tasa 10Y,2.1382841914360537
2026-04-02,COP,Desvíos del modelo (z-score),Tasa 10Y,2.1790918319510197
2026-04-06,COP,Desvíos del modelo (z-score),Tasa 10Y,2.210654238425256
2026-04-07,COP,Desvíos del modelo (z-score),Tasa 10Y,2.107187195369368
2026-04-08,COP,Desvíos del modelo (z-score),Tasa 10Y,2.4830802278840363
2026-04-09,COP,Desvíos del modelo (z-score),Tasa 10Y,2.6090275764445163
2026-04-10,COP,Desvíos del modelo (z-score),Tasa 10Y,2.5337761182591474
2026-04-13,COP,Desvíos del modelo (z-score),Tasa 10Y,2.7061754853974245
2026-04-14,COP,Desvíos del modelo (z-score),Tasa 10Y,2.906984075623295
2026-04-15,COP,Desvíos del modelo (z-score),Tasa 10Y,3.186240050540937
2026-04-16,COP,Desvíos del modelo (z-score),Tasa 10Y,3.294486461325047
2026-04-17,COP,Desvíos del modelo (z-score),Tasa 10Y,3.341244204988584
2026-04-20,COP,Desvíos del modelo (z-score),Tasa 10Y,3.3568808312795513
2026-04-21,COP,Desvíos del modelo (z-score),Tasa 10Y,3.196055403202007
2026-04-22,COP,Desvíos del modelo (z-score),Tasa 10Y,3.3280427022124357
2026-04-23,COP,Desvíos del modelo (z-score),Tasa 10Y,3.514092728439458
2026-04-24,COP,Desvíos del modelo (z-score),Tasa 10Y,3.311263095827087
2026-04-27,COP,Desvíos del modelo (z-score),Tasa 10Y,3.6934628159096055
2026-04-28,COP,Desvíos del modelo (z-score),Tasa 10Y,3.401800124838348
2026-04-29,COP,Desvíos del modelo (z-score),Tasa 10Y,3.423614609116315
2026-04-30,COP,Desvíos del modelo (z-score),Tasa 10Y,3.640733526187906
2026-05-04,COP,Desvíos del modelo (z-score),Tasa 10Y,3.519287764169213
2026-05-05,COP,Desvíos del modelo (z-score),Tasa 10Y,4.040176391028979
2026-05-06,COP,Desvíos del modelo (z-score),Tasa 10Y,3.972180388678281
2026-05-07,COP,Desvíos del modelo (z-score),Tasa 10Y,3.745128002145291
2026-05-08,COP,Desvíos del modelo (z-score),Tasa 10Y,4.085602960554738
2026-05-11,COP,Desvíos del modelo (z-score),Tasa 10Y,3.919972263698738
2026-05-12,COP,Desvíos del modelo (z-score),Tasa 10Y,3.8789845248206913
2026-05-13,COP,Desvíos del modelo (z-score),Tasa 10Y,4.02554088606743
2026-05-14,COP,Desvíos del modelo (z-score),Tasa 10Y,3.8922519528606347
2026-05-15,COP,Desvíos del modelo (z-score),Tasa 10Y,4.199088662074781
2026-05-18,COP,Desvíos del modelo (z-score),Tasa 10Y,4.439605405386116
2026-05-19,COP,Desvíos del modelo (z-score),Tasa 10Y,4.540982584341724
2026-05-20,COP,Desvíos del modelo (z-score),Tasa 10Y,4.235045549847225
2026-05-22,COP,Desvíos del modelo (z-score),Tasa 10Y,4.019928653339978
2026-05-25,COP,Desvíos del modelo (z-score),Tasa 10Y,3.750860763625097
2026-05-26,COP,Desvíos del modelo (z-score),Tasa 10Y,3.7975889203618105
2026-05-27,COP,Desvíos del modelo (z-score),Tasa 10Y,3.9602493103563297
2026-05-28,COP,Desvíos del modelo (z-score),Tasa 10Y,3.8361248906694985
2026-05-29,COP,Desvíos del modelo (z-score),Tasa 10Y,3.643002059685734
2026-06-01,COP,Desvíos del modelo (z-score),Tasa 10Y,3.271052936696173
2025-01-02,COP,Tasas (%),TPM,9.5
2025-01-03,COP,Tasas (%),TPM,9.5
2025-01-06,COP,Tasas (%),TPM,9.5
2025-01-07,COP,Tasas (%),TPM,9.5
2025-01-08,COP,Tasas (%),TPM,9.5
2025-01-09,COP,Tasas (%),TPM,9.5
2025-01-10,COP,Tasas (%),TPM,9.5
2025-01-13,COP,Tasas (%),TPM,9.5
2025-01-14,COP,Tasas (%),TPM,9.5
2025-01-15,COP,Tasas (%),TPM,9.5
2025-01-16,COP,Tasas (%),TPM,9.5
2025-01-17,COP,Tasas (%),TPM,9.5
2025-01-20,COP,Tasas (%),TPM,9.5
2025-01-21,COP,Tasas (%),TPM,9.5
2025-01-22,COP,Tasas (%),TPM,9.5
2025-01-23,COP,Tasas (%),TPM,9.5
2025-01-24,COP,Tasas (%),TPM,9.5
2025-01-27,COP,Tasas (%),TPM,9.5
2025-01-28,COP,Tasas (%),TPM,9.5
2025-01-29,COP,Tasas (%),TPM,9.5
2025-01-30,COP,Tasas (%),TPM,9.5
2025-01-31,COP,Tasas (%),TPM,9.5
2025-02-03,COP,Tasas (%),TPM,9.5
2025-02-04,COP,Tasas (%),TPM,9.5
2025-02-05,COP,Tasas (%),TPM,9.5
2025-02-06,COP,Tasas (%),TPM,9.5
2025-02-07,COP,Tasas (%),TPM,9.5
2025-02-10,COP,Tasas (%),TPM,9.5
2025-02-11,COP,Tasas (%),TPM,9.5
2025-02-12,COP,Tasas (%),TPM,9.5
2025-02-13,COP,Tasas (%),TPM,9.5
2025-02-14,COP,Tasas (%),TPM,9.5
2025-02-17,COP,Tasas (%),TPM,9.5
2025-02-18,COP,Tasas (%),TPM,9.5
2025-02-19,COP,Tasas (%),TPM,9.5
2025-02-20,COP,Tasas (%),TPM,9.5
2025-02-21,COP,Tasas (%),TPM,9.5
2025-02-24,COP,Tasas (%),TPM,9.5
2025-02-25,COP,Tasas (%),TPM,9.5
2025-02-26,COP,Tasas (%),TPM,9.5
2025-02-27,COP,Tasas (%),TPM,9.5
2025-02-28,COP,Tasas (%),TPM,9.5
2025-03-03,COP,Tasas (%),TPM,9.5
2025-03-04,COP,Tasas (%),TPM,9.5
2025-03-05,COP,Tasas (%),TPM,9.5
2025-03-06,COP,Tasas (%),TPM,9.5
2025-03-07,COP,Tasas (%),TPM,9.5
2025-03-10,COP,Tasas (%),TPM,9.5
2025-03-11,COP,Tasas (%),TPM,9.5
2025-03-12,COP,Tasas (%),TPM,9.5
2025-03-13,COP,Tasas (%),TPM,9.5
2025-03-14,COP,Tasas (%),TPM,9.5
2025-03-17,COP,Tasas (%),TPM,9.5
2025-03-18,COP,Tasas (%),TPM,9.5
2025-03-19,COP,Tasas (%),TPM,9.5
2025-03-20,COP,Tasas (%),TPM,9.5
2025-03-21,COP,Tasas (%),TPM,9.5
2025-03-24,COP,Tasas (%),TPM,9.5
2025-03-25,COP,Tasas (%),TPM,9.5
2025-03-26,COP,Tasas (%),TPM,9.5
2025-03-27,COP,Tasas (%),TPM,9.5
2025-03-28,COP,Tasas (%),TPM,9.5
2025-03-31,COP,Tasas (%),TPM,9.5
2025-04-01,COP,Tasas (%),TPM,9.5
2025-04-02,COP,Tasas (%),TPM,9.5
2025-04-03,COP,Tasas (%),TPM,9.5
2025-04-04,COP,Tasas (%),TPM,9.5
2025-04-07,COP,Tasas (%),TPM,9.5
2025-04-08,COP,Tasas (%),TPM,9.5
2025-04-09,COP,Tasas (%),TPM,9.5
2025-04-10,COP,Tasas (%),TPM,9.5
2025-04-11,COP,Tasas (%),TPM,9.5
2025-04-14,COP,Tasas (%),TPM,9.5
2025-04-15,COP,Tasas (%),TPM,9.5
2025-04-16,COP,Tasas (%),TPM,9.5
2025-04-17,COP,Tasas (%),TPM,9.5
2025-04-21,COP,Tasas (%),TPM,9.5
2025-04-22,COP,Tasas (%),TPM,9.5
2025-04-23,COP,Tasas (%),TPM,9.5
2025-04-24,COP,Tasas (%),TPM,9.5
2025-04-25,COP,Tasas (%),TPM,9.5
2025-04-28,COP,Tasas (%),TPM,9.5
2025-04-29,COP,Tasas (%),TPM,9.5
2025-04-30,COP,Tasas (%),TPM,9.25
2025-05-02,COP,Tasas (%),TPM,9.25
2025-05-05,COP,Tasas (%),TPM,9.25
2025-05-06,COP,Tasas (%),TPM,9.25
2025-05-07,COP,Tasas (%),TPM,9.25
2025-05-08,COP,Tasas (%),TPM,9.25
2025-05-09,COP,Tasas (%),TPM,9.25
2025-05-12,COP,Tasas (%),TPM,9.25
2025-05-13,COP,Tasas (%),TPM,9.25
2025-05-14,COP,Tasas (%),TPM,9.25
2025-05-15,COP,Tasas (%),TPM,9.25
2025-05-16,COP,Tasas (%),TPM,9.25
2025-05-19,COP,Tasas (%),TPM,9.25
2025-05-20,COP,Tasas (%),TPM,9.25
2025-05-22,COP,Tasas (%),TPM,9.25
2025-05-23,COP,Tasas (%),TPM,9.25
2025-05-26,COP,Tasas (%),TPM,9.25
2025-05-27,COP,Tasas (%),TPM,9.25
2025-05-28,COP,Tasas (%),TPM,9.25
2025-05-29,COP,Tasas (%),TPM,9.25
2025-05-30,COP,Tasas (%),TPM,9.25
2025-06-02,COP,Tasas (%),TPM,9.25
2025-06-03,COP,Tasas (%),TPM,9.25
2025-06-04,COP,Tasas (%),TPM,9.25
2025-06-05,COP,Tasas (%),TPM,9.25
2025-06-06,COP,Tasas (%),TPM,9.25
2025-06-09,COP,Tasas (%),TPM,9.25
2025-06-10,COP,Tasas (%),TPM,9.25
2025-06-11,COP,Tasas (%),TPM,9.25
2025-06-12,COP,Tasas (%),TPM,9.25
2025-06-13,COP,Tasas (%),TPM,9.25
2025-06-16,COP,Tasas (%),TPM,9.25
2025-06-17,COP,Tasas (%),TPM,9.25
2025-06-18,COP,Tasas (%),TPM,9.25
2025-06-19,COP,Tasas (%),TPM,9.25
2025-06-23,COP,Tasas (%),TPM,9.25
2025-06-24,COP,Tasas (%),TPM,9.25
2025-06-25,COP,Tasas (%),TPM,9.25
2025-06-26,COP,Tasas (%),TPM,9.25
2025-06-27,COP,Tasas (%),TPM,9.25
2025-06-30,COP,Tasas (%),TPM,9.25
2025-07-01,COP,Tasas (%),TPM,9.25
2025-07-02,COP,Tasas (%),TPM,9.25
2025-07-03,COP,Tasas (%),TPM,9.25
2025-07-04,COP,Tasas (%),TPM,9.25
2025-07-07,COP,Tasas (%),TPM,9.25
2025-07-08,COP,Tasas (%),TPM,9.25
2025-07-09,COP,Tasas (%),TPM,9.25
2025-07-10,COP,Tasas (%),TPM,9.25
2025-07-11,COP,Tasas (%),TPM,9.25
2025-07-14,COP,Tasas (%),TPM,9.25
2025-07-15,COP,Tasas (%),TPM,9.25
2025-07-17,COP,Tasas (%),TPM,9.25
2025-07-18,COP,Tasas (%),TPM,9.25
2025-07-21,COP,Tasas (%),TPM,9.25
2025-07-22,COP,Tasas (%),TPM,9.25
2025-07-23,COP,Tasas (%),TPM,9.25
2025-07-24,COP,Tasas (%),TPM,9.25
2025-07-25,COP,Tasas (%),TPM,9.25
2025-07-28,COP,Tasas (%),TPM,9.25
2025-07-29,COP,Tasas (%),TPM,9.25
2025-07-30,COP,Tasas (%),TPM,9.25
2025-07-31,COP,Tasas (%),TPM,9.25
2025-08-01,COP,Tasas (%),TPM,9.25
2025-08-04,COP,Tasas (%),TPM,9.25
2025-08-05,COP,Tasas (%),TPM,9.25
2025-08-06,COP,Tasas (%),TPM,9.25
2025-08-07,COP,Tasas (%),TPM,9.25
2025-08-08,COP,Tasas (%),TPM,9.25
2025-08-11,COP,Tasas (%),TPM,9.25
2025-08-12,COP,Tasas (%),TPM,9.25
2025-08-13,COP,Tasas (%),TPM,9.25
2025-08-14,COP,Tasas (%),TPM,9.25
2025-08-18,COP,Tasas (%),TPM,9.25
2025-08-19,COP,Tasas (%),TPM,9.25
2025-08-20,COP,Tasas (%),TPM,9.25
2025-08-21,COP,Tasas (%),TPM,9.25
2025-08-22,COP,Tasas (%),TPM,9.25
2025-08-25,COP,Tasas (%),TPM,9.25
2025-08-26,COP,Tasas (%),TPM,9.25
2025-08-27,COP,Tasas (%),TPM,9.25
2025-08-28,COP,Tasas (%),TPM,9.25
2025-08-29,COP,Tasas (%),TPM,9.25
2025-09-01,COP,Tasas (%),TPM,9.25
2025-09-02,COP,Tasas (%),TPM,9.25
2025-09-03,COP,Tasas (%),TPM,9.25
2025-09-04,COP,Tasas (%),TPM,9.25
2025-09-05,COP,Tasas (%),TPM,9.25
2025-09-08,COP,Tasas (%),TPM,9.25
2025-09-09,COP,Tasas (%),TPM,9.25
2025-09-10,COP,Tasas (%),TPM,9.25
2025-09-11,COP,Tasas (%),TPM,9.25
2025-09-12,COP,Tasas (%),TPM,9.25
2025-09-15,COP,Tasas (%),TPM,9.25
2025-09-16,COP,Tasas (%),TPM,9.25
2025-09-17,COP,Tasas (%),TPM,9.25
2025-09-22,COP,Tasas (%),TPM,9.25
2025-09-23,COP,Tasas (%),TPM,9.25
2025-09-24,COP,Tasas (%),TPM,9.25
2025-09-25,COP,Tasas (%),TPM,9.25
2025-09-26,COP,Tasas (%),TPM,9.25
2025-09-29,COP,Tasas (%),TPM,9.25
2025-09-30,COP,Tasas (%),TPM,9.25
2025-10-01,COP,Tasas (%),TPM,9.25
2025-10-02,COP,Tasas (%),TPM,9.25
2025-10-03,COP,Tasas (%),TPM,9.25
2025-10-06,COP,Tasas (%),TPM,9.25
2025-10-07,COP,Tasas (%),TPM,9.25
2025-10-08,COP,Tasas (%),TPM,9.25
2025-10-09,COP,Tasas (%),TPM,9.25
2025-10-10,COP,Tasas (%),TPM,9.25
2025-10-13,COP,Tasas (%),TPM,9.25
2025-10-14,COP,Tasas (%),TPM,9.25
2025-10-15,COP,Tasas (%),TPM,9.25
2025-10-16,COP,Tasas (%),TPM,9.25
2025-10-17,COP,Tasas (%),TPM,9.25
2025-10-20,COP,Tasas (%),TPM,9.25
2025-10-21,COP,Tasas (%),TPM,9.25
2025-10-22,COP,Tasas (%),TPM,9.25
2025-10-23,COP,Tasas (%),TPM,9.25
2025-10-24,COP,Tasas (%),TPM,9.25
2025-10-27,COP,Tasas (%),TPM,9.25
2025-10-28,COP,Tasas (%),TPM,9.25
2025-10-29,COP,Tasas (%),TPM,9.25
2025-10-30,COP,Tasas (%),TPM,9.25
2025-11-03,COP,Tasas (%),TPM,9.25
2025-11-04,COP,Tasas (%),TPM,9.25
2025-11-05,COP,Tasas (%),TPM,9.25
2025-11-06,COP,Tasas (%),TPM,9.25
2025-11-07,COP,Tasas (%),TPM,9.25
2025-11-10,COP,Tasas (%),TPM,9.25
2025-11-11,COP,Tasas (%),TPM,9.25
2025-11-12,COP,Tasas (%),TPM,9.25
2025-11-13,COP,Tasas (%),TPM,9.25
2025-11-14,COP,Tasas (%),TPM,9.25
2025-11-17,COP,Tasas (%),TPM,9.25
2025-11-18,COP,Tasas (%),TPM,9.25
2025-11-19,COP,Tasas (%),TPM,9.25
2025-11-20,COP,Tasas (%),TPM,9.25
2025-11-21,COP,Tasas (%),TPM,9.25
2025-11-24,COP,Tasas (%),TPM,9.25
2025-11-25,COP,Tasas (%),TPM,9.25
2025-11-26,COP,Tasas (%),TPM,9.25
2025-11-27,COP,Tasas (%),TPM,9.25
2025-11-28,COP,Tasas (%),TPM,9.25
2025-12-01,COP,Tasas (%),TPM,9.25
2025-12-02,COP,Tasas (%),TPM,9.25
2025-12-03,COP,Tasas (%),TPM,9.25
2025-12-04,COP,Tasas (%),TPM,9.25
2025-12-05,COP,Tasas (%),TPM,9.25
2025-12-09,COP,Tasas (%),TPM,9.25
2025-12-10,COP,Tasas (%),TPM,9.25
2025-12-11,COP,Tasas (%),TPM,9.25
2025-12-12,COP,Tasas (%),TPM,9.25
2025-12-15,COP,Tasas (%),TPM,9.25
2025-12-16,COP,Tasas (%),TPM,9.25
2025-12-17,COP,Tasas (%),TPM,9.25
2025-12-18,COP,Tasas (%),TPM,9.25
2025-12-19,COP,Tasas (%),TPM,9.25
2025-12-22,COP,Tasas (%),TPM,9.25
2025-12-23,COP,Tasas (%),TPM,9.25
2025-12-24,COP,Tasas (%),TPM,9.25
2025-12-26,COP,Tasas (%),TPM,9.25
2025-12-29,COP,Tasas (%),TPM,9.25
2025-12-30,COP,Tasas (%),TPM,9.25
2026-01-02,COP,Tasas (%),TPM,9.25
2026-01-05,COP,Tasas (%),TPM,9.25
2026-01-06,COP,Tasas (%),TPM,9.25
2026-01-07,COP,Tasas (%),TPM,9.25
2026-01-08,COP,Tasas (%),TPM,9.25
2026-01-09,COP,Tasas (%),TPM,9.25
2026-01-12,COP,Tasas (%),TPM,9.25
2026-01-13,COP,Tasas (%),TPM,9.25
2026-01-14,COP,Tasas (%),TPM,9.25
2026-01-15,COP,Tasas (%),TPM,9.25
2026-01-16,COP,Tasas (%),TPM,9.25
2026-01-19,COP,Tasas (%),TPM,9.25
2026-01-20,COP,Tasas (%),TPM,9.25
2026-01-21,COP,Tasas (%),TPM,9.25
2026-01-22,COP,Tasas (%),TPM,9.25
2026-01-23,COP,Tasas (%),TPM,9.25
2026-01-26,COP,Tasas (%),TPM,9.25
2026-01-27,COP,Tasas (%),TPM,9.25
2026-01-28,COP,Tasas (%),TPM,9.25
2026-01-29,COP,Tasas (%),TPM,9.25
2026-01-30,COP,Tasas (%),TPM,10.25
2026-02-02,COP,Tasas (%),TPM,10.25
2026-02-03,COP,Tasas (%),TPM,10.25
2026-02-04,COP,Tasas (%),TPM,10.25
2026-02-05,COP,Tasas (%),TPM,10.25
2026-02-06,COP,Tasas (%),TPM,10.25
2026-02-09,COP,Tasas (%),TPM,10.25
2026-02-10,COP,Tasas (%),TPM,10.25
2026-02-11,COP,Tasas (%),TPM,10.25
2026-02-12,COP,Tasas (%),TPM,10.25
2026-02-13,COP,Tasas (%),TPM,10.25
2026-02-16,COP,Tasas (%),TPM,10.25
2026-02-17,COP,Tasas (%),TPM,10.25
2026-02-18,COP,Tasas (%),TPM,10.25
2026-02-19,COP,Tasas (%),TPM,10.25
2026-02-20,COP,Tasas (%),TPM,10.25
2026-02-23,COP,Tasas (%),TPM,10.25
2026-02-24,COP,Tasas (%),TPM,10.25
2026-02-25,COP,Tasas (%),TPM,10.25
2026-02-26,COP,Tasas (%),TPM,10.25
2026-02-27,COP,Tasas (%),TPM,10.25
2026-03-02,COP,Tasas (%),TPM,10.25
2026-03-03,COP,Tasas (%),TPM,10.25
2026-03-04,COP,Tasas (%),TPM,10.25
2026-03-05,COP,Tasas (%),TPM,10.25
2026-03-06,COP,Tasas (%),TPM,10.25
2026-03-09,COP,Tasas (%),TPM,10.25
2026-03-10,COP,Tasas (%),TPM,10.25
2026-03-11,COP,Tasas (%),TPM,10.25
2026-03-12,COP,Tasas (%),TPM,10.25
2026-03-13,COP,Tasas (%),TPM,10.25
2026-03-16,COP,Tasas (%),TPM,10.25
2026-03-17,COP,Tasas (%),TPM,10.25
2026-03-18,COP,Tasas (%),TPM,10.25
2026-03-19,COP,Tasas (%),TPM,10.25
2026-03-20,COP,Tasas (%),TPM,10.25
2026-03-23,COP,Tasas (%),TPM,10.25
2026-03-24,COP,Tasas (%),TPM,10.25
2026-03-25,COP,Tasas (%),TPM,10.25
2026-03-26,COP,Tasas (%),TPM,10.25
2026-03-27,COP,Tasas (%),TPM,10.25
2026-03-30,COP,Tasas (%),TPM,10.25
2026-03-31,COP,Tasas (%),TPM,11.25
2026-04-01,COP,Tasas (%),TPM,11.25
2026-04-02,COP,Tasas (%),TPM,11.25
2026-04-06,COP,Tasas (%),TPM,11.25
2026-04-07,COP,Tasas (%),TPM,11.25
2026-04-08,COP,Tasas (%),TPM,11.25
2026-04-09,COP,Tasas (%),TPM,11.25
2026-04-10,COP,Tasas (%),TPM,11.25
2026-04-13,COP,Tasas (%),TPM,11.25
2026-04-14,COP,Tasas (%),TPM,11.25
2026-04-15,COP,Tasas (%),TPM,11.25
2026-04-16,COP,Tasas (%),TPM,11.25
2026-04-17,COP,Tasas (%),TPM,11.25
2026-04-20,COP,Tasas (%),TPM,11.25
2026-04-21,COP,Tasas (%),TPM,11.25
2026-04-22,COP,Tasas (%),TPM,11.25
2026-04-23,COP,Tasas (%),TPM,11.25
2026-04-24,COP,Tasas (%),TPM,11.25
2026-04-27,COP,Tasas (%),TPM,11.25
2026-04-28,COP,Tasas (%),TPM,11.25
2026-04-29,COP,Tasas (%),TPM,11.25
2026-04-30,COP,Tasas (%),TPM,11.25
2026-05-04,COP,Tasas (%),TPM,11.25
2026-05-05,COP,Tasas (%),TPM,11.25
2026-05-06,COP,Tasas (%),TPM,11.25
2026-05-07,COP,Tasas (%),TPM,11.25
2026-05-08,COP,Tasas (%),TPM,11.25
2026-05-11,COP,Tasas (%),TPM,11.25
2026-05-12,COP,Tasas (%),TPM,11.25
2026-05-13,COP,Tasas (%),TPM,11.25
2026-05-14,COP,Tasas (%),TPM,11.25
2026-05-15,COP,Tasas (%),TPM,11.25
2026-05-18,COP,Tasas (%),TPM,11.25
2026-05-19,COP,Tasas (%),TPM,11.25
2026-05-20,COP,Tasas (%),TPM,11.25
2026-05-22,COP,Tasas (%),TPM,11.25
2026-05-25,COP,Tasas (%),TPM,11.25
2026-05-26,COP,Tasas (%),TPM,11.25
2026-05-27,COP,Tasas (%),TPM,11.25
2026-05-28,COP,Tasas (%),TPM,11.25
2026-05-29,COP,Tasas (%),TPM,11.25
2026-06-01,COP,Tasas (%),TPM,11.25
2025-01-02,COP,Tasas (%),Tasa 10Y,11.823
2025-01-03,COP,Tasas (%),Tasa 10Y,11.727
2025-01-06,COP,Tasas (%),Tasa 10Y,11.651
2025-01-07,COP,Tasas (%),Tasa 10Y,11.575
2025-01-08,COP,Tasas (%),Tasa 10Y,11.559
2025-01-09,COP,Tasas (%),Tasa 10Y,11.518
2025-01-10,COP,Tasas (%),Tasa 10Y,11.524
2025-01-13,COP,Tasas (%),Tasa 10Y,11.681
2025-01-14,COP,Tasas (%),Tasa 10Y,11.673
2025-01-15,COP,Tasas (%),Tasa 10Y,11.578
2025-01-16,COP,Tasas (%),Tasa 10Y,11.593
2025-01-17,COP,Tasas (%),Tasa 10Y,11.612
2025-01-20,COP,Tasas (%),Tasa 10Y,11.534500000000001
2025-01-21,COP,Tasas (%),Tasa 10Y,11.457
2025-01-22,COP,Tasas (%),Tasa 10Y,11.404
2025-01-23,COP,Tasas (%),Tasa 10Y,11.358
2025-01-24,COP,Tasas (%),Tasa 10Y,11.21
2025-01-27,COP,Tasas (%),Tasa 10Y,11.276
2025-01-28,COP,Tasas (%),Tasa 10Y,11.353
2025-01-29,COP,Tasas (%),Tasa 10Y,11.384
2025-01-30,COP,Tasas (%),Tasa 10Y,11.366
2025-01-31,COP,Tasas (%),Tasa 10Y,11.446
2025-02-03,COP,Tasas (%),Tasa 10Y,11.487
2025-02-04,COP,Tasas (%),Tasa 10Y,11.373
2025-02-05,COP,Tasas (%),Tasa 10Y,11.356
2025-02-06,COP,Tasas (%),Tasa 10Y,11.35
2025-02-07,COP,Tasas (%),Tasa 10Y,11.394
2025-02-10,COP,Tasas (%),Tasa 10Y,11.437
2025-02-11,COP,Tasas (%),Tasa 10Y,11.494
2025-02-12,COP,Tasas (%),Tasa 10Y,11.632
2025-02-13,COP,Tasas (%),Tasa 10Y,11.615
2025-02-14,COP,Tasas (%),Tasa 10Y,11.653
2025-02-17,COP,Tasas (%),Tasa 10Y,11.654
2025-02-18,COP,Tasas (%),Tasa 10Y,11.655
2025-02-19,COP,Tasas (%),Tasa 10Y,11.642
2025-02-20,COP,Tasas (%),Tasa 10Y,11.627
2025-02-21,COP,Tasas (%),Tasa 10Y,11.584
2025-02-24,COP,Tasas (%),Tasa 10Y,11.559
2025-02-25,COP,Tasas (%),Tasa 10Y,11.568
2025-02-26,COP,Tasas (%),Tasa 10Y,11.513
2025-02-27,COP,Tasas (%),Tasa 10Y,11.491
2025-02-28,COP,Tasas (%),Tasa 10Y,11.447
2025-03-03,COP,Tasas (%),Tasa 10Y,11.455
2025-03-04,COP,Tasas (%),Tasa 10Y,11.419
2025-03-05,COP,Tasas (%),Tasa 10Y,11.399
2025-03-06,COP,Tasas (%),Tasa 10Y,11.404
2025-03-07,COP,Tasas (%),Tasa 10Y,11.439
2025-03-10,COP,Tasas (%),Tasa 10Y,11.504
2025-03-11,COP,Tasas (%),Tasa 10Y,11.526
2025-03-12,COP,Tasas (%),Tasa 10Y,11.56
2025-03-13,COP,Tasas (%),Tasa 10Y,11.59
2025-03-14,COP,Tasas (%),Tasa 10Y,11.623
2025-03-17,COP,Tasas (%),Tasa 10Y,11.704
2025-03-18,COP,Tasas (%),Tasa 10Y,11.885
2025-03-19,COP,Tasas (%),Tasa 10Y,12.003
2025-03-20,COP,Tasas (%),Tasa 10Y,12.011
2025-03-21,COP,Tasas (%),Tasa 10Y,11.853
2025-03-24,COP,Tasas (%),Tasa 10Y,11.8925
2025-03-25,COP,Tasas (%),Tasa 10Y,11.932
2025-03-26,COP,Tasas (%),Tasa 10Y,12.018
2025-03-27,COP,Tasas (%),Tasa 10Y,12.157
2025-03-28,COP,Tasas (%),Tasa 10Y,12.277
2025-03-31,COP,Tasas (%),Tasa 10Y,12.254
2025-04-01,COP,Tasas (%),Tasa 10Y,12.142
2025-04-02,COP,Tasas (%),Tasa 10Y,12.091
2025-04-03,COP,Tasas (%),Tasa 10Y,12.026
2025-04-04,COP,Tasas (%),Tasa 10Y,11.97
2025-04-07,COP,Tasas (%),Tasa 10Y,12.109
2025-04-08,COP,Tasas (%),Tasa 10Y,12.18
2025-04-09,COP,Tasas (%),Tasa 10Y,12.083
2025-04-10,COP,Tasas (%),Tasa 10Y,12.146
2025-04-11,COP,Tasas (%),Tasa 10Y,12.612
2025-04-14,COP,Tasas (%),Tasa 10Y,12.62
2025-04-15,COP,Tasas (%),Tasa 10Y,12.576
2025-04-16,COP,Tasas (%),Tasa 10Y,12.542
2025-04-17,COP,Tasas (%),Tasa 10Y,12.5335
2025-04-21,COP,Tasas (%),Tasa 10Y,12.525
2025-04-22,COP,Tasas (%),Tasa 10Y,12.386
2025-04-23,COP,Tasas (%),Tasa 10Y,12.253
2025-04-24,COP,Tasas (%),Tasa 10Y,12.142
2025-04-25,COP,Tasas (%),Tasa 10Y,12.144
2025-04-28,COP,Tasas (%),Tasa 10Y,12.294
2025-04-29,COP,Tasas (%),Tasa 10Y,12.306
2025-04-30,COP,Tasas (%),Tasa 10Y,12.348
2025-05-02,COP,Tasas (%),Tasa 10Y,12.339
2025-05-05,COP,Tasas (%),Tasa 10Y,12.354
2025-05-06,COP,Tasas (%),Tasa 10Y,12.298
2025-05-07,COP,Tasas (%),Tasa 10Y,12.19
2025-05-08,COP,Tasas (%),Tasa 10Y,12.178
2025-05-09,COP,Tasas (%),Tasa 10Y,12.209
2025-05-12,COP,Tasas (%),Tasa 10Y,12.261
2025-05-13,COP,Tasas (%),Tasa 10Y,12.283
2025-05-14,COP,Tasas (%),Tasa 10Y,12.295
2025-05-15,COP,Tasas (%),Tasa 10Y,12.246
2025-05-16,COP,Tasas (%),Tasa 10Y,12.198
2025-05-19,COP,Tasas (%),Tasa 10Y,12.239
2025-05-20,COP,Tasas (%),Tasa 10Y,12.215
2025-05-22,COP,Tasas (%),Tasa 10Y,12.316
2025-05-23,COP,Tasas (%),Tasa 10Y,12.367
2025-05-26,COP,Tasas (%),Tasa 10Y,12.343
2025-05-27,COP,Tasas (%),Tasa 10Y,12.337
2025-05-28,COP,Tasas (%),Tasa 10Y,12.379
2025-05-29,COP,Tasas (%),Tasa 10Y,12.381
2025-05-30,COP,Tasas (%),Tasa 10Y,12.373
2025-06-02,COP,Tasas (%),Tasa 10Y,12.372
2025-06-03,COP,Tasas (%),Tasa 10Y,12.371
2025-06-04,COP,Tasas (%),Tasa 10Y,12.381
2025-06-05,COP,Tasas (%),Tasa 10Y,12.405
2025-06-06,COP,Tasas (%),Tasa 10Y,12.518
2025-06-09,COP,Tasas (%),Tasa 10Y,12.655
2025-06-10,COP,Tasas (%),Tasa 10Y,12.683
2025-06-11,COP,Tasas (%),Tasa 10Y,12.778
2025-06-12,COP,Tasas (%),Tasa 10Y,12.776
2025-06-13,COP,Tasas (%),Tasa 10Y,12.733
2025-06-16,COP,Tasas (%),Tasa 10Y,12.644
2025-06-17,COP,Tasas (%),Tasa 10Y,12.515
2025-06-18,COP,Tasas (%),Tasa 10Y,12.298
2025-06-19,COP,Tasas (%),Tasa 10Y,12.279666666666667
2025-06-23,COP,Tasas (%),Tasa 10Y,12.261333333333333
2025-06-24,COP,Tasas (%),Tasa 10Y,12.243
2025-06-25,COP,Tasas (%),Tasa 10Y,12.27
2025-06-26,COP,Tasas (%),Tasa 10Y,12.245
2025-06-27,COP,Tasas (%),Tasa 10Y,12.256
2025-06-30,COP,Tasas (%),Tasa 10Y,12.2695
2025-07-01,COP,Tasas (%),Tasa 10Y,12.283
2025-07-02,COP,Tasas (%),Tasa 10Y,12.22
2025-07-03,COP,Tasas (%),Tasa 10Y,12.159
2025-07-04,COP,Tasas (%),Tasa 10Y,12.193000000000001
2025-07-07,COP,Tasas (%),Tasa 10Y,12.227
2025-07-08,COP,Tasas (%),Tasa 10Y,12.254
2025-07-09,COP,Tasas (%),Tasa 10Y,12.182
2025-07-10,COP,Tasas (%),Tasa 10Y,12.122
2025-07-11,COP,Tasas (%),Tasa 10Y,12.103
2025-07-14,COP,Tasas (%),Tasa 10Y,11.997
2025-07-15,COP,Tasas (%),Tasa 10Y,11.878
2025-07-17,COP,Tasas (%),Tasa 10Y,11.674
2025-07-18,COP,Tasas (%),Tasa 10Y,11.543
2025-07-21,COP,Tasas (%),Tasa 10Y,11.521
2025-07-22,COP,Tasas (%),Tasa 10Y,11.695
2025-07-23,COP,Tasas (%),Tasa 10Y,11.733
2025-07-24,COP,Tasas (%),Tasa 10Y,11.779
2025-07-25,COP,Tasas (%),Tasa 10Y,11.783
2025-07-28,COP,Tasas (%),Tasa 10Y,11.851
2025-07-29,COP,Tasas (%),Tasa 10Y,11.765
2025-07-30,COP,Tasas (%),Tasa 10Y,11.835
2025-07-31,COP,Tasas (%),Tasa 10Y,11.917
2025-08-01,COP,Tasas (%),Tasa 10Y,11.983
2025-08-04,COP,Tasas (%),Tasa 10Y,11.937
2025-08-05,COP,Tasas (%),Tasa 10Y,11.708
2025-08-06,COP,Tasas (%),Tasa 10Y,11.659
2025-08-07,COP,Tasas (%),Tasa 10Y,11.721
2025-08-08,COP,Tasas (%),Tasa 10Y,11.783
2025-08-11,COP,Tasas (%),Tasa 10Y,11.818
2025-08-12,COP,Tasas (%),Tasa 10Y,11.73
2025-08-13,COP,Tasas (%),Tasa 10Y,11.741
2025-08-14,COP,Tasas (%),Tasa 10Y,11.77
2025-08-18,COP,Tasas (%),Tasa 10Y,11.7775
2025-08-19,COP,Tasas (%),Tasa 10Y,11.785
2025-08-20,COP,Tasas (%),Tasa 10Y,11.699
2025-08-21,COP,Tasas (%),Tasa 10Y,11.704
2025-08-22,COP,Tasas (%),Tasa 10Y,11.605
2025-08-25,COP,Tasas (%),Tasa 10Y,11.474
2025-08-26,COP,Tasas (%),Tasa 10Y,11.458
2025-08-27,COP,Tasas (%),Tasa 10Y,11.472
2025-08-28,COP,Tasas (%),Tasa 10Y,11.404
2025-08-29,COP,Tasas (%),Tasa 10Y,11.351
2025-09-01,COP,Tasas (%),Tasa 10Y,11.382000000000001
2025-09-02,COP,Tasas (%),Tasa 10Y,11.413
2025-09-03,COP,Tasas (%),Tasa 10Y,11.509
2025-09-04,COP,Tasas (%),Tasa 10Y,11.576
2025-09-05,COP,Tasas (%),Tasa 10Y,11.532
2025-09-08,COP,Tasas (%),Tasa 10Y,11.507
2025-09-09,COP,Tasas (%),Tasa 10Y,11.408
2025-09-10,COP,Tasas (%),Tasa 10Y,11.297
2025-09-11,COP,Tasas (%),Tasa 10Y,11.208
2025-09-12,COP,Tasas (%),Tasa 10Y,11.244
2025-09-15,COP,Tasas (%),Tasa 10Y,11.274
2025-09-16,COP,Tasas (%),Tasa 10Y,11.193
2025-09-17,COP,Tasas (%),Tasa 10Y,11.138
2025-09-22,COP,Tasas (%),Tasa 10Y,11.181
2025-09-23,COP,Tasas (%),Tasa 10Y,11.159
2025-09-24,COP,Tasas (%),Tasa 10Y,11.196
2025-09-25,COP,Tasas (%),Tasa 10Y,11.267
2025-09-26,COP,Tasas (%),Tasa 10Y,11.288
2025-09-29,COP,Tasas (%),Tasa 10Y,11.292
2025-09-30,COP,Tasas (%),Tasa 10Y,11.341
2025-10-01,COP,Tasas (%),Tasa 10Y,11.338
2025-10-02,COP,Tasas (%),Tasa 10Y,11.336
2025-10-03,COP,Tasas (%),Tasa 10Y,11.359
2025-10-06,COP,Tasas (%),Tasa 10Y,11.399
2025-10-07,COP,Tasas (%),Tasa 10Y,11.392
2025-10-08,COP,Tasas (%),Tasa 10Y,11.449
2025-10-09,COP,Tasas (%),Tasa 10Y,11.478
2025-10-10,COP,Tasas (%),Tasa 10Y,11.578
2025-10-13,COP,Tasas (%),Tasa 10Y,11.552
2025-10-14,COP,Tasas (%),Tasa 10Y,11.526
2025-10-15,COP,Tasas (%),Tasa 10Y,11.5
2025-10-16,COP,Tasas (%),Tasa 10Y,11.498
2025-10-17,COP,Tasas (%),Tasa 10Y,11.516
2025-10-20,COP,Tasas (%),Tasa 10Y,11.572
2025-10-21,COP,Tasas (%),Tasa 10Y,11.593
2025-10-22,COP,Tasas (%),Tasa 10Y,11.623
2025-10-23,COP,Tasas (%),Tasa 10Y,11.699
2025-10-24,COP,Tasas (%),Tasa 10Y,11.675
2025-10-27,COP,Tasas (%),Tasa 10Y,11.61
2025-10-28,COP,Tasas (%),Tasa 10Y,11.627
2025-10-29,COP,Tasas (%),Tasa 10Y,11.637
2025-10-30,COP,Tasas (%),Tasa 10Y,11.684
2025-11-03,COP,Tasas (%),Tasa 10Y,11.663
2025-11-04,COP,Tasas (%),Tasa 10Y,11.642
2025-11-05,COP,Tasas (%),Tasa 10Y,11.702
2025-11-06,COP,Tasas (%),Tasa 10Y,11.691
2025-11-07,COP,Tasas (%),Tasa 10Y,11.711
2025-11-10,COP,Tasas (%),Tasa 10Y,11.741
2025-11-11,COP,Tasas (%),Tasa 10Y,11.7975
2025-11-12,COP,Tasas (%),Tasa 10Y,11.854
2025-11-13,COP,Tasas (%),Tasa 10Y,11.969
2025-11-14,COP,Tasas (%),Tasa 10Y,12.113
2025-11-17,COP,Tasas (%),Tasa 10Y,12.132
2025-11-18,COP,Tasas (%),Tasa 10Y,12.151
2025-11-19,COP,Tasas (%),Tasa 10Y,12.259
2025-11-20,COP,Tasas (%),Tasa 10Y,12.267
2025-11-21,COP,Tasas (%),Tasa 10Y,12.345
2025-11-24,COP,Tasas (%),Tasa 10Y,12.382
2025-11-25,COP,Tasas (%),Tasa 10Y,12.422
2025-11-26,COP,Tasas (%),Tasa 10Y,12.646
2025-11-27,COP,Tasas (%),Tasa 10Y,12.584
2025-11-28,COP,Tasas (%),Tasa 10Y,12.522
2025-12-01,COP,Tasas (%),Tasa 10Y,12.536
2025-12-02,COP,Tasas (%),Tasa 10Y,12.524
2025-12-03,COP,Tasas (%),Tasa 10Y,12.349
2025-12-04,COP,Tasas (%),Tasa 10Y,12.133
2025-12-05,COP,Tasas (%),Tasa 10Y,12.049
2025-12-09,COP,Tasas (%),Tasa 10Y,12.225
2025-12-10,COP,Tasas (%),Tasa 10Y,12.54
2025-12-11,COP,Tasas (%),Tasa 10Y,12.483
2025-12-12,COP,Tasas (%),Tasa 10Y,12.443
2025-12-15,COP,Tasas (%),Tasa 10Y,12.38
2025-12-16,COP,Tasas (%),Tasa 10Y,12.39
2025-12-17,COP,Tasas (%),Tasa 10Y,12.462
2025-12-18,COP,Tasas (%),Tasa 10Y,12.504
2025-12-19,COP,Tasas (%),Tasa 10Y,12.317
2025-12-22,COP,Tasas (%),Tasa 10Y,11.794
2025-12-23,COP,Tasas (%),Tasa 10Y,11.808
2025-12-24,COP,Tasas (%),Tasa 10Y,11.895
2025-12-26,COP,Tasas (%),Tasa 10Y,11.984
2025-12-29,COP,Tasas (%),Tasa 10Y,12.416
2025-12-30,COP,Tasas (%),Tasa 10Y,12.618
2026-01-02,COP,Tasas (%),Tasa 10Y,12.711
2026-01-05,COP,Tasas (%),Tasa 10Y,12.635
2026-01-06,COP,Tasas (%),Tasa 10Y,12.457
2026-01-07,COP,Tasas (%),Tasa 10Y,12.52
2026-01-08,COP,Tasas (%),Tasa 10Y,12.547
2026-01-09,COP,Tasas (%),Tasa 10Y,12.513
2026-01-12,COP,Tasas (%),Tasa 10Y,12.483
2026-01-13,COP,Tasas (%),Tasa 10Y,12.453
2026-01-14,COP,Tasas (%),Tasa 10Y,12.205
2026-01-15,COP,Tasas (%),Tasa 10Y,12.019
2026-01-16,COP,Tasas (%),Tasa 10Y,12.032
2026-01-19,COP,Tasas (%),Tasa 10Y,12.039
2026-01-20,COP,Tasas (%),Tasa 10Y,12.046
2026-01-21,COP,Tasas (%),Tasa 10Y,12.207
2026-01-22,COP,Tasas (%),Tasa 10Y,12.247
2026-01-23,COP,Tasas (%),Tasa 10Y,12.197
2026-01-26,COP,Tasas (%),Tasa 10Y,12.315
2026-01-27,COP,Tasas (%),Tasa 10Y,12.354
2026-01-28,COP,Tasas (%),Tasa 10Y,12.316
2026-01-29,COP,Tasas (%),Tasa 10Y,12.335
2026-01-30,COP,Tasas (%),Tasa 10Y,12.389
2026-02-02,COP,Tasas (%),Tasa 10Y,12.372
2026-02-03,COP,Tasas (%),Tasa 10Y,12.442
2026-02-04,COP,Tasas (%),Tasa 10Y,12.571
2026-02-05,COP,Tasas (%),Tasa 10Y,12.632
2026-02-06,COP,Tasas (%),Tasa 10Y,12.639
2026-02-09,COP,Tasas (%),Tasa 10Y,12.655
2026-02-10,COP,Tasas (%),Tasa 10Y,12.727
2026-02-11,COP,Tasas (%),Tasa 10Y,12.794
2026-02-12,COP,Tasas (%),Tasa 10Y,12.747
2026-02-13,COP,Tasas (%),Tasa 10Y,12.614
2026-02-16,COP,Tasas (%),Tasa 10Y,12.721
2026-02-17,COP,Tasas (%),Tasa 10Y,12.828
2026-02-18,COP,Tasas (%),Tasa 10Y,12.931
2026-02-19,COP,Tasas (%),Tasa 10Y,13.051
2026-02-20,COP,Tasas (%),Tasa 10Y,13.104
2026-02-23,COP,Tasas (%),Tasa 10Y,13.397
2026-02-24,COP,Tasas (%),Tasa 10Y,13.517
2026-02-25,COP,Tasas (%),Tasa 10Y,13.449
2026-02-26,COP,Tasas (%),Tasa 10Y,13.546
2026-02-27,COP,Tasas (%),Tasa 10Y,13.413
2026-03-02,COP,Tasas (%),Tasa 10Y,13.462
2026-03-03,COP,Tasas (%),Tasa 10Y,13.522
2026-03-04,COP,Tasas (%),Tasa 10Y,13.391
2026-03-05,COP,Tasas (%),Tasa 10Y,13.264
2026-03-06,COP,Tasas (%),Tasa 10Y,13.318
2026-03-09,COP,Tasas (%),Tasa 10Y,13.23
2026-03-10,COP,Tasas (%),Tasa 10Y,13.061
2026-03-11,COP,Tasas (%),Tasa 10Y,13.134
2026-03-12,COP,Tasas (%),Tasa 10Y,13.256
2026-03-13,COP,Tasas (%),Tasa 10Y,13.291
2026-03-16,COP,Tasas (%),Tasa 10Y,13.179
2026-03-17,COP,Tasas (%),Tasa 10Y,13.062
2026-03-18,COP,Tasas (%),Tasa 10Y,12.987
2026-03-19,COP,Tasas (%),Tasa 10Y,12.996
2026-03-20,COP,Tasas (%),Tasa 10Y,13.055
2026-03-23,COP,Tasas (%),Tasa 10Y,13.0095
2026-03-24,COP,Tasas (%),Tasa 10Y,12.964
2026-03-25,COP,Tasas (%),Tasa 10Y,12.933
2026-03-26,COP,Tasas (%),Tasa 10Y,12.923
2026-03-27,COP,Tasas (%),Tasa 10Y,12.852
2026-03-30,COP,Tasas (%),Tasa 10Y,12.79
2026-03-31,COP,Tasas (%),Tasa 10Y,12.83
2026-04-01,COP,Tasas (%),Tasa 10Y,12.885
2026-04-02,COP,Tasas (%),Tasa 10Y,12.901499999999999
2026-04-06,COP,Tasas (%),Tasa 10Y,12.918
2026-04-07,COP,Tasas (%),Tasa 10Y,12.934
2026-04-08,COP,Tasas (%),Tasa 10Y,12.873
2026-04-09,COP,Tasas (%),Tasa 10Y,12.816
2026-04-10,COP,Tasas (%),Tasa 10Y,12.743
2026-04-13,COP,Tasas (%),Tasa 10Y,12.757
2026-04-14,COP,Tasas (%),Tasa 10Y,12.695
2026-04-15,COP,Tasas (%),Tasa 10Y,12.693
2026-04-16,COP,Tasas (%),Tasa 10Y,12.754
2026-04-17,COP,Tasas (%),Tasa 10Y,12.669
2026-04-20,COP,Tasas (%),Tasa 10Y,12.666
2026-04-21,COP,Tasas (%),Tasa 10Y,12.691
2026-04-22,COP,Tasas (%),Tasa 10Y,12.786
2026-04-23,COP,Tasas (%),Tasa 10Y,12.878
2026-04-24,COP,Tasas (%),Tasa 10Y,12.907
2026-04-27,COP,Tasas (%),Tasa 10Y,13.156
2026-04-28,COP,Tasas (%),Tasa 10Y,13.03
2026-04-29,COP,Tasas (%),Tasa 10Y,13.106
2026-04-30,COP,Tasas (%),Tasa 10Y,13.129
2026-05-04,COP,Tasas (%),Tasa 10Y,13.18
2026-05-05,COP,Tasas (%),Tasa 10Y,13.365
2026-05-06,COP,Tasas (%),Tasa 10Y,13.375
2026-05-07,COP,Tasas (%),Tasa 10Y,13.427
2026-05-08,COP,Tasas (%),Tasa 10Y,13.564
2026-05-11,COP,Tasas (%),Tasa 10Y,13.521
2026-05-12,COP,Tasas (%),Tasa 10Y,13.516
2026-05-13,COP,Tasas (%),Tasa 10Y,13.672
2026-05-14,COP,Tasas (%),Tasa 10Y,13.687
2026-05-15,COP,Tasas (%),Tasa 10Y,13.987
2026-05-18,COP,Tasas (%),Tasa 10Y,14.1465
2026-05-19,COP,Tasas (%),Tasa 10Y,14.306
2026-05-20,COP,Tasas (%),Tasa 10Y,14.039
2026-05-22,COP,Tasas (%),Tasa 10Y,13.68
2026-05-25,COP,Tasas (%),Tasa 10Y,13.471
2026-05-26,COP,Tasas (%),Tasa 10Y,13.364
2026-05-27,COP,Tasas (%),Tasa 10Y,13.441
2026-05-28,COP,Tasas (%),Tasa 10Y,13.317
2026-05-29,COP,Tasas (%),Tasa 10Y,13.245
2026-06-01,COP,Tasas (%),Tasa 10Y,12.554
