date,country,serie,z_score
2022-01-03,BRL,FX,0.1943492529171304
2022-01-04,BRL,FX,0.4858125161879201
2022-01-05,BRL,FX,0.4552081779494278
2022-01-06,BRL,FX,0.45758660231337805
2022-01-07,BRL,FX,0.650075127727239
2022-01-10,BRL,FX,0.5524060119057758
2022-01-11,BRL,FX,0.5725094688860007
2022-01-12,BRL,FX,0.5713716869517016
2022-01-13,BRL,FX,0.36359490444923814
2022-01-14,BRL,FX,0.465761282849126
2022-01-17,BRL,FX,0.25393974084013077
2022-01-18,BRL,FX,0.3353738535055266
2022-01-19,BRL,FX,0.4694373515208504
2022-01-20,BRL,FX,3.3128952367012036e-4
2022-01-21,BRL,FX,-0.09284100533029267
2022-01-24,BRL,FX,-0.3084256430842427
2022-01-25,BRL,FX,-0.207985803634063
2022-01-26,BRL,FX,-0.4275230728126459
2022-01-27,BRL,FX,-0.6724583868526325
2022-01-28,BRL,FX,-0.8088917498898073
2022-01-31,BRL,FX,-0.7401579467318892
2022-02-01,BRL,FX,-0.6891004650671771
2022-02-02,BRL,FX,-0.7247480434650887
2022-02-03,BRL,FX,-0.5945873996875233
2022-02-04,BRL,FX,-0.343844780035525
2022-02-07,BRL,FX,-0.3082699952624924
2022-02-08,BRL,FX,-0.2762465519133269
2022-02-09,BRL,FX,-0.2665409088201445
2022-02-10,BRL,FX,-0.5129911832365902
2022-02-11,BRL,FX,-0.6765452482622637
2022-02-14,BRL,FX,-0.6422709696237646
2022-02-15,BRL,FX,-0.6101132535006987
2022-02-16,BRL,FX,-0.5364323637983688
2022-02-17,BRL,FX,-0.7085561867669334
2022-02-18,BRL,FX,-0.7248515230870727
2022-02-21,BRL,FX,-0.8414958492927004
2022-02-22,BRL,FX,-1.0155476677415263
2022-02-23,BRL,FX,-1.1233949823520024
2022-02-24,BRL,FX,-1.374419136579423
2022-02-25,BRL,FX,-1.1145950897456456
2022-02-28,BRL,FX,-1.28898638166495
2022-03-01,BRL,FX,-1.3393613917886442
2022-03-02,BRL,FX,-1.1568491608004834
2022-03-03,BRL,FX,-1.5030294735022574
2022-03-04,BRL,FX,-1.7190718959804172
2022-03-07,BRL,FX,-1.8066323981340469
2022-03-08,BRL,FX,-1.651616010288108
2022-03-09,BRL,FX,-1.774894792245911
2022-03-10,BRL,FX,-1.3662219671036415
2022-03-11,BRL,FX,-1.4257357519205893
2022-03-14,BRL,FX,-1.2371887318681345
2022-03-15,BRL,FX,-1.036135917594957
2022-03-16,BRL,FX,-0.9122499035959984
2022-03-17,BRL,FX,-0.8183690752151279
2022-03-18,BRL,FX,-0.9297756344209916
2022-03-21,BRL,FX,-0.8340528634835851
2022-03-22,BRL,FX,-1.0798888257922215
2022-03-23,BRL,FX,-1.102284273207997
2022-03-24,BRL,FX,-1.2820215529042918
2022-03-25,BRL,FX,-1.1806959744943366
2022-03-28,BRL,FX,-1.5169824524301012
2022-03-29,BRL,FX,-1.6138064325847135
2022-03-30,BRL,FX,-1.4004259083581425
2022-03-31,BRL,FX,-1.456912334697635
2022-04-01,BRL,FX,-1.4774753386954016
2022-04-04,BRL,FX,-1.770460586609674
2022-04-05,BRL,FX,-1.9352351306606563
2022-04-06,BRL,FX,-1.7542032828949863
2022-04-07,BRL,FX,-1.5295692678797284
2022-04-08,BRL,FX,-1.2299892903150305
2022-04-11,BRL,FX,-1.3937222005967649
2022-04-12,BRL,FX,-1.479660873229298
2022-04-13,BRL,FX,-1.5167965228807174
2022-04-14,BRL,FX,-1.021320621052145
2022-04-18,BRL,FX,-1.0548729121891072
2022-04-19,BRL,FX,-1.3814402907452197
2022-04-20,BRL,FX,-1.2813934474133066
2022-04-21,BRL,FX,-1.4354594253723056
2022-04-22,BRL,FX,-1.4627735880171897
2022-04-25,BRL,FX,-1.1951248447955933
2022-04-26,BRL,FX,-1.3680416101565744
2022-04-27,BRL,FX,-0.9416818739229412
2022-04-28,BRL,FX,-0.8578416640688548
2022-04-29,BRL,FX,-1.1636736418251352
2022-05-02,BRL,FX,-0.7860533674969883
2022-05-03,BRL,FX,-0.4550106738640849
2022-05-04,BRL,FX,-0.5436584865745235
2022-05-05,BRL,FX,-0.5686005900377608
2022-05-06,BRL,FX,-0.05594480407661183
2022-05-09,BRL,FX,-3.125382829600795e-4
2022-05-10,BRL,FX,-0.10722253020494242
2022-05-11,BRL,FX,-0.0602398492130276
2022-05-12,BRL,FX,0.06956099753911642
2022-05-13,BRL,FX,-0.02946722956376478
2022-05-16,BRL,FX,-0.05992335278135938
2022-05-17,BRL,FX,-0.1449692281277433
2022-05-18,BRL,FX,-0.5560409414316431
2022-05-19,BRL,FX,-0.3558452119982404
2022-05-20,BRL,FX,-0.5743863526699017
2022-05-23,BRL,FX,-0.7598226508819574
2022-05-24,BRL,FX,-0.7678081836744713
2022-05-25,BRL,FX,-0.7556181457724273
2022-05-26,BRL,FX,-0.7160905169386134
2022-05-27,BRL,FX,-1.0857961190577077
2022-05-30,BRL,FX,-1.2851230451038649
2022-05-31,BRL,FX,-1.033785384135374
2022-06-01,BRL,FX,-0.9941854560032215
2022-06-02,BRL,FX,-0.7029153249621949
2022-06-03,BRL,FX,-0.5106853616966861
2022-06-06,BRL,FX,-0.6994131989539224
2022-06-07,BRL,FX,-0.6321105828969417
2022-06-08,BRL,FX,-0.18131823493961488
2022-06-09,BRL,FX,-0.25453996061710443
2022-06-10,BRL,FX,-0.10118777958458881
2022-06-13,BRL,FX,0.23145036599330224
2022-06-14,BRL,FX,0.441160382908861
2022-06-15,BRL,FX,0.11848568279437613
2022-06-16,BRL,FX,-0.04450170865875091
2022-06-17,BRL,FX,0.24289160349998104
2022-06-20,BRL,FX,0.2439867751165925
2022-06-22,BRL,FX,0.26527780253992506
2022-06-23,BRL,FX,0.10693016081147873
2022-06-24,BRL,FX,0.3266575419124948
2022-06-28,BRL,FX,0.6551093811261939
2022-06-29,BRL,FX,0.4303861688854595
2022-06-30,BRL,FX,0.023927799734762042
2022-07-01,BRL,FX,0.19565485621320597
2022-07-04,BRL,FX,0.18158260999383516
2022-07-05,BRL,FX,-0.17270079466860275
2022-07-06,BRL,FX,-0.00911405876539054
2022-07-07,BRL,FX,0.05427080898858713
2022-07-08,BRL,FX,0.06743448074577324
2022-07-11,BRL,FX,-0.3004707550067861
2022-07-12,BRL,FX,-0.35877830207734873
2022-07-13,BRL,FX,-0.10792478050363376
2022-07-14,BRL,FX,-0.17639565752514008
2022-07-15,BRL,FX,-0.25755839304487976
2022-07-18,BRL,FX,-0.05467518721303036
2022-07-19,BRL,FX,0.20378989532151462
2022-07-20,BRL,FX,0.1292791523921511
2022-07-21,BRL,FX,-0.02428164211616069
2022-07-22,BRL,FX,-0.0860456691356686
2022-07-25,BRL,FX,-0.031237645393553285
2022-07-26,BRL,FX,-0.40671357060375607
2022-07-27,BRL,FX,-0.6443359702579204
2022-07-28,BRL,FX,-0.9131796767496865
2022-07-29,BRL,FX,-1.1330671427334602
2022-08-01,BRL,FX,-1.3399515566630638
2022-08-02,BRL,FX,-1.1008116726871697
2022-08-03,BRL,FX,-1.201318434258345
2022-08-04,BRL,FX,-1.0508239026060202
2022-08-05,BRL,FX,-0.9251094713978076
2022-08-08,BRL,FX,-1.2743991734533568
2022-08-09,BRL,FX,-1.2385216177428267
2022-08-10,BRL,FX,-1.1951010135941318
2022-08-11,BRL,FX,-1.0301817203405859
2022-08-12,BRL,FX,-0.9228440636923327
2022-08-16,BRL,FX,-1.3312900900668017
2022-08-17,BRL,FX,-0.9830214150222323
2022-08-18,BRL,FX,-1.1330546730429194
2022-08-19,BRL,FX,-1.034819045099586
2022-08-22,BRL,FX,-1.1811716549803444
2022-08-23,BRL,FX,-1.277769806840222
2022-08-24,BRL,FX,-1.192971231710413
2022-08-25,BRL,FX,-1.22795576590455
2022-08-26,BRL,FX,-1.3131926040007342
2022-08-29,BRL,FX,-1.3845755405678775
2022-08-30,BRL,FX,-1.628041635215697
2022-08-31,BRL,FX,-1.187224201323581
2022-09-01,BRL,FX,-0.9760757372570262
2022-09-02,BRL,FX,-0.9472923217589909
2022-09-05,BRL,FX,-1.0923854701384275
2022-09-06,BRL,FX,-0.9374039691697402
2022-09-07,BRL,FX,-0.8660702299966465
2022-09-08,BRL,FX,-0.733496800565659
2022-09-09,BRL,FX,-0.6772523945511344
2022-09-12,BRL,FX,-0.7921211908527398
2022-09-13,BRL,FX,-0.8345596965253833
2022-09-14,BRL,FX,-0.7342484866106536
2022-09-15,BRL,FX,-0.6888321819482132
2022-09-20,BRL,FX,-0.4523072161259623
2022-09-21,BRL,FX,-0.8034226762310234
2022-09-22,BRL,FX,-0.5070781381086352
2022-09-23,BRL,FX,-0.7575673627474733
2022-09-26,BRL,FX,-0.23633879844661632
2022-09-27,BRL,FX,-0.22788228661151613
2022-09-28,BRL,FX,-0.0695184677374659
2022-09-29,BRL,FX,0.10552145294888929
2022-09-30,BRL,FX,0.20485983067245447
2022-10-03,BRL,FX,-0.22005837316833152
2022-10-04,BRL,FX,-0.715307357010816
2022-10-05,BRL,FX,-0.18475853756137392
2022-10-06,BRL,FX,-0.25942548225305656
2022-10-07,BRL,FX,-0.09606729602172565
2022-10-11,BRL,FX,-0.22344367797295017
2022-10-12,BRL,FX,0.042021606904936545
2022-10-13,BRL,FX,0.023974708305095495
2022-10-14,BRL,FX,0.1209945780027606
2022-10-17,BRL,FX,0.1468789726843566
2022-10-18,BRL,FX,0.1724401741412723
2022-10-19,BRL,FX,0.32809929556200007
2022-10-20,BRL,FX,0.39392961737146637
2022-10-21,BRL,FX,0.30616383404423286
2022-10-24,BRL,FX,0.39958258345390363
2022-10-25,BRL,FX,0.5749154665711318
2022-10-26,BRL,FX,0.7165340927744602
2022-10-27,BRL,FX,0.9757970982735441
2022-10-28,BRL,FX,0.9201145018985201
2022-11-02,BRL,FX,0.5967517791982488
2022-11-03,BRL,FX,0.51257052752692
2022-11-04,BRL,FX,0.39132669288723687
2022-11-07,BRL,FX,0.8692395864181812
2022-11-08,BRL,FX,1.2582584657395475
2022-11-09,BRL,FX,1.1454449792885468
2022-11-10,BRL,FX,1.121340736455232
2022-11-11,BRL,FX,1.6668136714879735
2022-11-14,BRL,FX,1.3881762840518161
2022-11-15,BRL,FX,1.4442198380422666
2022-11-16,BRL,FX,1.4082622796235043
2022-11-17,BRL,FX,1.8862226602205403
2022-11-18,BRL,FX,1.5809801601721678
2022-11-21,BRL,FX,1.4220389438023298
2022-11-22,BRL,FX,1.436232708943737
2022-11-23,BRL,FX,1.7731069454201411
2022-11-24,BRL,FX,1.7221378989073592
2022-11-25,BRL,FX,1.7406900347824352
2022-11-28,BRL,FX,1.8709655346931886
2022-11-29,BRL,FX,1.789692558690551
2022-11-30,BRL,FX,1.6304613451963461
2022-12-01,BRL,FX,1.2220830315409879
2022-12-02,BRL,FX,1.1999665392627452
2022-12-05,BRL,FX,1.1580059203256357
2022-12-06,BRL,FX,0.9189313951424297
2022-12-07,BRL,FX,0.6596512923542317
2022-12-09,BRL,FX,0.9441381885661319
2022-12-12,BRL,FX,0.816616806105494
2022-12-13,BRL,FX,0.9390945072884326
2022-12-14,BRL,FX,1.3838184597950447
2022-12-15,BRL,FX,1.0300165319426775
2022-12-16,BRL,FX,1.0496186878142195
2022-12-19,BRL,FX,1.3077829596772834
2022-12-20,BRL,FX,1.6156231115231865
2022-12-21,BRL,FX,1.2237016824726688
2022-12-22,BRL,FX,1.3912682024009255
2022-12-23,BRL,FX,1.4280727577989811
2022-12-26,BRL,FX,1.6214347622521033
2022-12-27,BRL,FX,2.0083697352770082
2022-12-28,BRL,FX,2.0182650228932677
2022-12-29,BRL,FX,1.5697429598716794
2022-12-30,BRL,FX,1.8576873731661787
2023-01-03,BRL,FX,1.8557260691945043
2023-01-04,BRL,FX,2.19719114198322
2023-01-05,BRL,FX,2.009303117557635
2023-01-06,BRL,FX,1.4924357997851396
2023-01-09,BRL,FX,1.4273357662773278
2023-01-10,BRL,FX,1.5918627091218842
2023-01-11,BRL,FX,1.1536622273733783
2023-01-12,BRL,FX,1.1253983659396574
2023-01-13,BRL,FX,1.222078051073587
2023-01-16,BRL,FX,1.0719654951643012
2023-01-17,BRL,FX,1.27367533772246
2023-01-18,BRL,FX,0.944733326846236
2023-01-19,BRL,FX,1.35676554643715
2023-01-20,BRL,FX,1.4222698015238937
2023-01-23,BRL,FX,1.4327348045990669
2023-01-24,BRL,FX,1.3133357220214565
2023-01-25,BRL,FX,1.225518329670863
2023-01-26,BRL,FX,1.1612646490847762
2023-01-27,BRL,FX,0.9879449251950149
2023-01-30,BRL,FX,1.0459191688077538
2023-01-31,BRL,FX,0.8886585575355099
2023-02-01,BRL,FX,0.7309919800164966
2023-02-02,BRL,FX,0.30283849981270344
2023-02-03,BRL,FX,0.6351164353095056
2023-02-06,BRL,FX,0.7910441732385649
2023-02-07,BRL,FX,0.7590042708952941
2023-02-08,BRL,FX,0.8842154765662967
2023-02-09,BRL,FX,1.0320477855848251
2023-02-10,BRL,FX,1.3234963830454225
2023-02-13,BRL,FX,1.0371682969910196
2023-02-14,BRL,FX,1.1052209875906478
2023-02-15,BRL,FX,1.2085310756153853
2023-02-16,BRL,FX,1.3292439149179502
2023-02-17,BRL,FX,1.06365023653223
2023-02-20,BRL,FX,0.9566486096995923
2023-02-21,BRL,FX,1.101323594396151
2023-02-22,BRL,FX,0.9750599476245194
2023-02-23,BRL,FX,0.93562610302982685
2023-02-24,BRL,FX,1.0368316350165099
2023-02-27,BRL,FX,1.1176063484805796
2023-02-28,BRL,FX,1.2549767184239433
2023-03-01,BRL,FX,1.4305727360404483
2023-03-02,BRL,FX,1.5737210289264236
2023-03-03,BRL,FX,1.5284763661896
2023-03-06,BRL,FX,1.594705733715584
2023-03-07,BRL,FX,1.345969664932373
2023-03-08,BRL,FX,1.1868176786823905
2023-03-09,BRL,FX,0.8427489457624594
2023-03-10,BRL,FX,0.631428792389006
2023-03-13,BRL,FX,0.5706875004999985
2023-03-14,BRL,FX,0.7447183188943491
2023-03-15,BRL,FX,0.2484081810103708
2023-03-16,BRL,FX,0.46867723195707195
2023-03-17,BRL,FX,0.24449279060057572
2023-03-20,BRL,FX,0.4095210423608794
2023-03-21,BRL,FX,0.7172448539158122
2023-03-22,BRL,FX,0.6787234003432265
2023-03-23,BRL,FX,0.6181597671578912
2023-03-24,BRL,FX,0.8335415502937262
2023-03-27,BRL,FX,0.9530267789041211
2023-03-28,BRL,FX,1.0129468145569465
2023-03-29,BRL,FX,0.9500121056873692
2023-03-30,BRL,FX,0.8178263013462018
2023-03-31,BRL,FX,0.539589022511175
2023-04-03,BRL,FX,0.5258471517849791
2023-04-04,BRL,FX,0.580809621848943
2023-04-05,BRL,FX,0.6653776035560259
2023-04-06,BRL,FX,0.49610344647953336
2023-04-10,BRL,FX,0.5879811688022527
2023-04-11,BRL,FX,0.6285362505461943
2023-04-12,BRL,FX,0.4956610975301809
2023-04-13,BRL,FX,0.42943688362869603
2023-04-14,BRL,FX,0.607739916167305
2023-04-17,BRL,FX,0.5241119511572115
2023-04-18,BRL,FX,0.5460201795143701
2023-04-19,BRL,FX,0.8019307309722612
2023-04-20,BRL,FX,0.8516438577007098
2023-04-21,BRL,FX,0.879553074533614
2023-04-24,BRL,FX,0.8677499119169111
2023-04-25,BRL,FX,0.683436582621764
2023-04-26,BRL,FX,0.6249362425503592
2023-04-27,BRL,FX,0.7036242124196851
2023-04-28,BRL,FX,0.484930953023274
2023-05-02,BRL,FX,0.3726216869906087
2023-05-03,BRL,FX,0.3762402355979222
2023-05-04,BRL,FX,0.2926216717529938
2023-05-05,BRL,FX,0.5322878838337579
2023-05-08,BRL,FX,0.5771908027953031
2023-05-09,BRL,FX,0.691670939581125
2023-05-10,BRL,FX,0.47149239193497433
2023-05-11,BRL,FX,0.26416876016032315
2023-05-12,BRL,FX,0.21052858111508543
2023-05-15,BRL,FX,0.14514921361080596
2023-05-16,BRL,FX,0.07350451566393237
2023-05-17,BRL,FX,0.2982994559576864
2023-05-18,BRL,FX,0.31869115043189183
2023-05-19,BRL,FX,0.26110399585799343
2023-05-22,BRL,FX,0.3903570093533407
2023-05-23,BRL,FX,0.21277156364089678
2023-05-24,BRL,FX,0.057013685065242896
2023-05-25,BRL,FX,0.08367220252963484
2023-05-26,BRL,FX,0.22212501966389753
2023-05-29,BRL,FX,0.16777268742151408
2023-05-30,BRL,FX,0.08433262962849279
2023-05-31,BRL,FX,0.21560817427033305
2023-06-01,BRL,FX,0.3395154204707743
2023-06-02,BRL,FX,0.41394965338040823
2023-06-05,BRL,FX,0.21008879432935196
2023-06-06,BRL,FX,0.14691197260922145
2023-06-07,BRL,FX,0.36372180607648413
2023-06-08,BRL,FX,0.3479414415383487
2023-06-09,BRL,FX,0.34613437237957584
2023-06-12,BRL,FX,0.03185693652055658
2023-06-13,BRL,FX,0.12300558701188585
2023-06-14,BRL,FX,0.14928091931961385
2023-06-15,BRL,FX,-0.12541493156176536
2023-06-16,BRL,FX,0.16083970788555824
2023-06-19,BRL,FX,0.05491931377062669
2023-06-20,BRL,FX,-0.09307257300707421
2023-06-22,BRL,FX,-0.02741448075002086
2023-06-23,BRL,FX,-0.1732366172884022
2023-06-27,BRL,FX,-0.13752525269438548
2023-06-28,BRL,FX,0.0176102164730125
2023-06-29,BRL,FX,0.19958815554524503
2023-06-30,BRL,FX,0.20738646548392997
2023-07-03,BRL,FX,-0.047051983898788854
2023-07-04,BRL,FX,0.00467631167304514
2023-07-05,BRL,FX,0.2738308988317104
2023-07-06,BRL,FX,0.20636888286964591
2023-07-07,BRL,FX,0.4937704001295577
2023-07-10,BRL,FX,0.3353451165997049
2023-07-11,BRL,FX,0.48377324998752336
2023-07-12,BRL,FX,0.4713174372806551
2023-07-13,BRL,FX,0.35583748897039585
2023-07-14,BRL,FX,0.4145220702220117
2023-07-17,BRL,FX,0.38079427584077263
2023-07-18,BRL,FX,0.4376191854332315
2023-07-19,BRL,FX,0.3849811664684231
2023-07-20,BRL,FX,0.34002644597237935
2023-07-21,BRL,FX,0.2662102748886035
2023-07-24,BRL,FX,0.19850021920358363
2023-07-25,BRL,FX,-0.03684209395687799
2023-07-26,BRL,FX,0.07859218278482412
2023-07-27,BRL,FX,0.1530301440001271
2023-07-28,BRL,FX,0.04206251581902302
2023-07-31,BRL,FX,0.024092892949052015
2023-08-01,BRL,FX,0.03109665132042018
2023-08-02,BRL,FX,0.0015385594045098957
2023-08-03,BRL,FX,0.1983342352724716
2023-08-04,BRL,FX,0.19703081350081905
2023-08-07,BRL,FX,0.39635361398154095
2023-08-08,BRL,FX,0.424367252933683
2023-08-09,BRL,FX,0.27976457779605823
2023-08-10,BRL,FX,0.4773878354463515
2023-08-11,BRL,FX,0.5932388491868887
2023-08-14,BRL,FX,0.6472618218596009
2023-08-16,BRL,FX,0.7307143600144247
2023-08-17,BRL,FX,0.6721251702652553
2023-08-18,BRL,FX,0.6905564451540313
2023-08-21,BRL,FX,0.7221995461417205
2023-08-22,BRL,FX,0.7263764230585903
2023-08-23,BRL,FX,0.4562287496094521
2023-08-24,BRL,FX,0.34932871238549035
2023-08-25,BRL,FX,0.3446814116947229
2023-08-28,BRL,FX,0.4162733230610091
2023-08-29,BRL,FX,0.3516704745992812
2023-08-30,BRL,FX,0.3753195979552393
2023-08-31,BRL,FX,0.4810347357179078
2023-09-01,BRL,FX,0.665477023911972
2023-09-04,BRL,FX,0.5562956036789518
2023-09-05,BRL,FX,0.5665584104597828
2023-09-06,BRL,FX,0.60631248938919
2023-09-07,BRL,FX,0.5743297404140185
2023-09-08,BRL,FX,0.6398693296840933
2023-09-11,BRL,FX,0.5694621513493783
2023-09-12,BRL,FX,0.5115676325036916
2023-09-13,BRL,FX,0.6918743784303091
2023-09-14,BRL,FX,0.7534942183815174
2023-09-15,BRL,FX,0.5607570934990319
2023-09-20,BRL,FX,0.5298808663501531
2023-09-21,BRL,FX,0.491901217642698
2023-09-22,BRL,FX,0.5459309630391944
2023-09-25,BRL,FX,0.7007874655313632
2023-09-26,BRL,FX,0.5630527927618713
2023-09-27,BRL,FX,0.6462575116709703
2023-09-28,BRL,FX,0.7482021652739018
2023-09-29,BRL,FX,0.7174359368377028
2023-10-02,BRL,FX,0.7451812284978886
2023-10-03,BRL,FX,0.8056153024374834
2023-10-04,BRL,FX,0.8179328388832621
2023-10-05,BRL,FX,0.8944440992175713
2023-10-06,BRL,FX,1.0800008402764683
2023-10-10,BRL,FX,0.85672195235664
2023-10-11,BRL,FX,0.6499300326565359
2023-10-12,BRL,FX,0.8225872165628288
2023-10-13,BRL,FX,0.6131715791365934
2023-10-16,BRL,FX,0.8253726546820281
2023-10-17,BRL,FX,0.9678686988693305
2023-10-18,BRL,FX,1.0242127272551835
2023-10-19,BRL,FX,0.9499599067160635
2023-10-20,BRL,FX,0.8879952085564602
2023-10-23,BRL,FX,0.7852833910467377
2023-10-24,BRL,FX,0.8299914430841093
2023-10-25,BRL,FX,0.7985213674285959
2023-10-26,BRL,FX,0.5710770020249604
2023-10-30,BRL,FX,0.811220995644066
2023-10-31,BRL,FX,1.1088498298166356
2023-11-02,BRL,FX,0.6666880252329542
2023-11-03,BRL,FX,0.58219743853332
2023-11-06,BRL,FX,0.6418474023976662
2023-11-07,BRL,FX,0.19289849565659273
2023-11-08,BRL,FX,0.0789846475269866
2023-11-09,BRL,FX,0.2733196594995735
2023-11-10,BRL,FX,0.28926134885855154
2023-11-13,BRL,FX,0.2606931746063225
2023-11-14,BRL,FX,0.006990564213488036
2023-11-15,BRL,FX,0.2111598009815842
2023-11-16,BRL,FX,0.027314843634462967
2023-11-17,BRL,FX,0.16931105548241446
2023-11-20,BRL,FX,0.21319114340622644
2023-11-21,BRL,FX,0.242809294625546
2023-11-22,BRL,FX,0.25871283235206954
2023-11-23,BRL,FX,0.23344251853904466
2023-11-24,BRL,FX,0.33726660159685173
2023-11-27,BRL,FX,0.34853573048371267
2023-11-28,BRL,FX,0.36460687432613365
2023-11-29,BRL,FX,0.3037289118860858
2023-11-30,BRL,FX,0.42679946801169205
2023-12-01,BRL,FX,0.21223144198694407
2023-12-04,BRL,FX,0.11333015762734956
2023-12-05,BRL,FX,0.04210601409496696
2023-12-06,BRL,FX,-0.1807302300714052
2023-12-07,BRL,FX,-0.32070276466014785
2023-12-11,BRL,FX,-0.02936341446034687
2023-12-12,BRL,FX,-0.08667837875844638
2023-12-13,BRL,FX,-0.1945888369391432
2023-12-14,BRL,FX,-0.40175293015881014
2023-12-15,BRL,FX,-0.2271601398802559
2023-12-18,BRL,FX,-0.2481367949149835
2023-12-19,BRL,FX,-0.39943027939408554
2023-12-20,BRL,FX,-0.594401586104438
2023-12-21,BRL,FX,-0.4330809488705463
2023-12-22,BRL,FX,-0.3461308185600733
2023-12-26,BRL,FX,-0.3781566972662395
2023-12-27,BRL,FX,-0.4707063544635145
2023-12-28,BRL,FX,-0.4235377341113869
2023-12-29,BRL,FX,-0.38936808831101294
2024-01-02,BRL,FX,-0.3545549008971448
2024-01-03,BRL,FX,-0.34486623779485354
2024-01-04,BRL,FX,-0.26703709275689147
2024-01-05,BRL,FX,-0.16048748390681358
2024-01-08,BRL,FX,-0.30685698053792504
2024-01-09,BRL,FX,-0.32868277653658035
2024-01-10,BRL,FX,-0.41124241241851284
2024-01-11,BRL,FX,-0.4841003327520279
2024-01-12,BRL,FX,-0.511572894575715
2024-01-15,BRL,FX,-0.6230681474769547
2024-01-16,BRL,FX,-0.6495083347412457
2024-01-17,BRL,FX,-0.6856603156497935
2024-01-18,BRL,FX,-0.6110190212713965
2024-01-19,BRL,FX,-0.648194339419527
2024-01-22,BRL,FX,-0.5560375038104987
2024-01-23,BRL,FX,-0.4469354153395956
2024-01-24,BRL,FX,-0.637292939667022
2024-01-25,BRL,FX,-0.6453704792243412
2024-01-26,BRL,FX,-0.6237777566650565
2024-01-29,BRL,FX,-0.8143802956293729
2024-01-30,BRL,FX,-0.6603815103179114
2024-01-31,BRL,FX,-0.8308201418891811
2024-02-01,BRL,FX,-0.8878603612011199
2024-02-02,BRL,FX,-0.8866400827794726
2024-02-05,BRL,FX,-0.6574079757815542
2024-02-06,BRL,FX,-0.6836609008669376
2024-02-07,BRL,FX,-0.6610480917618164
2024-02-08,BRL,FX,-0.6037069072967549
2024-02-09,BRL,FX,-0.6681421408141363
2024-02-12,BRL,FX,-0.7945689241176008
2024-02-13,BRL,FX,-0.8302635471199648
2024-02-14,BRL,FX,-0.9943611998818561
2024-02-15,BRL,FX,-0.812788051322774
2024-02-16,BRL,FX,-0.6636101454042095
2024-02-19,BRL,FX,-0.7386458394892476
2024-02-20,BRL,FX,-0.8073566979080983
2024-02-21,BRL,FX,-0.849740421726616
2024-02-22,BRL,FX,-0.8721028424155715
2024-02-23,BRL,FX,-0.7458184785153681
2024-02-26,BRL,FX,-0.6875023913932878
2024-02-27,BRL,FX,-0.6736688632407263
2024-02-28,BRL,FX,-0.9483133352688531
2024-02-29,BRL,FX,-0.7308595895953465
2024-03-01,BRL,FX,-0.851035180842234
2024-03-04,BRL,FX,-0.7606419188862216
2024-03-05,BRL,FX,-0.8639095706572647
2024-03-06,BRL,FX,-0.8738659150681612
2024-03-07,BRL,FX,-0.8543466865352032
2024-03-08,BRL,FX,-0.7042903391456866
2024-03-11,BRL,FX,-0.5477329147154322
2024-03-12,BRL,FX,-0.5339528729213026
2024-03-13,BRL,FX,-0.33213192343287357
2024-03-14,BRL,FX,-0.328592001491428
2024-03-15,BRL,FX,-0.19992224103219167
2024-03-18,BRL,FX,-0.25872617888449306
2024-03-19,BRL,FX,-0.2551987619121319
2024-03-20,BRL,FX,-0.3238933531568183
2024-03-21,BRL,FX,-0.4012571576431297
2024-03-22,BRL,FX,-0.5371873045460641
2024-03-25,BRL,FX,-0.49559357745215865
2024-03-26,BRL,FX,-0.5068043826290745
2024-03-27,BRL,FX,-0.4606997025607748
2024-03-28,BRL,FX,-0.34869106551609896
2024-04-01,BRL,FX,-0.1490514834718622
2024-04-02,BRL,FX,-0.11528707659487841
2024-04-03,BRL,FX,0.11788615091014934
2024-04-04,BRL,FX,-0.07832352647098458
2024-04-05,BRL,FX,0.045784359830740445
2024-04-08,BRL,FX,0.18878392030866442
2024-04-09,BRL,FX,0.07419588000607803
2024-04-10,BRL,FX,0.19195670429128037
2024-04-11,BRL,FX,0.31247200429955246
2024-04-12,BRL,FX,0.05799879873685504
2024-04-15,BRL,FX,0.09030198769052049
2024-04-16,BRL,FX,0.4297443728215225
2024-04-17,BRL,FX,0.4976140240133872
2024-04-18,BRL,FX,0.5907228323748861
2024-04-19,BRL,FX,0.5742751337991989
2024-04-22,BRL,FX,0.41150472803747873
2024-04-23,BRL,FX,0.3744210459184575
2024-04-24,BRL,FX,0.3198136092056825
2024-04-25,BRL,FX,0.5634076208789395
2024-04-26,BRL,FX,0.4776131577126183
2024-04-29,BRL,FX,0.3233346734600473
2024-04-30,BRL,FX,0.3798642587224623
2024-05-02,BRL,FX,0.36747669936338706
2024-05-03,BRL,FX,0.2906644113772847
2024-05-06,BRL,FX,0.10445908904436882
2024-05-07,BRL,FX,0.09727126626201305
2024-05-08,BRL,FX,0.16451716271146327
2024-05-09,BRL,FX,0.38413394815326407
2024-05-10,BRL,FX,0.5171253343692931
2024-05-13,BRL,FX,0.4390915683908868
2024-05-14,BRL,FX,0.3297260348784407
2024-05-15,BRL,FX,0.36624425205705985
2024-05-16,BRL,FX,0.4275976781257374
2024-05-17,BRL,FX,0.6318728006588704
2024-05-20,BRL,FX,0.6458497487600444
2024-05-22,BRL,FX,0.4792760809419661
2024-05-23,BRL,FX,0.4574791472186055
2024-05-24,BRL,FX,0.4839535218495916
2024-05-27,BRL,FX,0.6537218714122122
2024-05-28,BRL,FX,0.7106521224891396
2024-05-29,BRL,FX,0.5506570180163892
2024-05-30,BRL,FX,0.47622700541208146
2024-05-31,BRL,FX,0.5659706327357112
2024-06-03,BRL,FX,0.40553298730143966
2024-06-04,BRL,FX,0.18203277511148003
2024-06-05,BRL,FX,0.19933695299688356
2024-06-06,BRL,FX,0.4499289947474022
2024-06-07,BRL,FX,0.29851675953069484
2024-06-10,BRL,FX,0.2852592920650911
2024-06-11,BRL,FX,0.2487871182823893
2024-06-12,BRL,FX,0.15934019391732046
2024-06-13,BRL,FX,0.12991469194495162
2024-06-14,BRL,FX,-0.15887170171615295
2024-06-17,BRL,FX,0.010128089322272892
2024-06-18,BRL,FX,0.20506378243074203
2024-06-19,BRL,FX,0.256366065638074
2024-06-21,BRL,FX,0.21153545649630098
2024-06-24,BRL,FX,0.2887286361553118
2024-06-25,BRL,FX,0.20667069192786747
2024-06-26,BRL,FX,0.4351004546250556
2024-06-27,BRL,FX,0.48088609198397586
2024-06-28,BRL,FX,0.6586304644941322
2024-07-01,BRL,FX,1.0151018257625404
2024-07-02,BRL,FX,1.083340701644232
2024-07-03,BRL,FX,1.1282039822083458
2024-07-04,BRL,FX,0.7027053781955556
2024-07-05,BRL,FX,0.5905887513865364
2024-07-08,BRL,FX,0.5166003105743979
2024-07-09,BRL,FX,0.47262652950892825
2024-07-10,BRL,FX,0.27938037478651584
2024-07-11,BRL,FX,0.39611003709608883
2024-07-12,BRL,FX,0.5175830775696103
2024-07-15,BRL,FX,0.5155607315234165
2024-07-17,BRL,FX,0.49596105190830836
2024-07-18,BRL,FX,0.6079271610488828
2024-07-19,BRL,FX,0.5951376274993353
2024-07-22,BRL,FX,0.8671537624889724
2024-07-23,BRL,FX,0.8704034065552463
2024-07-24,BRL,FX,0.6843649301369477
2024-07-25,BRL,FX,0.6730253757671235
2024-07-26,BRL,FX,0.6719061435531428
2024-07-29,BRL,FX,0.6385247669547893
2024-07-30,BRL,FX,0.36411220007967965
2024-07-31,BRL,FX,0.33534614462668555
2024-08-01,BRL,FX,0.36032671291578394
2024-08-02,BRL,FX,0.027771215122776808
2024-08-05,BRL,FX,-0.6231569112060229
2024-08-06,BRL,FX,-0.4092993582407541
2024-08-07,BRL,FX,-0.4792643714889167
2024-08-08,BRL,FX,-0.20356145370342527
2024-08-09,BRL,FX,-0.24523946850779466
2024-08-12,BRL,FX,-0.3690781386428408
2024-08-13,BRL,FX,-0.4058456339492563
2024-08-14,BRL,FX,-0.39720145925990147
2024-08-16,BRL,FX,-0.09113327087961826
2024-08-19,BRL,FX,-0.10398954102446735
2024-08-20,BRL,FX,-0.2593177698869449
2024-08-21,BRL,FX,-0.3139513706319208
2024-08-22,BRL,FX,-0.2279966255980081
2024-08-23,BRL,FX,-0.0220272478084893
2024-08-26,BRL,FX,-0.05876031238843816
2024-08-27,BRL,FX,-0.13835522948083703
2024-08-28,BRL,FX,-0.2101147865350274
2024-08-29,BRL,FX,0.07941428776717996
2024-08-30,BRL,FX,0.17476052370043035
2024-09-02,BRL,FX,0.12723265528293476
2024-09-03,BRL,FX,-0.3986647947585692
2024-09-04,BRL,FX,-0.44694165615826087
2024-09-05,BRL,FX,-0.45842148152908946
2024-09-06,BRL,FX,-0.7780378589903809
2024-09-09,BRL,FX,-0.5269262738501049
2024-09-10,BRL,FX,-0.7347452013098957
2024-09-11,BRL,FX,-0.4756049693058804
2024-09-12,BRL,FX,-0.2337448489188366
2024-09-13,BRL,FX,-0.1928759624594373
2024-09-16,BRL,FX,-0.31988532831267796
2024-09-17,BRL,FX,-0.5236702767476644
2024-09-23,BRL,FX,-0.21529461000956424
2024-09-24,BRL,FX,-0.29832508200408386
2024-09-25,BRL,FX,-0.3814946338419068
2024-09-26,BRL,FX,-0.5918579397269802
2024-09-27,BRL,FX,-0.655965395335414
2024-09-30,BRL,FX,-0.6873121775568773
2024-10-01,BRL,FX,-0.8079115160086972
2024-10-02,BRL,FX,-0.799276045473345
2024-10-03,BRL,FX,-0.7660761810946214
2024-10-04,BRL,FX,-0.4476195432441984
2024-10-07,BRL,FX,-0.7994983258851536
2024-10-08,BRL,FX,-0.5484996764319819
2024-10-09,BRL,FX,-0.47408574680132115
2024-10-10,BRL,FX,-0.3143597845493044
2024-10-11,BRL,FX,-0.3294613293755284
2024-10-14,BRL,FX,-0.0996301522305279
2024-10-15,BRL,FX,-0.31470139634245364
2024-10-16,BRL,FX,-0.24694417309746186
2024-10-17,BRL,FX,-0.05179374062582205
2024-10-18,BRL,FX,0.016143609313918714
2024-10-21,BRL,FX,0.2817132413122013
2024-10-22,BRL,FX,0.3289670940654115
2024-10-23,BRL,FX,0.15849069543665975
2024-10-24,BRL,FX,0.156354256175908
2024-10-25,BRL,FX,0.011962679140516911
2024-10-28,BRL,FX,-0.00862323970471982
2024-10-29,BRL,FX,0.010050925811287957
2024-10-30,BRL,FX,0.19367164129978445
2024-11-04,BRL,FX,0.28435966263686613
2024-11-05,BRL,FX,0.25881728531151826
2024-11-06,BRL,FX,0.4187771986541506
2024-11-07,BRL,FX,0.1846272365915929
2024-11-08,BRL,FX,0.4364941173749516
2024-11-11,BRL,FX,0.22951465218061795
2024-11-12,BRL,FX,0.21266465758987407
2024-11-13,BRL,FX,0.17301967376352634
2024-11-14,BRL,FX,0.25173018603000663
2024-11-15,BRL,FX,0.1995347975827059
2024-11-18,BRL,FX,0.2574712569317747
2024-11-19,BRL,FX,0.2636170801633501
2024-11-20,BRL,FX,0.17082557564522854
2024-11-21,BRL,FX,0.32502753396660855
2024-11-22,BRL,FX,0.2744556486698354
2024-11-25,BRL,FX,0.16582732250783225
2024-11-26,BRL,FX,0.17617113958704989
2024-11-27,BRL,FX,0.21285648687776293
2024-11-28,BRL,FX,0.7540947314806076
2024-11-29,BRL,FX,1.0667918556192797
2024-12-02,BRL,FX,0.8015376291823906
2024-12-03,BRL,FX,1.1220343717359555
2024-12-04,BRL,FX,0.8238849857016575
2024-12-05,BRL,FX,0.7048152957273186
2024-12-06,BRL,FX,0.7673778961687588
2024-12-09,BRL,FX,0.8524875270066453
2024-12-10,BRL,FX,0.8834326945289331
2024-12-11,BRL,FX,0.9031776739732567
2024-12-12,BRL,FX,0.5114933835925316
2024-12-13,BRL,FX,0.8984268001107751
2024-12-16,BRL,FX,0.7185228462425599
2024-12-17,BRL,FX,0.9251255745683742
2024-12-18,BRL,FX,0.3661597325475403
2024-12-19,BRL,FX,0.7944503811026615
2024-12-20,BRL,FX,0.4913385857312519
2024-12-23,BRL,FX,0.8440929697202055
2024-12-24,BRL,FX,1.176538611599013
2024-12-26,BRL,FX,1.1179580769164799
2024-12-27,BRL,FX,1.095807911501043
2024-12-30,BRL,FX,0.8848155015498754
2025-01-02,BRL,FX,0.8637515749503824
2025-01-03,BRL,FX,0.8324732068056301
2025-01-06,BRL,FX,0.8587897274155118
2025-01-07,BRL,FX,0.8019995468284054
2025-01-08,BRL,FX,0.8545578033445713
2025-01-09,BRL,FX,0.836312487382517
2025-01-10,BRL,FX,0.6615494108109927
2025-01-13,BRL,FX,0.6554313339333924
2025-01-14,BRL,FX,0.8335993410537661
2025-01-15,BRL,FX,0.8242370554303982
2025-01-16,BRL,FX,0.6256729420934103
2025-01-17,BRL,FX,0.7215064837819263
2025-01-20,BRL,FX,0.7206490613644932
2025-01-21,BRL,FX,0.7010123093374965
2025-01-22,BRL,FX,0.6631140630440435
2025-01-23,BRL,FX,0.5135910581117021
2025-01-24,BRL,FX,0.49334257308394136
2025-01-27,BRL,FX,0.2737596635448676
2025-01-28,BRL,FX,0.07816778518724582
2025-01-29,BRL,FX,-0.06254305887245246
2025-01-30,BRL,FX,0.2813133503850654
2025-01-31,BRL,FX,-0.0691459144279373
2025-02-03,BRL,FX,-0.3195505247918817
2025-02-04,BRL,FX,-0.17942021832074523
2025-02-05,BRL,FX,-0.09320205871175041
2025-02-06,BRL,FX,-0.08292817564207527
2025-02-07,BRL,FX,-0.06928539711516406
2025-02-10,BRL,FX,0.016283539240167483
2025-02-11,BRL,FX,0.09621937128000667
2025-02-12,BRL,FX,0.1793812553253045
2025-02-13,BRL,FX,0.11629210892243093
2025-02-14,BRL,FX,5.244954220356246e-4
2025-02-17,BRL,FX,-0.14856093845878862
2025-02-18,BRL,FX,-0.031238938756420902
2025-02-19,BRL,FX,0.03161079915165621
2025-02-20,BRL,FX,-0.08347569469926841
2025-02-21,BRL,FX,-0.33812397116292214
2025-02-24,BRL,FX,-0.34486104334136924
2025-02-25,BRL,FX,-0.27613731612211656
2025-02-26,BRL,FX,-0.42961645739249643
2025-02-27,BRL,FX,-0.31182000065508164
2025-02-28,BRL,FX,-0.40018626823028663
2025-03-03,BRL,FX,-0.38259002733753317
2025-03-04,BRL,FX,-0.2754330067802255
2025-03-05,BRL,FX,0.018858744601191173
2025-03-06,BRL,FX,-0.33484107173148825
2025-03-07,BRL,FX,-0.12183944317505442
2025-03-10,BRL,FX,-0.2508597671545134
2025-03-11,BRL,FX,0.03460002246827768
2025-03-12,BRL,FX,0.2187853488877288
2025-03-13,BRL,FX,0.18854473311039976
2025-03-14,BRL,FX,0.22147563283084182
2025-03-17,BRL,FX,0.2301435852167846
2025-03-18,BRL,FX,0.11250080516320558
2025-03-19,BRL,FX,0.11479077944721959
2025-03-20,BRL,FX,-0.05675545551478414
2025-03-21,BRL,FX,0.11957626650416582
2025-03-24,BRL,FX,0.4280932872125558
2025-03-25,BRL,FX,0.42811104903809527
2025-03-26,BRL,FX,0.3939354738457474
2025-03-27,BRL,FX,0.4959047905241528
2025-03-28,BRL,FX,0.23874544743245413
2025-03-31,BRL,FX,0.187087234729694
2025-04-01,BRL,FX,-0.10075284503043475
2025-04-02,BRL,FX,-0.24561517948609876
2025-04-03,BRL,FX,-0.356932359174232
2025-04-04,BRL,FX,-0.8349144875116351
2025-04-07,BRL,FX,-0.451504514500755
2025-04-08,BRL,FX,-0.32976784882713067
2025-04-09,BRL,FX,0.6289856336254586
2025-04-10,BRL,FX,0.30348441714614843
2025-04-11,BRL,FX,0.7923545295005993
2025-04-14,BRL,FX,1.0527303476836956
2025-04-15,BRL,FX,1.1359921296303452
2025-04-16,BRL,FX,1.3513307474221634
2025-04-17,BRL,FX,1.543334335407505
2025-04-21,BRL,FX,1.3737624818437164
2025-04-22,BRL,FX,1.4228768726648557
2025-04-23,BRL,FX,0.9320065367576775
2025-04-24,BRL,FX,0.7423862155030962
2025-04-25,BRL,FX,0.5805243086234525
2025-04-28,BRL,FX,0.6268445427049854
2025-04-29,BRL,FX,0.41916442498274836
2025-04-30,BRL,FX,0.2586737905325726
2025-05-02,BRL,FX,0.5294025156255704
2025-05-05,BRL,FX,0.6346014974669356
2025-05-06,BRL,FX,0.6983134435816722
2025-05-07,BRL,FX,0.7094787506813222
2025-05-08,BRL,FX,0.9326200792830485
2025-05-09,BRL,FX,0.73961316134708
2025-05-12,BRL,FX,0.5469798319963294
2025-05-13,BRL,FX,0.46314589729267647
2025-05-14,BRL,FX,0.48303994396892963
2025-05-15,BRL,FX,0.46919959347084605
2025-05-16,BRL,FX,0.699473578917
2025-05-19,BRL,FX,0.6841417231857415
2025-05-20,BRL,FX,0.778729886459454
2025-05-22,BRL,FX,0.8138093813560364
2025-05-23,BRL,FX,0.9904344066509653
2025-05-26,BRL,FX,0.8620389147040087
2025-05-27,BRL,FX,0.826994881658142
2025-05-28,BRL,FX,0.8131054336538791
2025-05-29,BRL,FX,0.7410709359354762
2025-05-30,BRL,FX,0.8368173595399269
2025-06-02,BRL,FX,1.192030830302122
2025-06-03,BRL,FX,1.1067961472202745
2025-06-04,BRL,FX,0.8118257650345826
2025-06-05,BRL,FX,0.9537317711146622
2025-06-06,BRL,FX,0.9768278697126084
2025-06-09,BRL,FX,0.8599955051218758
2025-06-10,BRL,FX,0.8204107875167995
2025-06-11,BRL,FX,0.8706486993682097
2025-06-12,BRL,FX,0.8217633692282942
2025-06-13,BRL,FX,0.7905268703830565
2025-06-16,BRL,FX,0.8818026218254533
2025-06-17,BRL,FX,0.5409038116821866
2025-06-18,BRL,FX,0.5025820858278564
2025-06-19,BRL,FX,0.2503886284761286
2025-06-23,BRL,FX,0.32930513362947605
2025-06-24,BRL,FX,0.35196676135973354
2025-06-25,BRL,FX,0.5810758976666023
2025-06-26,BRL,FX,0.7571695306271052
2025-06-27,BRL,FX,0.48912007072714847
2025-06-30,BRL,FX,0.4643634262106602
2025-07-01,BRL,FX,0.4693014319918175
2025-07-02,BRL,FX,0.6027143455386929
2025-07-03,BRL,FX,0.5435479416426806
2025-07-04,BRL,FX,0.4632194023470956
2025-07-07,BRL,FX,0.5064403090088159
2025-07-08,BRL,FX,0.5894721969088647
2025-07-09,BRL,FX,0.5312899856158542
2025-07-10,BRL,FX,1.0418360739312214
2025-07-11,BRL,FX,0.9122432656481492
2025-07-14,BRL,FX,0.8187031875441417
2025-07-15,BRL,FX,0.9089507027842014
2025-07-17,BRL,FX,0.6992673332059394
2025-07-18,BRL,FX,0.6599829011320184
2025-07-21,BRL,FX,0.7969959963294093
2025-07-22,BRL,FX,0.8144671554481386
2025-07-23,BRL,FX,0.9149491539352537
2025-07-24,BRL,FX,0.8033086417297998
2025-07-25,BRL,FX,0.7473362592428255
2025-07-28,BRL,FX,0.8108666806780953
2025-07-29,BRL,FX,0.5504759415291383
2025-07-30,BRL,FX,0.5907605440318147
2025-07-31,BRL,FX,0.30983121955123794
2025-08-01,BRL,FX,-0.017015304344238768
2025-08-04,BRL,FX,0.05990228172613866
2025-08-05,BRL,FX,0.06287464381963145
2025-08-06,BRL,FX,0.17217711822051832
2025-08-07,BRL,FX,0.15928047819893448
2025-08-08,BRL,FX,0.18279660182449273
2025-08-11,BRL,FX,0.11735138722759689
2025-08-12,BRL,FX,0.14947511798082425
2025-08-13,BRL,FX,0.07998784309139727
2025-08-14,BRL,FX,0.06614679712919667
2025-08-18,BRL,FX,0.13802312577989626
2025-08-19,BRL,FX,0.14708146056627733
2025-08-20,BRL,FX,0.3048895741999933
2025-08-21,BRL,FX,0.3226247639227753
2025-08-22,BRL,FX,0.31250564277086634
2025-08-25,BRL,FX,0.31446469966133445
2025-08-26,BRL,FX,0.16622711875960414
2025-08-27,BRL,FX,0.12275976207862464
2025-08-28,BRL,FX,0.10992943503282912
2025-08-29,BRL,FX,0.1591096041903517
2025-09-01,BRL,FX,0.23709348164490984
2025-09-02,BRL,FX,0.26360597766923005
2025-09-03,BRL,FX,0.18151210529835876
2025-09-04,BRL,FX,0.0842673083222005
2025-09-05,BRL,FX,-0.006204506752579998
2025-09-08,BRL,FX,-0.039622122207478565
2025-09-09,BRL,FX,0.06075287198583599
2025-09-10,BRL,FX,0.025190213535994634
2025-09-11,BRL,FX,-0.03560169347901187
2025-09-12,BRL,FX,0.004319160713846469
2025-09-15,BRL,FX,-0.24660898691479707
2025-09-16,BRL,FX,-0.35750768067348476
2025-09-17,BRL,FX,-0.2322363629025514
2025-09-22,BRL,FX,-0.14686298485685748
2025-09-23,BRL,FX,-0.1879258312650424
2025-09-24,BRL,FX,-0.32612602605043095
2025-09-25,BRL,FX,-0.2716564356005812
2025-09-26,BRL,FX,-0.053490313556774055
2025-09-29,BRL,FX,-0.20221101696034366
2025-09-30,BRL,FX,-0.24218265985660595
2025-10-01,BRL,FX,-0.3165779775255105
2025-10-02,BRL,FX,-0.3992858015989732
2025-10-03,BRL,FX,-0.2749690950358681
2025-10-06,BRL,FX,-0.2735691855756299
2025-10-07,BRL,FX,-0.4506071690683487
2025-10-08,BRL,FX,-0.3233845488400594
2025-10-09,BRL,FX,-0.4892392989206641
2025-10-10,BRL,FX,-0.857477036394233
2025-10-13,BRL,FX,-0.34080415275629466
2025-10-14,BRL,FX,-0.44332474491034546
2025-10-15,BRL,FX,-0.3901854060939218
2025-10-16,BRL,FX,-0.671054624299
2025-10-17,BRL,FX,-0.5797173681436084
2025-10-20,BRL,FX,-0.5362486355130374
2025-10-21,BRL,FX,-0.873587184587398
2025-10-22,BRL,FX,-0.8848665151144695
2025-10-23,BRL,FX,-0.7065819872043226
2025-10-24,BRL,FX,-0.6763052487436622
2025-10-27,BRL,FX,-0.8633873246823965
2025-10-28,BRL,FX,-0.9588495647611284
2025-10-29,BRL,FX,-0.9445732635096366
2025-10-30,BRL,FX,-0.8232864526058611
2025-11-03,BRL,FX,-1.0398665345713431
2025-11-04,BRL,FX,-1.1991611814565895
2025-11-05,BRL,FX,-0.9917469262381883
2025-11-06,BRL,FX,-1.2589981346314933
2025-11-07,BRL,FX,-1.0534388975509001
2025-11-10,BRL,FX,-1.004612713138945
2025-11-11,BRL,FX,-1.0585189396368864
2025-11-12,BRL,FX,-1.118992428504974
2025-11-13,BRL,FX,-1.1148786724844209
2025-11-14,BRL,FX,-1.0160966759055379
2025-11-17,BRL,FX,-1.2324908377888386
2025-11-18,BRL,FX,-1.2366297401510777
2025-11-19,BRL,FX,-1.1673695027778812
2025-11-20,BRL,FX,-1.5200847815605558
2025-11-21,BRL,FX,-1.3562654830340897
2025-11-24,BRL,FX,-1.190024335756238
2025-11-25,BRL,FX,-1.1661558568848234
2025-11-26,BRL,FX,-0.913179473605322
2025-11-27,BRL,FX,-0.9607083835833098
2025-11-28,BRL,FX,-0.9132386216405942
2025-12-01,BRL,FX,-0.7135802929725933
2025-12-02,BRL,FX,-0.7805273851788688
2025-12-03,BRL,FX,-0.8422903458677515
2025-12-04,BRL,FX,-0.7987676546008675
2025-12-05,BRL,FX,-0.7008513460733103
2025-12-09,BRL,FX,-0.29071747483159077
2025-12-10,BRL,FX,-0.24501206595585517
2025-12-11,BRL,FX,-0.027303986850453578
2025-12-12,BRL,FX,-0.12344835996280684
2025-12-15,BRL,FX,-0.2240354270268009
2025-12-16,BRL,FX,-0.163288361531065
2025-12-17,BRL,FX,0.0485211893777264
2025-12-18,BRL,FX,0.14282656687922374
2025-12-19,BRL,FX,0.2689033696466228
2025-12-22,BRL,FX,0.4768455653315517
2025-12-23,BRL,FX,0.7362942977706386
2025-12-24,BRL,FX,0.5465163288334091
2025-12-26,BRL,FX,0.5910864966344063
2025-12-29,BRL,FX,0.4761865507418587
2025-12-30,BRL,FX,0.30867996135023673
2026-01-02,BRL,FX,0.05762265100886405
2026-01-05,BRL,FX,-0.04331729960081753
2026-01-06,BRL,FX,-0.031553775938277406
2026-01-07,BRL,FX,-0.22212760057673214
2026-01-08,BRL,FX,-0.2554121970180811
2026-01-09,BRL,FX,-0.18426120657506417
2026-01-12,BRL,FX,-0.12930700835530096
2026-01-13,BRL,FX,-0.1890773793564371
2026-01-14,BRL,FX,-0.2901360459193764
2026-01-15,BRL,FX,-0.18658202477882796
2026-01-16,BRL,FX,-0.12322738728458603
2026-01-19,BRL,FX,-0.24588811685287257
2026-01-20,BRL,FX,0.02191419383235242
2026-01-21,BRL,FX,0.04666400199673762
2026-01-22,BRL,FX,0.04668926143256287
2026-01-23,BRL,FX,-0.027983314841276842
2026-01-26,BRL,FX,0.12209680684195712
2026-01-27,BRL,FX,0.18526899544239794
2026-01-28,BRL,FX,0.06181906617138247
2026-01-29,BRL,FX,0.028843606095311086
2026-01-30,BRL,FX,-0.2333202426547428
2026-02-02,BRL,FX,-0.25200161041887514
2026-02-03,BRL,FX,-0.2985024325061933
2026-02-04,BRL,FX,-0.23806258070367212
2026-02-05,BRL,FX,-0.6484147051488302
2026-02-06,BRL,FX,-0.39549925834302874
2026-02-09,BRL,FX,-0.28802375909482525
2026-02-10,BRL,FX,-0.30236591216859066
2026-02-11,BRL,FX,-0.2023612511893085
2026-02-12,BRL,FX,-0.6858380476469543
2026-02-13,BRL,FX,-0.5056535340057092
2026-02-16,BRL,FX,-0.5520692786512396
2026-02-17,BRL,FX,-0.5776162229632957
2026-02-18,BRL,FX,-0.4134648320658833
2026-02-19,BRL,FX,-0.5371769969911724
2026-02-20,BRL,FX,-0.4708881829840282
2026-02-23,BRL,FX,-0.6478562420557479
2026-02-24,BRL,FX,-0.7018940208570333
2026-02-25,BRL,FX,-0.7380494756421644
2026-02-26,BRL,FX,-0.7892396662935104
2026-02-27,BRL,FX,-0.7714683816807034
2026-03-02,BRL,FX,-0.6887701811837172
2026-03-03,BRL,FX,-0.8905629685992211
2026-03-04,BRL,FX,-0.7875120709058745
2026-03-05,BRL,FX,-0.8413679832088871
2026-03-06,BRL,FX,-0.9837968419295604
2026-03-09,BRL,FX,-1.005148010470883
2026-03-10,BRL,FX,-1.021694938125891
2026-03-11,BRL,FX,-1.0481036730109483
2026-03-12,BRL,FX,-1.142302989742143
2026-03-13,BRL,FX,-0.991134777218682
2026-03-16,BRL,FX,-0.8522148058360851
2026-03-17,BRL,FX,-0.9622320334714003
2026-03-18,BRL,FX,-1.1380721069377946
2026-03-19,BRL,FX,-1.0382440397323778
2026-03-20,BRL,FX,-1.057543002889372
2026-03-23,BRL,FX,-1.106914039948362
2026-03-24,BRL,FX,-1.082328457653536
2026-03-25,BRL,FX,-1.0839504735743333
2026-03-26,BRL,FX,-1.0881078639912574
2026-03-27,BRL,FX,-1.0705159345979798
2026-03-30,BRL,FX,-1.2309936141405582
2026-03-31,BRL,FX,-1.1072548348273143
2026-04-01,BRL,FX,-1.1137972514313037
2026-04-02,BRL,FX,-1.0281005772793401
2026-04-06,BRL,FX,-1.1708533111603567
2026-04-07,BRL,FX,-1.276062589080516
2026-04-08,BRL,FX,-1.1524274975045654
2026-04-09,BRL,FX,-1.064297737022903
2026-04-10,BRL,FX,-1.1092246266784749
2026-04-13,BRL,FX,-1.329094531287293
2026-04-14,BRL,FX,-1.4399231560318884
2026-04-15,BRL,FX,-1.4911981318829155
2026-04-16,BRL,FX,-1.423399690737115
2026-04-17,BRL,FX,-1.603175245264259
2026-04-20,BRL,FX,-1.6947920015988567
2026-04-21,BRL,FX,-1.811111361203716
2026-04-22,BRL,FX,-1.7901337052714743
2026-04-23,BRL,FX,-1.8335022327000026
2026-04-24,BRL,FX,-1.742432220101959
2026-04-27,BRL,FX,-1.7412349506689582
2026-04-28,BRL,FX,-1.729519613310059
2026-04-29,BRL,FX,-1.7142237993979013
2026-04-30,BRL,FX,-1.6760923243453378
2026-05-04,BRL,FX,-1.8154963684426142
2026-05-05,BRL,FX,-1.9042024820762262
2026-05-06,BRL,FX,-1.9989472529031604
2026-05-07,BRL,FX,-1.8930007657690215
2026-05-08,BRL,FX,-2.0278796022696253
2026-05-11,BRL,FX,-1.9995701482438706
2026-05-12,BRL,FX,-1.9202624368595493
2026-05-13,BRL,FX,-1.9825609014834
2026-05-14,BRL,FX,-1.7066923643275016
2026-05-15,BRL,FX,-1.693687049535314
2026-05-18,BRL,FX,-1.5910722131754143
2026-05-19,BRL,FX,-1.6482504773327016
2026-05-20,BRL,FX,-1.810100206088507
2026-05-22,BRL,FX,-1.8832531356375963
2026-05-25,BRL,FX,-1.8963180366061057
2026-05-26,BRL,FX,-1.9386981391530453
2026-05-27,BRL,FX,-1.9384695486825025
2026-05-28,BRL,FX,-1.8832429381081555
2026-05-29,BRL,FX,-1.9045607509426647
2026-06-01,BRL,FX,-2.059358744092017
2022-01-03,CLP,FX,1.3240393647398394
2022-01-04,CLP,FX,1.5063917600286048
2022-01-05,CLP,FX,1.5134507066537664
2022-01-06,CLP,FX,1.108363290567569
2022-01-07,CLP,FX,1.2307281131815582
2022-01-10,CLP,FX,1.0277084307104642
2022-01-11,CLP,FX,0.9626518209914913
2022-01-12,CLP,FX,1.115368129703277
2022-01-13,CLP,FX,0.8946257562776269
2022-01-14,CLP,FX,0.8915738067804745
2022-01-17,CLP,FX,0.604647234078228
2022-01-18,CLP,FX,0.7443954419465189
2022-01-19,CLP,FX,0.6793377652552038
2022-01-20,CLP,FX,0.4144821514724141
2022-01-21,CLP,FX,0.13672136052253178
2022-01-24,CLP,FX,-0.12958593347727404
2022-01-25,CLP,FX,-0.19426813175789695
2022-01-26,CLP,FX,-0.027065213823376295
2022-01-27,CLP,FX,-0.281321579913407
2022-01-28,CLP,FX,-0.3822053435241789
2022-01-31,CLP,FX,-0.03680402406176961
2022-02-01,CLP,FX,0.04976948544487331
2022-02-02,CLP,FX,-0.01814393840494434
2022-02-03,CLP,FX,0.19650334685298976
2022-02-04,CLP,FX,0.6498032411966903
2022-02-07,CLP,FX,0.9826449369704798
2022-02-08,CLP,FX,1.0710542383660877
2022-02-09,CLP,FX,1.0203232756595129
2022-02-10,CLP,FX,0.756404554129926
2022-02-11,CLP,FX,0.07604628199708373
2022-02-14,CLP,FX,-0.0356289826637919
2022-02-15,CLP,FX,0.23549154168391984
2022-02-16,CLP,FX,0.11435511373646907
2022-02-17,CLP,FX,-0.058166161901794224
2022-02-18,CLP,FX,0.04478091529041906
2022-02-21,CLP,FX,-0.20412624217252323
2022-02-22,CLP,FX,-0.07101463344712079
2022-02-23,CLP,FX,-0.05150754003630369
2022-02-24,CLP,FX,-0.9147671256493131
2022-02-25,CLP,FX,-0.06977427464984924
2022-02-28,CLP,FX,-0.5799701062743279
2022-03-01,CLP,FX,-1.0874620877514223
2022-03-02,CLP,FX,-1.0490851226116016
2022-03-03,CLP,FX,-0.7433963272981869
2022-03-04,CLP,FX,-1.3018008198825117
2022-03-07,CLP,FX,-1.3492872376464728
2022-03-08,CLP,FX,-1.330154187603939
2022-03-09,CLP,FX,-1.0647624194297094
2022-03-10,CLP,FX,-0.9665611342392252
2022-03-11,CLP,FX,-0.9119850415408998
2022-03-14,CLP,FX,-0.9215103270693943
2022-03-15,CLP,FX,-0.8816841413919022
2022-03-16,CLP,FX,-0.5105432429989307
2022-03-17,CLP,FX,-0.9402343213549226
2022-03-18,CLP,FX,-1.1131175384461556
2022-03-21,CLP,FX,-0.9332734659869114
2022-03-22,CLP,FX,-1.0695456075556435
2022-03-23,CLP,FX,-1.3409207120310354
2022-03-24,CLP,FX,-1.272430581671532
2022-03-25,CLP,FX,-1.2794812334610255
2022-03-28,CLP,FX,-1.4161419890681597
2022-03-29,CLP,FX,-1.6488315627580565
2022-03-30,CLP,FX,-1.5339150024457109
2022-03-31,CLP,FX,-1.1321385397963406
2022-04-01,CLP,FX,-0.9453970812525354
2022-04-04,CLP,FX,-1.2249677086173396
2022-04-05,CLP,FX,-1.3278836445488162
2022-04-06,CLP,FX,-1.0500461423657717
2022-04-07,CLP,FX,-0.6867392033138251
2022-04-08,CLP,FX,-0.1897271095572549
2022-04-11,CLP,FX,-0.09168917784981989
2022-04-12,CLP,FX,-1.2102737131036289e-4
2022-04-13,CLP,FX,-0.4793971721968455
2022-04-14,CLP,FX,-0.308632782674942
2022-04-18,CLP,FX,0.009999621948524572
2022-04-19,CLP,FX,0.04063546898899418
2022-04-20,CLP,FX,0.12674746011887628
2022-04-21,CLP,FX,-0.07477279768882186
2022-04-22,CLP,FX,-0.3859953836030507
2022-04-25,CLP,FX,-0.030145166324240986
2022-04-26,CLP,FX,-0.07398502982386575
2022-04-27,CLP,FX,-0.13161461980566153
2022-04-28,CLP,FX,-0.14339237870926194
2022-04-29,CLP,FX,0.18203778874722773
2022-05-02,CLP,FX,0.03337892502145889
2022-05-03,CLP,FX,0.6414246475167295
2022-05-04,CLP,FX,0.5007827330525275
2022-05-05,CLP,FX,0.5902905814333964
2022-05-06,CLP,FX,0.7295634669061013
2022-05-09,CLP,FX,0.604308004654907
2022-05-10,CLP,FX,0.9958345078111316
2022-05-11,CLP,FX,1.1608113838992473
2022-05-12,CLP,FX,0.7908654759699433
2022-05-13,CLP,FX,0.9665628321530667
2022-05-16,CLP,FX,0.8149488689590684
2022-05-17,CLP,FX,0.9693515298311994
2022-05-18,CLP,FX,0.7685347492083295
2022-05-19,CLP,FX,0.8602648444519205
2022-05-20,CLP,FX,0.7399009956672101
2022-05-23,CLP,FX,0.6481741929806951
2022-05-24,CLP,FX,0.4673947191073458
2022-05-25,CLP,FX,0.5652413678555724
2022-05-26,CLP,FX,0.44769890645269844
2022-05-27,CLP,FX,0.23403212706731075
2022-05-30,CLP,FX,0.10445666642659444
2022-05-31,CLP,FX,0.3832214329170872
2022-06-01,CLP,FX,0.4375692129507505
2022-06-02,CLP,FX,0.26934315521108104
2022-06-03,CLP,FX,0.18103721363732989
2022-06-06,CLP,FX,0.09373921614007538
2022-06-07,CLP,FX,0.07846138824459077
2022-06-08,CLP,FX,0.5729940391967454
2022-06-09,CLP,FX,0.30617736422028136
2022-06-10,CLP,FX,0.6214923454487915
2022-06-13,CLP,FX,0.629881870745804
2022-06-14,CLP,FX,1.4347490729160117
2022-06-15,CLP,FX,1.4708137490736604
2022-06-16,CLP,FX,1.3362179609315037
2022-06-17,CLP,FX,1.752694107193169
2022-06-20,CLP,FX,1.8218960100427342
2022-06-22,CLP,FX,1.8586819660073182
2022-06-23,CLP,FX,1.913048358574839
2022-06-24,CLP,FX,2.128430225199579
2022-06-28,CLP,FX,2.5108825308683187
2022-06-29,CLP,FX,2.2040060600252307
2022-06-30,CLP,FX,2.6116992345317143
2022-07-01,CLP,FX,2.8650282765124544
2022-07-04,CLP,FX,2.83025844585838
2022-07-05,CLP,FX,2.3366506412128607
2022-07-06,CLP,FX,2.8349083555314163
2022-07-07,CLP,FX,3.2240762722885266
2022-07-08,CLP,FX,2.903933592629391
2022-07-11,CLP,FX,2.9840385344678033
2022-07-12,CLP,FX,3.598389022340369
2022-07-13,CLP,FX,4.050694604356916
2022-07-14,CLP,FX,3.8822388813284308
2022-07-15,CLP,FX,4.646296525408109
2022-07-18,CLP,FX,3.202221460589487
2022-07-19,CLP,FX,1.8157794352775671
2022-07-20,CLP,FX,1.506780984180734
2022-07-21,CLP,FX,1.0708796336419009
2022-07-22,CLP,FX,1.4158131761679333
2022-07-25,CLP,FX,1.4790183113155333
2022-07-26,CLP,FX,1.77255637435999
2022-07-27,CLP,FX,1.0070599158920646
2022-07-28,CLP,FX,0.9377811003979746
2022-07-29,CLP,FX,0.6372269971645252
2022-08-01,CLP,FX,0.4317788925755234
2022-08-02,CLP,FX,0.018665874983853647
2022-08-03,CLP,FX,0.006613054329856217
2022-08-04,CLP,FX,0.4253073966158638
2022-08-05,CLP,FX,0.5038579411662534
2022-08-08,CLP,FX,0.6618955737624453
2022-08-09,CLP,FX,0.5589796450039743
2022-08-10,CLP,FX,0.3651216061971874
2022-08-11,CLP,FX,0.2694266555167645
2022-08-12,CLP,FX,-0.03718913205157168
2022-08-16,CLP,FX,-0.12919515756996308
2022-08-17,CLP,FX,-0.12197577703626983
2022-08-18,CLP,FX,0.2010478628005664
2022-08-19,CLP,FX,0.7005652449911941
2022-08-22,CLP,FX,1.3896162176157492
2022-08-23,CLP,FX,1.2831614719746818
2022-08-24,CLP,FX,0.8378750367294326
2022-08-25,CLP,FX,0.5996109219378981
2022-08-26,CLP,FX,0.36707965404486814
2022-08-29,CLP,FX,-0.06352337862787329
2022-08-30,CLP,FX,-0.10071393229432556
2022-08-31,CLP,FX,-0.2937296196670696
2022-09-01,CLP,FX,0.13453171637936093
2022-09-02,CLP,FX,0.15183300398734292
2022-09-05,CLP,FX,-0.34396959500524427
2022-09-06,CLP,FX,-0.8220069534041814
2022-09-07,CLP,FX,-0.17053788956397925
2022-09-08,CLP,FX,-0.06656244852292398
2022-09-09,CLP,FX,-0.26128260298003664
2022-09-12,CLP,FX,-0.14191329722076412
2022-09-13,CLP,FX,0.44141332296351377
2022-09-14,CLP,FX,0.5560446573188306
2022-09-15,CLP,FX,0.8591081697192119
2022-09-20,CLP,FX,0.9434837508752372
2022-09-21,CLP,FX,1.063900481998956
2022-09-22,CLP,FX,1.5580002280971803
2022-09-23,CLP,FX,1.5129473165173561
2022-09-26,CLP,FX,1.9832964995949791
2022-09-27,CLP,FX,2.4963822248577263
2022-09-28,CLP,FX,1.9413347176738505
2022-09-29,CLP,FX,1.9487553487821871
2022-09-30,CLP,FX,2.062368595233033
2022-10-03,CLP,FX,1.6293382514554398
2022-10-04,CLP,FX,1.3626463132638986
2022-10-05,CLP,FX,0.7481873345275307
2022-10-06,CLP,FX,0.9814099286974817
2022-10-07,CLP,FX,1.088406957241407
2022-10-11,CLP,FX,1.0234969415524526
2022-10-12,CLP,FX,0.7428446120040025
2022-10-13,CLP,FX,0.6315166251310796
2022-10-14,CLP,FX,1.3116552479266397
2022-10-17,CLP,FX,1.2376616594901781
2022-10-18,CLP,FX,1.8020080674765548
2022-10-19,CLP,FX,1.7806085479208527
2022-10-20,CLP,FX,2.033206885140741
2022-10-21,CLP,FX,1.5840360450417337
2022-10-24,CLP,FX,1.696555178093404
2022-10-25,CLP,FX,1.6651330121037538
2022-10-26,CLP,FX,1.679211318237452
2022-10-27,CLP,FX,1.1414625606539484
2022-10-28,CLP,FX,0.843639014143715
2022-11-02,CLP,FX,1.0366960172637336
2022-11-03,CLP,FX,1.0462970775682445
2022-11-04,CLP,FX,1.5630152658361733
2022-11-07,CLP,FX,1.1790014263556472
2022-11-08,CLP,FX,0.8685323761868391
2022-11-09,CLP,FX,0.6205585730029284
2022-11-10,CLP,FX,0.013798941991615738
2022-11-11,CLP,FX,0.11557313837554997
2022-11-14,CLP,FX,0.062322674179761284
2022-11-15,CLP,FX,0.39521094976463983
2022-11-16,CLP,FX,0.12883192457887263
2022-11-17,CLP,FX,0.3081587809935814
2022-11-18,CLP,FX,1.178711551113275
2022-11-21,CLP,FX,1.3075667980398415
2022-11-22,CLP,FX,1.7436086706012766
2022-11-23,CLP,FX,1.4523182687095095
2022-11-24,CLP,FX,1.336001254658065
2022-11-25,CLP,FX,0.9648251349090653
2022-11-28,CLP,FX,0.9772976236472033
2022-11-29,CLP,FX,1.194815444185649
2022-11-30,CLP,FX,0.7648712336833031
2022-12-01,CLP,FX,0.40324781184129305
2022-12-02,CLP,FX,0.4103845677060581
2022-12-05,CLP,FX,0.47555693752678496
2022-12-06,CLP,FX,0.5969812048689797
2022-12-07,CLP,FX,0.495600260908322
2022-12-09,CLP,FX,0.5066729592152309
2022-12-12,CLP,FX,-0.3452497947917188
2022-12-13,CLP,FX,-0.4252388486846675
2022-12-14,CLP,FX,-0.25121871490307685
2022-12-15,CLP,FX,-0.05688120564364211
2022-12-16,CLP,FX,0.44951243191631085
2022-12-19,CLP,FX,0.7927824462571273
2022-12-20,CLP,FX,0.9607522283361869
2022-12-21,CLP,FX,1.012218335436594
2022-12-22,CLP,FX,0.7565790148965899
2022-12-23,CLP,FX,0.47551533516377475
2022-12-26,CLP,FX,0.7569491526110509
2022-12-27,CLP,FX,1.0208937667767974
2022-12-28,CLP,FX,1.0128418317596526
2022-12-29,CLP,FX,0.2547625020190684
2022-12-30,CLP,FX,0.39685483148218553
2023-01-03,CLP,FX,0.21209092836173998
2023-01-04,CLP,FX,0.3154894789408297
2023-01-05,CLP,FX,0.5336634333908742
2023-01-06,CLP,FX,0.3220326743673081
2023-01-09,CLP,FX,0.24026888847717526
2023-01-10,CLP,FX,0.1506978338063806
2023-01-11,CLP,FX,-0.1311362320587287
2023-01-12,CLP,FX,-0.16684698704989162
2023-01-13,CLP,FX,-0.06925156104228172
2023-01-16,CLP,FX,0.008390861777986189
2023-01-17,CLP,FX,-0.035328331958486114
2023-01-18,CLP,FX,-0.09685468713378838
2023-01-19,CLP,FX,-0.32602008152618667
2023-01-20,CLP,FX,0.16925134676591547
2023-01-23,CLP,FX,-0.10570313522256829
2023-01-24,CLP,FX,-0.239100500532057
2023-01-25,CLP,FX,-0.42497514900814604
2023-01-26,CLP,FX,-0.552056192516754
2023-01-27,CLP,FX,-0.5922458166105448
2023-01-30,CLP,FX,-0.4354938164901017
2023-01-31,CLP,FX,-0.44487699296202027
2023-02-01,CLP,FX,-0.4860348098076098
2023-02-02,CLP,FX,-1.1326243538026863
2023-02-03,CLP,FX,-1.3486278719078242
2023-02-06,CLP,FX,-1.4547365528799237
2023-02-07,CLP,FX,-1.157693486715229
2023-02-08,CLP,FX,-1.3696727059484486
2023-02-09,CLP,FX,-1.4692202326549513
2023-02-10,CLP,FX,-1.420101391396222
2023-02-13,CLP,FX,-1.3788262184036868
2023-02-14,CLP,FX,-1.437616209884071
2023-02-15,CLP,FX,-1.6556714841870828
2023-02-16,CLP,FX,-1.6144983163051172
2023-02-17,CLP,FX,-1.6762919011492665
2023-02-20,CLP,FX,-1.5692510996742468
2023-02-21,CLP,FX,-1.590979316913076
2023-02-22,CLP,FX,-1.3502673645378094
2023-02-23,CLP,FX,-1.3052060675519999
2023-02-24,CLP,FX,-1.2803015939237834
2023-02-27,CLP,FX,-0.9060283847046603
2023-02-28,CLP,FX,-0.5129182346494103
2023-03-01,CLP,FX,-0.28679810346415086
2023-03-02,CLP,FX,-0.7085280418183655
2023-03-03,CLP,FX,-0.7577627083892148
2023-03-06,CLP,FX,-0.9809515781676389
2023-03-07,CLP,FX,-1.1709078800569503
2023-03-08,CLP,FX,-1.4152993835939762
2023-03-09,CLP,FX,-1.5003098953280374
2023-03-10,CLP,FX,-1.8316182701889583
2023-03-13,CLP,FX,-1.9945610448931792
2023-03-14,CLP,FX,-1.5396286082074107
2023-03-15,CLP,FX,-1.95970953571252
2023-03-16,CLP,FX,-1.378647158053238
2023-03-17,CLP,FX,-1.3283497623778826
2023-03-20,CLP,FX,-1.0109319372610408
2023-03-21,CLP,FX,-0.8724945251007947
2023-03-22,CLP,FX,-1.0261318621534465
2023-03-23,CLP,FX,-1.0170971018971542
2023-03-24,CLP,FX,-1.4874695107453821
2023-03-27,CLP,FX,-1.055697945008687
2023-03-28,CLP,FX,-1.067687215809085
2023-03-29,CLP,FX,-1.3024312526116528
2023-03-30,CLP,FX,-1.5422966330678909
2023-03-31,CLP,FX,-1.788907837760909
2023-04-03,CLP,FX,-1.8030686802085834
2023-04-04,CLP,FX,-1.4596306566869148
2023-04-05,CLP,FX,-1.1089418995555511
2023-04-06,CLP,FX,-1.2088992453824092
2023-04-10,CLP,FX,-0.9948488550924101
2023-04-11,CLP,FX,-0.8129277877747878
2023-04-12,CLP,FX,-1.1081081228420249
2023-04-13,CLP,FX,-1.2395004277361381
2023-04-14,CLP,FX,-1.2348673986924752
2023-04-17,CLP,FX,-1.0571541536533708
2023-04-18,CLP,FX,-0.9187901673128311
2023-04-19,CLP,FX,-1.175618847465344
2023-04-20,CLP,FX,-1.1044773905055707
2023-04-21,CLP,FX,-1.300528641724945
2023-04-24,CLP,FX,-1.28878619117946
2023-04-25,CLP,FX,-0.7849634377460066
2023-04-26,CLP,FX,-0.777867311510633
2023-04-27,CLP,FX,-1.0367900265422711
2023-04-28,CLP,FX,-1.1494141815677266
2023-05-02,CLP,FX,-1.0461112209826244
2023-05-03,CLP,FX,-0.7817419623051879
2023-05-04,CLP,FX,-0.9364148865285641
2023-05-05,CLP,FX,-1.0375668731459309
2023-05-08,CLP,FX,-1.070119950253868
2023-05-09,CLP,FX,-1.230685170813346
2023-05-10,CLP,FX,-1.277997960546639
2023-05-11,CLP,FX,-1.4039043837900704
2023-05-12,CLP,FX,-1.2001485660389486
2023-05-15,CLP,FX,-1.578516361468839
2023-05-16,CLP,FX,-1.7227644198047483
2023-05-17,CLP,FX,-1.4604126601922942
2023-05-18,CLP,FX,-1.3981636872699932
2023-05-19,CLP,FX,-1.4101494694387584
2023-05-22,CLP,FX,-1.4634830630838944
2023-05-23,CLP,FX,-1.5258089530336685
2023-05-24,CLP,FX,-1.680739167141546
2023-05-25,CLP,FX,-1.4166837040634759
2023-05-26,CLP,FX,-1.511398672095198
2023-05-29,CLP,FX,-1.557278797999973
2023-05-30,CLP,FX,-1.5350241418106594
2023-05-31,CLP,FX,-1.5986433651684497
2023-06-01,CLP,FX,-1.19879164303011
2023-06-02,CLP,FX,-1.1898768695935735
2023-06-05,CLP,FX,-1.4869227249523183
2023-06-06,CLP,FX,-1.4277692007277496
2023-06-07,CLP,FX,-1.2296481692768775
2023-06-08,CLP,FX,-1.3757673556817684
2023-06-09,CLP,FX,-1.4046192552154277
2023-06-12,CLP,FX,-1.677605947009671
2023-06-13,CLP,FX,-1.0287904870199653
2023-06-14,CLP,FX,-1.0181588135183453
2023-06-15,CLP,FX,-1.3292686277430952
2023-06-16,CLP,FX,-1.0639987099222918
2023-06-19,CLP,FX,-1.329671091967957
2023-06-20,CLP,FX,-1.2451324268257133
2023-06-22,CLP,FX,-0.819860505206502
2023-06-23,CLP,FX,-0.8649577113536221
2023-06-27,CLP,FX,-0.7732431014409441
2023-06-28,CLP,FX,-1.2177459878350496
2023-06-29,CLP,FX,-1.17452136943379
2023-06-30,CLP,FX,-1.3230779458194433
2023-07-03,CLP,FX,-1.2521994791167081
2023-07-04,CLP,FX,-1.268094283728176
2023-07-05,CLP,FX,-1.446171509528783
2023-07-06,CLP,FX,-1.480052021694844
2023-07-07,CLP,FX,-1.3008444400884356
2023-07-10,CLP,FX,-1.1791892241715491
2023-07-11,CLP,FX,-0.9232755756042992
2023-07-12,CLP,FX,-0.7159095729041043
2023-07-13,CLP,FX,-0.871224828908823
2023-07-14,CLP,FX,-0.7134250230915611
2023-07-17,CLP,FX,-0.5726889770718246
2023-07-18,CLP,FX,-0.39937224401923604
2023-07-19,CLP,FX,-0.7636182995909734
2023-07-20,CLP,FX,-0.756326629105877
2023-07-21,CLP,FX,-0.9798127383040104
2023-07-24,CLP,FX,-0.5710762054383592
2023-07-25,CLP,FX,-0.3316443133274802
2023-07-26,CLP,FX,-0.14436570521990072
2023-07-27,CLP,FX,-0.20870993841932223
2023-07-28,CLP,FX,-0.1971473239024898
2023-07-31,CLP,FX,-0.20286907907170285
2023-08-01,CLP,FX,0.16237100981597416
2023-08-02,CLP,FX,0.18229375195710146
2023-08-03,CLP,FX,0.20074207165299154
2023-08-04,CLP,FX,0.11481789336497411
2023-08-07,CLP,FX,0.24759703694933802
2023-08-08,CLP,FX,0.30200683065977646
2023-08-09,CLP,FX,0.4802401253937653
2023-08-10,CLP,FX,0.4620253971923
2023-08-11,CLP,FX,0.31508266286842157
2023-08-14,CLP,FX,0.18913474127223467
2023-08-16,CLP,FX,0.26761284680164926
2023-08-17,CLP,FX,0.21043565224482993
2023-08-18,CLP,FX,0.30803235252889677
2023-08-21,CLP,FX,0.35424604848749874
2023-08-22,CLP,FX,0.47165598518529184
2023-08-23,CLP,FX,0.24300910527335892
2023-08-24,CLP,FX,0.1814074193593732
2023-08-25,CLP,FX,0.07133591483258582
2023-08-28,CLP,FX,-0.3027298230500236
2023-08-29,CLP,FX,-0.2193423561227532
2023-08-30,CLP,FX,0.1319978897881351
2023-08-31,CLP,FX,0.009504619661563915
2023-09-01,CLP,FX,0.04112601746492987
2023-09-04,CLP,FX,-0.20647561326967648
2023-09-05,CLP,FX,-0.19894337752919236
2023-09-06,CLP,FX,0.17709314908100948
2023-09-07,CLP,FX,0.25798794342660825
2023-09-08,CLP,FX,0.450413126932635
2023-09-11,CLP,FX,0.7948563444552217
2023-09-12,CLP,FX,0.6682968201553882
2023-09-13,CLP,FX,1.0798530264917565
2023-09-14,CLP,FX,0.9581309955678651
2023-09-15,CLP,FX,0.7562872088042992
2023-09-20,CLP,FX,0.700380152686603
2023-09-21,CLP,FX,0.23688667087096046
2023-09-22,CLP,FX,0.6238071268424262
2023-09-25,CLP,FX,0.46899050649685214
2023-09-26,CLP,FX,0.5381380710705675
2023-09-27,CLP,FX,0.5844586820532202
2023-09-28,CLP,FX,0.626955215912107
2023-09-29,CLP,FX,0.7593374363122353
2023-10-02,CLP,FX,0.3786660544982875
2023-10-03,CLP,FX,0.4259516435991059
2023-10-04,CLP,FX,0.766832410217499
2023-10-05,CLP,FX,0.7595227161388564
2023-10-06,CLP,FX,0.8653398520107785
2023-10-10,CLP,FX,0.684416845008951
2023-10-11,CLP,FX,1.1211834509049459
2023-10-12,CLP,FX,1.1522962822483223
2023-10-13,CLP,FX,0.8670582355577073
2023-10-16,CLP,FX,1.2246335987555397
2023-10-17,CLP,FX,1.2771428117810049
2023-10-18,CLP,FX,1.2873290448380703
2023-10-19,CLP,FX,0.735049972987848
2023-10-20,CLP,FX,0.8529047006102429
2023-10-23,CLP,FX,0.9589707147123306
2023-10-24,CLP,FX,1.027509626679242
2023-10-25,CLP,FX,0.7609482282515005
2023-10-26,CLP,FX,0.6234161230858171
2023-10-30,CLP,FX,0.9186946185109138
2023-10-31,CLP,FX,0.5663815531908922
2023-11-02,CLP,FX,0.22394824681986697
2023-11-03,CLP,FX,0.09241400378744259
2023-11-06,CLP,FX,-0.002116450013761651
2023-11-07,CLP,FX,-0.12553245798271465
2023-11-08,CLP,FX,0.11630965134012679
2023-11-09,CLP,FX,0.41935087612624994
2023-11-10,CLP,FX,0.4919579575371226
2023-11-13,CLP,FX,0.8077811536858034
2023-11-14,CLP,FX,0.7884685136906855
2023-11-15,CLP,FX,0.7747735449845522
2023-11-16,CLP,FX,0.27944945999525533
2023-11-17,CLP,FX,0.07788954621598734
2023-11-20,CLP,FX,0.16919065681367343
2023-11-21,CLP,FX,0.1287516654281474
2023-11-22,CLP,FX,0.02834744936813476
2023-11-23,CLP,FX,0.12818655668491055
2023-11-24,CLP,FX,0.10595297419600436
2023-11-27,CLP,FX,0.20113453264963085
2023-11-28,CLP,FX,0.06501627292315974
2023-11-29,CLP,FX,-0.11019062396194343
2023-11-30,CLP,FX,-0.06329403417523488
2023-12-01,CLP,FX,-0.06018451407778847
2023-12-04,CLP,FX,-0.19965009483231014
2023-12-05,CLP,FX,-0.37171427942123897
2023-12-06,CLP,FX,0.02677606580326416
2023-12-07,CLP,FX,-0.09138010714606924
2023-12-11,CLP,FX,-0.32364314711695785
2023-12-12,CLP,FX,0.2519971933611966
2023-12-13,CLP,FX,-0.1181265075672573
2023-12-14,CLP,FX,-0.23541858460024465
2023-12-15,CLP,FX,-0.5363306250961621
2023-12-18,CLP,FX,-0.4379281702373598
2023-12-19,CLP,FX,-0.37252859751817363
2023-12-20,CLP,FX,-0.9273136182796434
2023-12-21,CLP,FX,-0.7026864230682499
2023-12-22,CLP,FX,-0.4089659364383443
2023-12-26,CLP,FX,-0.19669758027132497
2023-12-27,CLP,FX,0.23808153033365687
2023-12-28,CLP,FX,0.22682970869721622
2023-12-29,CLP,FX,0.24059019729421077
2024-01-02,CLP,FX,-0.10036226293167635
2024-01-03,CLP,FX,-0.18724823786571831
2024-01-04,CLP,FX,0.0018670418672322368
2024-01-05,CLP,FX,0.008809164447084948
2024-01-08,CLP,FX,0.18771118113813978
2024-01-09,CLP,FX,0.4338129625111638
2024-01-10,CLP,FX,0.7430894595720058
2024-01-11,CLP,FX,0.8821769313008031
2024-01-12,CLP,FX,0.5660934514018509
2024-01-15,CLP,FX,0.39627353239005964
2024-01-16,CLP,FX,0.4019505826431044
2024-01-17,CLP,FX,0.4546180719833252
2024-01-18,CLP,FX,0.6378324390661754
2024-01-19,CLP,FX,0.4064286716077556
2024-01-22,CLP,FX,0.08363115234913975
2024-01-23,CLP,FX,0.030359649405458107
2024-01-24,CLP,FX,0.12075691653919145
2024-01-25,CLP,FX,0.030161016704026558
2024-01-26,CLP,FX,0.20989570726644377
2024-01-29,CLP,FX,0.17090135350875454
2024-01-30,CLP,FX,0.46242618151257847
2024-01-31,CLP,FX,0.5754029846564845
2024-02-01,CLP,FX,0.578959053296259
2024-02-02,CLP,FX,0.7429739345123699
2024-02-05,CLP,FX,0.907578966834165
2024-02-06,CLP,FX,1.4375727460936905
2024-02-07,CLP,FX,1.2790376771049288
2024-02-08,CLP,FX,1.1806336135873632
2024-02-09,CLP,FX,1.3186366954649058
2024-02-12,CLP,FX,1.5067938757297583
2024-02-13,CLP,FX,1.542159393460468
2024-02-14,CLP,FX,1.5571535457396892
2024-02-15,CLP,FX,1.282716513052968
2024-02-16,CLP,FX,1.3923253686457935
2024-02-19,CLP,FX,1.644618610074315
2024-02-20,CLP,FX,1.6117227259946443
2024-02-21,CLP,FX,1.6438641722698581
2024-02-22,CLP,FX,1.7083445278660194
2024-02-23,CLP,FX,2.0060844336656514
2024-02-26,CLP,FX,2.282320161103474
2024-02-27,CLP,FX,2.427861447806283
2024-02-28,CLP,FX,2.1948802290189047
2024-02-29,CLP,FX,2.1889898721668937
2024-03-01,CLP,FX,1.8319898509578507
2024-03-04,CLP,FX,1.8124339197814996
2024-03-05,CLP,FX,1.9662452436471023
2024-03-06,CLP,FX,2.0265081566479197
2024-03-07,CLP,FX,2.068493380203434
2024-03-08,CLP,FX,2.293937676644267
2024-03-11,CLP,FX,1.857501872689521
2024-03-12,CLP,FX,1.9677684090093384
2024-03-13,CLP,FX,1.9720498935703854
2024-03-14,CLP,FX,1.476539114607872
2024-03-15,CLP,FX,1.5148143642971823
2024-03-18,CLP,FX,1.3124328363718278
2024-03-19,CLP,FX,1.3559971090029632
2024-03-20,CLP,FX,1.8792990876368487
2024-03-21,CLP,FX,2.308221346354129
2024-03-22,CLP,FX,1.9880368774612105
2024-03-25,CLP,FX,2.214616326976701
2024-03-26,CLP,FX,2.1720265341179013
2024-03-27,CLP,FX,2.227099143268363
2024-03-28,CLP,FX,2.212553896625859
2024-04-01,CLP,FX,2.2295713034035383
2024-04-02,CLP,FX,2.123486244502525
2024-04-03,CLP,FX,2.07759490425195
2024-04-04,CLP,FX,1.4966473509519596
2024-04-05,CLP,FX,1.01835710347045
2024-04-08,CLP,FX,1.309399345026174
2024-04-09,CLP,FX,1.307854447812229
2024-04-10,CLP,FX,1.1623899810409155
2024-04-11,CLP,FX,1.4195079796354175
2024-04-12,CLP,FX,1.1643675061158314
2024-04-15,CLP,FX,1.4034644257294289
2024-04-16,CLP,FX,1.7909784215270497
2024-04-17,CLP,FX,2.1850425795898705
2024-04-18,CLP,FX,2.0249611025739642
2024-04-19,CLP,FX,1.8199351801595158
2024-04-22,CLP,FX,1.6494546592733523
2024-04-23,CLP,FX,1.6409831796433092
2024-04-24,CLP,FX,1.5935082575989954
2024-04-25,CLP,FX,1.813428627741824
2024-04-26,CLP,FX,1.547056610762894
2024-04-29,CLP,FX,1.655017151846946
2024-04-30,CLP,FX,1.6292756604078598
2024-05-02,CLP,FX,2.0806686672145216
2024-05-03,CLP,FX,2.102363408788434
2024-05-06,CLP,FX,1.5760959319573469
2024-05-07,CLP,FX,1.4188156375421015
2024-05-08,CLP,FX,1.504174256835699
2024-05-09,CLP,FX,1.644871339356084
2024-05-10,CLP,FX,1.6036297670999788
2024-05-13,CLP,FX,1.1714452749469033
2024-05-14,CLP,FX,1.1667896002859521
2024-05-15,CLP,FX,1.0500125682216503
2024-05-16,CLP,FX,0.9276766029244052
2024-05-17,CLP,FX,0.8563640249944744
2024-05-20,CLP,FX,0.7897188354160937
2024-05-22,CLP,FX,0.5168724775414568
2024-05-23,CLP,FX,1.078107008039967
2024-05-24,CLP,FX,1.0281176869905302
2024-05-27,CLP,FX,0.8439107238755643
2024-05-28,CLP,FX,0.6403949124887248
2024-05-29,CLP,FX,0.40751537840989177
2024-05-30,CLP,FX,0.699180132253559
2024-05-31,CLP,FX,1.2048181815300123
2024-06-03,CLP,FX,0.9219078079192345
2024-06-04,CLP,FX,0.5797700297899021
2024-06-05,CLP,FX,0.4360902366462529
2024-06-06,CLP,FX,0.3940890168507685
2024-06-07,CLP,FX,0.6030173305163808
2024-06-10,CLP,FX,0.4578675386627491
2024-06-11,CLP,FX,0.3597509213862144
2024-06-12,CLP,FX,0.2977981105583605
2024-06-13,CLP,FX,-0.062176238554012164
2024-06-14,CLP,FX,-0.03370205814791388
2024-06-17,CLP,FX,0.04040355738929566
2024-06-18,CLP,FX,0.34237953353405437
2024-06-19,CLP,FX,0.23025430014028248
2024-06-21,CLP,FX,-0.08588228427669457
2024-06-24,CLP,FX,0.24610314810753497
2024-06-25,CLP,FX,0.28183152864274996
2024-06-26,CLP,FX,0.28748323970459705
2024-06-27,CLP,FX,0.32365126787602483
2024-06-28,CLP,FX,0.5322404487422668
2024-07-01,CLP,FX,0.2825887369109472
2024-07-02,CLP,FX,0.22115794998128194
2024-07-03,CLP,FX,0.19844476483655168
2024-07-04,CLP,FX,0.020641040222592295
2024-07-05,CLP,FX,-0.09751550922245301
2024-07-08,CLP,FX,-0.1907735849882405
2024-07-09,CLP,FX,0.01277695691858726
2024-07-10,CLP,FX,-0.31367808249996537
2024-07-11,CLP,FX,-0.5585195243364527
2024-07-12,CLP,FX,-0.729104938704001
2024-07-15,CLP,FX,-0.8357419668919625
2024-07-17,CLP,FX,-0.7882832357322277
2024-07-18,CLP,FX,-0.6243285331516689
2024-07-19,CLP,FX,-0.11056383876024214
2024-07-22,CLP,FX,-0.03905270329001006
2024-07-23,CLP,FX,0.2759711030265206
2024-07-24,CLP,FX,-0.1732897196845731
2024-07-25,CLP,FX,-0.20777353488297493
2024-07-26,CLP,FX,-0.08897278269385535
2024-07-29,CLP,FX,-0.07518731737516098
2024-07-30,CLP,FX,0.013037472710597223
2024-07-31,CLP,FX,-0.0671169025529941
2024-08-01,CLP,FX,-0.5081441785755999
2024-08-02,CLP,FX,-0.9325955126792174
2024-08-05,CLP,FX,-1.3721913657112024
2024-08-06,CLP,FX,-0.5707251358575014
2024-08-07,CLP,FX,-0.8636051412557774
2024-08-08,CLP,FX,-0.7990116371196387
2024-08-09,CLP,FX,-0.7577259974441615
2024-08-12,CLP,FX,-1.025550102192133
2024-08-13,CLP,FX,-0.9216408485633916
2024-08-14,CLP,FX,-0.5670032459657244
2024-08-16,CLP,FX,-0.50219006641046815
2024-08-19,CLP,FX,-0.2876720268140088
2024-08-20,CLP,FX,-0.5807765839977582
2024-08-21,CLP,FX,-0.7746169865979647
2024-08-22,CLP,FX,-0.9873440739573468
2024-08-23,CLP,FX,-0.9085036956885683
2024-08-26,CLP,FX,-1.1246891955861296
2024-08-27,CLP,FX,-1.1123773399349817
2024-08-28,CLP,FX,-1.2818064685902835
2024-08-29,CLP,FX,-0.9382075740982763
2024-08-30,CLP,FX,-0.6956462229651963
2024-09-02,CLP,FX,-0.8482770440291999
2024-09-03,CLP,FX,-1.3024943759967158
2024-09-04,CLP,FX,-1.0869597936761766
2024-09-05,CLP,FX,-0.7006886675900597
2024-09-06,CLP,FX,-0.617330816195325
2024-09-09,CLP,FX,-0.5580453491156601
2024-09-10,CLP,FX,-0.4779201500775481
2024-09-11,CLP,FX,-0.43739562130606446
2024-09-12,CLP,FX,-0.6724855451656888
2024-09-13,CLP,FX,-0.7766398171325399
2024-09-16,CLP,FX,-1.0389421932779803
2024-09-17,CLP,FX,-1.1562895439068852
2024-09-23,CLP,FX,-1.0094038883025478
2024-09-24,CLP,FX,-0.857329577551105
2024-09-25,CLP,FX,-1.0500037056233016
2024-09-26,CLP,FX,-0.7813369495468745
2024-09-27,CLP,FX,-1.1115194003456048
2024-09-30,CLP,FX,-0.8620638529154728
2024-10-01,CLP,FX,-1.1537109556625333
2024-10-02,CLP,FX,-1.0029044050456752
2024-10-03,CLP,FX,-1.0159248131855323
2024-10-04,CLP,FX,-0.5227588069721321
2024-10-07,CLP,FX,-0.7773162592631334
2024-10-08,CLP,FX,-0.5772306490232415
2024-10-09,CLP,FX,-0.6710965990532926
2024-10-10,CLP,FX,-0.7786222848862425
2024-10-11,CLP,FX,-0.9455507621264105
2024-10-14,CLP,FX,-0.9445264969383103
2024-10-15,CLP,FX,-0.9742551125921491
2024-10-16,CLP,FX,-0.7816245879700647
2024-10-17,CLP,FX,-0.7519830806916991
2024-10-18,CLP,FX,-0.3424311234454075
2024-10-21,CLP,FX,-0.3771842388540369
2024-10-22,CLP,FX,-0.14951720149494505
2024-10-23,CLP,FX,-0.47857061641858606
2024-10-24,CLP,FX,-0.3707516925761311
2024-10-25,CLP,FX,-0.644100529886694
2024-10-28,CLP,FX,-0.4054543419491892
2024-10-29,CLP,FX,-0.5848940768507661
2024-10-30,CLP,FX,-0.5864951039871114
2024-11-04,CLP,FX,-0.24059456638546667
2024-11-05,CLP,FX,-0.23808202938727707
2024-11-06,CLP,FX,-0.18937470546168567
2024-11-07,CLP,FX,0.48708664715617445
2024-11-08,CLP,FX,-0.09867563961383814
2024-11-11,CLP,FX,0.19489363128748072
2024-11-12,CLP,FX,0.673010049091655
2024-11-13,CLP,FX,0.8571600931135652
2024-11-14,CLP,FX,0.5635504690227167
2024-11-15,CLP,FX,0.36474901109853985
2024-11-18,CLP,FX,0.24986798160895726
2024-11-19,CLP,FX,0.23062330444828824
2024-11-20,CLP,FX,0.10863970531357196
2024-11-21,CLP,FX,0.07674767930796626
2024-11-22,CLP,FX,-0.028875344344736615
2024-11-25,CLP,FX,0.35612563951456333
2024-11-26,CLP,FX,0.23738536289888743
2024-11-27,CLP,FX,0.29899042541770265
2024-11-28,CLP,FX,0.3395651061144213
2024-11-29,CLP,FX,0.45101077139803764
2024-12-02,CLP,FX,0.38857167679560195
2024-12-03,CLP,FX,0.40582530651302995
2024-12-04,CLP,FX,0.0836635247629598
2024-12-05,CLP,FX,0.2091468397161668
2024-12-06,CLP,FX,0.25098478466379376
2024-12-09,CLP,FX,0.07741265909820229
2024-12-10,CLP,FX,0.07120333354093399
2024-12-11,CLP,FX,0.06324939296429419
2024-12-12,CLP,FX,0.2238830123945315
2024-12-13,CLP,FX,0.07685486814033066
2024-12-16,CLP,FX,-0.011825447839684602
2024-12-17,CLP,FX,0.043640430859554
2024-12-18,CLP,FX,-0.6793444323079719
2024-12-19,CLP,FX,-0.5909135207720143
2024-12-20,CLP,FX,0.05855647103356376
2024-12-23,CLP,FX,0.00256466899510199
2024-12-24,CLP,FX,0.29771199337650794
2024-12-26,CLP,FX,0.13768966897282492
2024-12-27,CLP,FX,0.12942631886531894
2024-12-30,CLP,FX,-0.008388445442054407
2025-01-02,CLP,FX,-0.2335915143335308
2025-01-03,CLP,FX,-0.18713857094575093
2025-01-06,CLP,FX,0.22830704801911603
2025-01-07,CLP,FX,0.1933704779336336
2025-01-08,CLP,FX,0.032208402788175834
2025-01-09,CLP,FX,0.05083560224482325
2025-01-10,CLP,FX,-0.1934394397068957
2025-01-13,CLP,FX,-0.14436487013620664
2025-01-14,CLP,FX,0.23872007676446094
2025-01-15,CLP,FX,0.036302007705957845
2025-01-16,CLP,FX,-0.02165376835321473
2025-01-17,CLP,FX,0.2116696606455029
2025-01-20,CLP,FX,0.3222028475306221
2025-01-21,CLP,FX,0.1881024000343481
2025-01-22,CLP,FX,0.23731277210353627
2025-01-23,CLP,FX,0.08695321604718595
2025-01-24,CLP,FX,0.11641431777490131
2025-01-27,CLP,FX,-0.20714875978993794
2025-01-28,CLP,FX,-0.23788582736638883
2025-01-29,CLP,FX,-0.05500148174948835
2025-01-30,CLP,FX,-0.03739138065675672
2025-01-31,CLP,FX,-0.1676889853221003
2025-02-03,CLP,FX,-0.5712829333311332
2025-02-04,CLP,FX,-0.33218511871342343
2025-02-05,CLP,FX,-0.3484337363562304
2025-02-06,CLP,FX,-0.541283625856158
2025-02-07,CLP,FX,-0.4680078927080289
2025-02-10,CLP,FX,-0.7185309841253076
2025-02-11,CLP,FX,-0.7145212068002624
2025-02-12,CLP,FX,-0.48058422191877553
2025-02-13,CLP,FX,-0.7207022290694056
2025-02-14,CLP,FX,-0.7130847065391892
2025-02-17,CLP,FX,-1.0650841948664291
2025-02-18,CLP,FX,-0.8613191136060943
2025-02-19,CLP,FX,-0.821461694503435
2025-02-20,CLP,FX,-0.7791736428354282
2025-02-21,CLP,FX,-1.0168477524812822
2025-02-24,CLP,FX,-1.088055025668437
2025-02-25,CLP,FX,-0.99023853022784
2025-02-26,CLP,FX,-1.1347796424468641
2025-02-27,CLP,FX,-1.195681470825483
2025-02-28,CLP,FX,-1.0737085997671725
2025-03-03,CLP,FX,-1.0882872759851152
2025-03-04,CLP,FX,-1.054492805631476
2025-03-05,CLP,FX,-0.9196576861297111
2025-03-06,CLP,FX,-1.155718439017311
2025-03-07,CLP,FX,-1.2532528064298682
2025-03-10,CLP,FX,-1.2439662664020459
2025-03-11,CLP,FX,-1.0630822508332993
2025-03-12,CLP,FX,-0.8314410235446953
2025-03-13,CLP,FX,-0.8434722953205781
2025-03-14,CLP,FX,-0.360228355266198
2025-03-17,CLP,FX,-0.4583321157817836
2025-03-18,CLP,FX,-0.6933643221112671
2025-03-19,CLP,FX,-0.7749408779482336
2025-03-20,CLP,FX,-0.8872891524340005
2025-03-21,CLP,FX,-0.6726000081389898
2025-03-24,CLP,FX,-0.43675212191756496
2025-03-25,CLP,FX,-0.581598961102967
2025-03-26,CLP,FX,-0.7555056124860967
2025-03-27,CLP,FX,-0.6966734545175948
2025-03-28,CLP,FX,-0.6033809045793072
2025-03-31,CLP,FX,-0.38694018573736433
2025-04-01,CLP,FX,-0.2777976257579486
2025-04-02,CLP,FX,-0.5131227902557569
2025-04-03,CLP,FX,-0.3032342395248966
2025-04-04,CLP,FX,-0.8706183420006354
2025-04-07,CLP,FX,-0.40915264184303907
2025-04-08,CLP,FX,-0.06607962725804603
2025-04-09,CLP,FX,0.010176392154336685
2025-04-10,CLP,FX,0.44877464795348204
2025-04-11,CLP,FX,0.4084666948022302
2025-04-14,CLP,FX,0.5850197185906664
2025-04-15,CLP,FX,0.40322245160178594
2025-04-16,CLP,FX,0.5116451197258739
2025-04-17,CLP,FX,0.7181827322927932
2025-04-21,CLP,FX,0.7340702627333262
2025-04-22,CLP,FX,0.5988022251248082
2025-04-23,CLP,FX,0.28976766480909083
2025-04-24,CLP,FX,-0.14825495878263173
2025-04-25,CLP,FX,-0.20590394933347694
2025-04-28,CLP,FX,-0.21898459015827354
2025-04-29,CLP,FX,-0.11552756461541681
2025-04-30,CLP,FX,0.18394378130567635
2025-05-02,CLP,FX,0.5292237082243326
2025-05-05,CLP,FX,0.250785064796846
2025-05-06,CLP,FX,0.17966151287609966
2025-05-07,CLP,FX,0.3074056725489152
2025-05-08,CLP,FX,0.5066909978865947
2025-05-09,CLP,FX,0.36987299162205667
2025-05-12,CLP,FX,0.16564616734209697
2025-05-13,CLP,FX,0.2495019727596788
2025-05-14,CLP,FX,0.39864709409847554
2025-05-15,CLP,FX,0.4542918909428555
2025-05-16,CLP,FX,0.4867181998027531
2025-05-19,CLP,FX,0.5833867772286808
2025-05-20,CLP,FX,0.4527435829189172
2025-05-22,CLP,FX,0.6619684315592466
2025-05-23,CLP,FX,0.6422520139947988
2025-05-26,CLP,FX,0.7006450469466248
2025-05-27,CLP,FX,0.6746830817271834
2025-05-28,CLP,FX,0.6470618418434801
2025-05-29,CLP,FX,0.6939558103279808
2025-05-30,CLP,FX,0.7350446719830697
2025-06-02,CLP,FX,0.9110286676790323
2025-06-03,CLP,FX,0.7877222595430375
2025-06-04,CLP,FX,0.8322822908252696
2025-06-05,CLP,FX,0.7329493487194868
2025-06-06,CLP,FX,0.6566744057274118
2025-06-09,CLP,FX,0.6665135450987706
2025-06-10,CLP,FX,0.6866177458145549
2025-06-11,CLP,FX,0.6577175543072641
2025-06-12,CLP,FX,0.5736449876210843
2025-06-13,CLP,FX,-0.06620963739694519
2025-06-16,CLP,FX,0.32369143726039906
2025-06-17,CLP,FX,-0.09076659214175807
2025-06-18,CLP,FX,0.08874465139194682
2025-06-19,CLP,FX,-0.01565688081060178
2025-06-23,CLP,FX,0.21974650724767258
2025-06-24,CLP,FX,0.8051398584579921
2025-06-25,CLP,FX,0.5615001253411062
2025-06-26,CLP,FX,0.4629236192181437
2025-06-27,CLP,FX,0.28158315915891435
2025-06-30,CLP,FX,0.42263018551219056
2025-07-01,CLP,FX,0.48152334267721747
2025-07-02,CLP,FX,0.1271220029678625
2025-07-03,CLP,FX,0.19530239099959398
2025-07-04,CLP,FX,0.18039655205562738
2025-07-07,CLP,FX,0.22195107782000248
2025-07-08,CLP,FX,0.5573572130771749
2025-07-09,CLP,FX,0.6624513598525553
2025-07-10,CLP,FX,0.8361119722953743
2025-07-11,CLP,FX,0.7434343925168205
2025-07-14,CLP,FX,0.8730877529404176
2025-07-15,CLP,FX,1.1518051104379916
2025-07-17,CLP,FX,0.9987550878088423
2025-07-18,CLP,FX,1.131964298168341
2025-07-21,CLP,FX,1.0133577717277291
2025-07-22,CLP,FX,1.0395809224738377
2025-07-23,CLP,FX,1.1896430769282844
2025-07-24,CLP,FX,1.1063754133866615
2025-07-25,CLP,FX,1.169084346092991
2025-07-28,CLP,FX,1.220727202393427
2025-07-29,CLP,FX,1.2035943160170637
2025-07-30,CLP,FX,1.2857452100888869
2025-07-31,CLP,FX,1.2066241905996349
2025-08-01,CLP,FX,0.8151001244959983
2025-08-04,CLP,FX,0.8996719033924293
2025-08-05,CLP,FX,0.888625900291525
2025-08-06,CLP,FX,1.093024140528018
2025-08-07,CLP,FX,1.4440639114514713
2025-08-08,CLP,FX,1.4455363764473164
2025-08-11,CLP,FX,1.1457310682083486
2025-08-12,CLP,FX,1.3961290255447683
2025-08-13,CLP,FX,1.3372155882226004
2025-08-14,CLP,FX,0.9968808403529514
2025-08-18,CLP,FX,1.3087432252102595
2025-08-19,CLP,FX,1.444955144947029
2025-08-20,CLP,FX,1.3830935584701438
2025-08-21,CLP,FX,1.3397427901822652
2025-08-22,CLP,FX,1.6547114255959512
2025-08-25,CLP,FX,1.6360742208497618
2025-08-26,CLP,FX,1.6013839988939056
2025-08-27,CLP,FX,1.4530528409133052
2025-08-28,CLP,FX,1.724633445928317
2025-08-29,CLP,FX,1.6630565911922497
2025-09-01,CLP,FX,1.6011012411242767
2025-09-02,CLP,FX,1.4856891858831438
2025-09-03,CLP,FX,1.6761461713125354
2025-09-04,CLP,FX,1.513267150496941
2025-09-05,CLP,FX,1.731618952764976
2025-09-08,CLP,FX,1.5186080441648444
2025-09-09,CLP,FX,1.5791919678492037
2025-09-10,CLP,FX,1.4396318945343702
2025-09-11,CLP,FX,1.4746687004069854
2025-09-12,CLP,FX,1.3178851346746012
2025-09-15,CLP,FX,1.1404879632413638
2025-09-16,CLP,FX,0.9704508212648405
2025-09-17,CLP,FX,1.149558685510823
2025-09-22,CLP,FX,0.9476288017734543
2025-09-23,CLP,FX,0.9699072266152976
2025-09-24,CLP,FX,0.9463056773840224
2025-09-25,CLP,FX,0.9323468131003997
2025-09-26,CLP,FX,1.1401773549217948
2025-09-29,CLP,FX,1.2359440203688714
2025-09-30,CLP,FX,1.3149288040366869
2025-10-01,CLP,FX,1.3938316022982165
2025-10-02,CLP,FX,1.2411288592629433
2025-10-03,CLP,FX,1.340775615321491
2025-10-06,CLP,FX,1.3274095106945043
2025-10-07,CLP,FX,1.3090496178077973
2025-10-08,CLP,FX,1.2137410846258545
2025-10-09,CLP,FX,1.0057359477972105
2025-10-10,CLP,FX,0.530304937787836
2025-10-13,CLP,FX,0.7734669318985469
2025-10-14,CLP,FX,0.5492802714914158
2025-10-15,CLP,FX,0.999716072259466
2025-10-16,CLP,FX,0.45604792921054965
2025-10-17,CLP,FX,0.6459944384256293
2025-10-20,CLP,FX,0.888285669139314
2025-10-21,CLP,FX,0.6981487632362202
2025-10-22,CLP,FX,0.6151491151108759
2025-10-23,CLP,FX,0.5618517183368554
2025-10-24,CLP,FX,0.5184545828150261
2025-10-27,CLP,FX,0.4977881296319759
2025-10-28,CLP,FX,0.2437322157197054
2025-10-29,CLP,FX,0.38109086567117084
2025-10-30,CLP,FX,0.3221930997819374
2025-11-03,CLP,FX,0.2620430867729659
2025-11-04,CLP,FX,-0.02175867839049691
2025-11-05,CLP,FX,0.2298651247526904
2025-11-06,CLP,FX,0.2554091933045209
2025-11-07,CLP,FX,0.19115592175487536
2025-11-10,CLP,FX,0.4199544775346666
2025-11-11,CLP,FX,0.3398612386112029
2025-11-12,CLP,FX,0.2687362622933206
2025-11-13,CLP,FX,0.17159083713030895
2025-11-14,CLP,FX,-0.06864242469541423
2025-11-17,CLP,FX,-0.09447570252736891
2025-11-18,CLP,FX,-0.6739461894082396
2025-11-19,CLP,FX,-0.30248305459332964
2025-11-20,CLP,FX,-0.4303332072839947
2025-11-21,CLP,FX,-0.40838683489868477
2025-11-24,CLP,FX,-0.09440683954079333
2025-11-25,CLP,FX,0.1982885126728679
2025-11-26,CLP,FX,0.27808559058285404
2025-11-27,CLP,FX,0.12156361653674344
2025-11-28,CLP,FX,0.21842142726678707
2025-12-01,CLP,FX,0.2571311541928925
2025-12-02,CLP,FX,0.30634396128675073
2025-12-03,CLP,FX,0.3211722491745374
2025-12-04,CLP,FX,0.1559446573163313
2025-12-05,CLP,FX,0.28212618568404174
2025-12-09,CLP,FX,0.22795640551524202
2025-12-10,CLP,FX,0.5446615295954254
2025-12-11,CLP,FX,0.6345224578725255
2025-12-12,CLP,FX,0.5480327803818628
2025-12-15,CLP,FX,0.47760775868244415
2025-12-16,CLP,FX,0.3586189595806309
2025-12-17,CLP,FX,0.4568045248705461
2025-12-18,CLP,FX,0.48152823875644557
2025-12-19,CLP,FX,0.5917567906578752
2025-12-22,CLP,FX,0.5661108780858037
2025-12-23,CLP,FX,0.5778721793472477
2025-12-24,CLP,FX,0.6239306865137167
2025-12-26,CLP,FX,0.7010518285426565
2025-12-29,CLP,FX,0.5601368289690533
2025-12-30,CLP,FX,0.774315851300474
2026-01-02,CLP,FX,0.7829002963221388
2026-01-05,CLP,FX,0.5400055705608482
2026-01-06,CLP,FX,0.8114747566934408
2026-01-07,CLP,FX,0.5876542699515578
2026-01-08,CLP,FX,0.5188029972744518
2026-01-09,CLP,FX,0.5059268328802884
2026-01-12,CLP,FX,0.4407977099383828
2026-01-13,CLP,FX,0.025927973173720763
2026-01-14,CLP,FX,-0.04461398084093203
2026-01-15,CLP,FX,0.14120642884577617
2026-01-16,CLP,FX,0.22458716432855794
2026-01-19,CLP,FX,0.07979665199191456
2026-01-20,CLP,FX,0.11995873797911558
2026-01-21,CLP,FX,0.45328215770359803
2026-01-22,CLP,FX,0.20393440637375287
2026-01-23,CLP,FX,-0.0737883590117009
2026-01-26,CLP,FX,-0.020819175026729374
2026-01-27,CLP,FX,-0.19047067111527302
2026-01-28,CLP,FX,-0.1200053927343495
2026-01-29,CLP,FX,-0.33962361580108696
2026-01-30,CLP,FX,-0.4256308841781549
2026-02-02,CLP,FX,-0.07447708011351108
2026-02-03,CLP,FX,-0.10591133835596496
2026-02-04,CLP,FX,-0.39345860783597897
2026-02-05,CLP,FX,-0.6165097821491581
2026-02-06,CLP,FX,-0.24707542912100006
2026-02-09,CLP,FX,-0.30447178584699064
2026-02-10,CLP,FX,-0.444307487251763
2026-02-11,CLP,FX,-0.28740260496937636
2026-02-12,CLP,FX,-0.45325516477572564
2026-02-13,CLP,FX,-0.5568807216237475
2026-02-16,CLP,FX,-0.3741910718496918
2026-02-17,CLP,FX,-0.32624838526949135
2026-02-18,CLP,FX,-0.2015753981006065
2026-02-19,CLP,FX,-0.5769255570130027
2026-02-20,CLP,FX,-0.31098568181835096
2026-02-23,CLP,FX,-0.39595981531393903
2026-02-24,CLP,FX,-0.2785479440720778
2026-02-25,CLP,FX,-0.18148517716153081
2026-02-26,CLP,FX,-0.3334205095289619
2026-02-27,CLP,FX,-0.3805986647674599
2026-03-02,CLP,FX,-0.43709874328763937
2026-03-03,CLP,FX,-0.44362326018181664
2026-03-04,CLP,FX,0.2724646560322399
2026-03-05,CLP,FX,-0.44290398992859625
2026-03-06,CLP,FX,-0.671565898946692
2026-03-09,CLP,FX,-0.3178700883815848
2026-03-10,CLP,FX,0.05851798452402373
2026-03-11,CLP,FX,-0.6080690624003943
2026-03-12,CLP,FX,-0.8603939719588003
2026-03-13,CLP,FX,-0.5990241669556705
2026-03-16,CLP,FX,-0.23529075034788544
2026-03-17,CLP,FX,-0.4067559144819262
2026-03-18,CLP,FX,-0.6129538808180488
2026-03-19,CLP,FX,-0.5094515252284048
2026-03-20,CLP,FX,-0.3683852447608573
2026-03-23,CLP,FX,-0.3103678672337265
2026-03-24,CLP,FX,-0.685976190613217
2026-03-25,CLP,FX,-0.4368343472075444
2026-03-26,CLP,FX,-0.6777768027141102
2026-03-27,CLP,FX,-0.5911951050206292
2026-03-30,CLP,FX,-0.5494508046519708
2026-03-31,CLP,FX,-0.38142929900408595
2026-04-01,CLP,FX,-0.29428728874566
2026-04-02,CLP,FX,-0.9124324552390959
2026-04-06,CLP,FX,-0.8069310803027436
2026-04-07,CLP,FX,-1.1348694982064598
2026-04-08,CLP,FX,0.03262117907281897
2026-04-09,CLP,FX,-0.8206727315338681
2026-04-10,CLP,FX,-0.6115330630817338
2026-04-13,CLP,FX,-0.903014071420273
2026-04-14,CLP,FX,-0.31447295015784626
2026-04-15,CLP,FX,-0.7652962143480362
2026-04-16,CLP,FX,-0.7280584682194811
2026-04-17,CLP,FX,-0.5671834903589562
2026-04-20,CLP,FX,-1.114560238210105
2026-04-21,CLP,FX,-0.9920779887781728
2026-04-22,CLP,FX,-0.8978421255271022
2026-04-23,CLP,FX,-0.9539699784221685
2026-04-24,CLP,FX,-0.9092306258437345
2026-04-27,CLP,FX,-0.7394395527986529
2026-04-28,CLP,FX,-0.8712551170662106
2026-04-29,CLP,FX,-0.9668391016442159
2026-04-30,CLP,FX,-0.6900917848942872
2026-05-04,CLP,FX,-0.8199292533522652
2026-05-05,CLP,FX,-0.5099777415211455
2026-05-06,CLP,FX,-0.5198739790835607
2026-05-07,CLP,FX,-0.7331748682260248
2026-05-08,CLP,FX,-1.0435558858398246
2026-05-11,CLP,FX,-1.037342364413626
2026-05-12,CLP,FX,-0.9142224824418433
2026-05-13,CLP,FX,-0.6782885976162293
2026-05-14,CLP,FX,-1.0519154952238967
2026-05-15,CLP,FX,-1.1722601993938613
2026-05-18,CLP,FX,-0.7242254619157761
2026-05-19,CLP,FX,-0.8883471459285263
2026-05-20,CLP,FX,-0.6058785437125603
2026-05-22,CLP,FX,-0.7895983448204261
2026-05-25,CLP,FX,-0.6530052603334334
2026-05-26,CLP,FX,-0.8831085949525941
2026-05-27,CLP,FX,-0.6935772659053855
2026-05-28,CLP,FX,-0.7446484750555669
2026-05-29,CLP,FX,-0.7197209052822249
2026-06-01,CLP,FX,-1.0151661159175427
2022-01-03,COP,FX,0.6131138513819852
2022-01-04,COP,FX,1.014952729046617
2022-01-05,COP,FX,0.9562563130311642
2022-01-06,COP,FX,0.6061975161802143
2022-01-07,COP,FX,0.5174276577785402
2022-01-10,COP,FX,0.709433196064419
2022-01-11,COP,FX,0.8909337600478422
2022-01-12,COP,FX,0.8387213690548134
2022-01-13,COP,FX,0.5028457277008247
2022-01-14,COP,FX,0.4040689004941061
2022-01-17,COP,FX,0.5761194689187941
2022-01-18,COP,FX,0.619504357738648
2022-01-19,COP,FX,0.9573981682561136
2022-01-20,COP,FX,0.5892114374020796
2022-01-21,COP,FX,0.09729066892435348
2022-01-24,COP,FX,-0.1074310057526698
2022-01-25,COP,FX,-0.23099683521206688
2022-01-26,COP,FX,0.00429813361019589
2022-01-27,COP,FX,-0.7176746702736332
2022-01-28,COP,FX,-0.7041042351077115
2022-01-31,COP,FX,-0.05835552885301893
2022-02-01,COP,FX,-0.06235656244336419
2022-02-02,COP,FX,-0.056864828717489414
2022-02-03,COP,FX,-0.3938255475259246
2022-02-04,COP,FX,0.084296973964809993
2022-02-07,COP,FX,0.07950230900266049
2022-02-08,COP,FX,0.14996159283395027
2022-02-09,COP,FX,0.3494697925779569
2022-02-10,COP,FX,0.2270308820826589
2022-02-11,COP,FX,-0.06270048573504534
2022-02-14,COP,FX,-0.05370531397744119
2022-02-15,COP,FX,0.28146824389137537
2022-02-16,COP,FX,0.3440634902774155
2022-02-17,COP,FX,0.2594501981527504
2022-02-18,COP,FX,-0.07630695572299376
2022-02-21,COP,FX,-0.3010400601479011
2022-02-22,COP,FX,-0.4038632322184979
2022-02-23,COP,FX,-0.42506566011659574
2022-02-24,COP,FX,-0.6985613683164567
2022-02-25,COP,FX,-0.3615447415527331
2022-02-28,COP,FX,-0.5674862678648704
2022-03-01,COP,FX,-0.5358817269619368
2022-03-02,COP,FX,-0.34177833740928865
2022-03-03,COP,FX,-0.8578796934393339
2022-03-04,COP,FX,-1.7152123286767154
2022-03-07,COP,FX,-1.7811973159455348
2022-03-08,COP,FX,-1.8445661194568466
2022-03-09,COP,FX,-1.6045491128705534
2022-03-10,COP,FX,-1.8944473009318796
2022-03-11,COP,FX,-1.818517794893
2022-03-14,COP,FX,-1.7841791202035102
2022-03-15,COP,FX,-1.7883184896854185
2022-03-16,COP,FX,-1.2515637715484955
2022-03-17,COP,FX,-0.8842666735699097
2022-03-18,COP,FX,-0.8529319386496996
2022-03-21,COP,FX,-0.4990507022357638
2022-03-22,COP,FX,-0.27525939091958745
2022-03-23,COP,FX,-0.7195467123849751
2022-03-24,COP,FX,-0.6125915360642852
2022-03-25,COP,FX,-0.1890079629817639
2022-03-28,COP,FX,-0.4934765214205364
2022-03-29,COP,FX,-0.29923940362289664
2022-03-30,COP,FX,-0.40511779182962315
2022-03-31,COP,FX,-0.8225590375978936
2022-04-01,COP,FX,-0.703800364356418
2022-04-04,COP,FX,-0.42721318503663386
2022-04-05,COP,FX,-0.8683730959494176
2022-04-06,COP,FX,-1.2076129309093881
2022-04-07,COP,FX,-1.0859435415688283
2022-04-08,COP,FX,-1.00240068309532
2022-04-11,COP,FX,-1.052512816302622
2022-04-12,COP,FX,-1.208310018437143
2022-04-13,COP,FX,-1.0695682934187023
2022-04-14,COP,FX,-1.0346466235445058
2022-04-18,COP,FX,-1.020565951882773
2022-04-19,COP,FX,-1.1334114601761367
2022-04-20,COP,FX,-1.1835893109395428
2022-04-21,COP,FX,-1.1814182838261722
2022-04-22,COP,FX,-1.40640750021069
2022-04-25,COP,FX,-1.4044468568491861
2022-04-26,COP,FX,-0.6910879479552018
2022-04-27,COP,FX,-0.7441631674264237
2022-04-28,COP,FX,-0.7069049459042458
2022-04-29,COP,FX,-0.33070482763433445
2022-05-02,COP,FX,-0.5459567248262758
2022-05-03,COP,FX,-0.44061749538261946
2022-05-04,COP,FX,-0.08153363832290944
2022-05-05,COP,FX,0.04053560124512517
2022-05-06,COP,FX,0.0861002007146074
2022-05-09,COP,FX,-0.8309977570910919
2022-05-10,COP,FX,-0.7520521482754627
2022-05-11,COP,FX,-1.032218988938437
2022-05-12,COP,FX,-1.350679744305029
2022-05-13,COP,FX,-0.6808385029285722
2022-05-16,COP,FX,-0.7338578296168274
2022-05-17,COP,FX,-0.5491645088070802
2022-05-18,COP,FX,-1.298831016005051
2022-05-19,COP,FX,-1.1948384638327274
2022-05-20,COP,FX,-1.355822306103481
2022-05-23,COP,FX,-1.54048421955859
2022-05-24,COP,FX,-1.9373833250312058
2022-05-25,COP,FX,-1.8091980654272857
2022-05-26,COP,FX,-1.392750208291095
2022-05-27,COP,FX,-1.2804417750101849
2022-05-30,COP,FX,-1.37309283608258
2022-05-31,COP,FX,-1.4909043268415403
2022-06-01,COP,FX,-2.34375364337388
2022-06-02,COP,FX,-1.9107697310532648
2022-06-03,COP,FX,-2.186163710765876
2022-06-06,COP,FX,-2.1592105604822067
2022-06-07,COP,FX,-2.0893893137153565
2022-06-08,COP,FX,-2.1388393705827804
2022-06-09,COP,FX,-2.476469225853998
2022-06-10,COP,FX,-2.48305177616064
2022-06-13,COP,FX,-2.513493101968174
2022-06-14,COP,FX,-1.9983138677916565
2022-06-15,COP,FX,-2.3846218505289527
2022-06-16,COP,FX,-3.0155125963669938
2022-06-17,COP,FX,-3.097520867150809
2022-06-20,COP,FX,-2.982090250860724
2022-06-22,COP,FX,-2.2619773305807844
2022-06-23,COP,FX,-2.304160715961938
2022-06-24,COP,FX,-1.5053318117107288
2022-06-28,COP,FX,-1.2691002145586157
2022-06-29,COP,FX,-1.7712811247595432
2022-06-30,COP,FX,-2.0864733973144136
2022-07-01,COP,FX,-2.0162208708533016
2022-07-04,COP,FX,-1.6778238433044894
2022-07-05,COP,FX,-2.0362120557594112
2022-07-06,COP,FX,-1.786670899243075
2022-07-07,COP,FX,-0.8140052150110613
2022-07-08,COP,FX,-0.5850188252644157
2022-07-11,COP,FX,-0.9684173709246389
2022-07-12,COP,FX,-0.6994922502782839
2022-07-13,COP,FX,0.008413966463698819
2022-07-14,COP,FX,-0.5614942950195496
2022-07-15,COP,FX,-0.565822025425393
2022-07-18,COP,FX,-0.8131560728981116
2022-07-19,COP,FX,-0.6716105675907725
2022-07-20,COP,FX,-0.7956237288280638
2022-07-21,COP,FX,-0.9156434774135808
2022-07-22,COP,FX,-0.7416158766038725
2022-07-25,COP,FX,-0.5510804367787463
2022-07-26,COP,FX,-0.6381422277858276
2022-07-27,COP,FX,-0.29311821452480585
2022-07-28,COP,FX,-0.4192445752591629
2022-07-29,COP,FX,-0.3355262995615372
2022-08-01,COP,FX,-0.756634820971903
2022-08-02,COP,FX,-0.9388001326987598
2022-08-03,COP,FX,-0.704567243650114
2022-08-04,COP,FX,-0.51409806261712
2022-08-05,COP,FX,-0.6502810796987112
2022-08-08,COP,FX,-0.3131571986164231
2022-08-09,COP,FX,-0.5747764694984056
2022-08-10,COP,FX,-0.30364354300471824
2022-08-11,COP,FX,-0.18105265577276602
2022-08-12,COP,FX,-0.4081103425286278
2022-08-16,COP,FX,-0.905551473441539
2022-08-17,COP,FX,-0.8218172127868256
2022-08-18,COP,FX,-0.20179357463069938
2022-08-19,COP,FX,-0.020634378623710835
2022-08-22,COP,FX,-0.18509419037405922
2022-08-23,COP,FX,-0.10314658832092329
2022-08-24,COP,FX,-0.04554000326553239
2022-08-25,COP,FX,0.020100374256818498
2022-08-26,COP,FX,-0.09904688269933268
2022-08-29,COP,FX,-0.24384030750387173
2022-08-30,COP,FX,-0.4880743627435359
2022-08-31,COP,FX,-0.6536524864975296
2022-09-01,COP,FX,-0.6342761182766737
2022-09-02,COP,FX,-0.5468056848157699
2022-09-05,COP,FX,-0.5243102842598327
2022-09-06,COP,FX,-0.33590674957072464
2022-09-07,COP,FX,-0.45587751159929224
2022-09-08,COP,FX,-0.316046092196577
2022-09-09,COP,FX,-0.20344980215856037
2022-09-12,COP,FX,0.04452306505512922
2022-09-13,COP,FX,-0.4927141231750974
2022-09-14,COP,FX,-0.4470966814649951
2022-09-15,COP,FX,-0.7505054848191254
2022-09-20,COP,FX,-0.5593783625251569
2022-09-21,COP,FX,-0.789640064192142
2022-09-22,COP,FX,-0.8161373828975464
2022-09-23,COP,FX,-1.4717011942484421
2022-09-26,COP,FX,-1.2851090640809595
2022-09-27,COP,FX,-0.706505042769077
2022-09-28,COP,FX,-0.34306802602303016
2022-09-29,COP,FX,-0.8599020467425512
2022-09-30,COP,FX,-0.7641643879298408
2022-10-03,COP,FX,-0.29178924908769105
2022-10-04,COP,FX,0.12117108173221529
2022-10-05,COP,FX,-0.04056852994676178
2022-10-06,COP,FX,0.25604398236087866
2022-10-07,COP,FX,0.2501899917809246
2022-10-11,COP,FX,-0.07392891814918075
2022-10-12,COP,FX,-0.1987996033695726
2022-10-13,COP,FX,0.13283864857544675
2022-10-14,COP,FX,-0.31847210032541307
2022-10-17,COP,FX,0.1870730218235621
2022-10-18,COP,FX,0.3462047354448193
2022-10-19,COP,FX,0.8410243828523689
2022-10-20,COP,FX,1.3201799537883907
2022-10-21,COP,FX,1.8234729684696298
2022-10-24,COP,FX,2.342132798662568
2022-10-25,COP,FX,2.7663118701839537
2022-10-26,COP,FX,2.496433078669943
2022-10-27,COP,FX,2.0030147195077475
2022-10-28,COP,FX,1.8667990458021055
2022-11-02,COP,FX,2.2039269858279265
2022-11-03,COP,FX,1.9281531314161553
2022-11-04,COP,FX,2.5806778434229796
2022-11-07,COP,FX,3.0898898012597344
2022-11-08,COP,FX,3.096115903686741
2022-11-09,COP,FX,2.582090057737223
2022-11-10,COP,FX,2.4547795278776334
2022-11-11,COP,FX,2.560518769207296
2022-11-14,COP,FX,2.372347762642289
2022-11-15,COP,FX,2.562139087287728
2022-11-16,COP,FX,2.2995721847431967
2022-11-17,COP,FX,2.6969753804902368
2022-11-18,COP,FX,3.2010738721945398
2022-11-21,COP,FX,2.8625477164460045
2022-11-22,COP,FX,2.8143974656281148
2022-11-23,COP,FX,2.757130671614425
2022-11-24,COP,FX,2.6926964938717375
2022-11-25,COP,FX,2.610638319438104
2022-11-28,COP,FX,2.6422873148867834
2022-11-29,COP,FX,2.4270667766065976
2022-11-30,COP,FX,2.35449245792836
2022-12-01,COP,FX,2.581669243861274
2022-12-02,COP,FX,2.318146909229623
2022-12-05,COP,FX,1.8255360207353482
2022-12-06,COP,FX,1.5915448863524952
2022-12-07,COP,FX,1.4011053336895944
2022-12-09,COP,FX,1.661612070568355
2022-12-12,COP,FX,1.8998478269919803
2022-12-13,COP,FX,1.9667584854497997
2022-12-14,COP,FX,1.8342678240700871
2022-12-15,COP,FX,1.2057483121980423
2022-12-16,COP,FX,1.1013694872375868
2022-12-19,COP,FX,1.1501252174357088
2022-12-20,COP,FX,1.318053167426674
2022-12-21,COP,FX,1.459422656035592
2022-12-22,COP,FX,1.307448559078559
2022-12-23,COP,FX,1.41642086014721
2022-12-26,COP,FX,1.3017074024116724
2022-12-27,COP,FX,1.3957651318058109
2022-12-28,COP,FX,1.3554456719878814
2022-12-29,COP,FX,1.4866364650396902
2022-12-30,COP,FX,1.651737827509504
2023-01-03,COP,FX,1.3738741359141733
2023-01-04,COP,FX,1.5988558638169208
2023-01-05,COP,FX,1.830891685346113
2023-01-06,COP,FX,2.024918564797339
2023-01-09,COP,FX,1.8888564418352052
2023-01-10,COP,FX,2.0372179721488743
2023-01-11,COP,FX,1.7953669882204573
2023-01-12,COP,FX,1.4501527304208202
2023-01-13,COP,FX,1.3509624580300494
2023-01-16,COP,FX,1.449155020523558
2023-01-17,COP,FX,1.5832407346615418
2023-01-18,COP,FX,1.3331101522026625
2023-01-19,COP,FX,1.2307511106067681
2023-01-20,COP,FX,1.5347110114820943
2023-01-23,COP,FX,1.6564973000887024
2023-01-24,COP,FX,1.0387176195508825
2023-01-25,COP,FX,1.0785070285261644
2023-01-26,COP,FX,1.2675887462792825
2023-01-27,COP,FX,1.2611299120958186
2023-01-30,COP,FX,1.14865951751979
2023-01-31,COP,FX,1.595778312607403
2023-02-01,COP,FX,1.7822750969809824
2023-02-02,COP,FX,2.1903984394742277
2023-02-03,COP,FX,1.6417286574269938
2023-02-06,COP,FX,1.8510237335212327
2023-02-07,COP,FX,2.55537853449395
2023-02-08,COP,FX,2.5360351404668737
2023-02-09,COP,FX,2.4801949287040714
2023-02-10,COP,FX,2.3687304810644423
2023-02-13,COP,FX,2.6608563427680347
2023-02-14,COP,FX,2.9746336437452943
2023-02-15,COP,FX,2.698589751274457
2023-02-16,COP,FX,3.1826996821387485
2023-02-17,COP,FX,3.2951598502040804
2023-02-20,COP,FX,3.0698416782577223
2023-02-21,COP,FX,3.187836042275621
2023-02-22,COP,FX,3.1126587444289906
2023-02-23,COP,FX,2.970014717054809
2023-02-24,COP,FX,2.5209560663988024
2023-02-27,COP,FX,2.5431078965762195
2023-02-28,COP,FX,2.449248897357129
2023-03-01,COP,FX,2.518354931070512
2023-03-02,COP,FX,2.7314908563411664
2023-03-03,COP,FX,2.8969670281614497
2023-03-06,COP,FX,2.676263120632638
2023-03-07,COP,FX,2.182386817382261
2023-03-08,COP,FX,2.073647967808593
2023-03-09,COP,FX,2.052809036867592
2023-03-10,COP,FX,1.5550995341122271
2023-03-13,COP,FX,1.5171788458309272
2023-03-14,COP,FX,1.8791306847204172
2023-03-15,COP,FX,1.2440142700745704
2023-03-16,COP,FX,1.9773457430447536
2023-03-17,COP,FX,2.2205632053792432
2023-03-20,COP,FX,2.174916985164408
2023-03-21,COP,FX,2.3881434558878345
2023-03-22,COP,FX,2.086562193888256
2023-03-23,COP,FX,2.103356296867611
2023-03-24,COP,FX,1.7978659996807649
2023-03-27,COP,FX,2.0120416804168215
2023-03-28,COP,FX,1.9001475820640354
2023-03-29,COP,FX,1.8929091131866718
2023-03-30,COP,FX,1.9195463164958413
2023-03-31,COP,FX,1.9713236180025702
2023-04-03,COP,FX,2.1654697845179167
2023-04-04,COP,FX,1.9397788309300448
2023-04-05,COP,FX,1.7513193295041274
2023-04-06,COP,FX,1.6284422979695583
2023-04-10,COP,FX,1.745122905939685
2023-04-11,COP,FX,1.7039483237106408
2023-04-12,COP,FX,1.3949671670419936
2023-04-13,COP,FX,1.4821862464700208
2023-04-14,COP,FX,1.25382801047847
2023-04-17,COP,FX,1.1617969843391804
2023-04-18,COP,FX,1.164311805438545
2023-04-19,COP,FX,1.1774604284730859
2023-04-20,COP,FX,1.2947935752830184
2023-04-21,COP,FX,1.4105833169708226
2023-04-24,COP,FX,1.2869353130727306
2023-04-25,COP,FX,0.9322239451008342
2023-04-26,COP,FX,0.9650363059469297
2023-04-27,COP,FX,1.579949387947304
2023-04-28,COP,FX,1.9064087226897082
2023-05-02,COP,FX,1.8967492793898295
2023-05-03,COP,FX,2.015444093189492
2023-05-04,COP,FX,2.0375160470501013
2023-05-05,COP,FX,1.9784915805241603
2023-05-08,COP,FX,1.8457524963576362
2023-05-09,COP,FX,1.417000649785752
2023-05-10,COP,FX,1.610789045613564
2023-05-11,COP,FX,1.5013833914846635
2023-05-12,COP,FX,1.7559300946603873
2023-05-15,COP,FX,1.775007980928359
2023-05-16,COP,FX,1.522294842600551
2023-05-17,COP,FX,1.6915135540398438
2023-05-18,COP,FX,1.802300964950679
2023-05-19,COP,FX,1.747168023736293
2023-05-22,COP,FX,1.906090448883383
2023-05-23,COP,FX,1.799664104863992
2023-05-24,COP,FX,1.755340442133531
2023-05-25,COP,FX,1.5391706010376818
2023-05-26,COP,FX,1.8357115668560795
2023-05-29,COP,FX,1.746090816311084
2023-05-30,COP,FX,1.594202962109127
2023-05-31,COP,FX,1.1194841218242524
2023-06-01,COP,FX,1.3770046947612886
2023-06-02,COP,FX,1.5190783721863266
2023-06-05,COP,FX,1.158277280185768
2023-06-06,COP,FX,0.9036730276346729
2023-06-07,COP,FX,0.5878561781251571
2023-06-08,COP,FX,0.4074995621316919
2023-06-09,COP,FX,0.3278776283658571
2023-06-12,COP,FX,0.4900179826734692
2023-06-13,COP,FX,0.7198820071304197
2023-06-14,COP,FX,0.7721511791743131
2023-06-15,COP,FX,0.8415439499106097
2023-06-16,COP,FX,0.8038591634476155
2023-06-19,COP,FX,0.6914529094983671
2023-06-20,COP,FX,0.5676069020770654
2023-06-22,COP,FX,0.5562528431056086
2023-06-23,COP,FX,-0.05336695508085004
2023-06-27,COP,FX,0.5418315608132792
2023-06-28,COP,FX,0.38345685999280055
2023-06-29,COP,FX,0.6448619328851115
2023-06-30,COP,FX,0.9768184619564297
2023-07-03,COP,FX,0.9648733599212306
2023-07-04,COP,FX,0.9175237477478814
2023-07-05,COP,FX,0.9935712544526966
2023-07-06,COP,FX,0.7660860948867866
2023-07-07,COP,FX,1.0981639308602065
2023-07-10,COP,FX,1.2197682571340223
2023-07-11,COP,FX,1.11411812460476
2023-07-12,COP,FX,1.4418287219718668
2023-07-13,COP,FX,1.4360793875255378
2023-07-14,COP,FX,1.2235906785351227
2023-07-17,COP,FX,1.2317942567583187
2023-07-18,COP,FX,1.324675787112866
2023-07-19,COP,FX,0.8975445880656915
2023-07-20,COP,FX,0.5577363069105666
2023-07-21,COP,FX,0.33384774170603165
2023-07-24,COP,FX,0.4262368046796954
2023-07-25,COP,FX,0.3157264727880613
2023-07-26,COP,FX,0.36990565818044646
2023-07-27,COP,FX,0.40022054662701145
2023-07-28,COP,FX,0.28846569619811613
2023-07-31,COP,FX,0.32742721136015984
2023-08-01,COP,FX,-0.012199134610837213
2023-08-02,COP,FX,0.4371496458451844
2023-08-03,COP,FX,0.6290412366298854
2023-08-04,COP,FX,1.0725584794653553
2023-08-07,COP,FX,0.7066144252258568
2023-08-08,COP,FX,0.512470812415387
2023-08-09,COP,FX,0.46712053899809314
2023-08-10,COP,FX,0.42183087787442797
2023-08-11,COP,FX,-0.09866683072900138
2023-08-14,COP,FX,0.04120496493330603
2023-08-16,COP,FX,0.5759507258382903
2023-08-17,COP,FX,0.7289473295689469
2023-08-18,COP,FX,0.4135480911081152
2023-08-21,COP,FX,0.8579184117553631
2023-08-22,COP,FX,0.8827685880856686
2023-08-23,COP,FX,0.7523682904153776
2023-08-24,COP,FX,0.5366073431518749
2023-08-25,COP,FX,0.44255809239910143
2023-08-28,COP,FX,0.748185961758841
2023-08-29,COP,FX,0.7454970827828068
2023-08-30,COP,FX,0.8583541422064418
2023-08-31,COP,FX,0.6849955048341733
2023-09-01,COP,FX,0.6277832706525599
2023-09-04,COP,FX,0.40979152772363014
2023-09-05,COP,FX,0.3376385799594285
2023-09-06,COP,FX,0.35268534049475453
2023-09-07,COP,FX,0.19851126012998585
2023-09-08,COP,FX,-0.040851687289641996
2023-09-11,COP,FX,-0.11359933945329816
2023-09-12,COP,FX,-0.16171173172871703
2023-09-13,COP,FX,-0.3206652965910128
2023-09-14,COP,FX,-0.5556862918940195
2023-09-15,COP,FX,-0.6653572121866637
2023-09-20,COP,FX,-0.6722805848225569
2023-09-21,COP,FX,-0.7466731113724071
2023-09-22,COP,FX,-0.5868420325500343
2023-09-25,COP,FX,-0.5029723591381672
2023-09-26,COP,FX,-0.12358534929569322
2023-09-27,COP,FX,-0.14014524174524215
2023-09-28,COP,FX,-0.03996528049881824
2023-09-29,COP,FX,0.044331621249701886
2023-10-02,COP,FX,-0.2635770474488764
2023-10-03,COP,FX,0.09433083064432068
2023-10-04,COP,FX,0.2575058385855856
2023-10-05,COP,FX,0.5576604406092935
2023-10-06,COP,FX,1.3928031977585775
2023-10-10,COP,FX,1.6672764247861511
2023-10-11,COP,FX,0.8521733533425486
2023-10-12,COP,FX,0.861267909023959
2023-10-13,COP,FX,0.9096558841795317
2023-10-16,COP,FX,1.1433309255520396
2023-10-17,COP,FX,1.3891081629039193
2023-10-18,COP,FX,1.224326409722706
2023-10-19,COP,FX,1.2149418610457323
2023-10-20,COP,FX,1.1460453929115195
2023-10-23,COP,FX,0.8649807213062952
2023-10-24,COP,FX,0.7976710933320993
2023-10-25,COP,FX,0.6486088574085246
2023-10-26,COP,FX,0.09308841284660882
2023-10-30,COP,FX,0.015312127246399451
2023-10-31,COP,FX,-0.46286428396687074
2023-11-02,COP,FX,0.05133146040084099
2023-11-03,COP,FX,-0.12562151796690268
2023-11-06,COP,FX,-0.47714321459602527
2023-11-07,COP,FX,-0.7302714032144862
2023-11-08,COP,FX,-0.8436742917685741
2023-11-09,COP,FX,-0.3681255169467062
2023-11-10,COP,FX,-0.3679186715313126
2023-11-13,COP,FX,-0.45604626209618854
2023-11-14,COP,FX,-0.24161232392924778
2023-11-15,COP,FX,-0.38232100138269065
2023-11-16,COP,FX,-0.4736571484509782
2023-11-17,COP,FX,0.1467217390817402
2023-11-20,COP,FX,0.48307765025763116
2023-11-21,COP,FX,-0.055121503954900126
2023-11-22,COP,FX,-0.02880651179446923
2023-11-23,COP,FX,0.07058594478781725
2023-11-24,COP,FX,0.14617220656683363
2023-11-27,COP,FX,-0.06472632863753047
2023-11-28,COP,FX,-0.329570936065202
2023-11-29,COP,FX,-0.49783178078418133
2023-11-30,COP,FX,-0.537556101770587
2023-12-01,COP,FX,-0.28376490274956323
2023-12-04,COP,FX,-0.6872334135958907
2023-12-05,COP,FX,-0.9309152840479765
2023-12-06,COP,FX,-0.9212252705258176
2023-12-07,COP,FX,-0.8989481015924115
2023-12-11,COP,FX,-0.7539481822927139
2023-12-12,COP,FX,-0.9509542079000037
2023-12-13,COP,FX,-0.8146828412751539
2023-12-14,COP,FX,-0.4935778985352334
2023-12-15,COP,FX,-0.7668790125641072
2023-12-18,COP,FX,-0.6554921976220075
2023-12-19,COP,FX,-0.5664838242620945
2023-12-20,COP,FX,-0.7660493486390461
2023-12-21,COP,FX,-0.3990330540354547
2023-12-22,COP,FX,-0.33752232038986146
2023-12-26,COP,FX,-0.3485342354197296
2023-12-27,COP,FX,-0.7166174243205838
2023-12-28,COP,FX,-0.925546753523486
2023-12-29,COP,FX,-1.238634508249689
2024-01-02,COP,FX,-1.45054808988518
2024-01-03,COP,FX,-1.1608591231189616
2024-01-04,COP,FX,-0.949418019234833
2024-01-05,COP,FX,-0.9309024622487447
2024-01-08,COP,FX,-0.7958756621592291
2024-01-09,COP,FX,-0.81678460397786945
2024-01-10,COP,FX,-0.6929244748124359
2024-01-11,COP,FX,-0.6859470444181867
2024-01-12,COP,FX,-0.7134524136661822
2024-01-15,COP,FX,-0.9079447569099997
2024-01-16,COP,FX,-0.9513608018929098
2024-01-17,COP,FX,-0.8680469331241304
2024-01-18,COP,FX,-0.5056216106559129
2024-01-19,COP,FX,-0.5387446746362919
2024-01-22,COP,FX,-0.6164604439678927
2024-01-23,COP,FX,-0.8026384778273289
2024-01-24,COP,FX,-0.47094122156526347
2024-01-25,COP,FX,-0.47358125899008535
2024-01-26,COP,FX,-0.48611121545515046
2024-01-29,COP,FX,-0.48408878555033863
2024-01-30,COP,FX,-0.6467429160291065
2024-01-31,COP,FX,-0.9600658490054124
2024-02-01,COP,FX,-0.9801461986662652
2024-02-02,COP,FX,-0.7401696090358237
2024-02-05,COP,FX,-0.7070727694865264
2024-02-06,COP,FX,-0.474987174238299
2024-02-07,COP,FX,-0.450117260410102
2024-02-08,COP,FX,-0.3763991226188234
2024-02-09,COP,FX,-0.26617874198770725
2024-02-12,COP,FX,-0.2955031182993948
2024-02-13,COP,FX,-0.36993119023357723
2024-02-14,COP,FX,-0.5517489434627959
2024-02-15,COP,FX,-0.5098663594883227
2024-02-16,COP,FX,-0.4781865568586002
2024-02-19,COP,FX,-0.47128944794597893
2024-02-20,COP,FX,-0.5282912508411169
2024-02-21,COP,FX,-0.5794657394267559
2024-02-22,COP,FX,-0.23993193654415715
2024-02-23,COP,FX,-0.41920283598838076
2024-02-26,COP,FX,-0.36053853401995983
2024-02-27,COP,FX,-0.20975431984250625
2024-02-28,COP,FX,-0.5582175297920953
2024-02-29,COP,FX,-0.4893646468944798
2024-03-01,COP,FX,-0.36460935135269495
2024-03-04,COP,FX,-0.23235889858715106
2024-03-05,COP,FX,-0.33954031468300266
2024-03-06,COP,FX,-0.2221812670273488
2024-03-07,COP,FX,-0.026702352978991206
2024-03-08,COP,FX,-0.19003225087487427
2024-03-11,COP,FX,-0.24372893755890593
2024-03-12,COP,FX,-0.22275959954911537
2024-03-13,COP,FX,-0.018501294793986395
2024-03-14,COP,FX,0.04678056302213256
2024-03-15,COP,FX,-0.23309774886492057
2024-03-18,COP,FX,-0.24193704153274595
2024-03-19,COP,FX,-0.5324900406239594
2024-03-20,COP,FX,-0.4008627130611781
2024-03-21,COP,FX,-0.31224676969799314
2024-03-22,COP,FX,-0.48787774605619577
2024-03-25,COP,FX,-0.3462737996042443
2024-03-26,COP,FX,-0.3686709402470849
2024-03-27,COP,FX,-0.5632015600242889
2024-03-28,COP,FX,-0.5875814527599285
2024-04-01,COP,FX,-0.35954095305164296
2024-04-02,COP,FX,-0.2501094460669575
2024-04-03,COP,FX,-0.2647895339101679
2024-04-04,COP,FX,-0.4465159245934585
2024-04-05,COP,FX,-0.45327172681600436
2024-04-08,COP,FX,-0.6303137945252931
2024-04-09,COP,FX,-0.503614305323562
2024-04-10,COP,FX,-0.4073650936563665
2024-04-11,COP,FX,-0.19481118815955825
2024-04-12,COP,FX,-0.4081936349692207
2024-04-15,COP,FX,-0.1991918421071151
2024-04-16,COP,FX,-0.2835450942888985
2024-04-17,COP,FX,-0.3506079579601719
2024-04-18,COP,FX,-0.4660841783423308
2024-04-19,COP,FX,-0.7498182088858363
2024-04-22,COP,FX,-0.7019518994734606
2024-04-23,COP,FX,-0.6420029886906146
2024-04-24,COP,FX,-0.5755179159459913
2024-04-25,COP,FX,-0.36705771757228556
2024-04-26,COP,FX,-0.13615451603293124
2024-04-29,COP,FX,-0.37735898460416545
2024-04-30,COP,FX,-0.906696270845442
2024-05-02,COP,FX,-0.8761200768229743
2024-05-03,COP,FX,-0.7005677557548049
2024-05-06,COP,FX,-0.5721841523179038
2024-05-07,COP,FX,-0.6788247037656486
2024-05-08,COP,FX,-0.8036122992372834
2024-05-09,COP,FX,-0.7141737544023293
2024-05-10,COP,FX,-0.5840399768149799
2024-05-13,COP,FX,-0.4999617458179566
2024-05-14,COP,FX,-0.5355600629055997
2024-05-15,COP,FX,-0.7057315234393811
2024-05-16,COP,FX,-0.7935590755381683
2024-05-17,COP,FX,-0.7278887340221092
2024-05-20,COP,FX,-0.5574400618835404
2024-05-22,COP,FX,-0.9483219192261813
2024-05-23,COP,FX,-0.8770536860434449
2024-05-24,COP,FX,-0.7344080087879007
2024-05-27,COP,FX,-0.296290381017234
2024-05-28,COP,FX,-0.010121437433966408
2024-05-29,COP,FX,-0.25110337857448317
2024-05-30,COP,FX,-0.5392119965108776
2024-05-31,COP,FX,-0.6660663903887535
2024-06-03,COP,FX,-0.968451213337937
2024-06-04,COP,FX,-1.249328580750152
2024-06-05,COP,FX,-0.7126186958032097
2024-06-06,COP,FX,-0.4598301674038628
2024-06-07,COP,FX,-0.49377840829163183
2024-06-10,COP,FX,-0.6401325105567277
2024-06-11,COP,FX,-0.5761087060226322
2024-06-12,COP,FX,-0.6089426486197124
2024-06-13,COP,FX,-0.28517041277600746
2024-06-14,COP,FX,0.14970673153257796
2024-06-17,COP,FX,0.6363598423044913
2024-06-18,COP,FX,0.6023298431699677
2024-06-19,COP,FX,0.3829493871161612
2024-06-21,COP,FX,0.8242949614284528
2024-06-24,COP,FX,0.5887297402356526
2024-06-25,COP,FX,0.4535342008952947
2024-06-26,COP,FX,0.3933012828523791
2024-06-27,COP,FX,0.5739935175982634
2024-06-28,COP,FX,0.8039518953603461
2024-07-01,COP,FX,0.9063091982639442
2024-07-02,COP,FX,0.8616971124740068
2024-07-03,COP,FX,0.9269668760438156
2024-07-04,COP,FX,0.9433053919984989
2024-07-05,COP,FX,0.943312560284951
2024-07-08,COP,FX,0.9209602859089362
2024-07-09,COP,FX,0.6817231321170211
2024-07-10,COP,FX,0.8019138718615365
2024-07-11,COP,FX,0.33307125783847474
2024-07-12,COP,FX,0.35379729556280026
2024-07-15,COP,FX,0.35699325775704455
2024-07-17,COP,FX,0.37567502815592135
2024-07-18,COP,FX,0.630705799236399
2024-07-19,COP,FX,0.5336326595475271
2024-07-22,COP,FX,0.625332582146777
2024-07-23,COP,FX,0.17697559168361165
2024-07-24,COP,FX,0.19378568091562612
2024-07-25,COP,FX,0.042618742219664565
2024-07-26,COP,FX,-0.005599018010143276
2024-07-29,COP,FX,-0.21084656852249697
2024-07-30,COP,FX,-0.16777191314394244
2024-07-31,COP,FX,0.2041253158334515
2024-08-01,COP,FX,-0.0922226686815537
2024-08-02,COP,FX,-0.660530253104981
2024-08-05,COP,FX,-0.39947357000990724
2024-08-06,COP,FX,-0.045181150680528796
2024-08-07,COP,FX,-0.2709247078685533
2024-08-08,COP,FX,-0.014151385179053073
2024-08-09,COP,FX,-0.2076279333076731
2024-08-12,COP,FX,-0.26949831020625126
2024-08-13,COP,FX,-0.33891303404250755
2024-08-14,COP,FX,-0.626902953734556
2024-08-16,COP,FX,-0.3841910397444478
2024-08-19,COP,FX,-0.18712101170535062
2024-08-20,COP,FX,-0.14540822628459724
2024-08-21,COP,FX,-0.2684901966636936
2024-08-22,COP,FX,-0.4201033855673227
2024-08-23,COP,FX,-0.0802590470875843
2024-08-26,COP,FX,-0.09092246099716556
2024-08-27,COP,FX,-0.32215023135527426
2024-08-28,COP,FX,-0.3815796758412132
2024-08-29,COP,FX,-0.4393915711431891
2024-08-30,COP,FX,-0.014968642485285837
2024-09-02,COP,FX,-0.13378093299931337
2024-09-03,COP,FX,-0.22744781908033412
2024-09-04,COP,FX,-0.21684928145171617
2024-09-05,COP,FX,-0.23839414915567458
2024-09-06,COP,FX,-0.5503525946860334
2024-09-09,COP,FX,-0.7705359058791487
2024-09-10,COP,FX,-0.4069097277255244
2024-09-11,COP,FX,0.14084965071924255
2024-09-12,COP,FX,0.3739203025244651
2024-09-13,COP,FX,0.2808160007553497
2024-09-16,COP,FX,0.07388605195009061
2024-09-17,COP,FX,0.3856653741424726
2024-09-23,COP,FX,0.010567415992063947
2024-09-24,COP,FX,0.06070824263032425
2024-09-25,COP,FX,0.005319846124639272
2024-09-26,COP,FX,0.17545912686956688
2024-09-27,COP,FX,0.12901158188114234
2024-09-30,COP,FX,-0.08922462714076267
2024-10-01,COP,FX,-0.15351967110445738
2024-10-02,COP,FX,0.17696451934671398
2024-10-03,COP,FX,0.09938221263214253
2024-10-04,COP,FX,0.25858216764507014
2024-10-07,COP,FX,0.2152645330588411
2024-10-08,COP,FX,0.34938898304768157
2024-10-09,COP,FX,0.6278227569402237
2024-10-10,COP,FX,0.6836774726095161
2024-10-11,COP,FX,0.6708639233202578
2024-10-14,COP,FX,0.5243799561244913
2024-10-15,COP,FX,0.3940810625304731
2024-10-16,COP,FX,0.5250505370133237
2024-10-17,COP,FX,0.6415365464502921
2024-10-18,COP,FX,0.661184683694211
2024-10-21,COP,FX,0.7633719170521527
2024-10-22,COP,FX,0.9815059218893991
2024-10-23,COP,FX,0.7119896586245191
2024-10-24,COP,FX,0.9440919233447563
2024-10-25,COP,FX,1.1423435260755568
2024-10-28,COP,FX,0.964135888171362
2024-10-29,COP,FX,1.0716306903657529
2024-10-30,COP,FX,1.2376558049608886
2024-11-04,COP,FX,1.3610259623352163
2024-11-05,COP,FX,1.405105920115931
2024-11-06,COP,FX,1.2942074124754772
2024-11-07,COP,FX,1.676529236688214
2024-11-08,COP,FX,1.1637029163216566
2024-11-11,COP,FX,0.6899078324261102
2024-11-12,COP,FX,0.792820647869451
2024-11-13,COP,FX,0.9888207708781849
2024-11-14,COP,FX,1.2064347494224468
2024-11-15,COP,FX,1.1494084638929578
2024-11-18,COP,FX,1.1860310216754724
2024-11-19,COP,FX,1.1797288577262899
2024-11-20,COP,FX,1.205678249861455
2024-11-21,COP,FX,1.2254241943779993
2024-11-22,COP,FX,0.8817891376120701
2024-11-25,COP,FX,0.9034721962759213
2024-11-26,COP,FX,0.7455864973812241
2024-11-27,COP,FX,0.7040634272066942
2024-11-28,COP,FX,0.838921445826623
2024-11-29,COP,FX,0.7375633231083966
2024-12-02,COP,FX,0.8416261667851036
2024-12-03,COP,FX,1.330633237953848
2024-12-04,COP,FX,1.2085238648610626
2024-12-05,COP,FX,1.118580643735773
2024-12-06,COP,FX,1.0351711751393509
2024-12-09,COP,FX,1.1254843654320619
2024-12-10,COP,FX,0.9292401560609074
2024-12-11,COP,FX,1.159402429188739
2024-12-12,COP,FX,1.0129987791234385
2024-12-13,COP,FX,0.8915484589496363
2024-12-16,COP,FX,1.0989085777433159
2024-12-17,COP,FX,1.0002046558625637
2024-12-18,COP,FX,1.377622058635023
2024-12-19,COP,FX,1.0737807123396543
2024-12-20,COP,FX,1.0424672393599859
2024-12-23,COP,FX,1.013358576932848
2024-12-24,COP,FX,1.1023985848768965
2024-12-26,COP,FX,1.0463905774272053
2024-12-27,COP,FX,0.9659868058086234
2024-12-30,COP,FX,0.9115857748363237
2025-01-02,COP,FX,0.8419161726768329
2025-01-03,COP,FX,1.0471733473717417
2025-01-06,COP,FX,1.147868916946047
2025-01-07,COP,FX,1.1234087079906723
2025-01-08,COP,FX,0.8417077717511597
2025-01-09,COP,FX,0.8560059187264739
2025-01-10,COP,FX,0.7928624757904879
2025-01-13,COP,FX,0.680753331309643
2025-01-14,COP,FX,0.6735482348218585
2025-01-15,COP,FX,0.6415233617985038
2025-01-16,COP,FX,0.3788805421808629
2025-01-17,COP,FX,0.6988692653919503
2025-01-20,COP,FX,0.6981606399449362
2025-01-21,COP,FX,0.6862773135912947
2025-01-22,COP,FX,0.7828541732909058
2025-01-23,COP,FX,0.640026014436525
2025-01-24,COP,FX,0.4854765500356528
2025-01-27,COP,FX,-0.10048577338815869
2025-01-28,COP,FX,-0.0074767324010041845
2025-01-29,COP,FX,-0.012804018307407695
2025-01-30,COP,FX,-0.04387445697763556
2025-01-31,COP,FX,-0.29995313497107534
2025-02-03,COP,FX,-0.4278440720427133
2025-02-04,COP,FX,-0.049150263142172385
2025-02-05,COP,FX,-0.29809019722999025
2025-02-06,COP,FX,-0.20792650351684072
2025-02-07,COP,FX,-0.32592620902703445
2025-02-10,COP,FX,-0.44669385683394425
2025-02-11,COP,FX,-0.38385627148905577
2025-02-12,COP,FX,-0.1511468432166185
2025-02-13,COP,FX,-0.07138395986114655
2025-02-14,COP,FX,-0.07697987187955173
2025-02-17,COP,FX,-0.3749216782567763
2025-02-18,COP,FX,-0.25309959840263535
2025-02-19,COP,FX,-0.19697332906033616
2025-02-20,COP,FX,-0.307880158402876
2025-02-21,COP,FX,-0.7151903368099316
2025-02-24,COP,FX,-0.8696699302782824
2025-02-25,COP,FX,-0.9694975908958369
2025-02-26,COP,FX,-0.9238851493366448
2025-02-27,COP,FX,-1.1372918795453388
2025-02-28,COP,FX,-1.2756194513532184
2025-03-03,COP,FX,-1.372818272254318
2025-03-04,COP,FX,-1.3529909428430487
2025-03-05,COP,FX,-0.8838605306991506
2025-03-06,COP,FX,-0.99213242466411
2025-03-07,COP,FX,-1.0361274992037943
2025-03-10,COP,FX,-1.392329129316965
2025-03-11,COP,FX,-1.0892079675979838
2025-03-12,COP,FX,-1.0251124768553652
2025-03-13,COP,FX,-1.5091117477602711
2025-03-14,COP,FX,-1.2221341240735004
2025-03-17,COP,FX,-1.2054505069993808
2025-03-18,COP,FX,-1.5351190118068638
2025-03-19,COP,FX,-1.2595245212144743
2025-03-20,COP,FX,-1.3136151107846938
2025-03-21,COP,FX,-1.0857163408065247
2025-03-24,COP,FX,-0.9119082707576374
2025-03-25,COP,FX,-0.7864005476531875
2025-03-26,COP,FX,-1.3185375662774208
2025-03-27,COP,FX,-1.2788737411046887
2025-03-28,COP,FX,-1.4249765641794483
2025-03-31,COP,FX,-1.195251886833704
2025-04-01,COP,FX,-1.212793106521795
2025-04-02,COP,FX,-1.29314760616295
2025-04-03,COP,FX,-1.3491345586720238
2025-04-04,COP,FX,-2.208850361538166
2025-04-07,COP,FX,-1.344741643349331
2025-04-08,COP,FX,-0.6528532543494495
2025-04-09,COP,FX,0.43438646302843126
2025-04-10,COP,FX,0.6679353216071462
2025-04-11,COP,FX,1.0532957023201839
2025-04-14,COP,FX,0.752299274556705
2025-04-15,COP,FX,0.42695315052566174
2025-04-16,COP,FX,0.5475169950998346
2025-04-17,COP,FX,0.3478284919854329
2025-04-21,COP,FX,0.21543524439545086
2025-04-22,COP,FX,0.40735221433201774
2025-04-23,COP,FX,0.40628587412478756
2025-04-24,COP,FX,0.5658484431894365
2025-04-25,COP,FX,0.30344694830969376
2025-04-28,COP,FX,0.13711802707515938
2025-04-29,COP,FX,-0.046750371666540017
2025-04-30,COP,FX,-0.21937456520686924
2025-05-02,COP,FX,0.20171722741912293
2025-05-05,COP,FX,0.5001957444967269
2025-05-06,COP,FX,0.5641609963657562
2025-05-07,COP,FX,0.5707813353354083
2025-05-08,COP,FX,0.6454833906078601
2025-05-09,COP,FX,0.45573633697590654
2025-05-12,COP,FX,0.20494796315657104
2025-05-13,COP,FX,0.2587570382864999
2025-05-14,COP,FX,0.5134704696410829
2025-05-15,COP,FX,0.23871103845867203
2025-05-16,COP,FX,0.27861496094013216
2025-05-19,COP,FX,0.4535192929350564
2025-05-20,COP,FX,0.4317738258916662
2025-05-22,COP,FX,0.4837925444508518
2025-05-23,COP,FX,0.5874532703613734
2025-05-26,COP,FX,0.6515803653782163
2025-05-27,COP,FX,0.501340239568863
2025-05-28,COP,FX,0.2753319150424818
2025-05-29,COP,FX,0.1011650670251763
2025-05-30,COP,FX,-0.013173597933240237
2025-06-02,COP,FX,0.6370489391801816
2025-06-03,COP,FX,0.6342999952508428
2025-06-04,COP,FX,0.46545385583204946
2025-06-05,COP,FX,0.4052690862680843
2025-06-06,COP,FX,0.45922995593735544
2025-06-09,COP,FX,0.7388434441023045
2025-06-10,COP,FX,0.757658700209296
2025-06-11,COP,FX,1.0222307666217911
2025-06-12,COP,FX,1.297111502678989
2025-06-13,COP,FX,1.3007172058088081
2025-06-16,COP,FX,1.3389118568221237
2025-06-17,COP,FX,1.084239147277857
2025-06-18,COP,FX,0.8872738936928968
2025-06-19,COP,FX,0.6934529119652106
2025-06-23,COP,FX,0.31337914552262425
2025-06-24,COP,FX,0.3869238977934343
2025-06-25,COP,FX,0.35849974512855487
2025-06-26,COP,FX,0.5633456797923897
2025-06-27,COP,FX,0.4458889421471494
2025-06-30,COP,FX,0.5828712205925535
2025-07-01,COP,FX,0.7217103676690186
2025-07-02,COP,FX,0.707186181353827
2025-07-03,COP,FX,0.6376471814904227
2025-07-04,COP,FX,0.5042019019894065
2025-07-07,COP,FX,0.43168418299818573
2025-07-08,COP,FX,0.5682203181601979
2025-07-09,COP,FX,0.7242943393445744
2025-07-10,COP,FX,0.5367843645653846
2025-07-11,COP,FX,0.5734604131828819
2025-07-14,COP,FX,0.5589261668209959
2025-07-15,COP,FX,0.5998718209682554
2025-07-17,COP,FX,0.592446488674004
2025-07-18,COP,FX,0.5453031658018299
2025-07-21,COP,FX,0.5657466424125338
2025-07-22,COP,FX,0.662232594792209
2025-07-23,COP,FX,0.8472111705360518
2025-07-24,COP,FX,0.8590192360737806
2025-07-25,COP,FX,0.795156877114903
2025-07-28,COP,FX,1.0056558934105626
2025-07-29,COP,FX,1.1593127293093928
2025-07-30,COP,FX,1.0633982306963443
2025-07-31,COP,FX,1.1104397771797507
2025-08-01,COP,FX,0.8541282078778064
2025-08-04,COP,FX,0.8379254141308714
2025-08-05,COP,FX,0.6141561141539484
2025-08-06,COP,FX,0.7533430679060524
2025-08-07,COP,FX,0.6702923958186606
2025-08-08,COP,FX,0.7091780755703443
2025-08-11,COP,FX,0.6049192362515048
2025-08-12,COP,FX,0.6437216842682417
2025-08-13,COP,FX,0.5651445280309252
2025-08-14,COP,FX,0.5729213727673973
2025-08-18,COP,FX,0.5214509554941945
2025-08-19,COP,FX,0.27945102556119356
2025-08-20,COP,FX,0.3015093894784994
2025-08-21,COP,FX,0.3274067011962658
2025-08-22,COP,FX,0.28208579774303033
2025-08-25,COP,FX,0.3173872324253046
2025-08-26,COP,FX,0.2994556767062141
2025-08-27,COP,FX,0.3813666948506693
2025-08-28,COP,FX,0.508807454878664
2025-08-29,COP,FX,0.2676204254079294
2025-09-01,COP,FX,0.3872020484808025
2025-09-02,COP,FX,0.32613202380641776
2025-09-03,COP,FX,0.3374704925335583
2025-09-04,COP,FX,0.11680916499520702
2025-09-05,COP,FX,0.019091231996914076
2025-09-08,COP,FX,-0.038896930941205665
2025-09-09,COP,FX,-0.03642593202338569
2025-09-10,COP,FX,-0.19867911319934087
2025-09-11,COP,FX,-0.25475841916786496
2025-09-12,COP,FX,-0.19687352771038472
2025-09-15,COP,FX,0.10140609782872326
2025-09-16,COP,FX,0.14482225113394823
2025-09-17,COP,FX,0.01388596427446522
2025-09-22,COP,FX,0.39110018959120163
2025-09-23,COP,FX,0.10509899816065629
2025-09-24,COP,FX,-0.05897980211500422
2025-09-25,COP,FX,0.11326314092471866
2025-09-26,COP,FX,0.07624494356435237
2025-09-29,COP,FX,0.25561826480112304
2025-09-30,COP,FX,0.2861499248884884
2025-10-01,COP,FX,0.3868500963797475
2025-10-02,COP,FX,0.2092046019947015
2025-10-03,COP,FX,0.2021019763780176
2025-10-06,COP,FX,0.0869097538649598
2025-10-07,COP,FX,-0.18721588591670232
2025-10-08,COP,FX,-0.03957820819947523
2025-10-09,COP,FX,-0.07827068766773318
2025-10-10,COP,FX,-0.3375605800511723
2025-10-13,COP,FX,-0.11070764632302953
2025-10-14,COP,FX,-0.13249330989201832
2025-10-15,COP,FX,0.13675197794811964
2025-10-16,COP,FX,0.22851118698140363
2025-10-17,COP,FX,-0.1904541541431642
2025-10-20,COP,FX,-0.6013836829435377
2025-10-21,COP,FX,-0.5716981801305214
2025-10-22,COP,FX,-0.6289834538210791
2025-10-23,COP,FX,-0.31795395212755934
2025-10-24,COP,FX,-0.3747144549066129
2025-10-27,COP,FX,-0.5364032059416255
2025-10-28,COP,FX,-0.5678818446187966
2025-10-29,COP,FX,-0.1532280748323328
2025-10-30,COP,FX,-0.39421385110952584
2025-11-03,COP,FX,-0.45480540135262765
2025-11-04,COP,FX,-0.7276478240693663
2025-11-05,COP,FX,-0.572561984710007
2025-11-06,COP,FX,-0.8899538206313816
2025-11-07,COP,FX,-1.0567383806709236
2025-11-10,COP,FX,-0.8595621036534113
2025-11-11,COP,FX,-1.0291132059190955
2025-11-12,COP,FX,-1.0499441685720174
2025-11-13,COP,FX,-1.4039244151262187
2025-11-14,COP,FX,-1.3674852938589181
2025-11-17,COP,FX,-1.142665039417558
2025-11-18,COP,FX,-1.1810490017942763
2025-11-19,COP,FX,-1.298910217329188
2025-11-20,COP,FX,-1.8247884440307791
2025-11-21,COP,FX,-1.8175289413491802
2025-11-24,COP,FX,-1.1946467424051581
2025-11-25,COP,FX,-1.3298150706963738
2025-11-26,COP,FX,-1.170421655406675
2025-11-27,COP,FX,-1.2715118709336035
2025-11-28,COP,FX,-1.3195726185589023
2025-12-01,COP,FX,-1.2510204096083881
2025-12-02,COP,FX,-1.181234477079977
2025-12-03,COP,FX,-0.9435908799419414
2025-12-04,COP,FX,-1.0779431344523107
2025-12-05,COP,FX,-1.2225576740498785
2025-12-09,COP,FX,-0.6767259413520842
2025-12-10,COP,FX,-0.5535759408579949
2025-12-11,COP,FX,-0.4933228307604787
2025-12-12,COP,FX,-0.8381682138069108
2025-12-15,COP,FX,-1.0310301017110644
2025-12-16,COP,FX,-0.8634524895065468
2025-12-17,COP,FX,-0.865005334276459
2025-12-18,COP,FX,-0.6828169131685412
2025-12-19,COP,FX,-0.5870117676715244
2025-12-22,COP,FX,-0.7651543274952267
2025-12-23,COP,FX,-0.786353434113821
2025-12-24,COP,FX,-1.0240918922209503
2025-12-26,COP,FX,-1.4323286095386079
2025-12-29,COP,FX,-1.527903489126778
2025-12-30,COP,FX,-1.619053464219985
2026-01-02,COP,FX,-1.4033775730881246
2026-01-05,COP,FX,-1.1623194690616208
2026-01-06,COP,FX,-1.0967160306863502
2026-01-07,COP,FX,-1.4672500025937698
2026-01-08,COP,FX,-1.4059365020534136
2026-01-09,COP,FX,-1.4489157896542022
2026-01-12,COP,FX,-1.2786974127537811
2026-01-13,COP,FX,-1.2586606525395494
2026-01-14,COP,FX,-1.6846850528399369
2026-01-15,COP,FX,-1.8382540439412076
2026-01-16,COP,FX,-1.5439422883297322
2026-01-19,COP,FX,-1.2877804944868503
2026-01-20,COP,FX,-1.0756294298734503
2026-01-21,COP,FX,-1.279765988304493
2026-01-22,COP,FX,-1.3094968773614648
2026-01-23,COP,FX,-1.350300081935032
2026-01-26,COP,FX,-1.0549256805646035
2026-01-27,COP,FX,-0.48585883304678346
2026-01-28,COP,FX,-0.2658264960627507
2026-01-29,COP,FX,-0.3979213234540408
2026-01-30,COP,FX,-0.932610602055166
2026-02-02,COP,FX,-1.2124567205196841
2026-02-03,COP,FX,-1.3460239617408305
2026-02-04,COP,FX,-1.4073707648027307
2026-02-05,COP,FX,-1.771883763178083
2026-02-06,COP,FX,-1.259738300900624
2026-02-09,COP,FX,-1.0327260974514783
2026-02-10,COP,FX,-1.2559912566325075
2026-02-11,COP,FX,-1.1046728697893802
2026-02-12,COP,FX,-1.3932784023181135
2026-02-13,COP,FX,-1.450897384053145
2026-02-16,COP,FX,-1.4910133871417734
2026-02-17,COP,FX,-1.6472298511616885
2026-02-18,COP,FX,-1.3359922419810975
2026-02-19,COP,FX,-1.4237217219422629
2026-02-20,COP,FX,-1.1801320379897975
2026-02-23,COP,FX,-1.1864231026050984
2026-02-24,COP,FX,-1.2702210677096855
2026-02-25,COP,FX,-1.1340021678925667
2026-02-26,COP,FX,-1.2978848990832943
2026-02-27,COP,FX,-1.094236309966771
2026-03-02,COP,FX,-0.8227334446489598
2026-03-03,COP,FX,-1.04431474424504
2026-03-04,COP,FX,-0.7160461358086966
2026-03-05,COP,FX,-0.8561951321877068
2026-03-06,COP,FX,-0.6374242145584185
2026-03-09,COP,FX,-0.40889888176702954
2026-03-10,COP,FX,-0.7291302898061494
2026-03-11,COP,FX,-1.0352435360574233
2026-03-12,COP,FX,-1.1670618303036446
2026-03-13,COP,FX,-1.364336886167895
2026-03-16,COP,FX,-1.6351777899047708
2026-03-17,COP,FX,-1.4738556979111428
2026-03-18,COP,FX,-1.7086864503637293
2026-03-19,COP,FX,-1.9181461683199026
2026-03-20,COP,FX,-1.8414874181793173
2026-03-23,COP,FX,-1.6759033403458319
2026-03-24,COP,FX,-1.705615770542145
2026-03-25,COP,FX,-1.7157454868643118
2026-03-26,COP,FX,-1.939026254873757
2026-03-27,COP,FX,-2.1124304572607886
2026-03-30,COP,FX,-2.35205367077333
2026-03-31,COP,FX,-2.082156775228709
2026-04-01,COP,FX,-1.8368630692486112
2026-04-02,COP,FX,-1.6982376970705213
2026-04-06,COP,FX,-1.6878070028044028
2026-04-07,COP,FX,-1.5967629960553367
2026-04-08,COP,FX,-1.4026893501630024
2026-04-09,COP,FX,-1.645843180790166
2026-04-10,COP,FX,-1.5877253594663008
2026-04-13,COP,FX,-1.597162247354608
2026-04-14,COP,FX,-1.5839619774649156
2026-04-15,COP,FX,-1.7149817675839976
2026-04-16,COP,FX,-1.4546458881413356
2026-04-17,COP,FX,-1.4320763610619138
2026-04-20,COP,FX,-1.5094643107757457
2026-04-21,COP,FX,-1.6973541483892804
2026-04-22,COP,FX,-1.5181324567561092
2026-04-23,COP,FX,-1.6292002762611377
2026-04-24,COP,FX,-1.5973538440317168
2026-04-27,COP,FX,-1.5842706260647472
2026-04-28,COP,FX,-1.5767073041484851
2026-04-29,COP,FX,-1.0644551593189764
2026-04-30,COP,FX,-1.2096999342856205
2026-05-04,COP,FX,-0.8933301871990371
2026-05-05,COP,FX,-0.5088982554949405
2026-05-06,COP,FX,-0.0637884413872961
2026-05-07,COP,FX,-0.19870335587697008
2026-05-08,COP,FX,0.0646813629292025
2026-05-11,COP,FX,0.4197980715281864
2026-05-12,COP,FX,0.3875923264346954
2026-05-13,COP,FX,0.5057752403364562
2026-05-14,COP,FX,0.6006367363931309
2026-05-15,COP,FX,0.3307140340281089
2026-05-18,COP,FX,0.37757732667684646
2026-05-19,COP,FX,0.2927603684644947
2026-05-20,COP,FX,0.16721543064986438
2026-05-22,COP,FX,-0.5010436606990091
2026-05-25,COP,FX,-0.64103106488191
2026-05-26,COP,FX,-0.6381729188294485
2026-05-27,COP,FX,-1.0272337436125392
2026-05-28,COP,FX,-1.09993233865444
2026-05-29,COP,FX,-0.9549680857905241
2026-06-01,COP,FX,-0.6272998455784593
2022-01-03,MXN,FX,0.1040945534871368
2022-01-04,MXN,FX,0.03717485881035827
2022-01-05,MXN,FX,0.1653025295646089
2022-01-06,MXN,FX,0.2556236717977427
2022-01-07,MXN,FX,0.2193979630538389
2022-01-10,MXN,FX,0.197311851069978
2022-01-11,MXN,FX,0.1267403528622534
2022-01-12,MXN,FX,0.19119220360294437
2022-01-13,MXN,FX,0.4602078117924679
2022-01-14,MXN,FX,0.5097133820035561
2022-01-17,MXN,FX,0.4369828444321005
2022-01-18,MXN,FX,0.4428327859050287
2022-01-19,MXN,FX,0.2804592020157619
2022-01-20,MXN,FX,0.3605970091401188
2022-01-21,MXN,FX,0.4872867028470223
2022-01-24,MXN,FX,0.4931420123298222
2022-01-25,MXN,FX,0.433529421188086
2022-01-26,MXN,FX,0.4893250809213174
2022-01-27,MXN,FX,0.46705868424554786
2022-01-28,MXN,FX,0.4030703770288734
2022-01-31,MXN,FX,0.30178674660206395
2022-02-01,MXN,FX,0.3054895901639441
2022-02-02,MXN,FX,0.40696450535686685
2022-02-03,MXN,FX,0.5394076656371041
2022-02-04,MXN,FX,0.767381754143903
2022-02-07,MXN,FX,0.7394993047900417
2022-02-08,MXN,FX,0.7558614106237965
2022-02-09,MXN,FX,0.696106438530755
2022-02-10,MXN,FX,0.7740370673273779
2022-02-11,MXN,FX,0.5910177125262561
2022-02-14,MXN,FX,0.48237597343870015
2022-02-15,MXN,FX,0.5131861414829468
2022-02-16,MXN,FX,0.5323502169489815
2022-02-17,MXN,FX,0.4151375636776519
2022-02-18,MXN,FX,0.4621385400323072
2022-02-21,MXN,FX,0.46829862881427525
2022-02-22,MXN,FX,0.49147733705241975
2022-02-23,MXN,FX,0.47733183979908234
2022-02-24,MXN,FX,0.24310357065230737
2022-02-25,MXN,FX,0.26556236516702353
2022-02-28,MXN,FX,0.016354866579778672
2022-03-01,MXN,FX,-0.24829091991261884
2022-03-02,MXN,FX,-0.11736900249989009
2022-03-03,MXN,FX,-0.11417236966036044
2022-03-04,MXN,FX,-0.5183583691717464
2022-03-07,MXN,FX,-0.37863817765279895
2022-03-08,MXN,FX,-0.2579927210053857
2022-03-09,MXN,FX,-0.14016234680938341
2022-03-10,MXN,FX,-0.039808917625706146
2022-03-11,MXN,FX,-0.2713781812994278
2022-03-14,MXN,FX,-0.02514225181842008
2022-03-15,MXN,FX,0.019229361504656414
2022-03-16,MXN,FX,0.03324178314102253
2022-03-17,MXN,FX,-0.12527395920816164
2022-03-18,MXN,FX,-0.2264487165554269
2022-03-21,MXN,FX,-0.2345479210938488
2022-03-22,MXN,FX,-0.2018418524332515
2022-03-23,MXN,FX,-0.473941867795307
2022-03-24,MXN,FX,-0.44973446856036964
2022-03-25,MXN,FX,-0.41672276999126456
2022-03-28,MXN,FX,-0.3774187008820332
2022-03-29,MXN,FX,-0.2982657091770493
2022-03-30,MXN,FX,-0.24567674795735708
2022-03-31,MXN,FX,-0.20148761732351442
2022-04-01,MXN,FX,-0.29491869827454253
2022-04-04,MXN,FX,-0.3078332267859976
2022-04-05,MXN,FX,-0.0469174106502709
2022-04-06,MXN,FX,0.1314940990752816
2022-04-07,MXN,FX,0.19395004205938843
2022-04-08,MXN,FX,0.08765670028319213
2022-04-11,MXN,FX,0.20067586696186135
2022-04-12,MXN,FX,-0.09955692869220537
2022-04-13,MXN,FX,-0.32696500548982055
2022-04-14,MXN,FX,0.02047491746249905
2022-04-18,MXN,FX,0.12934762193784913
2022-04-19,MXN,FX,0.07488040555520725
2022-04-20,MXN,FX,0.1840257558073772
2022-04-21,MXN,FX,0.5725198743222264
2022-04-22,MXN,FX,0.6953043206064513
2022-04-25,MXN,FX,0.6936798903662295
2022-04-26,MXN,FX,0.4380693290148849
2022-04-27,MXN,FX,0.4204852313469916
2022-04-28,MXN,FX,0.21319547707760142
2022-04-29,MXN,FX,0.4600486633861037
2022-05-02,MXN,FX,0.5340972169867991
2022-05-03,MXN,FX,0.5722314564963578
2022-05-04,MXN,FX,0.3105535476373167
2022-05-05,MXN,FX,0.4538656450310972
2022-05-06,MXN,FX,0.6085820927657343
2022-05-09,MXN,FX,0.8274340850824872
2022-05-10,MXN,FX,0.8779716533098129
2022-05-11,MXN,FX,0.7854483335679573
2022-05-12,MXN,FX,0.7484950465793324
2022-05-13,MXN,FX,0.5689319782631251
2022-05-16,MXN,FX,0.4394181426525275
2022-05-17,MXN,FX,0.6878833034480532
2022-05-18,MXN,FX,0.7185895505962397
2022-05-19,MXN,FX,0.6839571420226023
2022-05-20,MXN,FX,0.6666730976307409
2022-05-23,MXN,FX,0.8851886693110421
2022-05-24,MXN,FX,0.8531923318968936
2022-05-25,MXN,FX,0.8742561848292247
2022-05-26,MXN,FX,0.8557962084897248
2022-05-27,MXN,FX,0.8054119488055393
2022-05-30,MXN,FX,0.7154683103579188
2022-05-31,MXN,FX,0.9433333011674665
2022-06-01,MXN,FX,1.0689785088875194
2022-06-02,MXN,FX,0.7583802363828621
2022-06-03,MXN,FX,0.8691949669666074
2022-06-06,MXN,FX,0.8647037026139519
2022-06-07,MXN,FX,0.6130380974208931
2022-06-08,MXN,FX,0.8322277213142629
2022-06-09,MXN,FX,0.8979905269837916
2022-06-10,MXN,FX,0.7665197089500755
2022-06-13,MXN,FX,1.205698516039567
2022-06-14,MXN,FX,1.4694791098793691
2022-06-15,MXN,FX,1.2182636128882662
2022-06-16,MXN,FX,1.1561041656522097
2022-06-17,MXN,FX,1.2414560985863974
2022-06-20,MXN,FX,1.0493436662293687
2022-06-22,MXN,FX,0.7905505292133704
2022-06-23,MXN,FX,0.784397901083168
2022-06-24,MXN,FX,0.5589352871831974
2022-06-28,MXN,FX,0.6235137263588034
2022-06-29,MXN,FX,0.5992047730617265
2022-06-30,MXN,FX,0.5207068726316219
2022-07-01,MXN,FX,0.36272026563377713
2022-07-04,MXN,FX,0.48176468559215857
2022-07-05,MXN,FX,0.20661641890764187
2022-07-06,MXN,FX,0.2664709638787707
2022-07-07,MXN,FX,0.07461921730013084
2022-07-08,MXN,FX,0.029851116194520848
2022-07-11,MXN,FX,-0.06857654011318086
2022-07-12,MXN,FX,0.10472031997959239
2022-07-13,MXN,FX,0.013315071002612614
2022-07-14,MXN,FX,-0.03542075578253961
2022-07-15,MXN,FX,-0.139160094980977
2022-07-18,MXN,FX,-0.33608357954265417
2022-07-19,MXN,FX,-0.23978458941592587
2022-07-20,MXN,FX,-0.057343333232763666
2022-07-21,MXN,FX,-0.23565702789883813
2022-07-22,MXN,FX,-0.15396215137740454
2022-07-25,MXN,FX,-0.14342292064515422
2022-07-26,MXN,FX,-0.19106711294147027
2022-07-27,MXN,FX,-0.382245609768319
2022-07-28,MXN,FX,-0.5088321885257526
2022-07-29,MXN,FX,-0.5383472052045083
2022-08-01,MXN,FX,-0.37047601213881093
2022-08-02,MXN,FX,-0.040710719172127444
2022-08-03,MXN,FX,-0.0510685401864315
2022-08-04,MXN,FX,-0.35516172422626013
2022-08-05,MXN,FX,-0.14422302334939152
2022-08-08,MXN,FX,-0.46445389550149435
2022-08-09,MXN,FX,-0.36669520658952653
2022-08-10,MXN,FX,-0.41171588587731056
2022-08-11,MXN,FX,-0.16978370138392743
2022-08-12,MXN,FX,-0.4191917006604125
2022-08-16,MXN,FX,-0.6444836953237029
2022-08-17,MXN,FX,-0.41553762601549316
2022-08-18,MXN,FX,-0.5471145425697422
2022-08-19,MXN,FX,-0.5182918069156699
2022-08-22,MXN,FX,-0.5736747534274109
2022-08-23,MXN,FX,-0.8141973267046619
2022-08-24,MXN,FX,-0.8606411788359483
2022-08-25,MXN,FX,-0.8431398617804267
2022-08-26,MXN,FX,-0.6415271966225076
2022-08-29,MXN,FX,-0.6646320448901581
2022-08-30,MXN,FX,-0.4678011352550053
2022-08-31,MXN,FX,-0.25420691734962786
2022-09-01,MXN,FX,-0.2518800131647766
2022-09-02,MXN,FX,-0.5055565915013502
2022-09-05,MXN,FX,-0.7485756326399656
2022-09-06,MXN,FX,-0.5480115286550609
2022-09-07,MXN,FX,-0.7456268382436433
2022-09-08,MXN,FX,-0.609281045413279
2022-09-09,MXN,FX,-0.7117447494639927
2022-09-12,MXN,FX,-0.5670994239960189
2022-09-13,MXN,FX,-0.2885465616943322
2022-09-14,MXN,FX,-0.5265924684022978
2022-09-15,MXN,FX,-0.40881959347733854
2022-09-20,MXN,FX,-0.4445747741045255
2022-09-21,MXN,FX,-0.6036904121402061
2022-09-22,MXN,FX,-0.5511485896087966
2022-09-23,MXN,FX,-0.5014721863076269
2022-09-26,MXN,FX,-0.34387930195736127
2022-09-27,MXN,FX,-0.38874609685622624
2022-09-28,MXN,FX,-0.9676996212311437
2022-09-29,MXN,FX,-0.9171274978470849
2022-09-30,MXN,FX,-0.7909942508406343
2022-10-03,MXN,FX,-1.2070915160799656
2022-10-04,MXN,FX,-1.1420141437280862
2022-10-05,MXN,FX,-0.9289311082042468
2022-10-06,MXN,FX,-0.9226641466022864
2022-10-07,MXN,FX,-0.9559339005377366
2022-10-11,MXN,FX,-1.1384680427805092
2022-10-12,MXN,FX,-1.1736892121403233
2022-10-13,MXN,FX,-1.1523600878909905
2022-10-14,MXN,FX,-0.8729834122055572
2022-10-17,MXN,FX,-1.0374958024795897
2022-10-18,MXN,FX,-0.8772077792787579
2022-10-19,MXN,FX,-0.7947911300297575
2022-10-20,MXN,FX,-0.7552387784305208
2022-10-21,MXN,FX,-1.1801764982534264
2022-10-24,MXN,FX,-0.9437423367602099
2022-10-25,MXN,FX,-1.1183109989222066
2022-10-26,MXN,FX,-1.009531828050268
2022-10-27,MXN,FX,-0.9370419723437649
2022-10-28,MXN,FX,-0.981341485199325
2022-11-02,MXN,FX,-0.8890012034526731
2022-11-03,MXN,FX,-1.139608588619964
2022-11-04,MXN,FX,-1.3121888276747409
2022-11-07,MXN,FX,-1.049580937236355
2022-11-08,MXN,FX,-1.0461028937724988
2022-11-09,MXN,FX,-0.7717011000256682
2022-11-10,MXN,FX,-1.4376376336124959
2022-11-11,MXN,FX,-0.7677081358002984
2022-11-14,MXN,FX,-0.6379334390927301
2022-11-15,MXN,FX,-0.6243751837896662
2022-11-16,MXN,FX,-0.6593071547075121
2022-11-17,MXN,FX,-0.6655885637975398
2022-11-18,MXN,FX,-0.5322970774728997
2022-11-21,MXN,FX,-0.8332605941219544
2022-11-22,MXN,FX,-0.8986484617365302
2022-11-23,MXN,FX,-1.0571952866438399
2022-11-24,MXN,FX,-0.7148852612303749
2022-11-25,MXN,FX,-0.7470580313127954
2022-11-28,MXN,FX,-0.6146715895050417
2022-11-29,MXN,FX,-0.9296915441977656
2022-11-30,MXN,FX,-1.012294835124173
2022-12-01,MXN,FX,-1.0242704940263616
2022-12-02,MXN,FX,-0.8717596080648615
2022-12-05,MXN,FX,-0.2942546147818033
2022-12-06,MXN,FX,-0.3970263373521482
2022-12-07,MXN,FX,-0.5254893179693333
2022-12-09,MXN,FX,-0.1516894902323002
2022-12-12,MXN,FX,-0.16607596568536057
2022-12-13,MXN,FX,-0.31693465079874367
2022-12-14,MXN,FX,-0.3137776752257484
2022-12-15,MXN,FX,-0.18650922265838016
2022-12-16,MXN,FX,-0.09284579417041412
2022-12-19,MXN,FX,-0.024403805614786472
2022-12-20,MXN,FX,0.024062873432382836
2022-12-21,MXN,FX,0.03798778341145975
2022-12-22,MXN,FX,0.011906617869562985
2022-12-23,MXN,FX,-0.051274639018981355
2022-12-26,MXN,FX,-0.19517349565482514
2022-12-27,MXN,FX,-0.12100902777791032
2022-12-28,MXN,FX,0.1280046154751455
2022-12-29,MXN,FX,-0.021459170312237996
2022-12-30,MXN,FX,0.22933118562448232
2023-01-03,MXN,FX,-0.17230045091135693
2023-01-04,MXN,FX,-0.26899858730489895
2023-01-05,MXN,FX,-0.17616369509536606
2023-01-06,MXN,FX,-0.7637546103835554
2023-01-09,MXN,FX,-0.3752005835978457
2023-01-10,MXN,FX,-0.2823391631041139
2023-01-11,MXN,FX,-0.37911662174982724
2023-01-12,MXN,FX,-0.5090268433615345
2023-01-13,MXN,FX,-0.3304597537928529
2023-01-16,MXN,FX,-0.3053553965178429
2023-01-17,MXN,FX,-0.17376600034967554
2023-01-18,MXN,FX,-0.35457943471450454
2023-01-19,MXN,FX,-0.1363313779900364
2023-01-20,MXN,FX,-0.17362856151185957
2023-01-23,MXN,FX,-0.1660376999113136
2023-01-24,MXN,FX,-0.21463622165118845
2023-01-25,MXN,FX,-0.21847501188933457
2023-01-26,MXN,FX,-0.08843378958553752
2023-01-27,MXN,FX,-0.15689227097280053
2023-01-30,MXN,FX,0.02805281397067423
2023-01-31,MXN,FX,-0.22434151577763817
2023-02-01,MXN,FX,-0.16381340817890824
2023-02-02,MXN,FX,-0.18193364918349583
2023-02-03,MXN,FX,0.05940602578073161
2023-02-06,MXN,FX,-0.009256817191962608
2023-02-07,MXN,FX,-0.16750787443762938
2023-02-08,MXN,FX,-0.2547879531712559
2023-02-09,MXN,FX,-0.07207817730882926
2023-02-10,MXN,FX,-0.25846677565564075
2023-02-13,MXN,FX,-0.41552356317576566
2023-02-14,MXN,FX,-0.250317543111806
2023-02-15,MXN,FX,-0.2704308665833957
2023-02-16,MXN,FX,-0.2763351421591849
2023-02-17,MXN,FX,-0.4828497005819997
2023-02-20,MXN,FX,-0.3734563456735189
2023-02-21,MXN,FX,-0.2754552589577951
2023-02-22,MXN,FX,-0.21874042709335173
2023-02-23,MXN,FX,-0.32941343502302467
2023-02-24,MXN,FX,-0.2746266548958289
2023-02-27,MXN,FX,-0.5014902908154548
2023-02-28,MXN,FX,-0.5357265440885844
2023-03-01,MXN,FX,-0.4384937641545656
2023-03-02,MXN,FX,-0.5664075436197594
2023-03-03,MXN,FX,-0.6698485772706473
2023-03-06,MXN,FX,-0.6377645241802146
2023-03-07,MXN,FX,-0.45311196817765254
2023-03-08,MXN,FX,-0.6500936388098446
2023-03-09,MXN,FX,-0.782609555009925
2023-03-10,MXN,FX,-0.4729350208781939
2023-03-13,MXN,FX,-0.09479882838724224
2023-03-14,MXN,FX,-0.01122987088851625
2023-03-15,MXN,FX,-0.19662094889496592
2023-03-16,MXN,FX,0.025660829134821993
2023-03-17,MXN,FX,-0.3963904847331082
2023-03-20,MXN,FX,-0.0941403915158548
2023-03-21,MXN,FX,-0.039651178566823264
2023-03-22,MXN,FX,-0.2607910753443472
2023-03-23,MXN,FX,-0.06839938472526441
2023-03-24,MXN,FX,-0.15623977981870282
2023-03-27,MXN,FX,-0.18972453679913967
2023-03-28,MXN,FX,-0.14558172867534144
2023-03-29,MXN,FX,-0.24802530103291567
2023-03-30,MXN,FX,-0.3239016707928825
2023-03-31,MXN,FX,-0.4511572409813898
2023-04-03,MXN,FX,-0.5969420219890555
2023-04-04,MXN,FX,-0.6084614680342557
2023-04-05,MXN,FX,-0.44775342008196245
2023-04-06,MXN,FX,-0.4368341605276071
2023-04-10,MXN,FX,-0.31491454175018685
2023-04-11,MXN,FX,-0.4801794861356817
2023-04-12,MXN,FX,-0.5296472010315422
2023-04-13,MXN,FX,-0.3200107813825023
2023-04-14,MXN,FX,-0.11947669989997484
2023-04-17,MXN,FX,-0.11159707760806682
2023-04-18,MXN,FX,-0.15602486648267141
2023-04-19,MXN,FX,-0.10141856968849078
2023-04-20,MXN,FX,-0.08674676481812744
2023-04-21,MXN,FX,-0.08422242437306215
2023-04-24,MXN,FX,-0.1380802633886582
2023-04-25,MXN,FX,-0.18826394588427864
2023-04-26,MXN,FX,0.020552393231466397
2023-04-27,MXN,FX,0.07013316820676498
2023-04-28,MXN,FX,-0.2076492363049932
2023-05-02,MXN,FX,-0.2615307978891365
2023-05-03,MXN,FX,-0.0999314949436799
2023-05-04,MXN,FX,-0.07247443547531376
2023-05-05,MXN,FX,-0.0752655138416403
2023-05-08,MXN,FX,-0.009823492447813777
2023-05-09,MXN,FX,-0.11452172722244075
2023-05-10,MXN,FX,-0.22105428974120067
2023-05-11,MXN,FX,-0.24518018066408925
2023-05-12,MXN,FX,-0.28155903272166194
2023-05-15,MXN,FX,-0.46290307144187914
2023-05-16,MXN,FX,-0.41196889264733794
2023-05-17,MXN,FX,-0.39559446290634537
2023-05-18,MXN,FX,-0.22534912798875661
2023-05-19,MXN,FX,-0.21230577604961684
2023-05-22,MXN,FX,0.05546206058600008
2023-05-23,MXN,FX,-0.0027793774215784093
2023-05-24,MXN,FX,-0.032507553924945136
2023-05-25,MXN,FX,-0.07681533515162361
2023-05-26,MXN,FX,-0.2122293846250804
2023-05-29,MXN,FX,-0.29590762614115623
2023-05-30,MXN,FX,-0.2678473681227367
2023-05-31,MXN,FX,-0.30027970540432247
2023-06-01,MXN,FX,-0.42857814833614116
2023-06-02,MXN,FX,-0.2692518649720541
2023-06-05,MXN,FX,-0.35157921702702133
2023-06-06,MXN,FX,-0.4307011205793672
2023-06-07,MXN,FX,-0.2893594843094957
2023-06-08,MXN,FX,-0.37480024504833126
2023-06-09,MXN,FX,-0.14168341470806634
2023-06-12,MXN,FX,-0.2266640916244254
2023-06-13,MXN,FX,-0.129167739810922
2023-06-14,MXN,FX,-0.17049829590503593
2023-06-15,MXN,FX,-0.3231936009856885
2023-06-16,MXN,FX,-0.07408781586771594
2023-06-19,MXN,FX,-0.12717382439597927
2023-06-20,MXN,FX,-0.11448946769474629
2023-06-22,MXN,FX,0.07188279993375478
2023-06-23,MXN,FX,-0.08962824615021649
2023-06-27,MXN,FX,-0.1070468255292237
2023-06-28,MXN,FX,-0.3154837212368869
2023-06-29,MXN,FX,-0.25769166849337305
2023-06-30,MXN,FX,-0.460348687838536
2023-07-03,MXN,FX,-0.379214770620712
2023-07-04,MXN,FX,-0.36534594420517796
2023-07-05,MXN,FX,-0.31134958113334216
2023-07-06,MXN,FX,-0.17078490802971066
2023-07-07,MXN,FX,-0.11406570320713624
2023-07-10,MXN,FX,-0.18654034026758953
2023-07-11,MXN,FX,-0.1404291900486903
2023-07-12,MXN,FX,-0.3189122168338716
2023-07-13,MXN,FX,-0.16910123067379335
2023-07-14,MXN,FX,0.006421688661188301
2023-07-17,MXN,FX,-0.0718286389011837
2023-07-18,MXN,FX,-0.18038537995701864
2023-07-19,MXN,FX,-0.2796658985748603
2023-07-20,MXN,FX,-0.156920151336757
2023-07-21,MXN,FX,-0.2550771828198934
2023-07-24,MXN,FX,-0.29946688714384717
2023-07-25,MXN,FX,-0.47488817452678517
2023-07-26,MXN,FX,-0.3297576826442148
2023-07-27,MXN,FX,-0.07588236106583242
2023-07-28,MXN,FX,-0.3989820417045867
2023-07-31,MXN,FX,-0.5422186051980183
2023-08-01,MXN,FX,-0.4370677561981069
2023-08-02,MXN,FX,-0.21048629588540807
2023-08-03,MXN,FX,-0.02948740310626208
2023-08-04,MXN,FX,-0.13950713767490863
2023-08-07,MXN,FX,-0.1568045446349346
2023-08-08,MXN,FX,-0.26952681773991194
2023-08-09,MXN,FX,-0.3232978687442494
2023-08-10,MXN,FX,-0.28196365696389936
2023-08-11,MXN,FX,-0.33181827440952877
2023-08-14,MXN,FX,-0.4014296455713698
2023-08-16,MXN,FX,-0.2248079193517577
2023-08-17,MXN,FX,-0.251084077706462
2023-08-18,MXN,FX,-0.33274292834943453
2023-08-21,MXN,FX,-0.236451090904763
2023-08-22,MXN,FX,-0.3512587594025755
2023-08-23,MXN,FX,-0.7118352780359657
2023-08-24,MXN,FX,-0.5584974287657384
2023-08-25,MXN,FX,-0.6319525118849643
2023-08-28,MXN,FX,-0.8523482841533184
2023-08-29,MXN,FX,-0.9439033559968734
2023-08-30,MXN,FX,-0.8107179607988911
2023-08-31,MXN,FX,-0.8342129630172153
2023-09-01,MXN,FX,-0.4949152927204176
2023-09-04,MXN,FX,-0.6207367734560355
2023-09-05,MXN,FX,-0.5288377813235063
2023-09-06,MXN,FX,-0.2696965431557419
2023-09-07,MXN,FX,-0.41136399509686916
2023-09-08,MXN,FX,-0.42016098626252074
2023-09-11,MXN,FX,-0.35783930437458705
2023-09-12,MXN,FX,-0.6347418587122698
2023-09-13,MXN,FX,-0.6012557368892915
2023-09-14,MXN,FX,-0.6824510786453363
2023-09-15,MXN,FX,-0.8591345936921123
2023-09-20,MXN,FX,-0.8350074037706673
2023-09-21,MXN,FX,-0.8138651593926675
2023-09-22,MXN,FX,-0.7580454501666606
2023-09-25,MXN,FX,-0.7013817986478583
2023-09-26,MXN,FX,-0.5886309819228852
2023-09-27,MXN,FX,-0.4972795255216211
2023-09-28,MXN,FX,-0.5007516055853978
2023-09-29,MXN,FX,-0.5002734797299719
2023-10-02,MXN,FX,-0.46630390921443066
2023-10-03,MXN,FX,-0.3487090629512311
2023-10-04,MXN,FX,-0.17262395630517807
2023-10-05,MXN,FX,-0.06601702926943663
2023-10-06,MXN,FX,0.14634855470725988
2023-10-10,MXN,FX,-0.19808326300480614
2023-10-11,MXN,FX,-0.4229988170481848
2023-10-12,MXN,FX,-0.31393692089350267
2023-10-13,MXN,FX,-0.6564758698586697
2023-10-16,MXN,FX,-0.5644862638018521
2023-10-17,MXN,FX,-0.5100792264733196
2023-10-18,MXN,FX,-0.39516125381332523
2023-10-19,MXN,FX,-0.1853511756939147
2023-10-20,MXN,FX,-0.15933204882667104
2023-10-23,MXN,FX,-0.22351993162780587
2023-10-24,MXN,FX,-0.30955714951264873
2023-10-25,MXN,FX,-0.18263301856694125
2023-10-26,MXN,FX,-0.1920023831879832
2023-10-30,MXN,FX,-0.3965686759575293
2023-10-31,MXN,FX,-0.31141369127081914
2023-11-02,MXN,FX,-0.8323942039354149
2023-11-03,MXN,FX,-1.0265800797396292
2023-11-06,MXN,FX,-0.7856587298029366
2023-11-07,MXN,FX,-0.8645185735952553
2023-11-08,MXN,FX,-0.8844519822835738
2023-11-09,MXN,FX,-0.7614070545521112
2023-11-10,MXN,FX,-0.6072679492956135
2023-11-13,MXN,FX,-0.8171376215547747
2023-11-14,MXN,FX,-1.2081313617177376
2023-11-15,MXN,FX,-0.8752497687327767
2023-11-16,MXN,FX,-1.0485800425198344
2023-11-17,MXN,FX,-1.0744515792210831
2023-11-20,MXN,FX,-1.1692599131607395
2023-11-21,MXN,FX,-1.2059143860658572
2023-11-22,MXN,FX,-1.23188200188526
2023-11-23,MXN,FX,-1.2842896929120429
2023-11-24,MXN,FX,-1.2694263244037256
2023-11-27,MXN,FX,-1.3481659350684414
2023-11-28,MXN,FX,-1.4033491809236645
2023-11-29,MXN,FX,-1.3935875405631797
2023-11-30,MXN,FX,-1.2090832658588875
2023-12-01,MXN,FX,-1.5289923680577118
2023-12-04,MXN,FX,-1.3826426357225554
2023-12-05,MXN,FX,-1.322443106464935
2023-12-06,MXN,FX,-1.5271946150132358
2023-12-07,MXN,FX,-1.5230548026565478
2023-12-11,MXN,FX,-1.4591277273995258
2023-12-12,MXN,FX,-1.27714417336835
2023-12-13,MXN,FX,-1.7817079195522647
2023-12-14,MXN,FX,-1.5782367419346313
2023-12-15,MXN,FX,-1.5675731061187523
2023-12-18,MXN,FX,-1.6491697792113325
2023-12-19,MXN,FX,-1.8545916613056008
2023-12-20,MXN,FX,-1.9023310086333967
2023-12-21,MXN,FX,-1.813934410990134
2023-12-22,MXN,FX,-1.7814461111592073
2023-12-26,MXN,FX,-1.8511236958184798
2023-12-27,MXN,FX,-1.8796086149226232
2023-12-28,MXN,FX,-1.6445391799611775
2023-12-29,MXN,FX,-1.6339784898142296
2024-01-02,MXN,FX,-1.620670383982204
2024-01-03,MXN,FX,-1.6849803834802726
2024-01-04,MXN,FX,-1.6432324705009804
2024-01-05,MXN,FX,-1.6782328203410064
2024-01-08,MXN,FX,-1.7379326868625444
2024-01-09,MXN,FX,-1.7354170902723016
2024-01-10,MXN,FX,-1.638010218996062
2024-01-11,MXN,FX,-1.6108834045515565
2024-01-12,MXN,FX,-1.8413373930780421
2024-01-15,MXN,FX,-1.8011319217982524
2024-01-16,MXN,FX,-1.6926463618670975
2024-01-17,MXN,FX,-1.4604494871094358
2024-01-18,MXN,FX,-1.5248244802938682
2024-01-19,MXN,FX,-1.5555687418417228
2024-01-22,MXN,FX,-1.6032798500676517
2024-01-23,MXN,FX,-1.4975571713198572
2024-01-24,MXN,FX,-1.364392882000335
2024-01-25,MXN,FX,-1.4610661234321263
2024-01-26,MXN,FX,-1.416983671484808
2024-01-29,MXN,FX,-1.5390641116644665
2024-01-30,MXN,FX,-1.4490691504857405
2024-01-31,MXN,FX,-1.5558780313267653
2024-02-01,MXN,FX,-1.5746404814656836
2024-02-02,MXN,FX,-1.341656680410169
2024-02-05,MXN,FX,-1.3923642215946894
2024-02-06,MXN,FX,-1.5696037588590057
2024-02-07,MXN,FX,-1.4602465350196339
2024-02-08,MXN,FX,-1.4761616785327079
2024-02-09,MXN,FX,-1.4256496526607285
2024-02-12,MXN,FX,-1.488815714630949
2024-02-13,MXN,FX,-1.1639913992550766
2024-02-14,MXN,FX,-1.350041073307189
2024-02-15,MXN,FX,-1.4253834879070393
2024-02-16,MXN,FX,-1.3811119112818049
2024-02-19,MXN,FX,-1.2777578249628292
2024-02-20,MXN,FX,-1.2305857607231339
2024-02-21,MXN,FX,-1.109599174325432
2024-02-22,MXN,FX,-0.9932135409417525
2024-02-23,MXN,FX,-1.0249886540079773
2024-02-26,MXN,FX,-0.9529080788145958
2024-02-27,MXN,FX,-0.9164648795989213
2024-02-28,MXN,FX,-1.0202355848040376
2024-02-29,MXN,FX,-1.045974066725274
2024-03-01,MXN,FX,-1.2652118435696653
2024-03-04,MXN,FX,-1.2270348793029042
2024-03-05,MXN,FX,-1.3042033359929845
2024-03-06,MXN,FX,-1.3930773116878636
2024-03-07,MXN,FX,-1.3631847442286942
2024-03-08,MXN,FX,-1.193868399162106
2024-03-11,MXN,FX,-1.2376695421594524
2024-03-12,MXN,FX,-1.2032585481150881
2024-03-13,MXN,FX,-1.2469766254429917
2024-03-14,MXN,FX,-1.2406202901210324
2024-03-15,MXN,FX,-1.2520443874703884
2024-03-18,MXN,FX,-1.257143832663091
2024-03-19,MXN,FX,-1.1857637151844609
2024-03-20,MXN,FX,-1.3803698625026364
2024-03-21,MXN,FX,-1.3079661924641084
2024-03-22,MXN,FX,-1.5030657618896595
2024-03-25,MXN,FX,-1.474488321656565
2024-03-26,MXN,FX,-1.5012086399016988
2024-03-27,MXN,FX,-1.806182664775507
2024-03-28,MXN,FX,-1.8705666540928085
2024-04-01,MXN,FX,-1.7577616382656465
2024-04-02,MXN,FX,-1.8568002888083528
2024-04-03,MXN,FX,-1.9063299320685163
2024-04-04,MXN,FX,-1.7717357327438734
2024-04-05,MXN,FX,-1.7511039526473178
2024-04-08,MXN,FX,-1.7885415176073967
2024-04-09,MXN,FX,-1.886735509880015
2024-04-10,MXN,FX,-1.6762725138604226
2024-04-11,MXN,FX,-1.8594707361185938
2024-04-12,MXN,FX,-1.970937089402871
2024-04-15,MXN,FX,-1.8097632825581846
2024-04-16,MXN,FX,-1.553472726079276
2024-04-17,MXN,FX,-1.4042854313792403
2024-04-18,MXN,FX,-1.3129697919375087
2024-04-19,MXN,FX,-0.9865283497666656
2024-04-22,MXN,FX,-1.057039245722917
2024-04-23,MXN,FX,-1.0064065192036067
2024-04-24,MXN,FX,-1.124102122423405
2024-04-25,MXN,FX,-0.996408933713068
2024-04-26,MXN,FX,-0.9143527870400168
2024-04-29,MXN,FX,-0.992443163231943
2024-04-30,MXN,FX,-0.9056686609443234
2024-05-02,MXN,FX,-0.9067268565479156
2024-05-03,MXN,FX,-0.8473555869276376
2024-05-06,MXN,FX,-1.000264690786452
2024-05-07,MXN,FX,-1.0740864792185003
2024-05-08,MXN,FX,-1.0901171777553003
2024-05-09,MXN,FX,-1.1941850126395492
2024-05-10,MXN,FX,-1.221697699300085
2024-05-13,MXN,FX,-1.2409488242142712
2024-05-14,MXN,FX,-1.2385877423076264
2024-05-15,MXN,FX,-1.1643253724033238
2024-05-16,MXN,FX,-1.1503252461753664
2024-05-17,MXN,FX,-1.290420668280616
2024-05-20,MXN,FX,-1.3157902792033782
2024-05-22,MXN,FX,-1.196068795050626
2024-05-23,MXN,FX,-1.0364748492565787
2024-05-24,MXN,FX,-1.212775208644558
2024-05-27,MXN,FX,-1.1973276276452625
2024-05-28,MXN,FX,-1.1898393236768465
2024-05-29,MXN,FX,-1.0457364262807503
2024-05-30,MXN,FX,-0.9745672744130849
2024-05-31,MXN,FX,-0.9671992343970066
2024-06-03,MXN,FX,-0.6406214963785468
2024-06-04,MXN,FX,-0.1727287516622444
2024-06-05,MXN,FX,-0.5666537325104254
2024-06-06,MXN,FX,-0.7506261121391677
2024-06-07,MXN,FX,-0.17273217443585992
2024-06-10,MXN,FX,-0.12070992105539588
2024-06-11,MXN,FX,-0.3081560919312877
2024-06-12,MXN,FX,0.007893828698482399
2024-06-13,MXN,FX,-0.1276262909432125
2024-06-14,MXN,FX,-0.3848866714830817
2024-06-17,MXN,FX,-0.472394653415067
2024-06-18,MXN,FX,-0.692124151804782
2024-06-19,MXN,FX,-0.578729141249731
2024-06-21,MXN,FX,-0.8965433552796288
2024-06-24,MXN,FX,-1.0682371505924129
2024-06-25,MXN,FX,-1.134387170886656
2024-06-26,MXN,FX,-1.0258998101196126
2024-06-27,MXN,FX,-1.002721793057811
2024-06-28,MXN,FX,-0.9652909130012457
2024-07-01,MXN,FX,-0.8856191640626644
2024-07-02,MXN,FX,-1.0103547782307607
2024-07-03,MXN,FX,-1.184761701406834
2024-07-04,MXN,FX,-1.1741673431325836
2024-07-05,MXN,FX,-1.2417067525748107
2024-07-08,MXN,FX,-1.2278951871785035
2024-07-09,MXN,FX,-1.2167105111321217
2024-07-10,MXN,FX,-1.466121786877085
2024-07-11,MXN,FX,-1.4636276498767116
2024-07-12,MXN,FX,-1.4779775243572677
2024-07-15,MXN,FX,-1.3862386077714792
2024-07-17,MXN,FX,-1.3541932197972346
2024-07-18,MXN,FX,-1.388077050242504
2024-07-19,MXN,FX,-1.2401757370384807
2024-07-22,MXN,FX,-1.174493517227744
2024-07-23,MXN,FX,-1.185785516387102
2024-07-24,MXN,FX,-0.9125571149078946
2024-07-25,MXN,FX,-0.7341326175565848
2024-07-26,MXN,FX,-0.9146208215369865
2024-07-29,MXN,FX,-0.8966407347875791
2024-07-30,MXN,FX,-0.7876212937357827
2024-07-31,MXN,FX,-0.756766464246004
2024-08-01,MXN,FX,-0.9249949966347492
2024-08-02,MXN,FX,-0.4771879293810198
2024-08-05,MXN,FX,0.376406909766213
2024-08-06,MXN,FX,0.026987870242554977
2024-08-07,MXN,FX,0.11800213813183194
2024-08-08,MXN,FX,0.10545531471640808
2024-08-09,MXN,FX,-0.2996101633590201
2024-08-12,MXN,FX,-0.4629436674683879
2024-08-13,MXN,FX,-0.40290523007229323
2024-08-14,MXN,FX,-0.17397838534982257
2024-08-16,MXN,FX,-0.45165167067546796
2024-08-19,MXN,FX,-0.2189115751050713
2024-08-20,MXN,FX,-0.1189418134617048
2024-08-21,MXN,FX,0.11827843139436768
2024-08-22,MXN,FX,0.5414158174559012
2024-08-23,MXN,FX,0.4095832876102115
2024-08-26,MXN,FX,0.4086978746280479
2024-08-27,MXN,FX,0.6878165176787581
2024-08-28,MXN,FX,0.9217497071748257
2024-08-29,MXN,FX,0.937331937974898
2024-08-30,MXN,FX,0.8780833485849282
2024-09-02,MXN,FX,0.8989682205944004
2024-09-03,MXN,FX,0.9651851267217694
2024-09-04,MXN,FX,0.9816252824476112
2024-09-05,MXN,FX,1.18139240841115
2024-09-06,MXN,FX,1.212199487733066
2024-09-09,MXN,FX,0.9663901142619185
2024-09-10,MXN,FX,0.9029671293157154
2024-09-11,MXN,FX,0.9075136727022339
2024-09-12,MXN,FX,0.5419762157958498
2024-09-13,MXN,FX,0.4459886681061847
2024-09-16,MXN,FX,0.3679525746599825
2024-09-17,MXN,FX,0.4946272447738525
2024-09-23,MXN,FX,0.4608749111061214
2024-09-24,MXN,FX,0.42967643788128473
2024-09-25,MXN,FX,0.6712391190750933
2024-09-26,MXN,FX,0.8492780271845186
2024-09-27,MXN,FX,0.9775570194323193
2024-09-30,MXN,FX,1.2395763546518956
2024-10-01,MXN,FX,0.9529139976817753
2024-10-02,MXN,FX,0.7539124609827937
2024-10-03,MXN,FX,0.6157396821983687
2024-10-04,MXN,FX,0.5121477599946722
2024-10-07,MXN,FX,0.37138651191280475
2024-10-08,MXN,FX,0.37822416119900865
2024-10-09,MXN,FX,0.38539651996756663
2024-10-10,MXN,FX,0.24892682338080918
2024-10-11,MXN,FX,0.2117618092240253
2024-10-14,MXN,FX,0.07823318405553795
2024-10-15,MXN,FX,0.23347592404462933
2024-10-16,MXN,FX,0.3159987920490603
2024-10-17,MXN,FX,0.4497963788933794
2024-10-18,MXN,FX,0.166330930930513
2024-10-21,MXN,FX,0.3327058656939419
2024-10-22,MXN,FX,0.18232657024757531
2024-10-23,MXN,FX,0.2194913829743216
2024-10-24,MXN,FX,0.15459994733530144
2024-10-25,MXN,FX,0.17480529291468871
2024-10-28,MXN,FX,0.34695394517743533
2024-10-29,MXN,FX,0.217597889074574
2024-10-30,MXN,FX,0.39090614887847525
2024-11-04,MXN,FX,0.5215853923292696
2024-11-05,MXN,FX,0.5429674737400286
2024-11-06,MXN,FX,0.7496568731664269
2024-11-07,MXN,FX,0.22236281165763216
2024-11-08,MXN,FX,0.31459865118777847
2024-11-11,MXN,FX,0.692158709417792
2024-11-12,MXN,FX,0.6166482525741702
2024-11-13,MXN,FX,0.7142316484244197
2024-11-14,MXN,FX,0.5223406669570386
2024-11-15,MXN,FX,0.47152774229116523
2024-11-18,MXN,FX,0.2221421244805418
2024-11-19,MXN,FX,0.21643791706544882
2024-11-20,MXN,FX,0.0901850215447961
2024-11-21,MXN,FX,0.17546346261333293
2024-11-22,MXN,FX,-0.002647513478332892
2024-11-25,MXN,FX,0.024714798910564512
2024-11-26,MXN,FX,0.1688670224720004
2024-11-27,MXN,FX,0.4210245962691051
2024-11-28,MXN,FX,0.10723888961938723
2024-11-29,MXN,FX,0.1287315320693355
2024-12-02,MXN,FX,0.16848635715078364
2024-12-03,MXN,FX,0.029704335387380522
2024-12-04,MXN,FX,-0.09245575182428287
2024-12-05,MXN,FX,0.07529690403314246
2024-12-06,MXN,FX,0.09638236063965615
2024-12-09,MXN,FX,0.014667876423686884
2024-12-10,MXN,FX,-0.009379035943952792
2024-12-11,MXN,FX,-0.09071040710604145
2024-12-12,MXN,FX,0.05172653350354466
2024-12-13,MXN,FX,0.09280616544473758
2024-12-16,MXN,FX,0.025484336328128052
2024-12-17,MXN,FX,0.00630920570970953
2024-12-18,MXN,FX,0.20337844996006615
2024-12-19,MXN,FX,0.16159647603068247
2024-12-20,MXN,FX,0.07192339410826175
2024-12-23,MXN,FX,0.08365042928706884
2024-12-24,MXN,FX,0.05062012248829083
2024-12-26,MXN,FX,0.13431900319791765
2024-12-27,MXN,FX,0.24352060240750267
2024-12-30,MXN,FX,0.33789249471716176
2025-01-02,MXN,FX,0.33030163582248206
2025-01-03,MXN,FX,0.16782222334982685
2025-01-06,MXN,FX,0.2858074189972248
2025-01-07,MXN,FX,0.298906212626101
2025-01-08,MXN,FX,0.10751040293516345
2025-01-09,MXN,FX,0.17860219049849732
2025-01-10,MXN,FX,0.20591292847636486
2025-01-13,MXN,FX,0.29247843489811254
2025-01-14,MXN,FX,0.28947182056670706
2025-01-15,MXN,FX,0.1147935527309767
2025-01-16,MXN,FX,0.22774888791227874
2025-01-17,MXN,FX,0.3944629978532848
2025-01-20,MXN,FX,0.46752377686095037
2025-01-21,MXN,FX,0.4294745232057156
2025-01-22,MXN,FX,0.5472568595133127
2025-01-23,MXN,FX,0.4705844375511811
2025-01-24,MXN,FX,0.39247937570456304
2025-01-27,MXN,FX,0.7450381834346627
2025-01-28,MXN,FX,0.5968330459560778
2025-01-29,MXN,FX,0.40667186861791504
2025-01-30,MXN,FX,0.3750034189611875
2025-01-31,MXN,FX,0.4836289157543801
2025-02-03,MXN,FX,0.3856556356853667
2025-02-04,MXN,FX,0.14931915672982887
2025-02-05,MXN,FX,0.46246378753048045
2025-02-06,MXN,FX,0.4061556278746635
2025-02-07,MXN,FX,0.49413090473610854
2025-02-10,MXN,FX,0.38607065266230656
2025-02-11,MXN,FX,0.4951206983464711
2025-02-12,MXN,FX,0.5884736591226993
2025-02-13,MXN,FX,0.5460912763846094
2025-02-14,MXN,FX,0.6405129277270503
2025-02-17,MXN,FX,0.6721054409304902
2025-02-18,MXN,FX,0.6067107915327322
2025-02-19,MXN,FX,0.5786403628470916
2025-02-20,MXN,FX,0.6330325950836122
2025-02-21,MXN,FX,0.7442795215199457
2025-02-24,MXN,FX,0.8243903908289842
2025-02-25,MXN,FX,0.8513862850287237
2025-02-26,MXN,FX,0.7465995054531008
2025-02-27,MXN,FX,0.7132631287153759
2025-02-28,MXN,FX,0.45598792584672493
2025-03-03,MXN,FX,0.5898055074670713
2025-03-04,MXN,FX,1.0725047472294278
2025-03-05,MXN,FX,1.0687056180468466
2025-03-06,MXN,FX,1.1759560959013797
2025-03-07,MXN,FX,1.2502204165572155
2025-03-10,MXN,FX,1.234216343181571
2025-03-11,MXN,FX,1.3246112919720394
2025-03-12,MXN,FX,1.1570520787667855
2025-03-13,MXN,FX,1.0162545847495579
2025-03-14,MXN,FX,0.9906172853177899
2025-03-17,MXN,FX,0.9068922669932216
2025-03-18,MXN,FX,1.054887748310079
2025-03-19,MXN,FX,0.8758547127804395
2025-03-20,MXN,FX,0.9837738743495346
2025-03-21,MXN,FX,1.071584420982082
2025-03-24,MXN,FX,1.0252040821404134
2025-03-25,MXN,FX,0.8702698165535444
2025-03-26,MXN,FX,0.9563816869018839
2025-03-27,MXN,FX,1.1119947093795208
2025-03-28,MXN,FX,1.0792162662372071
2025-03-31,MXN,FX,1.0068747879330924
2025-04-01,MXN,FX,1.0151315720657696
2025-04-02,MXN,FX,0.8911315911421209
2025-04-03,MXN,FX,1.2764487083227636
2025-04-04,MXN,FX,1.7544653668148722
2025-04-07,MXN,FX,1.7752985494708287
2025-04-08,MXN,FX,1.7028641895876728
2025-04-09,MXN,FX,1.8301037054658602
2025-04-10,MXN,FX,1.6763085076973057
2025-04-11,MXN,FX,2.0392196756987504
2025-04-14,MXN,FX,1.9887277977586733
2025-04-15,MXN,FX,1.9190907713105443
2025-04-16,MXN,FX,1.8971895342159129
2025-04-17,MXN,FX,1.868904348911706
2025-04-21,MXN,FX,1.8039464586078682
2025-04-22,MXN,FX,1.9482690249316021
2025-04-23,MXN,FX,1.7902521850704731
2025-04-24,MXN,FX,1.6244537678830906
2025-04-25,MXN,FX,1.5486502537323386
2025-04-28,MXN,FX,1.4656571010372974
2025-04-29,MXN,FX,1.6285801651903717
2025-04-30,MXN,FX,1.6310466860145905
2025-05-02,MXN,FX,2.056654233268961
2025-05-05,MXN,FX,2.0905004232652318
2025-05-06,MXN,FX,2.0043374652926196
2025-05-07,MXN,FX,1.9729676933398044
2025-05-08,MXN,FX,1.9019171679753646
2025-05-09,MXN,FX,1.6612882254336354
2025-05-12,MXN,FX,1.5459145344392722
2025-05-13,MXN,FX,1.509765231664217
2025-05-14,MXN,FX,1.7586386828923248
2025-05-15,MXN,FX,1.6219811884275068
2025-05-16,MXN,FX,1.766461869118531
2025-05-19,MXN,FX,1.820608346008478
2025-05-20,MXN,FX,1.6199361020896357
2025-05-22,MXN,FX,1.9638890717570658
2025-05-23,MXN,FX,1.902802625952518
2025-05-26,MXN,FX,1.936046519596182
2025-05-27,MXN,FX,1.887741866921978
2025-05-28,MXN,FX,1.8664039769164278
2025-05-29,MXN,FX,1.8713301856281097
2025-05-30,MXN,FX,1.8630423175428608
2025-06-02,MXN,FX,1.8834806915830042
2025-06-03,MXN,FX,1.7515492895106939
2025-06-04,MXN,FX,1.6601477160261129
2025-06-05,MXN,FX,1.7959677134489145
2025-06-06,MXN,FX,1.7857058808957924
2025-06-09,MXN,FX,1.713734742854562
2025-06-10,MXN,FX,1.7108585778112837
2025-06-11,MXN,FX,1.5907944727916832
2025-06-12,MXN,FX,1.6809180309826235
2025-06-13,MXN,FX,1.4901749733047143
2025-06-16,MXN,FX,1.6375071413498379
2025-06-17,MXN,FX,1.5106898564170501
2025-06-18,MXN,FX,1.4183293478704175
2025-06-19,MXN,FX,1.4460816108091366
2025-06-23,MXN,FX,1.4618439372419603
2025-06-24,MXN,FX,1.800296806507177
2025-06-25,MXN,FX,1.7535486522311658
2025-06-26,MXN,FX,1.702717471854847
2025-06-27,MXN,FX,1.8429838363959916
2025-06-30,MXN,FX,1.828953500165765
2025-07-01,MXN,FX,1.887277030899117
2025-07-02,MXN,FX,1.747587670409135
2025-07-03,MXN,FX,1.9023891150578105
2025-07-04,MXN,FX,1.7571089749913922
2025-07-07,MXN,FX,1.718696555109635
2025-07-08,MXN,FX,1.7392316975187037
2025-07-09,MXN,FX,1.536266551616842
2025-07-10,MXN,FX,1.630625508649066
2025-07-11,MXN,FX,1.5827079186499022
2025-07-14,MXN,FX,1.601751063588702
2025-07-15,MXN,FX,1.6372293515692244
2025-07-17,MXN,FX,1.5077949392588121
2025-07-18,MXN,FX,1.5779233024018315
2025-07-21,MXN,FX,1.5017791477095972
2025-07-22,MXN,FX,1.5257053885701988
2025-07-23,MXN,FX,1.75075155558174
2025-07-24,MXN,FX,1.7442312678669913
2025-07-25,MXN,FX,1.6299829842766622
2025-07-28,MXN,FX,1.5977143290858973
2025-07-29,MXN,FX,1.366783323120846
2025-07-30,MXN,FX,1.4609497612745581
2025-07-31,MXN,FX,1.3020031734794666
2025-08-01,MXN,FX,1.1709555377495884
2025-08-04,MXN,FX,1.3097061780816548
2025-08-05,MXN,FX,1.3028122557447173
2025-08-06,MXN,FX,1.2710147425709253
2025-08-07,MXN,FX,1.2603102632125935
2025-08-08,MXN,FX,1.2557628760408248
2025-08-11,MXN,FX,1.2265799600541123
2025-08-12,MXN,FX,1.2497017200357419
2025-08-13,MXN,FX,1.3388633221680528
2025-08-14,MXN,FX,1.4769296602450241
2025-08-18,MXN,FX,1.5789640910556995
2025-08-19,MXN,FX,1.630060955268756
2025-08-20,MXN,FX,1.4572566344010578
2025-08-21,MXN,FX,1.366528031559853
2025-08-22,MXN,FX,1.2056991107558324
2025-08-25,MXN,FX,1.352500845188938
2025-08-26,MXN,FX,1.2587706674836125
2025-08-27,MXN,FX,1.1772318043341565
2025-08-28,MXN,FX,1.2619676705614213
2025-08-29,MXN,FX,1.2302320194440477
2025-09-01,MXN,FX,1.2320269436908093
2025-09-02,MXN,FX,1.2012150292988357
2025-09-03,MXN,FX,1.1226710870217445
2025-09-04,MXN,FX,1.1329194522310944
2025-09-05,MXN,FX,1.0707849972805756
2025-09-08,MXN,FX,1.0028462567210212
2025-09-09,MXN,FX,1.0686687296430142
2025-09-10,MXN,FX,0.8624726970339083
2025-09-11,MXN,FX,0.7842092769892213
2025-09-12,MXN,FX,0.7828342202465828
2025-09-15,MXN,FX,0.7088451245749341
2025-09-16,MXN,FX,0.7807066874960666
2025-09-17,MXN,FX,0.8990579285022056
2025-09-22,MXN,FX,0.5859258493635638
2025-09-23,MXN,FX,0.45066915453198536
2025-09-24,MXN,FX,0.5129142939556235
2025-09-25,MXN,FX,0.47184095230635376
2025-09-26,MXN,FX,0.382527543782535
2025-09-29,MXN,FX,0.30875575294138974
2025-09-30,MXN,FX,0.3295338855762021
2025-10-01,MXN,FX,0.2526256754798956
2025-10-02,MXN,FX,0.37310517118554654
2025-10-03,MXN,FX,0.3876553036826171
2025-10-06,MXN,FX,0.201834651575112
2025-10-07,MXN,FX,0.17141163162957493
2025-10-08,MXN,FX,-0.03353133501493559
2025-10-09,MXN,FX,0.05572004631265739
2025-10-10,MXN,FX,-0.059385854050600755
2025-10-13,MXN,FX,-0.08022943287025734
2025-10-14,MXN,FX,-0.15836905749268496
2025-10-15,MXN,FX,-0.09005406765877098
2025-10-16,MXN,FX,-0.27376493108323835
2025-10-17,MXN,FX,-0.0433679707093483
2025-10-20,MXN,FX,-0.22245248375845317
2025-10-21,MXN,FX,-0.08445875887159339
2025-10-22,MXN,FX,-0.1628705231080926
2025-10-23,MXN,FX,-0.22789244059654737
2025-10-24,MXN,FX,-0.20447148849230928
2025-10-27,MXN,FX,-0.09677533376249067
2025-10-28,MXN,FX,-0.09665463859641207
2025-10-29,MXN,FX,0.046032891028706856
2025-10-30,MXN,FX,-0.08169717120721785
2025-11-03,MXN,FX,-0.1886990846620564
2025-11-04,MXN,FX,-0.101860025928219
2025-11-05,MXN,FX,-0.10143405611165743
2025-11-06,MXN,FX,-0.155336564617846
2025-11-07,MXN,FX,-0.1967297099801103
2025-11-10,MXN,FX,-0.39738150267708056
2025-11-11,MXN,FX,-0.43873634273080964
2025-11-12,MXN,FX,-0.5976289722332234
2025-11-13,MXN,FX,-0.4198690343289542
2025-11-14,MXN,FX,-0.25326542323877405
2025-11-17,MXN,FX,-0.37204747047889186
2025-11-18,MXN,FX,-0.4036332038955321
2025-11-19,MXN,FX,-0.5350437455764719
2025-11-20,MXN,FX,-0.5610479177697741
2025-11-21,MXN,FX,-0.5470697970778668
2025-11-24,MXN,FX,-0.7734863317211544
2025-11-25,MXN,FX,-0.6955667067892723
2025-11-26,MXN,FX,-0.8470274153393883
2025-11-27,MXN,FX,-0.8322682470032519
2025-11-28,MXN,FX,-0.8345238608069686
2025-12-01,MXN,FX,-0.7004080072144215
2025-12-02,MXN,FX,-0.6716907726530383
2025-12-03,MXN,FX,-0.5928278712937998
2025-12-04,MXN,FX,-0.5802381671140759
2025-12-05,MXN,FX,-0.5441055543862289
2025-12-09,MXN,FX,-0.4657032313283833
2025-12-10,MXN,FX,-0.5711259062349152
2025-12-11,MXN,FX,-0.5534769742076225
2025-12-12,MXN,FX,-0.5509640274749269
2025-12-15,MXN,FX,-0.47759256800672123
2025-12-16,MXN,FX,-0.5455380577121001
2025-12-17,MXN,FX,-0.5963721899296986
2025-12-18,MXN,FX,-0.6403181580491756
2025-12-19,MXN,FX,-0.6830904785216834
2025-12-22,MXN,FX,-0.6957199800783818
2025-12-23,MXN,FX,-0.6328931873475359
2025-12-24,MXN,FX,-0.5884934689456928
2025-12-26,MXN,FX,-0.5399163567282786
2025-12-29,MXN,FX,-0.4667139915168211
2025-12-30,MXN,FX,-0.4467263654534156
2026-01-02,MXN,FX,-0.40694239110222497
2026-01-05,MXN,FX,-0.5419471371099289
2026-01-06,MXN,FX,-0.5500806206908134
2026-01-07,MXN,FX,-0.46534526081389327
2026-01-08,MXN,FX,-0.5323395810183583
2026-01-09,MXN,FX,-0.6912704123070799
2026-01-12,MXN,FX,-0.8477488361720927
2026-01-13,MXN,FX,-0.9403410499747408
2026-01-14,MXN,FX,-1.0378070279888258
2026-01-15,MXN,FX,-0.9955274963349924
2026-01-16,MXN,FX,-1.0643382337614886
2026-01-19,MXN,FX,-1.1679175515160931
2026-01-20,MXN,FX,-1.0839797255076382
2026-01-21,MXN,FX,-1.1335441411959033
2026-01-22,MXN,FX,-1.26155396794893
2026-01-23,MXN,FX,-1.3038092130538843
2026-01-26,MXN,FX,-1.1176137180429677
2026-01-27,MXN,FX,-0.9754399797064409
2026-01-28,MXN,FX,-1.0135629384672382
2026-01-29,MXN,FX,-1.0186895468448376
2026-01-30,MXN,FX,-0.6809656564263948
2026-02-02,MXN,FX,-0.5953524562032276
2026-02-03,MXN,FX,-0.8763428257137602
2026-02-04,MXN,FX,-0.9644602437321581
2026-02-05,MXN,FX,-0.7398837092652901
2026-02-06,MXN,FX,-0.9457379334940664
2026-02-09,MXN,FX,-1.0418161875907508
2026-02-10,MXN,FX,-0.9992309843742395
2026-02-11,MXN,FX,-0.9531550567231994
2026-02-12,MXN,FX,-0.8498456710576763
2026-02-13,MXN,FX,-1.0023980841591047
2026-02-16,MXN,FX,-1.048639083033814
2026-02-17,MXN,FX,-0.9925663517746947
2026-02-18,MXN,FX,-1.1552634959185155
2026-02-19,MXN,FX,-1.3022965727976705
2026-02-20,MXN,FX,-1.3237417979124058
2026-02-23,MXN,FX,-1.3572839473797242
2026-02-24,MXN,FX,-1.3292412910710063
2026-02-25,MXN,FX,-1.3982588410777836
2026-02-26,MXN,FX,-1.3650975411014081
2026-02-27,MXN,FX,-1.466116209722642
2026-03-02,MXN,FX,-1.5577720480057957
2026-03-03,MXN,FX,-1.4172164006883243
2026-03-04,MXN,FX,-1.2849946399847019
2026-03-05,MXN,FX,-1.243268921880737
2026-03-06,MXN,FX,-1.339079102466997
2026-03-09,MXN,FX,-1.3789284100673633
2026-03-10,MXN,FX,-1.2312297580753149
2026-03-11,MXN,FX,-1.1790941578626328
2026-03-12,MXN,FX,-1.1798404760490149
2026-03-13,MXN,FX,-1.152150740476989
2026-03-16,MXN,FX,-1.1199966919338888
2026-03-17,MXN,FX,-1.219293266579046
2026-03-18,MXN,FX,-1.0245536482293363
2026-03-19,MXN,FX,-0.788635368711801
2026-03-20,MXN,FX,-0.6306413793091028
2026-03-23,MXN,FX,-0.6110933398626688
2026-03-24,MXN,FX,-0.6785189234883069
2026-03-25,MXN,FX,-0.7311485773704516
2026-03-26,MXN,FX,-0.6929065618099228
2026-03-27,MXN,FX,-0.6445054553617499
2026-03-30,MXN,FX,-0.7412882401009794
2026-03-31,MXN,FX,-0.9729973737188682
2026-04-01,MXN,FX,-0.936651093793332
2026-04-02,MXN,FX,-1.1256322206922371
2026-04-06,MXN,FX,-1.2663236282261725
2026-04-07,MXN,FX,-1.2783217315361495
2026-04-08,MXN,FX,-1.0435270971512025
2026-04-09,MXN,FX,-1.1544943491950215
2026-04-10,MXN,FX,-1.0920616043825468
2026-04-13,MXN,FX,-1.1909597145360862
2026-04-14,MXN,FX,-1.014218551097391
2026-04-15,MXN,FX,-0.9005373709937723
2026-04-16,MXN,FX,-0.8510462562230087
2026-04-17,MXN,FX,-0.8767571735484153
2026-04-20,MXN,FX,-0.8269172796146537
2026-04-21,MXN,FX,-0.6669585540941164
2026-04-22,MXN,FX,-0.8055873464494296
2026-04-23,MXN,FX,-0.7996443771988054
2026-04-24,MXN,FX,-0.7920878404391261
2026-04-27,MXN,FX,-0.6718801537028535
2026-04-28,MXN,FX,-0.6704401815961423
2026-04-29,MXN,FX,-0.651099661201151
2026-04-30,MXN,FX,-0.6102380364191669
2026-05-04,MXN,FX,-0.5215969176749522
2026-05-05,MXN,FX,-0.5741995762166587
2026-05-06,MXN,FX,-0.6780768519551879
2026-05-07,MXN,FX,-0.6209313680775816
2026-05-08,MXN,FX,-0.7559190152581117
2026-05-11,MXN,FX,-0.8861251418809752
2026-05-12,MXN,FX,-0.9422605764967793
2026-05-13,MXN,FX,-0.8988807667324262
2026-05-14,MXN,FX,-0.8976797757968367
2026-05-15,MXN,FX,-0.6519402076835792
2026-05-18,MXN,FX,-0.7596425486632435
2026-05-19,MXN,FX,-0.6612088871047651
2026-05-20,MXN,FX,-0.707132774919087
2026-05-22,MXN,FX,-0.7333233036408134
2026-05-25,MXN,FX,-0.7298840459983028
2026-05-26,MXN,FX,-0.7802271823300884
2026-05-27,MXN,FX,-0.6206360498504533
2026-05-28,MXN,FX,-0.7116917448957994
2026-05-29,MXN,FX,-0.7251940721429562
2026-06-01,MXN,FX,-0.7451859410743669
2022-01-03,PEN,FX,0.7013310028168065
2022-01-04,PEN,FX,0.4076973630438183
2022-01-05,PEN,FX,0.4579971893123467
2022-01-06,PEN,FX,0.359262472810788
2022-01-07,PEN,FX,0.339098058621553
2022-01-10,PEN,FX,0.3618684961495873
2022-01-11,PEN,FX,0.16781953502801172
2022-01-12,PEN,FX,0.09605162132277566
2022-01-13,PEN,FX,0.07202968583562032
2022-01-14,PEN,FX,-0.19128869591741235
2022-01-17,PEN,FX,-0.4271313568721184
2022-01-18,PEN,FX,-0.28830295174917697
2022-01-19,PEN,FX,-0.05793669589887449
2022-01-20,PEN,FX,-0.1956901821727157
2022-01-21,PEN,FX,-0.6348331235931391
2022-01-24,PEN,FX,-0.7025548506109811
2022-01-25,PEN,FX,-0.7482624790465465
2022-01-26,PEN,FX,-0.6252563684588388
2022-01-27,PEN,FX,-1.0090015201341684
2022-01-28,PEN,FX,-1.2117799273503953
2022-01-31,PEN,FX,-1.0970962769627879
2022-02-01,PEN,FX,-0.46314044876329863
2022-02-02,PEN,FX,-0.5476030418162695
2022-02-03,PEN,FX,-0.6040538460261372
2022-02-04,PEN,FX,-0.3827976344379185
2022-02-07,PEN,FX,-0.5316508073040412
2022-02-08,PEN,FX,-0.4581406516056355
2022-02-09,PEN,FX,-0.5368600683672009
2022-02-10,PEN,FX,-1.0585510423227518
2022-02-11,PEN,FX,-1.3260886183771983
2022-02-14,PEN,FX,-1.1654123954321804
2022-02-15,PEN,FX,-0.7345265592696373
2022-02-16,PEN,FX,-0.9488939316268153
2022-02-17,PEN,FX,-1.1277759123939286
2022-02-18,PEN,FX,-1.507978155259779
2022-02-21,PEN,FX,-1.2809567575542082
2022-02-22,PEN,FX,-1.4264489860856762
2022-02-23,PEN,FX,-1.4634468055974432
2022-02-24,PEN,FX,-1.3256388094330827
2022-02-25,PEN,FX,-1.4251134533035186
2022-02-28,PEN,FX,-1.8364924293626967
2022-03-01,PEN,FX,-1.714947810017889
2022-03-02,PEN,FX,-2.0092966210588257
2022-03-03,PEN,FX,-2.3949200941770297
2022-03-04,PEN,FX,-2.7018822715771327
2022-03-07,PEN,FX,-2.996334560868486
2022-03-08,PEN,FX,-3.3945323762252473
2022-03-09,PEN,FX,-2.8948898431964034
2022-03-10,PEN,FX,-2.550518794341088
2022-03-11,PEN,FX,-2.807506382042117
2022-03-14,PEN,FX,-2.4911364122600483
2022-03-15,PEN,FX,-2.2741679366369025
2022-03-16,PEN,FX,-2.075565554221287
2022-03-17,PEN,FX,-1.9745685384313654
2022-03-18,PEN,FX,-1.773327240905666
2022-03-21,PEN,FX,-1.509114018941507
2022-03-22,PEN,FX,-1.549069483341493
2022-03-23,PEN,FX,-1.6991658754586472
2022-03-24,PEN,FX,-1.8286508401410397
2022-03-25,PEN,FX,-1.9479706356043678
2022-03-28,PEN,FX,-1.9390062808816602
2022-03-29,PEN,FX,-1.92964832161136
2022-03-30,PEN,FX,-1.8340742639205965
2022-03-31,PEN,FX,-2.033480437056205
2022-04-01,PEN,FX,-2.276484661820041
2022-04-04,PEN,FX,-2.602914292903871
2022-04-05,PEN,FX,-1.7910892825837723
2022-04-06,PEN,FX,-1.643740212363719
2022-04-07,PEN,FX,-1.506835335826111
2022-04-08,PEN,FX,-1.4024613812410192
2022-04-11,PEN,FX,-1.1932134459387156
2022-04-12,PEN,FX,-1.4306597725966321
2022-04-13,PEN,FX,-1.227858509802971
2022-04-14,PEN,FX,-0.977825070744001
2022-04-18,PEN,FX,-0.8972027180946016
2022-04-19,PEN,FX,-0.9703605272056727
2022-04-20,PEN,FX,-1.2771929215443854
2022-04-21,PEN,FX,-0.9925027797043344
2022-04-22,PEN,FX,-0.6922427245030419
2022-04-25,PEN,FX,-0.4960826015952507
2022-04-26,PEN,FX,-0.6936614405215341
2022-04-27,PEN,FX,-0.4424825276902678
2022-04-28,PEN,FX,-0.2692431467285369
2022-04-29,PEN,FX,-0.10740507240530976
2022-05-02,PEN,FX,0.0468057621145352
2022-05-03,PEN,FX,-0.026992905432865796
2022-05-04,PEN,FX,-0.368013322040008
2022-05-05,PEN,FX,-0.11074314867384835
2022-05-06,PEN,FX,0.07634543127044079
2022-05-09,PEN,FX,0.02002512973103356
2022-05-10,PEN,FX,0.045374411617048575
2022-05-11,PEN,FX,-0.31083844409240474
2022-05-12,PEN,FX,-0.4440895604327659
2022-05-13,PEN,FX,-0.5681013868787878
2022-05-16,PEN,FX,-0.506328813729634
2022-05-17,PEN,FX,-0.4785313065565389
2022-05-18,PEN,FX,-0.46944693211575356
2022-05-19,PEN,FX,-0.6752083018618638
2022-05-20,PEN,FX,-0.9262851501389066
2022-05-23,PEN,FX,-0.9980538037264053
2022-05-24,PEN,FX,-1.0851878986033758
2022-05-25,PEN,FX,-1.4419193958109833
2022-05-26,PEN,FX,-1.5700736684629726
2022-05-27,PEN,FX,-1.4838479376837233
2022-05-30,PEN,FX,-1.3525206445310147
2022-05-31,PEN,FX,-1.0573319638491219
2022-06-01,PEN,FX,-0.7746662751232481
2022-06-02,PEN,FX,-0.8466104365515772
2022-06-03,PEN,FX,-0.9040368572914942
2022-06-06,PEN,FX,-0.6314005021438924
2022-06-07,PEN,FX,-0.5999386512214607
2022-06-08,PEN,FX,-0.551222289788304
2022-06-09,PEN,FX,-0.657768168359262
2022-06-10,PEN,FX,-0.2894899206408794
2022-06-13,PEN,FX,-0.3343548108768527
2022-06-14,PEN,FX,-0.5086732523009388
2022-06-15,PEN,FX,-1.048251555340685
2022-06-16,PEN,FX,-1.1387100163558608
2022-06-17,PEN,FX,-0.9424693934299937
2022-06-20,PEN,FX,-0.881905342210754
2022-06-22,PEN,FX,-0.8898369023577841
2022-06-23,PEN,FX,-0.8766846059566925
2022-06-24,PEN,FX,-0.4135848279797838
2022-06-28,PEN,FX,-0.23623966864126397
2022-06-29,PEN,FX,-0.3061371703102798
2022-06-30,PEN,FX,-0.30909245629275794
2022-07-01,PEN,FX,-0.3485737852945466
2022-07-04,PEN,FX,-0.39885545700898123
2022-07-05,PEN,FX,-0.41910092244100994
2022-07-06,PEN,FX,-0.2304162321714833
2022-07-07,PEN,FX,-0.04333282143009746
2022-07-08,PEN,FX,0.21665579400713625
2022-07-11,PEN,FX,0.08917626467781058
2022-07-12,PEN,FX,0.40532692951770244
2022-07-13,PEN,FX,0.5196949737559883
2022-07-14,PEN,FX,0.32158210037702156
2022-07-15,PEN,FX,-0.3187222746209357
2022-07-18,PEN,FX,-0.11415031614772135
2022-07-19,PEN,FX,-0.09902073892088999
2022-07-20,PEN,FX,-0.17539080531116907
2022-07-21,PEN,FX,0.02173488691997601
2022-07-22,PEN,FX,-0.16822377442001615
2022-07-25,PEN,FX,-0.1570861195793681
2022-07-26,PEN,FX,-0.15624625243063975
2022-07-27,PEN,FX,-0.21506491723689533
2022-07-28,PEN,FX,-0.40141864129382687
2022-07-29,PEN,FX,-0.5241453107173433
2022-08-01,PEN,FX,-0.561335081349908
2022-08-02,PEN,FX,-0.28724714959493824
2022-08-03,PEN,FX,-0.4811428829174959
2022-08-04,PEN,FX,-0.5281133552014124
2022-08-05,PEN,FX,-0.0779911210489918
2022-08-08,PEN,FX,-0.1099123500242984
2022-08-09,PEN,FX,0.052619393373901695
2022-08-10,PEN,FX,-0.3512485285905514
2022-08-11,PEN,FX,-0.12081035737303981
2022-08-12,PEN,FX,-0.4625317624918887
2022-08-16,PEN,FX,-0.563577705443127
2022-08-17,PEN,FX,-0.6748535009023969
2022-08-18,PEN,FX,-0.7337193893996747
2022-08-19,PEN,FX,-0.7514837290267588
2022-08-22,PEN,FX,-0.46567887059107627
2022-08-23,PEN,FX,-0.6618235837162149
2022-08-24,PEN,FX,-0.4115419428117837
2022-08-25,PEN,FX,-0.534792396368286
2022-08-26,PEN,FX,-0.6316530860280192
2022-08-29,PEN,FX,-0.8112052687876549
2022-08-30,PEN,FX,-0.6767386278617332
2022-08-31,PEN,FX,-0.6640123349630442
2022-09-01,PEN,FX,-0.36472689003241787
2022-09-02,PEN,FX,-0.2825488786465282
2022-09-05,PEN,FX,-0.11456728901435927
2022-09-06,PEN,FX,0.3327535192608481
2022-09-07,PEN,FX,0.2282484779860871
2022-09-08,PEN,FX,0.2653443443166912
2022-09-09,PEN,FX,0.35150632343831634
2022-09-12,PEN,FX,0.30070084940876346
2022-09-13,PEN,FX,0.41077854526279894
2022-09-14,PEN,FX,0.11742694063850202
2022-09-15,PEN,FX,0.4086480111580859
2022-09-20,PEN,FX,0.5406651247882968
2022-09-21,PEN,FX,0.709432658803476
2022-09-22,PEN,FX,1.0585563243053129
2022-09-23,PEN,FX,0.9445462256997302
2022-09-26,PEN,FX,1.3236983100695856
2022-09-27,PEN,FX,1.6342279849633201
2022-09-28,PEN,FX,1.341550386781627
2022-09-29,PEN,FX,1.6280670076585644
2022-09-30,PEN,FX,1.8671846958050429
2022-10-03,PEN,FX,1.375217851105393
2022-10-04,PEN,FX,1.3754845262692277
2022-10-05,PEN,FX,1.646715301116382
2022-10-06,PEN,FX,1.7350249303088752
2022-10-07,PEN,FX,1.5234344195893135
2022-10-11,PEN,FX,1.5897517875939082
2022-10-12,PEN,FX,1.687025521840322
2022-10-13,PEN,FX,1.7344270889897977
2022-10-14,PEN,FX,1.897738433493753
2022-10-17,PEN,FX,1.8615166033840678
2022-10-18,PEN,FX,2.0159292321506608
2022-10-19,PEN,FX,2.005828938403152
2022-10-20,PEN,FX,2.201297582370424
2022-10-21,PEN,FX,2.2302091928899626
2022-10-24,PEN,FX,2.4643324410852663
2022-10-25,PEN,FX,2.323005482219513
2022-10-26,PEN,FX,2.166639899079397
2022-10-27,PEN,FX,2.0032202000646144
2022-10-28,PEN,FX,1.8621697418287517
2022-11-02,PEN,FX,2.0313531241839256
2022-11-03,PEN,FX,1.8742385351674904
2022-11-04,PEN,FX,1.9411231444252197
2022-11-07,PEN,FX,2.313547559786517
2022-11-08,PEN,FX,2.014047370460682
2022-11-09,PEN,FX,1.9464603454657674
2022-11-10,PEN,FX,0.9518235550138261
2022-11-11,PEN,FX,1.126852012032521
2022-11-14,PEN,FX,1.072087226846938
2022-11-15,PEN,FX,0.7556274061831262
2022-11-16,PEN,FX,0.7758004353965992
2022-11-17,PEN,FX,0.9174629078722591
2022-11-18,PEN,FX,0.971219479777947
2022-11-21,PEN,FX,0.9005426277908337
2022-11-22,PEN,FX,0.9047379108430413
2022-11-23,PEN,FX,1.2039684784358964
2022-11-24,PEN,FX,1.2534936857898262
2022-11-25,PEN,FX,1.4806400730770328
2022-11-28,PEN,FX,1.3039593406429426
2022-11-29,PEN,FX,1.3047248823297846
2022-11-30,PEN,FX,1.0744854590456645
2022-12-01,PEN,FX,0.7556742828744792
2022-12-02,PEN,FX,0.6877833671591392
2022-12-05,PEN,FX,0.7477818689515502
2022-12-06,PEN,FX,0.6471721779251746
2022-12-07,PEN,FX,0.5106392383894812
2022-12-09,PEN,FX,0.7773633129951215
2022-12-12,PEN,FX,0.666864728082515
2022-12-13,PEN,FX,0.4299885594539885
2022-12-14,PEN,FX,0.6189614057323783
2022-12-15,PEN,FX,0.4908807836156546
2022-12-16,PEN,FX,0.5675519694144685
2022-12-19,PEN,FX,0.6262832428827542
2022-12-20,PEN,FX,0.8684725871248552
2022-12-21,PEN,FX,0.7152356265819102
2022-12-22,PEN,FX,0.7386370702779842
2022-12-23,PEN,FX,0.8527333626098791
2022-12-26,PEN,FX,0.918349219153395
2022-12-27,PEN,FX,1.1503405614087772
2022-12-28,PEN,FX,1.1134368014897456
2022-12-29,PEN,FX,0.9944335647807453
2022-12-30,PEN,FX,0.848519803539451
2023-01-03,PEN,FX,0.8041053146608874
2023-01-04,PEN,FX,1.1155743286743953
2023-01-05,PEN,FX,1.1712212745287103
2023-01-06,PEN,FX,0.5736743926829625
2023-01-09,PEN,FX,0.6256342201442168
2023-01-10,PEN,FX,0.7760350374436864
2023-01-11,PEN,FX,0.2703559019290629
2023-01-12,PEN,FX,0.1429688715660637
2023-01-13,PEN,FX,0.42234972194042636
2023-01-16,PEN,FX,0.6071241908175194
2023-01-17,PEN,FX,0.9711128822089894
2023-01-18,PEN,FX,0.7234019471575446
2023-01-19,PEN,FX,0.920302127924046
2023-01-20,PEN,FX,1.0203582357416363
2023-01-23,PEN,FX,1.2963634055429316
2023-01-24,PEN,FX,1.3502540960192098
2023-01-25,PEN,FX,1.5760609455083163
2023-01-26,PEN,FX,1.3053287677598941
2023-01-27,PEN,FX,0.9383033657110418
2023-01-30,PEN,FX,1.246070359716431
2023-01-31,PEN,FX,0.9599790904008354
2023-02-01,PEN,FX,1.039882248077089
2023-02-02,PEN,FX,0.9231557947377145
2023-02-03,PEN,FX,1.1392088532460922
2023-02-06,PEN,FX,1.0066330940248236
2023-02-07,PEN,FX,0.81581780925213
2023-02-08,PEN,FX,0.9089500548727061
2023-02-09,PEN,FX,1.1105570905152602
2023-02-10,PEN,FX,1.054160178692
2023-02-13,PEN,FX,0.9113584668723252
2023-02-14,PEN,FX,1.175821890256485
2023-02-15,PEN,FX,1.0502952318906638
2023-02-16,PEN,FX,1.2155137733365
2023-02-17,PEN,FX,0.8639580694828219
2023-02-20,PEN,FX,0.937575970688492
2023-02-21,PEN,FX,1.0901526993058068
2023-02-22,PEN,FX,0.844217201655972
2023-02-23,PEN,FX,0.47468349683338196
2023-02-24,PEN,FX,0.6254503866501285
2023-02-27,PEN,FX,0.6128996286748285
2023-02-28,PEN,FX,0.6353812699191164
2023-03-01,PEN,FX,0.4873245383397596
2023-03-02,PEN,FX,0.5066361083140327
2023-03-03,PEN,FX,0.3871600546791789
2023-03-06,PEN,FX,0.5118823199010162
2023-03-07,PEN,FX,0.44402848715466103
2023-03-08,PEN,FX,0.3436891013599894
2023-03-09,PEN,FX,0.4269420318217558
2023-03-10,PEN,FX,-0.1682559215064057
2023-03-13,PEN,FX,-0.0995426185521173
2023-03-14,PEN,FX,0.1306397115946007
2023-03-15,PEN,FX,-0.0756949906773895
2023-03-16,PEN,FX,-0.07786693156216216
2023-03-17,PEN,FX,0.0864613932899664
2023-03-20,PEN,FX,0.06896028089721953
2023-03-21,PEN,FX,0.025376823297849647
2023-03-22,PEN,FX,-0.13798002147479313
2023-03-23,PEN,FX,-0.12191240129124074
2023-03-24,PEN,FX,-0.25133493038977345
2023-03-27,PEN,FX,-0.055583283349475335
2023-03-28,PEN,FX,0.1671642614423472
2023-03-29,PEN,FX,0.07656406572566363
2023-03-30,PEN,FX,0.13741547965178308
2023-03-31,PEN,FX,-0.05204554692461907
2023-04-03,PEN,FX,-0.08812098240673474
2023-04-04,PEN,FX,-0.03870513701583478
2023-04-05,PEN,FX,-0.019305168851097843
2023-04-06,PEN,FX,-0.05062420907994042
2023-04-10,PEN,FX,0.15642159303526937
2023-04-11,PEN,FX,0.19359085692078246
2023-04-12,PEN,FX,0.051127398989726555
2023-04-13,PEN,FX,0.32081440764960134
2023-04-14,PEN,FX,0.4011756980041302
2023-04-17,PEN,FX,0.44183879571223733
2023-04-18,PEN,FX,0.4052443242896605
2023-04-19,PEN,FX,0.3175428785383962
2023-04-20,PEN,FX,0.1226740000707085
2023-04-21,PEN,FX,0.1617813593026418
2023-04-24,PEN,FX,-0.037609621796656896
2023-04-25,PEN,FX,0.01270275084226211
2023-04-26,PEN,FX,0.043413334702374996
2023-04-27,PEN,FX,0.10023780803789144
2023-04-28,PEN,FX,-0.3839692546113315
2023-05-02,PEN,FX,-0.19225750546738773
2023-05-03,PEN,FX,-0.14442618731374124
2023-05-04,PEN,FX,0.2359371856354325
2023-05-05,PEN,FX,0.14876392294022764
2023-05-08,PEN,FX,0.2475556494378918
2023-05-09,PEN,FX,0.06706211385229476
2023-05-10,PEN,FX,-0.29793978017152495
2023-05-11,PEN,FX,-0.3197797181921859
2023-05-12,PEN,FX,-0.47380982325402793
2023-05-15,PEN,FX,-0.18501518879654683
2023-05-16,PEN,FX,0.026188301662513402
2023-05-17,PEN,FX,0.04429368029149277
2023-05-18,PEN,FX,0.24795019298800225
2023-05-19,PEN,FX,0.12470016583440034
2023-05-22,PEN,FX,0.2448236800543
2023-05-23,PEN,FX,0.13405794438973104
2023-05-24,PEN,FX,0.08059062657415106
2023-05-25,PEN,FX,0.2805222703115388
2023-05-26,PEN,FX,0.05929087326655161
2023-05-29,PEN,FX,0.13084991302424182
2023-05-30,PEN,FX,-0.007250114703199411
2023-05-31,PEN,FX,-0.027131295478489043
2023-06-01,PEN,FX,-0.004480275798954038
2023-06-02,PEN,FX,0.2112805257888937
2023-06-05,PEN,FX,0.020078630209384028
2023-06-06,PEN,FX,0.15165433410412585
2023-06-07,PEN,FX,0.12459707836171031
2023-06-08,PEN,FX,-0.008711950631094777
2023-06-09,PEN,FX,-0.010107379396783283
2023-06-12,PEN,FX,0.22843370289288412
2023-06-13,PEN,FX,0.2060703398454829
2023-06-14,PEN,FX,0.31536602307183165
2023-06-15,PEN,FX,0.12130859318171452
2023-06-16,PEN,FX,0.13624325503413684
2023-06-19,PEN,FX,0.0976085336274393
2023-06-20,PEN,FX,0.0846089992368323
2023-06-22,PEN,FX,0.14193188972706586
2023-06-23,PEN,FX,-0.2090074923573067
2023-06-27,PEN,FX,0.09073563191634952
2023-06-28,PEN,FX,-0.13674145725136738
2023-06-29,PEN,FX,0.04712454893954208
2023-06-30,PEN,FX,0.12054354014682676
2023-07-03,PEN,FX,0.2463745362050072
2023-07-04,PEN,FX,0.1388168732220142
2023-07-05,PEN,FX,0.15508312914798342
2023-07-06,PEN,FX,0.37689501158873256
2023-07-07,PEN,FX,0.24510001582703342
2023-07-10,PEN,FX,0.4130818422418145
2023-07-11,PEN,FX,0.2902367119126179
2023-07-12,PEN,FX,-0.1571902869143268
2023-07-13,PEN,FX,-0.29422032023460293
2023-07-14,PEN,FX,-0.321614533353203
2023-07-17,PEN,FX,-0.3287403372090086
2023-07-18,PEN,FX,-0.19288505834965775
2023-07-19,PEN,FX,-0.04188334748372088
2023-07-20,PEN,FX,-0.04584251804969029
2023-07-21,PEN,FX,-0.28429025646457573
2023-07-24,PEN,FX,-0.2887036633555275
2023-07-25,PEN,FX,-0.14173513913288513
2023-07-26,PEN,FX,-0.17974596210165628
2023-07-27,PEN,FX,-0.08008060163850142
2023-07-28,PEN,FX,-0.08463719845952605
2023-07-31,PEN,FX,-0.004501446924874666
2023-08-01,PEN,FX,0.07718519823425364
2023-08-02,PEN,FX,0.36530475716458266
2023-08-03,PEN,FX,0.650583602886185
2023-08-04,PEN,FX,0.4820395578401893
2023-08-07,PEN,FX,0.6610711567327227
2023-08-08,PEN,FX,0.6434852928002082
2023-08-09,PEN,FX,0.46654907066763357
2023-08-10,PEN,FX,0.6225150023450526
2023-08-11,PEN,FX,0.6764130514156722
2023-08-14,PEN,FX,0.8282155911134533
2023-08-16,PEN,FX,1.0438080211379948
2023-08-17,PEN,FX,1.1197427892469625
2023-08-18,PEN,FX,1.047461556719349
2023-08-21,PEN,FX,1.1662802944931028
2023-08-22,PEN,FX,1.349915372236922
2023-08-23,PEN,FX,0.9752353445832738
2023-08-24,PEN,FX,0.945780710698673
2023-08-25,PEN,FX,0.7874036689988267
2023-08-28,PEN,FX,0.8672997995533321
2023-08-29,PEN,FX,0.7216478746750287
2023-08-30,PEN,FX,0.8059027165372524
2023-08-31,PEN,FX,0.6689220053043682
2023-09-01,PEN,FX,0.4777925833653221
2023-09-04,PEN,FX,0.44431409970439556
2023-09-05,PEN,FX,0.5354619098433329
2023-09-06,PEN,FX,0.4730828750147516
2023-09-07,PEN,FX,0.44528701218612404
2023-09-08,PEN,FX,0.5365926343828266
2023-09-11,PEN,FX,0.4397003702980302
2023-09-12,PEN,FX,0.5006031826976152
2023-09-13,PEN,FX,0.475048943834103
2023-09-14,PEN,FX,0.6121692593274496
2023-09-15,PEN,FX,0.7288908420141595
2023-09-20,PEN,FX,0.9131277397232928
2023-09-21,PEN,FX,1.1601304441456772
2023-09-22,PEN,FX,1.1722748197841293
2023-09-25,PEN,FX,1.5161282819302153
2023-09-26,PEN,FX,1.403708286363785
2023-09-27,PEN,FX,1.3925007588509346
2023-09-28,PEN,FX,1.463918461604406
2023-09-29,PEN,FX,1.5038029124776076
2023-10-02,PEN,FX,1.4733924747035403
2023-10-03,PEN,FX,1.5544819326063464
2023-10-04,PEN,FX,1.685224028005014
2023-10-05,PEN,FX,1.822047435147174
2023-10-06,PEN,FX,2.0067059754675802
2023-10-10,PEN,FX,1.8208947715122998
2023-10-11,PEN,FX,1.8621108067310834
2023-10-12,PEN,FX,2.284645700432655
2023-10-13,PEN,FX,2.039195901989064
2023-10-16,PEN,FX,2.2917495299353994
2023-10-17,PEN,FX,2.6199043239515856
2023-10-18,PEN,FX,2.738848349521615
2023-10-19,PEN,FX,2.65661104413509
2023-10-20,PEN,FX,2.6007945356814464
2023-10-23,PEN,FX,2.5163159159988804
2023-10-24,PEN,FX,2.57858889293144
2023-10-25,PEN,FX,2.6348672201086747
2023-10-26,PEN,FX,2.403660217387552
2023-10-30,PEN,FX,2.5323651361827713
2023-10-31,PEN,FX,2.4005023211365693
2023-11-02,PEN,FX,1.7981269788890861
2023-11-03,PEN,FX,1.5440251689280262
2023-11-06,PEN,FX,1.6233553050994836
2023-11-07,PEN,FX,1.544287590165487
2023-11-08,PEN,FX,1.5512932797982257
2023-11-09,PEN,FX,1.750396552019614
2023-11-10,PEN,FX,1.7271060289803648
2023-11-13,PEN,FX,1.6384799869100912
2023-11-14,PEN,FX,1.2060474997416544
2023-11-15,PEN,FX,1.5657813881464235
2023-11-16,PEN,FX,1.4917648960303538
2023-11-17,PEN,FX,1.3725308179193383
2023-11-20,PEN,FX,0.9958696392031036
2023-11-21,PEN,FX,0.9258805989478466
2023-11-22,PEN,FX,0.8414196810108053
2023-11-23,PEN,FX,0.7699673371405502
2023-11-24,PEN,FX,0.9251671647174147
2023-11-27,PEN,FX,0.8050181236043585
2023-11-28,PEN,FX,0.7794449165953246
2023-11-29,PEN,FX,0.6936507011951685
2023-11-30,PEN,FX,0.7123107541038389
2023-12-01,PEN,FX,0.5919777683931411
2023-12-04,PEN,FX,0.7416553550636779
2023-12-05,PEN,FX,0.4446093593227761
2023-12-06,PEN,FX,0.5969336527740619
2023-12-07,PEN,FX,0.6792606412642445
2023-12-11,PEN,FX,0.8665685423241684
2023-12-12,PEN,FX,0.9182923287047762
2023-12-13,PEN,FX,0.8081339444698841
2023-12-14,PEN,FX,0.6829074485995125
2023-12-15,PEN,FX,0.5978075508979132
2023-12-18,PEN,FX,0.4113617265713423
2023-12-19,PEN,FX,0.21069386967554993
2023-12-20,PEN,FX,-0.03043776111381601
2023-12-21,PEN,FX,0.11420588762160783
2023-12-22,PEN,FX,0.0736852892277457
2023-12-26,PEN,FX,0.04591165161095993
2023-12-27,PEN,FX,0.085849385369722
2023-12-28,PEN,FX,0.3306293329795723
2023-12-29,PEN,FX,0.34973764919544237
2024-01-02,PEN,FX,0.489532022343971
2024-01-03,PEN,FX,0.3936706801960147
2024-01-04,PEN,FX,0.6516846946769748
2024-01-05,PEN,FX,0.36723843647281157
2024-01-08,PEN,FX,0.4581520534787895
2024-01-09,PEN,FX,0.28696532939095853
2024-01-10,PEN,FX,0.2202153585490716
2024-01-11,PEN,FX,0.13383696372350612
2024-01-12,PEN,FX,0.07187931627882516
2024-01-15,PEN,FX,0.04669848524690439
2024-01-16,PEN,FX,0.26590129552929503
2024-01-17,PEN,FX,0.17279389048058785
2024-01-18,PEN,FX,0.3545846371997006
2024-01-19,PEN,FX,0.4099201259301046
2024-01-22,PEN,FX,0.30315831128678977
2024-01-23,PEN,FX,0.35061443176023355
2024-01-24,PEN,FX,0.4757828869063184
2024-01-25,PEN,FX,0.42072559063861853
2024-01-26,PEN,FX,0.5933812512265844
2024-01-29,PEN,FX,0.7080863893530213
2024-01-30,PEN,FX,0.6378146134648734
2024-01-31,PEN,FX,0.4506796325801438
2024-02-01,PEN,FX,0.5032737497055517
2024-02-02,PEN,FX,0.983871085083616
2024-02-05,PEN,FX,1.1074526177167228
2024-02-06,PEN,FX,1.2385225048908226
2024-02-07,PEN,FX,1.4612733110161074
2024-02-08,PEN,FX,1.3741704856465484
2024-02-09,PEN,FX,1.4055868188080716
2024-02-12,PEN,FX,1.5551434883504507
2024-02-13,PEN,FX,1.6485317142591855
2024-02-14,PEN,FX,1.3284544394085442
2024-02-15,PEN,FX,1.3048321938477272
2024-02-16,PEN,FX,1.1270570125926767
2024-02-19,PEN,FX,0.7904155084990958
2024-02-20,PEN,FX,0.5471089154444017
2024-02-21,PEN,FX,0.7480107485096807
2024-02-22,PEN,FX,0.7947120129206754
2024-02-23,PEN,FX,0.6833689053466634
2024-02-26,PEN,FX,0.5999764548855939
2024-02-27,PEN,FX,0.5612027426676002
2024-02-28,PEN,FX,0.4281076261426712
2024-02-29,PEN,FX,0.38599817949570253
2024-03-01,PEN,FX,0.2538698052932004
2024-03-04,PEN,FX,0.45452518263213815
2024-03-05,PEN,FX,0.4370669633574178
2024-03-06,PEN,FX,0.10639360605425892
2024-03-07,PEN,FX,0.12926909086935054
2024-03-08,PEN,FX,-0.11160018980629684
2024-03-11,PEN,FX,-0.029782674848797958
2024-03-12,PEN,FX,-0.003634818745080539
2024-03-13,PEN,FX,-0.1317435890641633
2024-03-14,PEN,FX,0.008298597491685163
2024-03-15,PEN,FX,0.04198821148572241
2024-03-18,PEN,FX,0.07105592965290411
2024-03-19,PEN,FX,-0.21620919867626717
2024-03-20,PEN,FX,-0.2182327575629023
2024-03-21,PEN,FX,0.007590900780308246
2024-03-22,PEN,FX,-0.2295821636075996
2024-03-25,PEN,FX,-0.10028027982242475
2024-03-26,PEN,FX,0.17297425622635404
2024-03-27,PEN,FX,0.09804552211707258
2024-03-28,PEN,FX,0.2074608834524943
2024-04-01,PEN,FX,0.5355886049072116
2024-04-02,PEN,FX,0.34200715727327113
2024-04-03,PEN,FX,0.24584279439325354
2024-04-04,PEN,FX,0.0984527296837324
2024-04-05,PEN,FX,0.24267703231946225
2024-04-08,PEN,FX,0.09393136899426607
2024-04-09,PEN,FX,0.36773087652654224
2024-04-10,PEN,FX,0.7002680839324634
2024-04-11,PEN,FX,0.5812905862329205
2024-04-12,PEN,FX,0.28084144218977447
2024-04-15,PEN,FX,0.6067245177690465
2024-04-16,PEN,FX,0.7446136011809289
2024-04-17,PEN,FX,0.6054939164176674
2024-04-18,PEN,FX,0.7893528337869142
2024-04-19,PEN,FX,0.16183774215371624
2024-04-22,PEN,FX,-0.01443347872556682
2024-04-23,PEN,FX,0.009250994817749653
2024-04-24,PEN,FX,0.3944568112186279
2024-04-25,PEN,FX,0.7989857325252578
2024-04-26,PEN,FX,0.7839032978898279
2024-04-29,PEN,FX,0.6274861432896366
2024-04-30,PEN,FX,0.7777154468298274
2024-05-02,PEN,FX,0.7370331454464133
2024-05-03,PEN,FX,0.558753775583418
2024-05-06,PEN,FX,0.5709608822139428
2024-05-07,PEN,FX,0.5033416514914572
2024-05-08,PEN,FX,0.4235594029206741
2024-05-09,PEN,FX,0.308886566338285
2024-05-10,PEN,FX,0.48664709171724263
2024-05-13,PEN,FX,0.6117385272487541
2024-05-14,PEN,FX,0.5888052616262581
2024-05-15,PEN,FX,0.28535152749954645
2024-05-16,PEN,FX,0.5417221762023764
2024-05-17,PEN,FX,0.7874070674911677
2024-05-20,PEN,FX,0.7949749632153018
2024-05-22,PEN,FX,0.6352447456049702
2024-05-23,PEN,FX,0.7046745840942198
2024-05-24,PEN,FX,0.6454395629553543
2024-05-27,PEN,FX,0.8048709696364885
2024-05-28,PEN,FX,1.0094593957519622
2024-05-29,PEN,FX,1.0881401736512049
2024-05-30,PEN,FX,0.7598140588684681
2024-05-31,PEN,FX,0.632930030492986
2024-06-03,PEN,FX,0.43904331000690056
2024-06-04,PEN,FX,0.2379617002820365
2024-06-05,PEN,FX,0.30658202069983204
2024-06-06,PEN,FX,0.5038068302220695
2024-06-07,PEN,FX,0.5898409827827176
2024-06-10,PEN,FX,0.31722346376930516
2024-06-11,PEN,FX,0.3890093835092078
2024-06-12,PEN,FX,-0.052007643954986076
2024-06-13,PEN,FX,-0.11028441761711119
2024-06-14,PEN,FX,-0.2518367406610684
2024-06-17,PEN,FX,-7.097339491412522e-4
2024-06-18,PEN,FX,-0.07660200684708662
2024-06-19,PEN,FX,0.2956987471110784
2024-06-21,PEN,FX,0.2136335800209007
2024-06-24,PEN,FX,0.1667449950864958
2024-06-25,PEN,FX,0.3133473339597835
2024-06-26,PEN,FX,0.3880459949571253
2024-06-27,PEN,FX,0.3204402203865687
2024-06-28,PEN,FX,0.6440892117054947
2024-07-01,PEN,FX,0.7802498280839056
2024-07-02,PEN,FX,0.5525398610008536
2024-07-03,PEN,FX,0.23599431555073241
2024-07-04,PEN,FX,0.3524178813384427
2024-07-05,PEN,FX,0.21632429117517188
2024-07-08,PEN,FX,0.18028693016280783
2024-07-09,PEN,FX,0.18381925368625818
2024-07-10,PEN,FX,0.24487214007512983
2024-07-11,PEN,FX,0.13542344581726648
2024-07-12,PEN,FX,-0.1383612363036292
2024-07-15,PEN,FX,-0.11361307930110513
2024-07-17,PEN,FX,-0.208986481824841
2024-07-18,PEN,FX,0.027372605299043076
2024-07-19,PEN,FX,0.11206901047514752
2024-07-22,PEN,FX,0.277935050224033
2024-07-23,PEN,FX,0.48493037307490455
2024-07-24,PEN,FX,0.5444987792705634
2024-07-25,PEN,FX,0.04837586487391661
2024-07-26,PEN,FX,0.06210408274187824
2024-07-29,PEN,FX,-0.07408973141547294
2024-07-30,PEN,FX,-0.25301840361813444
2024-07-31,PEN,FX,-0.561089684110419
2024-08-01,PEN,FX,-0.29153079636480717
2024-08-02,PEN,FX,-0.718538224109273
2024-08-05,PEN,FX,-0.819737546190593
2024-08-06,PEN,FX,-0.6774101272047235
2024-08-07,PEN,FX,-0.6432031234857044
2024-08-08,PEN,FX,-0.6331411803307367
2024-08-09,PEN,FX,-0.5743302025947365
2024-08-12,PEN,FX,-0.4705788940964447
2024-08-13,PEN,FX,-0.5551310852606286
2024-08-14,PEN,FX,-0.662113234642697
2024-08-16,PEN,FX,-0.32109384858148426
2024-08-19,PEN,FX,-0.30183508679210613
2024-08-20,PEN,FX,-0.19496376696473028
2024-08-21,PEN,FX,-0.24790785898206474
2024-08-22,PEN,FX,-0.15449660326894238
2024-08-23,PEN,FX,-0.41270592748313617
2024-08-26,PEN,FX,-0.18153542252667373
2024-08-27,PEN,FX,-0.3420182896845723
2024-08-28,PEN,FX,-0.48815818194684374
2024-08-29,PEN,FX,-0.5923652195376916
2024-08-30,PEN,FX,-0.3236715796976211
2024-09-02,PEN,FX,-0.295271684810613
2024-09-03,PEN,FX,-0.22736328678363887
2024-09-04,PEN,FX,-0.13119066984945155
2024-09-05,PEN,FX,-0.1057786753024924
2024-09-06,PEN,FX,-0.23059938645163855
2024-09-09,PEN,FX,-0.11411214878002253
2024-09-10,PEN,FX,0.06969575237801111
2024-09-11,PEN,FX,-0.28079002265300024
2024-09-12,PEN,FX,-0.34284239672166955
2024-09-13,PEN,FX,-0.22165883412884685
2024-09-16,PEN,FX,-0.0441237736231486
2024-09-17,PEN,FX,-0.1620208823327246
2024-09-23,PEN,FX,-0.26008756953423534
2024-09-24,PEN,FX,-0.18846478298689076
2024-09-25,PEN,FX,0.02813796525254481
2024-09-26,PEN,FX,-0.19727199840590992
2024-09-27,PEN,FX,-0.3199094225003936
2024-09-30,PEN,FX,-0.27155107723045163
2024-10-01,PEN,FX,-0.3448849778812112
2024-10-02,PEN,FX,-0.1654103663939529
2024-10-03,PEN,FX,-0.2813549684014464
2024-10-04,PEN,FX,-0.10069145891514045
2024-10-07,PEN,FX,-0.03300836247072828
2024-10-08,PEN,FX,0.18810534933475212
2024-10-09,PEN,FX,0.11593915788042584
2024-10-10,PEN,FX,0.20337194899268365
2024-10-11,PEN,FX,0.1257535725807675
2024-10-14,PEN,FX,0.27495691373101605
2024-10-15,PEN,FX,0.3774493281112884
2024-10-16,PEN,FX,0.262922693206225
2024-10-17,PEN,FX,0.2846174734777615
2024-10-18,PEN,FX,0.3699307620588352
2024-10-21,PEN,FX,0.55152534334415515
2024-10-22,PEN,FX,0.4690086191208522
2024-10-23,PEN,FX,0.35975581976710946
2024-10-24,PEN,FX,0.4754225790523859
2024-10-25,PEN,FX,0.45266340709254005
2024-10-28,PEN,FX,0.6607891195071377
2024-10-29,PEN,FX,0.5475630364227998
2024-10-30,PEN,FX,0.5550008363307943
2024-11-04,PEN,FX,0.36905504155642904
2024-11-05,PEN,FX,0.4528827033997863
2024-11-06,PEN,FX,0.38982003964067274
2024-11-07,PEN,FX,0.35401636534612596
2024-11-08,PEN,FX,0.54123314947303
2024-11-11,PEN,FX,0.1744826509073865
2024-11-12,PEN,FX,0.5395635278013242
2024-11-13,PEN,FX,0.5969192294055691
2024-11-14,PEN,FX,0.558754563623043
2024-11-15,PEN,FX,0.7157514265402507
2024-11-18,PEN,FX,0.616965804989915
2024-11-19,PEN,FX,0.7339754712385381
2024-11-20,PEN,FX,0.7691788004385686
2024-11-21,PEN,FX,0.6741211178924411
2024-11-22,PEN,FX,0.3581207780203203
2024-11-25,PEN,FX,0.1607896818287077
2024-11-26,PEN,FX,0.12648953335695068
2024-11-27,PEN,FX,-0.04723916554678875
2024-11-28,PEN,FX,-0.02547908844528236
2024-11-29,PEN,FX,-0.20189132715558183
2024-12-02,PEN,FX,-0.06944080195376397
2024-12-03,PEN,FX,-0.03481383605093379
2024-12-04,PEN,FX,-0.21203546729095213
2024-12-05,PEN,FX,-0.254309368391813
2024-12-06,PEN,FX,-0.3109219014842907
2024-12-09,PEN,FX,-0.19293907664249046
2024-12-10,PEN,FX,-0.29663477760630225
2024-12-11,PEN,FX,-0.2145684492189322
2024-12-12,PEN,FX,-0.0021087733561089205
2024-12-13,PEN,FX,-0.0768562975913463
2024-12-16,PEN,FX,-0.05464580729619685
2024-12-17,PEN,FX,0.06798308189592021
2024-12-18,PEN,FX,0.17833050121365485
2024-12-19,PEN,FX,0.0922408135647117
2024-12-20,PEN,FX,-0.11293405077128797
2024-12-23,PEN,FX,0.07764895302838475
2024-12-24,PEN,FX,-0.004157319851978016
2024-12-26,PEN,FX,0.23537094411897075
2024-12-27,PEN,FX,0.26975732311659334
2024-12-30,PEN,FX,0.2943424461384442
2025-01-02,PEN,FX,-0.04103268954772977
2025-01-03,PEN,FX,0.0781971909463424
2025-01-06,PEN,FX,0.3896821885037121
2025-01-07,PEN,FX,0.5650922936595838
2025-01-08,PEN,FX,0.4230619388766774
2025-01-09,PEN,FX,0.37908930153491394
2025-01-10,PEN,FX,0.3601276763195617
2025-01-13,PEN,FX,0.20190941897453332
2025-01-14,PEN,FX,0.4457545780390188
2025-01-15,PEN,FX,0.14091210554932915
2025-01-16,PEN,FX,0.06796457025270869
2025-01-17,PEN,FX,-0.09865395628897844
2025-01-20,PEN,FX,-0.2284330299499933
2025-01-21,PEN,FX,-0.24214023657420997
2025-01-22,PEN,FX,-0.19946017345385122
2025-01-23,PEN,FX,-0.17775438371057306
2025-01-24,PEN,FX,-0.10461481901630809
2025-01-27,PEN,FX,0.09616024361348234
2025-01-28,PEN,FX,-0.1389685555088161
2025-01-29,PEN,FX,-0.12986031784878008
2025-01-30,PEN,FX,-0.07956008959123195
2025-01-31,PEN,FX,-0.12481317591332028
2025-02-03,PEN,FX,-0.3892712332120809
2025-02-04,PEN,FX,-0.27007188376527735
2025-02-05,PEN,FX,-0.05153673373303884
2025-02-06,PEN,FX,-0.11350910735669421
2025-02-07,PEN,FX,0.06769426320613471
2025-02-10,PEN,FX,0.004360089932325792
2025-02-11,PEN,FX,-0.11112624944679306
2025-02-12,PEN,FX,0.18876778336927225
2025-02-13,PEN,FX,0.09784738185533452
2025-02-14,PEN,FX,-0.022781037165032002
2025-02-17,PEN,FX,-0.1489829700612172
2025-02-18,PEN,FX,-0.1743205847736847
2025-02-19,PEN,FX,-0.19954382726911912
2025-02-20,PEN,FX,-0.28084205335844326
2025-02-21,PEN,FX,-0.3966769489326919
2025-02-24,PEN,FX,-0.49079468136468146
2025-02-25,PEN,FX,-0.6208986469723616
2025-02-26,PEN,FX,-0.657947564717886
2025-02-27,PEN,FX,-0.7906306395827641
2025-02-28,PEN,FX,-1.0065299788143398
2025-03-03,PEN,FX,-0.8816348646366159
2025-03-04,PEN,FX,-0.665904396979464
2025-03-05,PEN,FX,-0.5927751762091651
2025-03-06,PEN,FX,-0.4959627167166878
2025-03-07,PEN,FX,-0.44398775488446457
2025-03-10,PEN,FX,-0.521732961609612
2025-03-11,PEN,FX,-0.31951464238456767
2025-03-12,PEN,FX,-0.3246729786782483
2025-03-13,PEN,FX,-0.29544880496479975
2025-03-14,PEN,FX,-0.2455898387169634
2025-03-17,PEN,FX,-0.2701817958974207
2025-03-18,PEN,FX,-0.3882171784191723
2025-03-19,PEN,FX,-0.6309912725852028
2025-03-20,PEN,FX,-0.7961327888587869
2025-03-21,PEN,FX,-0.7932733212071382
2025-03-24,PEN,FX,-0.5998822296414209
2025-03-25,PEN,FX,-0.5179488072185203
2025-03-26,PEN,FX,-0.5704891653861903
2025-03-27,PEN,FX,-0.5646695047703342
2025-03-28,PEN,FX,-0.6041775211262039
2025-03-31,PEN,FX,-0.5831996578290588
2025-04-01,PEN,FX,-0.6113050757165464
2025-04-02,PEN,FX,-0.5268880051772885
2025-04-03,PEN,FX,-0.07863701930042026
2025-04-04,PEN,FX,-0.1523598877653017
2025-04-07,PEN,FX,0.12808983009082472
2025-04-08,PEN,FX,0.9943971381074926
2025-04-09,PEN,FX,1.1986058060735727
2025-04-10,PEN,FX,1.6742449995183475
2025-04-11,PEN,FX,2.1852677724971143
2025-04-14,PEN,FX,1.9981234177550806
2025-04-15,PEN,FX,2.148354800417032
2025-04-16,PEN,FX,2.1458457286112043
2025-04-17,PEN,FX,1.9247638974582801
2025-04-21,PEN,FX,1.9694967981220393
2025-04-22,PEN,FX,1.9345099007646183
2025-04-23,PEN,FX,1.8008796276330306
2025-04-24,PEN,FX,1.3898336237927442
2025-04-25,PEN,FX,1.0184614945167898
2025-04-28,PEN,FX,1.0895683677909442
2025-04-29,PEN,FX,1.0383193636654808
2025-04-30,PEN,FX,1.2219582413842176
2025-05-02,PEN,FX,1.1516218175815383
2025-05-05,PEN,FX,1.5192948773930897
2025-05-06,PEN,FX,1.2805734669336586
2025-05-07,PEN,FX,1.2457941311134109
2025-05-08,PEN,FX,1.0425261598381876
2025-05-09,PEN,FX,1.0818675442436774
2025-05-12,PEN,FX,0.7985163271269407
2025-05-13,PEN,FX,0.6778357082130227
2025-05-14,PEN,FX,1.229863651593033
2025-05-15,PEN,FX,1.1431588960122478
2025-05-16,PEN,FX,1.2240344092783064
2025-05-19,PEN,FX,1.3068521345741198
2025-05-20,PEN,FX,1.6166733771628772
2025-05-22,PEN,FX,1.5175221399585284
2025-05-23,PEN,FX,1.5064559589075202
2025-05-26,PEN,FX,1.5777868668171893
2025-05-27,PEN,FX,1.2915105708922987
2025-05-28,PEN,FX,1.2487606424235134
2025-05-29,PEN,FX,1.0112696757660526
2025-05-30,PEN,FX,1.025659669577336
2025-06-02,PEN,FX,1.2367519044961934
2025-06-03,PEN,FX,1.182638623752471
2025-06-04,PEN,FX,0.9672695510998152
2025-06-05,PEN,FX,1.2032122364613487
2025-06-06,PEN,FX,1.4670281963170448
2025-06-09,PEN,FX,1.3855751186877694
2025-06-10,PEN,FX,1.2630772967805426
2025-06-11,PEN,FX,1.036832868941117
2025-06-12,PEN,FX,1.097147695890697
2025-06-13,PEN,FX,0.9314190124280587
2025-06-16,PEN,FX,1.0290019702235198
2025-06-17,PEN,FX,0.9253573286955188
2025-06-18,PEN,FX,0.6183974045040369
2025-06-19,PEN,FX,0.513095173849697
2025-06-23,PEN,FX,0.49079388026266213
2025-06-24,PEN,FX,0.5020536005677892
2025-06-25,PEN,FX,0.44101726467543884
2025-06-26,PEN,FX,0.5324754158222403
2025-06-27,PEN,FX,0.2786102780819306
2025-06-30,PEN,FX,0.11452509871062276
2025-07-01,PEN,FX,0.4550163450402646
2025-07-02,PEN,FX,0.42355469521181144
2025-07-03,PEN,FX,0.4637461123050311
2025-07-04,PEN,FX,0.5621868240732991
2025-07-07,PEN,FX,0.6521464011753091
2025-07-08,PEN,FX,0.610016288809385
2025-07-09,PEN,FX,0.4334555463798298
2025-07-10,PEN,FX,0.5901778001939039
2025-07-11,PEN,FX,0.6476550053551696
2025-07-14,PEN,FX,0.8486484172983353
2025-07-15,PEN,FX,0.9146660375987752
2025-07-17,PEN,FX,0.5936301117646271
2025-07-18,PEN,FX,0.7712298412722862
2025-07-21,PEN,FX,0.8539604302696382
2025-07-22,PEN,FX,0.9062085134350203
2025-07-23,PEN,FX,0.9453809481812083
2025-07-24,PEN,FX,0.9017143963958701
2025-07-25,PEN,FX,0.8142843686141075
2025-07-28,PEN,FX,0.7455209053377452
2025-07-29,PEN,FX,0.4893923429112294
2025-07-30,PEN,FX,0.5289839986636398
2025-07-31,PEN,FX,0.576926319495397
2025-08-01,PEN,FX,0.45256111576842195
2025-08-04,PEN,FX,0.6628763368073164
2025-08-05,PEN,FX,0.6797002485297434
2025-08-06,PEN,FX,0.760431658808762
2025-08-07,PEN,FX,0.8819597742424143
2025-08-08,PEN,FX,0.7724845331902811
2025-08-11,PEN,FX,0.7348892729193934
2025-08-12,PEN,FX,0.6494134350825904
2025-08-13,PEN,FX,0.9142035195905809
2025-08-14,PEN,FX,1.0152505975239512
2025-08-18,PEN,FX,1.145639714115921
2025-08-19,PEN,FX,0.8871455570438392
2025-08-20,PEN,FX,0.8728998598505879
2025-08-21,PEN,FX,1.0208736351438612
2025-08-22,PEN,FX,0.8011311389100498
2025-08-25,PEN,FX,0.9910741844054692
2025-08-26,PEN,FX,1.0867280218987159
2025-08-27,PEN,FX,1.0873946389028817
2025-08-28,PEN,FX,1.0331994831415705
2025-08-29,PEN,FX,1.0701501342539654
2025-09-01,PEN,FX,1.1575686151038087
2025-09-02,PEN,FX,1.113956400293785
2025-09-03,PEN,FX,1.0331213223317828
2025-09-04,PEN,FX,0.7415007311844982
2025-09-05,PEN,FX,0.8413233431035748
2025-09-08,PEN,FX,0.8138396382810267
2025-09-09,PEN,FX,0.7331809519660768
2025-09-10,PEN,FX,0.4765147459724805
2025-09-11,PEN,FX,0.4495149374761974
2025-09-12,PEN,FX,0.6637666954240982
2025-09-15,PEN,FX,0.7385647686051046
2025-09-16,PEN,FX,0.61632652981643
2025-09-17,PEN,FX,0.6814682372304944
2025-09-22,PEN,FX,1.0687176888781007
2025-09-23,PEN,FX,1.0271002021910158
2025-09-24,PEN,FX,0.9839871296602649
2025-09-25,PEN,FX,0.9857340034836052
2025-09-26,PEN,FX,0.6838308661843574
2025-09-29,PEN,FX,0.7489138859350873
2025-09-30,PEN,FX,0.7318097030321695
2025-10-01,PEN,FX,0.6538948873462158
2025-10-02,PEN,FX,0.8566007239637227
2025-10-03,PEN,FX,0.6593006512634707
2025-10-06,PEN,FX,0.5155954779967481
2025-10-07,PEN,FX,0.2455092087103288
2025-10-08,PEN,FX,0.1491848735781317
2025-10-09,PEN,FX,0.03305071160983343
2025-10-10,PEN,FX,-0.047172911480383974
2025-10-13,PEN,FX,-0.14825687873203003
2025-10-14,PEN,FX,-0.21142216156990848
2025-10-15,PEN,FX,-0.27057976974813236
2025-10-16,PEN,FX,-0.21646361661827984
2025-10-17,PEN,FX,-0.549920922735741
2025-10-20,PEN,FX,-0.658555922504553
2025-10-21,PEN,FX,-0.8615436421047173
2025-10-22,PEN,FX,-0.7814496970170905
2025-10-23,PEN,FX,-0.8299358824914786
2025-10-24,PEN,FX,-1.011770401742955
2025-10-27,PEN,FX,-1.1739079037817974
2025-10-28,PEN,FX,-1.081882847891943
2025-10-29,PEN,FX,-0.9116722598064282
2025-10-30,PEN,FX,-0.9768637452688411
2025-11-03,PEN,FX,-1.3555667150537194
2025-11-04,PEN,FX,-1.343053337840995
2025-11-05,PEN,FX,-1.2404215041737674
2025-11-06,PEN,FX,-1.1892166446314107
2025-11-07,PEN,FX,-1.1134168102734794
2025-11-10,PEN,FX,-0.9572823088348219
2025-11-11,PEN,FX,-1.0741905001215732
2025-11-12,PEN,FX,-0.9679307515971398
2025-11-13,PEN,FX,-0.9386021737533916
2025-11-14,PEN,FX,-1.003110504303017
2025-11-17,PEN,FX,-1.137353362547822
2025-11-18,PEN,FX,-1.1572636791783704
2025-11-19,PEN,FX,-0.9257640148486953
2025-11-20,PEN,FX,-1.1454444956377967
2025-11-21,PEN,FX,-1.2068837003635133
2025-11-24,PEN,FX,-1.2026998648707092
2025-11-25,PEN,FX,-1.3107320430884246
2025-11-26,PEN,FX,-1.3196615414762614
2025-11-27,PEN,FX,-1.2639627659614838
2025-11-28,PEN,FX,-1.321312779945312
2025-12-01,PEN,FX,-1.0197252623957618
2025-12-02,PEN,FX,-1.2219979639523533
2025-12-03,PEN,FX,-1.2799020727920867
2025-12-04,PEN,FX,-1.2598796044924676
2025-12-05,PEN,FX,-1.2295327011260837
2025-12-09,PEN,FX,-1.0179082660752397
2025-12-10,PEN,FX,-1.0698351514407678
2025-12-11,PEN,FX,-0.8619268447271878
2025-12-12,PEN,FX,-0.7539824953898875
2025-12-15,PEN,FX,-0.7889412536187879
2025-12-16,PEN,FX,-0.7160265328070587
2025-12-17,PEN,FX,-0.7477557378756464
2025-12-18,PEN,FX,-0.8415440236172658
2025-12-19,PEN,FX,-0.8417472492505319
2025-12-22,PEN,FX,-0.7516394670606337
2025-12-23,PEN,FX,-0.7072023301260929
2025-12-24,PEN,FX,-0.7812759855135007
2025-12-26,PEN,FX,-0.6882576559668051
2025-12-29,PEN,FX,-0.9542073324066648
2025-12-30,PEN,FX,-0.9680446938057056
2026-01-02,PEN,FX,-0.9092876770350913
2026-01-05,PEN,FX,-1.0562553761059503
2026-01-06,PEN,FX,-0.8078334976703183
2026-01-07,PEN,FX,-0.964628441289073
2026-01-08,PEN,FX,-1.1414227830506751
2026-01-09,PEN,FX,-1.172953615054255
2026-01-12,PEN,FX,-0.9622995989268884
2026-01-13,PEN,FX,-1.156418390846412
2026-01-14,PEN,FX,-1.2734943318732626
2026-01-15,PEN,FX,-1.1277708864205573
2026-01-16,PEN,FX,-1.0711731395991089
2026-01-19,PEN,FX,-0.9442690204163966
2026-01-20,PEN,FX,-0.6568419546295384
2026-01-21,PEN,FX,-0.7838344636476057
2026-01-22,PEN,FX,-0.6293512146735076
2026-01-23,PEN,FX,-0.6234571662375866
2026-01-26,PEN,FX,-0.4664149768645744
2026-01-27,PEN,FX,-0.42160033174623046
2026-01-28,PEN,FX,-0.3525370625292424
2026-01-29,PEN,FX,-0.4501627459674679
2026-01-30,PEN,FX,-0.8264404455331807
2026-02-02,PEN,FX,-0.980597386837226
2026-02-03,PEN,FX,-0.7747049670852763
2026-02-04,PEN,FX,-0.7570578607211
2026-02-05,PEN,FX,-1.203216341084264
2026-02-06,PEN,FX,-1.1171462218196129
2026-02-09,PEN,FX,-0.8833787079280315
2026-02-10,PEN,FX,-0.9586400621718473
2026-02-11,PEN,FX,-0.8894194894121156
2026-02-12,PEN,FX,-1.1486188202525585
2026-02-13,PEN,FX,-1.198815009693884
2026-02-16,PEN,FX,-1.2202700420588255
2026-02-17,PEN,FX,-1.3663810125491218
2026-02-18,PEN,FX,-1.3170837489918992
2026-02-19,PEN,FX,-1.3289590604887078
2026-02-20,PEN,FX,-1.3926555799512248
2026-02-23,PEN,FX,-1.347114106886597
2026-02-24,PEN,FX,-1.4821299476262095
2026-02-25,PEN,FX,-1.4064520991004517
2026-02-26,PEN,FX,-1.548769008101831
2026-02-27,PEN,FX,-1.7312236104055692
2026-03-02,PEN,FX,-1.808111886158522
2026-03-03,PEN,FX,-1.795711398509991
2026-03-04,PEN,FX,-1.6414106203916903
2026-03-05,PEN,FX,-1.6545466327713818
2026-03-06,PEN,FX,-1.5504751247503799
2026-03-09,PEN,FX,-1.5208172040903707
2026-03-10,PEN,FX,-1.4135312094670875
2026-03-11,PEN,FX,-1.7940531750437576
2026-03-12,PEN,FX,-1.8743056644338576
2026-03-13,PEN,FX,-2.083353957107541
2026-03-16,PEN,FX,-2.2066056801396403
2026-03-17,PEN,FX,-2.4189122970771217
2026-03-18,PEN,FX,-2.370662314781936
2026-03-19,PEN,FX,-2.4222656938429887
2026-03-20,PEN,FX,-1.952516614509212
2026-03-23,PEN,FX,-1.801821840387047
2026-03-24,PEN,FX,-1.822582824738413
2026-03-25,PEN,FX,-1.6827738227668458
2026-03-26,PEN,FX,-1.845589686687098
2026-03-27,PEN,FX,-1.7601255188253673
2026-03-30,PEN,FX,-1.9522204587839065
2026-03-31,PEN,FX,-1.8425851576230248
2026-04-01,PEN,FX,-1.8512136854452355
2026-04-02,PEN,FX,-2.3951162730181985
2026-04-06,PEN,FX,-2.6505381254928015
2026-04-07,PEN,FX,-2.680430549663419
2026-04-08,PEN,FX,-2.26837596183945
2026-04-09,PEN,FX,-2.59436524550976
2026-04-10,PEN,FX,-2.478848198526618
2026-04-13,PEN,FX,-2.7572133087818558
2026-04-14,PEN,FX,-2.3229235631530507
2026-04-15,PEN,FX,-1.9616395858989792
2026-04-16,PEN,FX,-1.9950093378939266
2026-04-17,PEN,FX,-1.6545653549541612
2026-04-20,PEN,FX,-1.8852152374166846
2026-04-21,PEN,FX,-2.025170883246044
2026-04-22,PEN,FX,-1.9880518440889419
2026-04-23,PEN,FX,-1.9575288462417013
2026-04-24,PEN,FX,-1.8778342150249954
2026-04-27,PEN,FX,-1.529156932250293
2026-04-28,PEN,FX,-1.6964175882530461
2026-04-29,PEN,FX,-1.6039494833080599
2026-04-30,PEN,FX,-1.6920264306037587
2026-05-04,PEN,FX,-1.6493884673703496
2026-05-05,PEN,FX,-1.8291613838191036
2026-05-06,PEN,FX,-1.7157812549367835
2026-05-07,PEN,FX,-1.7811090593705798
2026-05-08,PEN,FX,-2.0538480851234304
2026-05-11,PEN,FX,-2.0370060626805246
2026-05-12,PEN,FX,-2.2372420627773213
2026-05-13,PEN,FX,-2.3734269055162303
2026-05-14,PEN,FX,-2.615385921457688
2026-05-15,PEN,FX,-2.7292473307035507
2026-05-18,PEN,FX,-2.7702092241218783
2026-05-19,PEN,FX,-2.7533469834023725
2026-05-20,PEN,FX,-2.8042082241856376
2026-05-22,PEN,FX,-2.7567196688781346
2026-05-25,PEN,FX,-2.707226056355047
2026-05-26,PEN,FX,-2.7072953545936786
2026-05-27,PEN,FX,-2.7043219482844383
2026-05-28,PEN,FX,-2.8141987484700657
2026-05-29,PEN,FX,-2.6881294209015643
